plot_id,farmer_id,region_id,area_ha,soil_group,soil_suitability_class,drainage_class,irrigation_access,available_water_m3,previous_crop,rotation_group,flood_exposure,drought_exposure,waterlogging_exposure,hazard_zone,active_season,synthetic_seed,synthetic
F0001-P01,F0001,R2,3.217,black,S2,poor,rainfed,3559.1,rice,cereal,none,moderate,high,R2-HZ1,kharif,23226754,True
F0001-P02,F0001,R2,4.996,red,S2,moderate,rainfed,5892.4,maize,cereal,moderate,none,none,R2-HZ2,kharif,1083242463,True
F0001-P03,F0001,R2,3.466,red,S1,well,tubewell,13700.3,cotton,fibre,low,high,moderate,R2-HZ3,kharif,1738379084,True
F0002-P01,F0002,R2,0.485,red,S3,moderate,rainfed,470.3,,,low,none,moderate,R2-HZ1,kharif,89074551,True
F0003-P01,F0003,R3,0.071,laterite,S1,well,canal,495.1,cotton,fibre,moderate,high,low,R3-HZ1,kharif,131128510,True
F0003-P02,F0003,R3,0.413,laterite,S3,well,canal,3146.9,cotton,fibre,high,none,low,R3-HZ2,kharif,1727083939,True
F0004-P01,F0004,R1,0.149,alluvial,S2,well,canal,792.2,pigeon_pea,legume,low,none,moderate,R1-HZ1,kharif,340154658,True
F0004-P02,F0004,R1,0.364,alluvial,S2,moderate,canal,2136.1,groundnut,legume,none,none,moderate,R1-HZ2,kharif,863544579,True
F0005-P01,F0005,R2,0.636,black,S2,well,tubewell,2123.2,pigeon_pea,legume,moderate,high,moderate,R2-HZ1,kharif,784460912,True
F0005-P02,F0005,R2,0.239,red,S1,moderate,canal,1073.4,maize,cereal,none,high,moderate,R2-HZ2,kharif,1856745204,True
F0005-P03,F0005,R2,0.863,red,S1,moderate,rainfed,907.4,groundnut,legume,none,high,none,R2-HZ3,kharif,1550958715,True
F0006-P01,F0006,R1,0.572,sandy,S1,moderate,tubewell,2956.1,groundnut,legume,low,none,none,R1-HZ1,kharif,1735168997,True
F0006-P02,F0006,R1,0.264,sandy,S1,well,rainfed,367.5,maize,cereal,moderate,low,none,R1-HZ2,kharif,794462400,True
F0007-P01,F0007,R1,0.122,alluvial,S1,poor,canal,756.5,maize,cereal,high,low,moderate,R1-HZ1,kharif,1291869664,True
F0007-P02,F0007,R1,1.66,alluvial,S3,moderate,tubewell,7347.5,rice,cereal,none,low,moderate,R1-HZ2,kharif,780457688,True
F0008-P01,F0008,R4,1.098,red,N,moderate,canal,4922.5,pigeon_pea,legume,low,high,none,R4-HZ1,kharif,1445257655,True
F0009-P01,F0009,R4,0.254,sandy,S1,well,tubewell,932.7,cotton,fibre,low,high,moderate,R4-HZ1,kharif,1087759045,True
F0010-P01,F0010,R5,0.36,laterite,S3,moderate,rainfed,593.1,groundnut,legume,none,moderate,low,R5-HZ1,kharif,866098018,True
F0011-P01,F0011,R4,0.248,red,S1,well,rainfed,276.4,rice,cereal,moderate,high,moderate,R4-HZ1,kharif,1315300148,True
F0011-P02,F0011,R4,1.743,red,S3,well,rainfed,1764.8,maize,cereal,moderate,low,low,R4-HZ2,kharif,426749958,True
F0011-P03,F0011,R4,0.248,sandy,S1,well,rainfed,223.2,maize,cereal,none,high,none,R4-HZ3,kharif,1351045548,True
F0011-P04,F0011,R4,2.994,red,S2,well,tubewell,10916.4,pigeon_pea,legume,none,low,low,R4-HZ1,kharif,914192766,True
F0012-P01,F0012,R1,0.177,sandy,S1,well,tubewell,849.6,groundnut,legume,low,low,low,R1-HZ1,kharif,1095871512,True
F0012-P02,F0012,R1,0.2,alluvial,S1,well,tubewell,935.5,groundnut,legume,low,none,none,R1-HZ2,kharif,1337039615,True
F0013-P01,F0013,R5,0.682,laterite,S1,well,tubewell,3217.7,pigeon_pea,legume,low,none,low,R5-HZ1,kharif,1656798458,True
F0014-P01,F0014,R4,0.709,red,S2,poor,rainfed,666.9,rice,cereal,none,none,low,R4-HZ1,kharif,1904362785,True
F0014-P02,F0014,R4,4.046,sandy,S1,well,rainfed,4646.2,maize,cereal,moderate,low,moderate,R4-HZ2,kharif,546120168,True
F0014-P03,F0014,R4,0.55,sandy,S2,well,rainfed,553.1,groundnut,legume,low,high,moderate,R4-HZ3,kharif,1296263254,True
F0015-P01,F0015,R2,0.065,black,S2,moderate,rainfed,59.5,pigeon_pea,legume,low,none,moderate,R2-HZ1,kharif,1108482554,True
F0015-P02,F0015,R2,0.162,black,S1,moderate,canal,719.7,groundnut,legume,low,none,low,R2-HZ2,kharif,750673714,True
F0016-P01,F0016,R1,1.068,sandy,S1,well,canal,6284.3,maize,cereal,none,low,moderate,R1-HZ1,kharif,458597322,True
F0017-P01,F0017,R5,1.501,red,S2,moderate,rainfed,2069.6,pigeon_pea,legume,low,none,moderate,R5-HZ1,kharif,1205650735,True
F0017-P02,F0017,R5,2.353,laterite,S1,well,tubewell,11837.2,groundnut,legume,none,none,low,R5-HZ2,kharif,678376725,True
F0017-P03,F0017,R5,3.55,laterite,S3,well,canal,21965.4,maize,cereal,none,high,moderate,R5-HZ3,kharif,1658384763,True
F0017-P04,F0017,R5,1.543,laterite,S1,moderate,tubewell,7846.4,pigeon_pea,legume,low,none,moderate,R5-HZ1,kharif,1582690703,True
F0017-P05,F0017,R5,3.281,red,S3,well,canal,22516.8,,,none,none,low,R5-HZ2,kharif,1271824653,True
F0018-P01,F0018,R5,0.948,red,S3,well,tubewell,4792.5,pigeon_pea,legume,none,low,none,R5-HZ1,kharif,1205631239,True
F0018-P02,F0018,R5,0.175,laterite,S1,moderate,tubewell,983.3,groundnut,legume,none,none,moderate,R5-HZ2,kharif,1639146345,True
F0019-P01,F0019,R3,0.75,alluvial,S1,well,tubewell,4618.2,cotton,fibre,moderate,low,moderate,R3-HZ1,kharif,1438864542,True
F0020-P01,F0020,R5,1.715,red,S2,well,rainfed,2675.1,rice,cereal,none,moderate,low,R5-HZ1,kharif,226995290,True
F0020-P02,F0020,R5,0.541,red,S2,well,rainfed,900.0,cotton,fibre,none,low,none,R5-HZ2,kharif,1922904343,True
F0020-P03,F0020,R5,0.931,laterite,S2,poor,rainfed,1187.8,pigeon_pea,legume,none,low,high,R5-HZ3,kharif,1358092340,True
F0021-P01,F0021,R2,1.617,black,S2,poor,canal,7178.1,pigeon_pea,legume,moderate,moderate,high,R2-HZ1,kharif,631278777,True
F0022-P01,F0022,R1,0.878,sandy,S1,well,canal,5616.4,maize,cereal,none,none,low,R1-HZ1,kharif,820364653,True
F0023-P01,F0023,R2,0.591,red,S3,well,rainfed,697.0,rice,cereal,low,low,low,R2-HZ1,kharif,840499450,True
F0024-P01,F0024,R4,0.034,sandy,S2,moderate,rainfed,37.8,cotton,fibre,moderate,moderate,none,R4-HZ1,kharif,1743733026,True
F0024-P02,F0024,R4,0.683,red,S1,poor,rainfed,777.2,,,none,moderate,low,R4-HZ2,kharif,11126985,True
F0025-P01,F0025,R5,0.056,laterite,S1,well,rainfed,77.7,cotton,fibre,moderate,none,low,R5-HZ1,kharif,1374385019,True
F0025-P02,F0025,R5,0.25,laterite,S2,moderate,rainfed,351.2,pigeon_pea,legume,moderate,moderate,moderate,R5-HZ2,kharif,1441275708,True
F0026-P01,F0026,R4,0.479,sandy,S2,well,tubewell,1926.6,groundnut,legume,high,high,none,R4-HZ1,kharif,339150368,True
F0027-P01,F0027,R1,2.464,alluvial,S2,well,canal,12804.3,rice,cereal,low,none,moderate,R1-HZ1,kharif,923747484,True
F0027-P02,F0027,R1,0.489,sandy,S1,well,canal,3229.3,maize,cereal,none,low,moderate,R1-HZ2,kharif,1115757153,True
F0027-P03,F0027,R1,0.786,alluvial,S3,well,canal,4891.7,rice,cereal,high,none,moderate,R1-HZ3,kharif,1486049750,True
F0028-P01,F0028,R3,0.715,alluvial,S1,well,rainfed,1517.6,rice,cereal,moderate,none,low,R3-HZ1,kharif,1837495375,True
F0029-P01,F0029,R4,0.358,red,S2,well,canal,1468.4,cotton,fibre,low,moderate,moderate,R4-HZ1,kharif,1405930543,True
F0029-P02,F0029,R4,1.463,red,S2,poor,rainfed,1661.8,,,low,high,high,R4-HZ2,kharif,1542168226,True
F0029-P03,F0029,R4,0.98,red,S2,well,rainfed,1129.7,,,none,moderate,moderate,R4-HZ3,kharif,1890398683,True
F0030-P01,F0030,R1,0.551,sandy,S3,well,tubewell,2560.6,rice,cereal,none,low,moderate,R1-HZ1,kharif,620176021,True
F0030-P02,F0030,R1,0.268,alluvial,S3,well,canal,1527.5,rice,cereal,none,none,none,R1-HZ2,kharif,534243702,True
F0030-P03,F0030,R1,0.275,alluvial,S2,well,canal,1879.9,maize,cereal,high,none,moderate,R1-HZ3,kharif,1795901508,True
F0031-P01,F0031,R5,0.326,laterite,S2,well,rainfed,426.3,pigeon_pea,legume,low,low,low,R5-HZ1,kharif,627870978,True
F0031-P02,F0031,R5,0.524,red,S1,well,rainfed,758.0,rice,cereal,moderate,moderate,low,R5-HZ2,kharif,509861144,True
F0031-P03,F0031,R5,0.85,laterite,S1,moderate,rainfed,1425.0,groundnut,legume,none,moderate,none,R5-HZ3,kharif,680444499,True
F0032-P01,F0032,R2,0.414,black,S3,poor,canal,1705.8,groundnut,legume,moderate,none,moderate,R2-HZ1,kharif,917524697,True
F0032-P02,F0032,R2,0.243,red,S2,well,rainfed,268.5,pigeon_pea,legume,low,none,low,R2-HZ2,kharif,1895513380,True
F0033-P01,F0033,R1,0.226,sandy,S2,well,tubewell,1198.4,cotton,fibre,moderate,low,low,R1-HZ1,kharif,88616381,True
F0034-P01,F0034,R2,0.881,red,S1,poor,rainfed,938.4,pigeon_pea,legume,moderate,low,high,R2-HZ1,kharif,1488832389,True
F0034-P02,F0034,R2,1.097,red,S2,poor,rainfed,1270.4,pigeon_pea,legume,moderate,none,moderate,R2-HZ2,kharif,1639024293,True
F0035-P01,F0035,R3,0.421,alluvial,S3,well,canal,3571.8,pigeon_pea,legume,high,none,none,R3-HZ1,kharif,1566430670,True
F0035-P02,F0035,R3,0.249,laterite,S3,moderate,canal,2083.1,groundnut,legume,high,none,low,R3-HZ2,kharif,1503607412,True
F0036-P01,F0036,R4,0.075,sandy,N,poor,rainfed,74.2,maize,cereal,none,moderate,high,R4-HZ1,kharif,301936834,True
F0036-P02,F0036,R4,0.2,red,S2,moderate,rainfed,207.5,rice,cereal,low,moderate,none,R4-HZ2,kharif,72521754,True
F0037-P01,F0037,R3,0.368,laterite,S1,well,rainfed,765.1,cotton,fibre,low,low,low,R3-HZ1,kharif,78947789,True
F0037-P02,F0037,R3,0.245,laterite,S1,well,rainfed,507.4,rice,cereal,high,low,low,R3-HZ2,kharif,961091006,True
F0038-P01,F0038,R5,0.754,laterite,S1,well,canal,4481.2,,,low,none,moderate,R5-HZ1,kharif,54579935,True
F0038-P02,F0038,R5,3.141,red,S1,moderate,tubewell,14069.8,maize,cereal,moderate,none,low,R5-HZ2,kharif,243222656,True
F0039-P01,F0039,R1,0.502,sandy,S2,moderate,canal,3061.7,pigeon_pea,legume,moderate,moderate,low,R1-HZ1,kharif,651612468,True
F0039-P02,F0039,R1,0.222,alluvial,S2,well,tubewell,1163.0,maize,cereal,low,none,moderate,R1-HZ2,kharif,440852992,True
F0040-P01,F0040,R2,0.197,black,S1,well,rainfed,183.8,maize,cereal,none,low,low,R2-HZ1,kharif,452204957,True
F0040-P02,F0040,R2,0.171,black,S3,moderate,rainfed,193.6,,,none,high,none,R2-HZ2,kharif,1780712719,True
F0040-P03,F0040,R2,1.949,black,S1,moderate,canal,8064.5,cotton,fibre,low,none,moderate,R2-HZ3,kharif,1953063070,True
F0041-P01,F0041,R4,0.042,sandy,S1,well,canal,191.2,pigeon_pea,legume,moderate,moderate,moderate,R4-HZ1,kharif,1395985533,True
F0041-P02,F0041,R4,0.249,sandy,S3,well,rainfed,260.9,rice,cereal,none,low,low,R4-HZ2,kharif,1765697355,True
F0042-P01,F0042,R1,0.315,alluvial,S2,moderate,canal,2115.5,groundnut,legume,moderate,moderate,low,R1-HZ1,kharif,109822670,True
F0043-P01,F0043,R2,0.269,black,S1,moderate,canal,1027.7,,,none,high,none,R2-HZ1,kharif,408738658,True
F0043-P02,F0043,R2,0.146,black,S1,poor,rainfed,152.5,cotton,fibre,low,moderate,low,R2-HZ2,kharif,1820317029,True
F0043-P03,F0043,R2,1.273,black,S1,well,rainfed,1432.8,groundnut,legume,low,low,moderate,R2-HZ3,kharif,1583508992,True
F0044-P01,F0044,R1,0.4,alluvial,S1,well,rainfed,661.4,maize,cereal,low,high,moderate,R1-HZ1,kharif,258535155,True
F0045-P01,F0045,R2,0.324,red,S2,well,canal,1458.0,groundnut,legume,moderate,low,low,R2-HZ1,kharif,1752727278,True
F0046-P01,F0046,R4,0.113,red,S3,well,rainfed,109.4,groundnut,legume,none,none,none,R4-HZ1,kharif,524502480,True
F0046-P02,F0046,R4,0.193,red,S3,well,rainfed,213.3,rice,cereal,moderate,high,none,R4-HZ2,kharif,1305806955,True
F0047-P01,F0047,R1,0.628,sandy,S2,well,rainfed,827.3,groundnut,legume,low,moderate,none,R1-HZ1,kharif,103526935,True
F0047-P02,F0047,R1,0.215,sandy,S3,moderate,canal,1375.8,rice,cereal,moderate,none,moderate,R1-HZ2,kharif,135388980,True
F0048-P01,F0048,R3,0.046,alluvial,S1,well,canal,323.3,groundnut,legume,low,none,low,R3-HZ1,kharif,861604568,True
F0048-P02,F0048,R3,0.162,laterite,S2,well,tubewell,1121.9,groundnut,legume,moderate,moderate,low,R3-HZ2,kharif,377652273,True
F0049-P01,F0049,R2,0.983,red,S3,moderate,canal,4558.0,pigeon_pea,legume,none,high,moderate,R2-HZ1,kharif,1552665506,True
F0050-P01,F0050,R5,0.848,red,S2,well,rainfed,1097.5,,,low,none,moderate,R5-HZ1,kharif,1565637513,True
F0050-P02,F0050,R5,0.052,laterite,S1,well,rainfed,70.8,rice,cereal,none,low,none,R5-HZ2,kharif,866774096,True
F0050-P03,F0050,R5,0.173,laterite,S1,well,tubewell,872.4,,,high,moderate,low,R5-HZ3,kharif,1927415672,True
F0051-P01,F0051,R5,0.675,red,S3,well,rainfed,975.5,,,moderate,none,none,R5-HZ1,kharif,1587040153,True
F0051-P02,F0051,R5,0.12,red,S2,poor,rainfed,201.1,maize,cereal,none,none,moderate,R5-HZ2,kharif,45675665,True
F0052-P01,F0052,R1,0.102,alluvial,S2,well,rainfed,139.6,pigeon_pea,legume,low,low,none,R1-HZ1,kharif,697975209,True
F0052-P02,F0052,R1,0.159,alluvial,S1,well,rainfed,241.4,pigeon_pea,legume,moderate,none,moderate,R1-HZ2,kharif,1720735319,True
F0053-P01,F0053,R2,0.619,black,S3,moderate,rainfed,726.8,cotton,fibre,none,low,moderate,R2-HZ1,kharif,570645664,True
F0054-P01,F0054,R2,0.457,black,S3,well,rainfed,446.6,groundnut,legume,none,none,low,R2-HZ1,kharif,768979218,True
F0054-P02,F0054,R2,2.398,black,N,well,rainfed,2852.3,maize,cereal,none,moderate,moderate,R2-HZ2,kharif,87492331,True
F0054-P03,F0054,R2,0.951,black,N,well,rainfed,889.3,pigeon_pea,legume,high,moderate,none,R2-HZ3,kharif,445977479,True
F0054-P04,F0054,R2,0.999,red,S2,moderate,rainfed,932.1,cotton,fibre,none,moderate,moderate,R2-HZ1,kharif,360513250,True
F0055-P01,F0055,R5,0.412,red,S2,well,rainfed,644.0,groundnut,legume,low,low,low,R5-HZ1,kharif,428524256,True
F0056-P01,F0056,R3,0.882,laterite,S1,moderate,tubewell,5060.3,rice,cereal,moderate,none,none,R3-HZ1,kharif,1470813159,True
F0056-P02,F0056,R3,0.087,laterite,S3,well,canal,677.9,maize,cereal,low,none,low,R3-HZ2,kharif,1108486917,True
F0057-P01,F0057,R4,0.23,sandy,S1,well,rainfed,217.4,rice,cereal,low,high,moderate,R4-HZ1,kharif,274004884,True
F0058-P01,F0058,R2,0.322,black,S3,well,rainfed,296.5,cotton,fibre,none,low,moderate,R2-HZ1,kharif,1834219074,True
F0059-P01,F0059,R3,0.735,alluvial,N,moderate,rainfed,1258.0,cotton,fibre,high,none,moderate,R3-HZ1,kharif,1374000577,True
F0060-P01,F0060,R4,0.952,sandy,S1,well,rainfed,1119.4,,,none,low,moderate,R4-HZ1,kharif,1992492829,True
F0061-P01,F0061,R3,0.238,alluvial,S1,moderate,rainfed,414.4,cotton,fibre,moderate,none,low,R3-HZ1,kharif,1955311202,True
F0062-P01,F0062,R5,0.598,red,S1,moderate,rainfed,1024.5,maize,cereal,none,none,none,R5-HZ1,kharif,1053439839,True
F0063-P01,F0063,R2,0.163,black,S3,well,rainfed,161.3,maize,cereal,none,none,moderate,R2-HZ1,kharif,1696736834,True
F0063-P02,F0063,R2,0.137,red,S3,poor,rainfed,151.6,groundnut,legume,none,high,high,R2-HZ2,kharif,1942318214,True
F0064-P01,F0064,R3,1.05,alluvial,S2,well,rainfed,1909.8,groundnut,legume,none,none,moderate,R3-HZ1,kharif,1872641716,True
F0064-P02,F0064,R3,2.003,alluvial,S1,moderate,rainfed,4025.5,maize,cereal,none,low,none,R3-HZ2,kharif,1524281944,True
F0065-P01,F0065,R4,0.745,sandy,S1,well,rainfed,797.6,maize,cereal,moderate,low,low,R4-HZ1,kharif,1943676,True
F0066-P01,F0066,R3,0.449,laterite,S1,poor,canal,3654.0,pigeon_pea,legume,low,low,high,R3-HZ1,kharif,88833999,True
F0066-P02,F0066,R3,0.093,alluvial,S1,well,tubewell,586.8,rice,cereal,low,moderate,moderate,R3-HZ2,kharif,375145179,True
F0067-P01,F0067,R3,0.615,alluvial,N,well,rainfed,1229.8,cotton,fibre,none,moderate,none,R3-HZ1,kharif,697001027,True
F0068-P01,F0068,R5,0.742,red,S1,well,tubewell,3845.5,cotton,fibre,low,high,moderate,R5-HZ1,kharif,237789216,True
F0068-P02,F0068,R5,0.722,red,S3,moderate,rainfed,996.4,maize,cereal,none,low,moderate,R5-HZ2,kharif,1532153925,True
F0068-P03,F0068,R5,0.125,red,S2,well,canal,817.4,maize,cereal,low,none,moderate,R5-HZ3,kharif,1258598500,True
F0069-P01,F0069,R3,1.124,alluvial,S2,moderate,canal,7879.2,cotton,fibre,moderate,moderate,low,R3-HZ1,kharif,1189257213,True
F0070-P01,F0070,R5,0.858,laterite,S2,poor,rainfed,1211.5,,,none,none,none,R5-HZ1,kharif,1275425731,True
F0071-P01,F0071,R1,1.634,sandy,S3,well,tubewell,8187.2,,,low,none,none,R1-HZ1,kharif,995936348,True
F0072-P01,F0072,R5,0.093,laterite,S2,well,rainfed,143.9,maize,cereal,none,low,low,R5-HZ1,kharif,1191346774,True
F0072-P02,F0072,R5,0.211,laterite,S2,moderate,canal,1438.8,pigeon_pea,legume,none,none,none,R5-HZ2,kharif,690829173,True
F0073-P01,F0073,R4,0.11,sandy,S3,well,canal,405.2,pigeon_pea,legume,low,none,low,R4-HZ1,kharif,1679499582,True
F0073-P02,F0073,R4,0.515,sandy,S2,well,tubewell,1599.7,,,none,moderate,low,R4-HZ2,kharif,142594984,True
F0074-P01,F0074,R3,0.093,laterite,S2,well,canal,704.5,pigeon_pea,legume,moderate,none,moderate,R3-HZ1,kharif,980075735,True
F0074-P02,F0074,R3,1.86,laterite,S3,moderate,canal,15934.3,,,low,none,low,R3-HZ2,kharif,639422992,True
F0075-P01,F0075,R1,0.919,alluvial,S2,well,tubewell,4877.9,cotton,fibre,none,none,none,R1-HZ1,kharif,594833535,True
F0076-P01,F0076,R2,0.895,black,S2,well,rainfed,861.5,cotton,fibre,none,low,moderate,R2-HZ1,kharif,849957602,True
F0077-P01,F0077,R1,0.118,sandy,S1,well,canal,649.4,groundnut,legume,low,low,none,R1-HZ1,kharif,700508431,True
F0077-P02,F0077,R1,0.104,alluvial,S3,moderate,canal,662.1,,,low,low,moderate,R1-HZ2,kharif,159909108,True
F0078-P01,F0078,R5,1.229,red,S1,moderate,rainfed,1736.7,cotton,fibre,none,none,moderate,R5-HZ1,kharif,811977274,True
F0078-P02,F0078,R5,0.904,red,S3,moderate,rainfed,1182.3,rice,cereal,none,none,moderate,R5-HZ2,kharif,1050492463,True
F0078-P03,F0078,R5,3.58,laterite,S2,moderate,rainfed,4759.1,cotton,fibre,high,moderate,moderate,R5-HZ3,kharif,1174150651,True
F0079-P01,F0079,R5,1.269,laterite,S3,poor,rainfed,2139.5,pigeon_pea,legume,low,low,high,R5-HZ1,kharif,1400957377,True
F0079-P02,F0079,R5,0.453,laterite,S1,moderate,tubewell,2573.5,groundnut,legume,none,low,moderate,R5-HZ2,kharif,1525052038,True
F0080-P01,F0080,R2,0.163,red,S1,poor,tubewell,643.3,pigeon_pea,legume,high,moderate,low,R2-HZ1,kharif,56603868,True
F0080-P02,F0080,R2,1.809,black,S1,moderate,canal,6685.3,cotton,fibre,none,low,moderate,R2-HZ2,kharif,1617354744,True
F0080-P03,F0080,R2,1.357,black,S2,well,rainfed,1424.3,cotton,fibre,moderate,moderate,low,R2-HZ3,kharif,743681562,True
F0081-P01,F0081,R2,0.267,black,S3,moderate,rainfed,255.4,cotton,fibre,low,low,moderate,R2-HZ1,kharif,1963404585,True
F0081-P02,F0081,R2,0.192,black,S3,poor,rainfed,202.0,maize,cereal,none,low,high,R2-HZ2,kharif,1451095273,True
F0082-P01,F0082,R5,0.196,laterite,S3,well,canal,1106.3,maize,cereal,low,high,moderate,R5-HZ1,kharif,1573463431,True
F0082-P02,F0082,R5,0.245,laterite,S2,moderate,canal,1436.2,pigeon_pea,legume,none,moderate,none,R5-HZ2,kharif,783787223,True
F0083-P01,F0083,R3,0.708,laterite,S2,well,rainfed,1441.8,groundnut,legume,none,none,moderate,R3-HZ1,kharif,974708737,True
F0084-P01,F0084,R1,1.727,sandy,S3,well,tubewell,9117.1,cotton,fibre,low,high,none,R1-HZ1,kharif,1139685630,True
F0084-P02,F0084,R1,2.692,alluvial,S3,moderate,canal,18397.4,groundnut,legume,low,none,none,R1-HZ2,kharif,100572586,True
F0085-P01,F0085,R3,0.7,laterite,S1,well,canal,5650.1,maize,cereal,none,none,moderate,R3-HZ1,kharif,511878465,True
F0085-P02,F0085,R3,2.426,alluvial,S2,well,rainfed,4630.0,rice,cereal,moderate,low,none,R3-HZ2,kharif,446004786,True
F0085-P03,F0085,R3,0.434,alluvial,S1,poor,rainfed,885.2,rice,cereal,low,moderate,moderate,R3-HZ3,kharif,1975612408,True
F0086-P01,F0086,R1,0.381,sandy,S3,well,rainfed,596.9,rice,cereal,high,moderate,low,R1-HZ1,kharif,848058461,True
F0086-P02,F0086,R1,0.206,sandy,S1,moderate,tubewell,1177.9,,,none,low,low,R1-HZ2,kharif,464766383,True
F0087-P01,F0087,R2,0.313,red,S1,poor,tubewell,936.7,groundnut,legume,low,low,high,R2-HZ1,kharif,144505005,True
F0088-P01,F0088,R4,2.903,red,S2,well,rainfed,3400.9,groundnut,legume,moderate,low,none,R4-HZ1,kharif,323776858,True
F0088-P02,F0088,R4,0.841,sandy,N,moderate,rainfed,1005.8,pigeon_pea,legume,none,none,none,R4-HZ2,kharif,467670322,True
F0089-P01,F0089,R1,0.324,alluvial,S3,well,canal,1969.6,rice,cereal,none,none,moderate,R1-HZ1,kharif,730345580,True
F0090-P01,F0090,R3,0.169,laterite,S1,poor,canal,1434.4,groundnut,legume,none,moderate,high,R3-HZ1,kharif,1389352303,True
F0090-P02,F0090,R3,3.329,laterite,S2,poor,canal,28702.3,groundnut,legume,low,none,none,R3-HZ2,kharif,1920517858,True
F0091-P01,F0091,R2,0.59,red,S3,well,tubewell,1915.3,cotton,fibre,low,low,none,R2-HZ1,kharif,1432549871,True
F0092-P01,F0092,R3,1.167,alluvial,N,poor,canal,8522.7,pigeon_pea,legume,moderate,none,high,R3-HZ1,kharif,413951888,True
F0092-P02,F0092,R3,1.999,alluvial,S1,well,rainfed,4274.7,groundnut,legume,high,low,low,R3-HZ2,kharif,1182319598,True
F0093-P01,F0093,R1,0.648,alluvial,S2,moderate,tubewell,2850.4,,,low,none,none,R1-HZ1,kharif,1630177933,True
F0094-P01,F0094,R3,1.125,alluvial,S2,moderate,rainfed,2359.1,groundnut,legume,low,none,moderate,R3-HZ1,kharif,1203075917,True
F0094-P02,F0094,R3,1.302,alluvial,N,well,rainfed,2559.5,cotton,fibre,high,none,moderate,R3-HZ2,kharif,1769322256,True
F0095-P01,F0095,R4,0.193,red,S2,moderate,rainfed,210.2,,,none,low,moderate,R4-HZ1,kharif,468986385,True
F0095-P02,F0095,R4,1.238,red,S3,well,rainfed,1423.4,cotton,fibre,none,high,moderate,R4-HZ2,kharif,983245341,True
F0096-P01,F0096,R4,0.517,red,S2,well,rainfed,475.0,pigeon_pea,legume,low,moderate,none,R4-HZ1,kharif,337846812,True
F0096-P02,F0096,R4,0.567,sandy,S2,well,rainfed,583.0,cotton,fibre,none,moderate,none,R4-HZ2,kharif,551966339,True
F0096-P03,F0096,R4,0.055,red,S1,poor,rainfed,53.4,rice,cereal,none,high,high,R4-HZ3,kharif,1547092706,True
F0097-P01,F0097,R2,2.59,black,S2,well,rainfed,2738.8,rice,cereal,moderate,high,none,R2-HZ1,kharif,1914391169,True
F0097-P02,F0097,R2,5.073,black,S2,well,tubewell,20307.0,cotton,fibre,low,low,low,R2-HZ2,kharif,1347437725,True
F0098-P01,F0098,R2,3.15,black,S2,poor,rainfed,3050.7,,,moderate,none,high,R2-HZ1,kharif,466560429,True
F0098-P02,F0098,R2,0.269,red,S3,well,rainfed,261.9,rice,cereal,none,high,none,R2-HZ2,kharif,535686213,True
F0098-P03,F0098,R2,0.368,red,S1,well,rainfed,381.6,pigeon_pea,legume,moderate,low,moderate,R2-HZ3,kharif,1615346444,True
F0099-P01,F0099,R2,0.47,black,S2,poor,rainfed,451.7,groundnut,legume,moderate,moderate,high,R2-HZ1,kharif,936726260,True
F0099-P02,F0099,R2,0.373,red,S2,well,rainfed,404.3,,,low,low,low,R2-HZ2,kharif,128966390,True
F0100-P01,F0100,R4,0.419,red,S1,moderate,rainfed,441.5,rice,cereal,low,moderate,moderate,R4-HZ1,kharif,44085843,True
F0100-P02,F0100,R4,0.368,sandy,S1,well,rainfed,329.1,maize,cereal,low,high,none,R4-HZ2,kharif,520590273,True
F0101-P01,F0101,R4,0.469,sandy,S3,well,rainfed,528.5,maize,cereal,none,high,moderate,R4-HZ1,kharif,266055525,True
F0101-P02,F0101,R4,0.307,sandy,S1,moderate,rainfed,277.8,,,none,moderate,moderate,R4-HZ2,kharif,1745522619,True
F0102-P01,F0102,R3,0.063,laterite,S2,well,tubewell,452.5,groundnut,legume,moderate,moderate,low,R3-HZ1,kharif,33594416,True
F0102-P02,F0102,R3,1.204,laterite,S1,well,canal,10181.8,,,moderate,none,none,R3-HZ2,kharif,309438413,True
F0103-P01,F0103,R5,0.915,red,S2,well,rainfed,1353.1,,,high,low,moderate,R5-HZ1,kharif,47696102,True
F0104-P01,F0104,R1,0.868,alluvial,S3,moderate,tubewell,3887.7,groundnut,legume,none,low,moderate,R1-HZ1,kharif,1398896415,True
F0105-P01,F0105,R2,1.291,black,S2,well,rainfed,1225.3,groundnut,legume,none,moderate,none,R2-HZ1,kharif,1839272233,True
F0105-P02,F0105,R2,0.253,black,N,well,rainfed,265.4,maize,cereal,low,moderate,none,R2-HZ2,kharif,639481049,True
F0105-P03,F0105,R2,1.108,black,S1,poor,canal,4897.8,,,none,high,high,R2-HZ3,kharif,1090654394,True
F0105-P04,F0105,R2,2.488,red,S1,moderate,canal,11508.9,maize,cereal,low,high,none,R2-HZ1,kharif,610574282,True
F0106-P01,F0106,R5,0.586,red,S2,moderate,tubewell,2681.9,,,none,none,low,R5-HZ1,kharif,686240290,True
F0106-P02,F0106,R5,0.246,laterite,S2,poor,canal,1571.6,,,none,none,high,R5-HZ2,kharif,114044220,True
F0107-P01,F0107,R1,0.132,sandy,S1,well,canal,682.6,maize,cereal,low,none,low,R1-HZ1,kharif,1565965700,True
F0107-P02,F0107,R1,0.658,alluvial,S3,well,canal,4318.4,rice,cereal,low,low,moderate,R1-HZ2,kharif,1043817687,True
F0108-P01,F0108,R3,0.76,alluvial,S1,poor,rainfed,1529.9,groundnut,legume,moderate,low,low,R3-HZ1,kharif,835542963,True
F0108-P02,F0108,R3,0.255,laterite,S1,moderate,tubewell,1783.5,maize,cereal,low,low,low,R3-HZ2,kharif,1740897569,True
F0108-P03,F0108,R3,1.554,alluvial,S2,well,rainfed,3083.5,pigeon_pea,legume,moderate,moderate,none,R3-HZ3,kharif,491975694,True
F0109-P01,F0109,R1,0.911,sandy,S2,moderate,rainfed,1295.7,maize,cereal,low,low,low,R1-HZ1,kharif,1624064243,True
F0109-P02,F0109,R1,0.626,sandy,S1,moderate,tubewell,2999.4,pigeon_pea,legume,none,none,low,R1-HZ2,kharif,1984857592,True
F0109-P03,F0109,R1,1.292,sandy,N,poor,rainfed,1939.5,pigeon_pea,legume,none,none,none,R1-HZ3,kharif,783834738,True
F0110-P01,F0110,R5,1.363,laterite,S1,moderate,rainfed,1798.1,maize,cereal,none,none,moderate,R5-HZ1,kharif,1960569274,True
F0110-P02,F0110,R5,0.201,red,S3,poor,rainfed,259.0,cotton,fibre,none,none,none,R5-HZ2,kharif,394505459,True
F0110-P03,F0110,R5,0.185,laterite,S1,well,rainfed,255.9,maize,cereal,moderate,low,low,R5-HZ3,kharif,537276917,True
F0111-P01,F0111,R1,1.326,alluvial,N,moderate,tubewell,6655.4,pigeon_pea,legume,none,none,none,R1-HZ1,kharif,1669349362,True
F0111-P02,F0111,R1,0.656,sandy,S3,moderate,tubewell,3249.0,rice,cereal,none,none,low,R1-HZ2,kharif,402020580,True
F0112-P01,F0112,R2,0.064,red,S1,well,rainfed,60.5,cotton,fibre,low,high,none,R2-HZ1,kharif,1933269535,True
F0112-P02,F0112,R2,0.158,red,S2,moderate,rainfed,169.0,pigeon_pea,legume,none,low,low,R2-HZ2,kharif,140994623,True
F0113-P01,F0113,R4,0.235,red,S3,moderate,rainfed,215.5,groundnut,legume,high,moderate,moderate,R4-HZ1,kharif,1897874163,True
F0113-P02,F0113,R4,0.378,red,S1,moderate,tubewell,1376.0,maize,cereal,none,moderate,none,R4-HZ2,kharif,1921795413,True
F0114-P01,F0114,R1,0.584,sandy,S3,moderate,canal,3813.8,rice,cereal,low,none,low,R1-HZ1,kharif,423593167,True
F0115-P01,F0115,R1,0.916,alluvial,S3,well,rainfed,1519.2,rice,cereal,none,moderate,low,R1-HZ1,kharif,1837157859,True
F0115-P02,F0115,R1,1.005,sandy,S3,moderate,canal,5782.5,,,low,none,moderate,R1-HZ2,kharif,1672258009,True
F0115-P03,F0115,R1,1.738,sandy,S2,poor,canal,10779.7,,,moderate,moderate,low,R1-HZ3,kharif,1660430747,True
F0116-P01,F0116,R3,0.249,laterite,S2,well,canal,2219.6,,,high,low,moderate,R3-HZ1,kharif,374941685,True
F0116-P02,F0116,R3,0.702,alluvial,S3,well,rainfed,1523.4,groundnut,legume,low,moderate,none,R3-HZ2,kharif,236061298,True
F0117-P01,F0117,R3,0.438,alluvial,S1,well,rainfed,797.7,,,none,low,low,R3-HZ1,kharif,471214546,True
F0117-P02,F0117,R3,1.56,laterite,S1,poor,canal,11479.3,pigeon_pea,legume,moderate,none,low,R3-HZ2,kharif,1887945458,True
F0118-P01,F0118,R5,0.236,laterite,S1,poor,rainfed,381.5,pigeon_pea,legume,moderate,moderate,high,R5-HZ1,kharif,1454951420,True
F0119-P01,F0119,R2,0.298,black,S3,moderate,canal,1079.2,cotton,fibre,none,low,moderate,R2-HZ1,kharif,1019546675,True
F0119-P02,F0119,R2,0.232,red,S2,moderate,rainfed,270.3,pigeon_pea,legume,moderate,moderate,none,R2-HZ2,kharif,655943664,True
F0120-P01,F0120,R3,0.239,laterite,S2,well,canal,2130.9,maize,cereal,low,low,low,R3-HZ1,kharif,204942577,True
F0121-P01,F0121,R2,0.919,black,S2,moderate,tubewell,2947.3,pigeon_pea,legume,low,moderate,low,R2-HZ1,kharif,921061823,True
F0122-P01,F0122,R1,0.277,sandy,S2,well,tubewell,1443.7,rice,cereal,none,none,none,R1-HZ1,kharif,393212782,True
F0122-P02,F0122,R1,0.096,alluvial,S1,moderate,tubewell,520.7,maize,cereal,none,none,none,R1-HZ2,kharif,1628710452,True
F0123-P01,F0123,R5,0.987,laterite,S3,moderate,canal,5374.8,pigeon_pea,legume,none,none,low,R5-HZ1,kharif,1135911296,True
F0124-P01,F0124,R3,1.728,laterite,S1,poor,rainfed,2892.1,rice,cereal,moderate,moderate,high,R3-HZ1,kharif,1122661885,True
F0125-P01,F0125,R3,0.255,laterite,S2,moderate,rainfed,430.1,groundnut,legume,high,moderate,none,R3-HZ1,kharif,657043716,True
F0126-P01,F0126,R5,1.9,red,S2,well,rainfed,2645.4,rice,cereal,high,low,none,R5-HZ1,kharif,394519342,True
F0126-P02,F0126,R5,5.549,red,S2,well,rainfed,8548.8,cotton,fibre,moderate,low,moderate,R5-HZ2,kharif,1683301412,True
F0127-P01,F0127,R5,0.365,laterite,S2,well,rainfed,466.4,cotton,fibre,high,none,none,R5-HZ1,kharif,454145643,True
F0128-P01,F0128,R3,0.263,laterite,S1,well,rainfed,566.8,pigeon_pea,legume,low,none,low,R3-HZ1,kharif,1490585766,True
F0128-P02,F0128,R3,2.466,alluvial,S2,well,rainfed,4477.8,groundnut,legume,low,moderate,low,R3-HZ2,kharif,1911469255,True
F0128-P03,F0128,R3,0.279,alluvial,S3,well,canal,2393.6,cotton,fibre,moderate,high,none,R3-HZ3,kharif,1944740776,True
F0129-P01,F0129,R5,0.43,red,S3,well,canal,2840.1,rice,cereal,low,none,moderate,R5-HZ1,kharif,1031755292,True
F0129-P02,F0129,R5,1.332,red,S3,well,canal,7884.1,rice,cereal,none,none,low,R5-HZ2,kharif,1740314772,True
F0130-P01,F0130,R1,0.225,sandy,S2,moderate,tubewell,982.2,,,none,none,low,R1-HZ1,kharif,1551585364,True
F0130-P02,F0130,R1,0.293,alluvial,S3,poor,tubewell,1257.9,maize,cereal,moderate,low,high,R1-HZ2,kharif,1088007948,True
F0131-P01,F0131,R3,0.04,alluvial,S2,moderate,canal,321.7,groundnut,legume,moderate,none,none,R3-HZ1,kharif,355068392,True
F0131-P02,F0131,R3,0.772,laterite,S2,moderate,canal,5359.6,,,high,none,moderate,R3-HZ2,kharif,1840959930,True
F0132-P01,F0132,R4,0.195,red,S1,poor,rainfed,206.3,,,none,low,high,R4-HZ1,kharif,1467963207,True
F0132-P02,F0132,R4,1.034,sandy,S3,moderate,rainfed,1101.4,rice,cereal,none,high,none,R4-HZ2,kharif,1025856194,True
F0133-P01,F0133,R2,0.314,red,S2,well,canal,1339.2,pigeon_pea,legume,none,none,low,R2-HZ1,kharif,136188274,True
F0133-P02,F0133,R2,0.458,black,S3,moderate,rainfed,505.0,cotton,fibre,none,high,none,R2-HZ2,kharif,88377381,True
F0134-P01,F0134,R3,0.923,laterite,S2,moderate,canal,7243.3,,,low,moderate,none,R3-HZ1,kharif,1603965265,True
F0135-P01,F0135,R3,0.243,laterite,S1,well,rainfed,483.6,rice,cereal,low,none,none,R3-HZ1,kharif,1304972700,True
F0135-P02,F0135,R3,0.235,laterite,S1,well,tubewell,1563.2,rice,cereal,none,low,none,R3-HZ2,kharif,1930706296,True
F0136-P01,F0136,R1,0.408,sandy,S1,poor,canal,2120.2,,,low,none,high,R1-HZ1,kharif,1274846599,True
F0136-P02,F0136,R1,0.055,alluvial,S2,well,canal,366.8,,,low,high,none,R1-HZ2,kharif,1580916923,True
F0137-P01,F0137,R4,4.86,sandy,S2,well,rainfed,4746.1,cotton,fibre,none,low,low,R4-HZ1,kharif,743362672,True
F0137-P02,F0137,R4,0.853,sandy,S1,well,rainfed,926.4,maize,cereal,none,low,moderate,R4-HZ2,kharif,1584110491,True
F0137-P03,F0137,R4,3.531,red,S1,poor,rainfed,3351.2,groundnut,legume,moderate,none,none,R4-HZ3,kharif,442815261,True
F0138-P01,F0138,R3,0.725,alluvial,S3,well,tubewell,5081.3,,,none,low,none,R3-HZ1,kharif,1394024145,True
F0138-P02,F0138,R3,0.725,alluvial,S3,moderate,rainfed,1432.4,groundnut,legume,none,none,moderate,R3-HZ2,kharif,330687542,True
F0138-P03,F0138,R3,6.082,alluvial,S2,well,rainfed,12917.9,rice,cereal,moderate,none,moderate,R3-HZ3,kharif,646802730,True
F0138-P04,F0138,R3,4.371,alluvial,S2,moderate,tubewell,32295.8,rice,cereal,moderate,low,none,R3-HZ1,kharif,738073566,True
F0138-P05,F0138,R3,3.152,laterite,S2,poor,tubewell,18267.4,groundnut,legume,low,none,high,R3-HZ2,kharif,331011470,True
F0139-P01,F0139,R1,0.052,sandy,S1,moderate,rainfed,84.8,rice,cereal,none,moderate,none,R1-HZ1,kharif,307377931,True
F0139-P02,F0139,R1,0.272,sandy,S1,well,canal,1500.9,cotton,fibre,high,low,low,R1-HZ2,kharif,1012479315,True
F0140-P01,F0140,R5,0.717,laterite,S2,poor,rainfed,1023.6,cotton,fibre,low,low,moderate,R5-HZ1,kharif,43047694,True
F0141-P01,F0141,R5,0.843,laterite,S2,well,rainfed,1099.6,rice,cereal,low,low,low,R5-HZ1,kharif,713199689,True
F0141-P02,F0141,R5,0.123,red,S2,moderate,rainfed,157.3,maize,cereal,none,low,moderate,R5-HZ2,kharif,476618814,True
F0142-P01,F0142,R5,0.89,laterite,S2,moderate,rainfed,1394.2,groundnut,legume,low,moderate,low,R5-HZ1,kharif,562831879,True
F0143-P01,F0143,R3,1.482,alluvial,S2,moderate,canal,11192.5,pigeon_pea,legume,none,moderate,none,R3-HZ1,kharif,226128588,True
F0144-P01,F0144,R4,0.147,red,S2,well,rainfed,143.0,rice,cereal,low,none,none,R4-HZ1,kharif,896008877,True
F0144-P02,F0144,R4,1.022,red,S3,well,rainfed,1135.9,,,moderate,high,low,R4-HZ2,kharif,1456380183,True
F0145-P01,F0145,R5,0.088,laterite,S2,well,canal,592.1,rice,cereal,low,moderate,none,R5-HZ1,kharif,1292466703,True
F0145-P02,F0145,R5,0.835,red,S3,well,rainfed,1070.6,maize,cereal,high,none,low,R5-HZ2,kharif,1641972227,True
F0146-P01,F0146,R1,0.047,sandy,S2,poor,tubewell,236.2,,,none,none,none,R1-HZ1,kharif,1045236312,True
F0146-P02,F0146,R1,0.927,sandy,S2,well,rainfed,1547.9,cotton,fibre,none,none,moderate,R1-HZ2,kharif,1039563664,True
F0147-P01,F0147,R5,0.377,laterite,S1,moderate,rainfed,560.3,,,moderate,moderate,low,R5-HZ1,kharif,706964417,True
F0147-P02,F0147,R5,0.239,laterite,S1,moderate,tubewell,1147.2,cotton,fibre,none,low,none,R5-HZ2,kharif,503041731,True
F0148-P01,F0148,R3,3.06,laterite,S2,moderate,canal,21941.0,pigeon_pea,legume,moderate,moderate,moderate,R3-HZ1,kharif,549902716,True
F0148-P02,F0148,R3,6.603,laterite,S2,poor,rainfed,11656.8,,,moderate,none,moderate,R3-HZ2,kharif,503098145,True
F0149-P01,F0149,R1,0.926,alluvial,S1,moderate,canal,4934.8,rice,cereal,none,none,low,R1-HZ1,kharif,1655578190,True
F0150-P01,F0150,R5,0.569,red,S2,poor,canal,3098.6,rice,cereal,low,none,high,R5-HZ1,kharif,154363047,True
F0150-P02,F0150,R5,0.439,laterite,S2,moderate,rainfed,714.2,,,low,none,moderate,R5-HZ2,kharif,752443258,True
F0150-P03,F0150,R5,0.738,red,S2,moderate,tubewell,4064.1,rice,cereal,low,none,moderate,R5-HZ3,kharif,1638443540,True
F0151-P01,F0151,R1,1.21,sandy,S1,moderate,canal,6208.3,maize,cereal,none,low,moderate,R1-HZ1,kharif,624186562,True
F0152-P01,F0152,R2,0.301,red,S1,moderate,rainfed,359.9,cotton,fibre,none,high,none,R2-HZ1,kharif,399575244,True
F0152-P02,F0152,R2,0.445,black,S2,well,rainfed,490.8,rice,cereal,none,moderate,moderate,R2-HZ2,kharif,235282117,True
F0152-P03,F0152,R2,2.36,black,S3,moderate,canal,10910.9,pigeon_pea,legume,low,high,low,R2-HZ3,kharif,232908513,True
F0153-P01,F0153,R3,3.843,alluvial,S3,poor,rainfed,6663.1,rice,cereal,high,moderate,none,R3-HZ1,kharif,824960335,True
F0153-P02,F0153,R3,3.718,laterite,N,well,rainfed,7306.3,groundnut,legume,moderate,low,moderate,R3-HZ2,kharif,381243798,True
F0153-P03,F0153,R3,0.558,laterite,S2,moderate,tubewell,3168.7,maize,cereal,low,none,low,R3-HZ3,kharif,253134906,True
F0154-P01,F0154,R1,2.265,sandy,S3,moderate,tubewell,12750.6,pigeon_pea,legume,none,none,low,R1-HZ1,kharif,486428752,True
F0154-P02,F0154,R1,0.365,sandy,S2,poor,rainfed,518.5,,,low,none,low,R1-HZ2,kharif,528387086,True
F0154-P03,F0154,R1,0.698,alluvial,S2,well,canal,4666.5,maize,cereal,low,low,moderate,R1-HZ3,kharif,1610283997,True
F0155-P01,F0155,R2,0.464,red,S3,poor,rainfed,552.4,cotton,fibre,moderate,high,none,R2-HZ1,kharif,1629706201,True
F0156-P01,F0156,R5,0.489,red,S2,poor,rainfed,839.5,pigeon_pea,legume,moderate,none,low,R5-HZ1,kharif,1261673139,True
F0156-P02,F0156,R5,1.288,laterite,S1,moderate,tubewell,6119.4,pigeon_pea,legume,low,none,low,R5-HZ2,kharif,1328933070,True
F0156-P03,F0156,R5,1.67,laterite,S1,well,rainfed,2135.4,,,moderate,low,none,R5-HZ3,kharif,74485604,True
F0157-P01,F0157,R1,0.605,alluvial,S3,well,canal,3236.0,maize,cereal,moderate,moderate,moderate,R1-HZ1,kharif,888615440,True
F0157-P02,F0157,R1,0.209,sandy,N,well,canal,1278.4,groundnut,legume,high,none,moderate,R1-HZ2,kharif,1732172396,True
F0158-P01,F0158,R3,0.181,laterite,S2,well,tubewell,1305.6,rice,cereal,moderate,moderate,moderate,R3-HZ1,kharif,456122546,True
F0158-P02,F0158,R3,3.487,laterite,S3,well,rainfed,6253.8,,,high,none,moderate,R3-HZ2,kharif,1888095395,True
F0159-P01,F0159,R3,1.784,laterite,S1,moderate,tubewell,10575.6,maize,cereal,moderate,none,none,R3-HZ1,kharif,1113378990,True
F0160-P01,F0160,R3,0.998,alluvial,S2,moderate,canal,7777.1,cotton,fibre,none,high,low,R3-HZ1,kharif,88534631,True
F0160-P02,F0160,R3,1.124,alluvial,S3,well,canal,9996.2,cotton,fibre,low,low,moderate,R3-HZ2,kharif,1657957064,True
F0160-P03,F0160,R3,0.541,laterite,S2,well,rainfed,1176.8,pigeon_pea,legume,none,low,moderate,R3-HZ3,kharif,706796426,True
F0161-P01,F0161,R4,0.624,red,S2,poor,rainfed,588.2,,,moderate,high,high,R4-HZ1,kharif,53602197,True
F0161-P02,F0161,R4,0.35,red,S2,well,rainfed,409.7,cotton,fibre,none,low,none,R4-HZ2,kharif,932995594,True
F0162-P01,F0162,R3,1.342,alluvial,S2,poor,tubewell,8240.9,pigeon_pea,legume,none,none,high,R3-HZ1,kharif,1339142453,True
F0163-P01,F0163,R3,0.24,alluvial,S2,poor,tubewell,1599.8,cotton,fibre,low,moderate,moderate,R3-HZ1,kharif,1591045066,True
F0164-P01,F0164,R1,0.324,sandy,S3,moderate,rainfed,458.0,rice,cereal,none,moderate,low,R1-HZ1,kharif,987431750,True
F0164-P02,F0164,R1,0.076,alluvial,S2,moderate,rainfed,116.7,groundnut,legume,low,low,none,R1-HZ2,kharif,770004947,True
F0165-P01,F0165,R2,1.279,black,S2,well,rainfed,1314.2,maize,cereal,none,none,low,R2-HZ1,kharif,500888597,True
F0165-P02,F0165,R2,1.17,black,S2,well,rainfed,1236.1,groundnut,legume,none,moderate,moderate,R2-HZ2,kharif,1647743718,True
F0165-P03,F0165,R2,1.011,black,S3,poor,rainfed,908.2,cotton,fibre,none,low,high,R2-HZ3,kharif,611010563,True
F0166-P01,F0166,R3,0.388,alluvial,S2,well,canal,2738.1,cotton,fibre,low,low,moderate,R3-HZ1,kharif,1174707824,True
F0166-P02,F0166,R3,0.182,alluvial,S1,poor,tubewell,1156.5,groundnut,legume,moderate,low,none,R3-HZ2,kharif,1294556034,True
F0167-P01,F0167,R3,0.778,alluvial,S2,poor,rainfed,1644.0,maize,cereal,low,none,none,R3-HZ1,kharif,391337611,True
F0168-P01,F0168,R3,0.878,alluvial,S3,well,rainfed,1650.7,groundnut,legume,high,low,none,R3-HZ1,kharif,1262236926,True
F0169-P01,F0169,R2,0.375,black,S2,well,tubewell,1404.2,cotton,fibre,low,none,low,R2-HZ1,kharif,1630226174,True
F0169-P02,F0169,R2,0.025,black,S1,moderate,canal,96.2,cotton,fibre,none,moderate,moderate,R2-HZ2,kharif,1099284651,True
F0170-P01,F0170,R4,4.788,sandy,S1,well,rainfed,4803.0,cotton,fibre,none,high,low,R4-HZ1,kharif,137600327,True
F0170-P02,F0170,R4,0.492,red,S3,well,rainfed,488.0,pigeon_pea,legume,none,high,low,R4-HZ2,kharif,178508878,True
F0170-P03,F0170,R4,1.197,red,S3,well,canal,4583.6,,,low,moderate,none,R4-HZ3,kharif,1557017989,True
F0170-P04,F0170,R4,3.395,red,S1,well,rainfed,3881.3,rice,cereal,none,moderate,low,R4-HZ1,kharif,1871841806,True
F0171-P01,F0171,R4,0.771,sandy,S3,moderate,rainfed,841.5,rice,cereal,low,low,none,R4-HZ1,kharif,1475349357,True
F0172-P01,F0172,R1,0.883,sandy,S1,poor,tubewell,3788.8,pigeon_pea,legume,moderate,low,high,R1-HZ1,kharif,1477232978,True
F0173-P01,F0173,R4,0.659,red,S2,moderate,tubewell,2125.8,,,high,low,none,R4-HZ1,kharif,398007750,True
F0173-P02,F0173,R4,0.124,sandy,S3,poor,tubewell,391.8,rice,cereal,low,high,low,R4-HZ2,kharif,125039791,True
F0174-P01,F0174,R1,0.806,sandy,N,well,rainfed,1113.0,rice,cereal,high,low,moderate,R1-HZ1,kharif,513096185,True
F0175-P01,F0175,R5,1.945,red,S2,moderate,rainfed,2849.8,cotton,fibre,none,none,low,R5-HZ1,kharif,653300675,True
F0176-P01,F0176,R4,1.383,red,S2,well,rainfed,1667.4,cotton,fibre,low,moderate,none,R4-HZ1,kharif,1149653844,True
F0177-P01,F0177,R5,1.952,red,S1,moderate,canal,10166.9,maize,cereal,none,low,low,R5-HZ1,kharif,970788836,True
F0178-P01,F0178,R5,1.943,red,S2,well,tubewell,8697.6,rice,cereal,moderate,low,low,R5-HZ1,kharif,754222877,True
F0178-P02,F0178,R5,0.353,red,S1,poor,canal,1933.4,groundnut,legume,low,none,low,R5-HZ2,kharif,1152692825,True
F0179-P01,F0179,R5,0.603,red,S2,well,tubewell,3263.1,rice,cereal,low,none,none,R5-HZ1,kharif,509974730,True
F0179-P02,F0179,R5,0.466,red,S1,moderate,tubewell,2085.9,cotton,fibre,moderate,high,low,R5-HZ2,kharif,1717402823,True
F0180-P01,F0180,R4,0.09,red,S2,moderate,canal,412.6,pigeon_pea,legume,low,none,low,R4-HZ1,kharif,1679161789,True
F0180-P02,F0180,R4,0.904,sandy,S3,well,rainfed,1008.0,pigeon_pea,legume,moderate,high,moderate,R4-HZ2,kharif,1581270421,True
F0181-P01,F0181,R5,1.359,red,S1,well,tubewell,6328.0,cotton,fibre,low,moderate,low,R5-HZ1,kharif,1857139471,True
F0181-P02,F0181,R5,1.579,red,S2,well,canal,8762.1,cotton,fibre,none,none,none,R5-HZ2,kharif,333461491,True
F0182-P01,F0182,R3,0.364,laterite,S1,poor,canal,3029.0,groundnut,legume,moderate,moderate,none,R3-HZ1,kharif,159601273,True
F0183-P01,F0183,R5,0.982,laterite,S3,moderate,rainfed,1538.6,,,none,low,none,R5-HZ1,kharif,1601743088,True
F0184-P01,F0184,R2,0.663,red,S2,poor,rainfed,715.0,maize,cereal,none,none,high,R2-HZ1,kharif,586472964,True
F0184-P02,F0184,R2,0.05,black,S2,well,rainfed,57.7,maize,cereal,low,high,none,R2-HZ2,kharif,1751546470,True
F0185-P01,F0185,R4,0.131,red,S3,well,rainfed,155.6,cotton,fibre,none,high,low,R4-HZ1,kharif,1085494590,True
F0185-P02,F0185,R4,1.371,sandy,S3,moderate,tubewell,4295.3,rice,cereal,moderate,moderate,none,R4-HZ2,kharif,1319051045,True
F0186-P01,F0186,R4,0.342,red,S1,poor,rainfed,376.4,pigeon_pea,legume,none,high,high,R4-HZ1,kharif,1814150744,True
F0187-P01,F0187,R4,0.235,sandy,S2,well,rainfed,264.3,rice,cereal,low,low,low,R4-HZ1,kharif,635974010,True
F0187-P02,F0187,R4,2.953,sandy,S3,well,rainfed,3436.1,cotton,fibre,high,moderate,low,R4-HZ2,kharif,1714908168,True
F0188-P01,F0188,R5,0.327,laterite,S2,poor,rainfed,473.4,cotton,fibre,low,low,none,R5-HZ1,kharif,290993493,True
F0188-P02,F0188,R5,3.769,red,S2,well,canal,23972.0,groundnut,legume,none,none,none,R5-HZ2,kharif,1934601519,True
F0188-P03,F0188,R5,0.247,laterite,S1,moderate,tubewell,1138.1,maize,cereal,moderate,none,none,R5-HZ3,kharif,145014494,True
F0188-P04,F0188,R5,0.806,laterite,S2,well,rainfed,1178.1,,,high,low,moderate,R5-HZ1,kharif,1768817432,True
F0189-P01,F0189,R5,0.532,laterite,S1,moderate,tubewell,2792.8,pigeon_pea,legume,low,none,none,R5-HZ1,kharif,927118358,True
F0189-P02,F0189,R5,0.486,laterite,S1,poor,canal,3212.7,,,moderate,low,high,R5-HZ2,kharif,1222672432,True
F0190-P01,F0190,R1,0.656,alluvial,S2,well,canal,4221.6,cotton,fibre,none,none,low,R1-HZ1,kharif,325611016,True
F0191-P01,F0191,R4,0.562,sandy,S2,moderate,rainfed,549.3,cotton,fibre,moderate,high,moderate,R4-HZ1,kharif,105124348,True
F0192-P01,F0192,R3,2.512,laterite,S3,well,tubewell,14328.2,pigeon_pea,legume,low,none,low,R3-HZ1,kharif,1187603799,True
F0192-P02,F0192,R3,0.482,laterite,S1,well,canal,3979.9,,,moderate,moderate,moderate,R3-HZ2,kharif,1165348044,True
F0193-P01,F0193,R5,4.482,red,S2,moderate,rainfed,7041.6,rice,cereal,low,moderate,moderate,R5-HZ1,kharif,254164150,True
F0193-P02,F0193,R5,1.371,laterite,S2,moderate,rainfed,1837.4,groundnut,legume,high,none,moderate,R5-HZ2,kharif,1985363728,True
F0194-P01,F0194,R5,0.423,laterite,S3,well,tubewell,2254.4,groundnut,legume,none,moderate,moderate,R5-HZ1,kharif,310683769,True
F0194-P02,F0194,R5,0.169,red,S1,well,canal,935.8,pigeon_pea,legume,moderate,low,moderate,R5-HZ2,kharif,566355027,True
F0195-P01,F0195,R2,1.775,black,S2,moderate,tubewell,5714.4,,,moderate,none,moderate,R2-HZ1,kharif,791758095,True
F0196-P01,F0196,R2,0.636,red,S2,poor,rainfed,763.7,cotton,fibre,none,high,none,R2-HZ1,kharif,1297681818,True
F0197-P01,F0197,R4,0.764,red,S1,poor,rainfed,687.8,,,low,moderate,low,R4-HZ1,kharif,910367055,True
F0198-P01,F0198,R5,0.616,laterite,S1,moderate,canal,4055.4,maize,cereal,none,high,none,R5-HZ1,kharif,575823502,True
F0199-P01,F0199,R3,1.691,laterite,S1,well,rainfed,2893.5,rice,cereal,low,none,low,R3-HZ1,kharif,360730796,True
F0200-P01,F0200,R5,0.035,red,S1,moderate,canal,238.7,rice,cereal,none,none,low,R5-HZ1,kharif,75096282,True
F0200-P02,F0200,R5,0.365,red,S1,well,tubewell,1845.9,maize,cereal,low,moderate,low,R5-HZ2,kharif,1623753758,True
F0201-P01,F0201,R2,0.124,black,S2,poor,canal,550.8,cotton,fibre,moderate,none,low,R2-HZ1,kharif,1522757386,True
F0201-P02,F0201,R2,1.374,red,S2,well,rainfed,1651.0,pigeon_pea,legume,low,none,low,R2-HZ2,kharif,1183923997,True
F0202-P01,F0202,R1,0.157,alluvial,S2,well,tubewell,734.2,,,high,none,moderate,R1-HZ1,kharif,1256840717,True
F0202-P02,F0202,R1,1.106,alluvial,S2,well,rainfed,1873.5,groundnut,legume,moderate,low,none,R1-HZ2,kharif,1721666843,True
F0202-P03,F0202,R1,1.465,alluvial,S2,moderate,canal,9092.4,pigeon_pea,legume,moderate,high,low,R1-HZ3,kharif,1268816949,True
F0203-P01,F0203,R2,1.142,red,S2,well,tubewell,3911.4,groundnut,legume,low,moderate,none,R2-HZ1,kharif,806621499,True
F0203-P02,F0203,R2,0.528,red,S3,moderate,rainfed,555.9,cotton,fibre,none,low,none,R2-HZ2,kharif,349647623,True
F0203-P03,F0203,R2,0.227,black,N,moderate,tubewell,725.3,maize,cereal,low,low,low,R2-HZ3,kharif,557008938,True
F0204-P01,F0204,R5,0.299,laterite,S2,well,rainfed,501.1,rice,cereal,none,moderate,low,R5-HZ1,kharif,636956824,True
F0205-P01,F0205,R5,0.968,red,S1,well,canal,5503.0,cotton,fibre,moderate,low,none,R5-HZ1,kharif,1601763677,True
F0205-P02,F0205,R5,0.497,red,S2,moderate,rainfed,750.9,rice,cereal,none,low,moderate,R5-HZ2,kharif,710907805,True
F0206-P01,F0206,R1,0.241,sandy,S1,moderate,canal,1377.7,maize,cereal,none,low,none,R1-HZ1,kharif,1952649735,True
F0206-P02,F0206,R1,4.673,alluvial,S2,moderate,rainfed,5999.3,,,low,low,low,R1-HZ2,kharif,627091484,True
F0207-P01,F0207,R3,0.228,laterite,S3,poor,canal,1764.4,groundnut,legume,low,moderate,high,R3-HZ1,kharif,1912019758,True
F0207-P02,F0207,R3,0.094,laterite,S2,moderate,rainfed,179.1,cotton,fibre,none,none,moderate,R3-HZ2,kharif,1377284008,True
F0208-P01,F0208,R2,0.214,red,S3,moderate,tubewell,666.8,rice,cereal,low,high,low,R2-HZ1,kharif,1797463445,True
F0208-P02,F0208,R2,0.577,red,S2,poor,rainfed,572.9,cotton,fibre,none,high,low,R2-HZ2,kharif,1993786276,True
F0209-P01,F0209,R2,0.361,red,S3,well,rainfed,346.4,pigeon_pea,legume,none,moderate,none,R2-HZ1,kharif,1879443929,True
F0209-P02,F0209,R2,0.153,black,S2,well,rainfed,178.0,maize,cereal,none,none,none,R2-HZ2,kharif,621021406,True
F0210-P01,F0210,R4,1.051,sandy,S1,moderate,rainfed,1165.8,maize,cereal,moderate,moderate,moderate,R4-HZ1,kharif,1088685373,True
F0210-P02,F0210,R4,0.655,red,S1,well,rainfed,585.6,groundnut,legume,moderate,moderate,low,R4-HZ2,kharif,1601543234,True
F0211-P01,F0211,R3,0.248,alluvial,S2,well,tubewell,1832.9,maize,cereal,moderate,none,low,R3-HZ1,kharif,354604555,True
F0211-P02,F0211,R3,0.119,alluvial,S1,well,tubewell,700.6,groundnut,legume,moderate,none,low,R3-HZ2,kharif,1756871109,True
F0211-P03,F0211,R3,0.674,laterite,S3,well,tubewell,4669.1,pigeon_pea,legume,moderate,low,none,R3-HZ3,kharif,1398161584,True
F0212-P01,F0212,R5,1.116,red,S2,moderate,tubewell,5166.2,rice,cereal,moderate,high,none,R5-HZ1,kharif,102220630,True
F0212-P02,F0212,R5,0.058,red,S3,moderate,rainfed,95.7,,,moderate,moderate,moderate,R5-HZ2,kharif,1987706795,True
F0213-P01,F0213,R5,0.607,red,S2,moderate,tubewell,3135.2,rice,cereal,moderate,low,none,R5-HZ1,kharif,952478676,True
F0213-P02,F0213,R5,0.392,laterite,S1,well,rainfed,648.2,,,low,none,none,R5-HZ2,kharif,1275363065,True
F0214-P01,F0214,R4,0.429,red,S2,moderate,tubewell,1305.1,,,high,low,moderate,R4-HZ1,kharif,45925375,True
F0215-P01,F0215,R2,0.37,black,S2,well,tubewell,1343.6,maize,cereal,low,low,none,R2-HZ1,kharif,1524944841,True
F0215-P02,F0215,R2,0.123,red,S1,well,rainfed,140.7,,,none,low,low,R2-HZ2,kharif,1249241362,True
F0216-P01,F0216,R5,0.427,laterite,S1,well,canal,2277.4,,,high,low,none,R5-HZ1,kharif,986074738,True
F0216-P02,F0216,R5,0.117,red,S2,moderate,rainfed,201.3,pigeon_pea,legume,low,none,none,R5-HZ2,kharif,617087355,True
F0217-P01,F0217,R4,0.538,sandy,S1,well,rainfed,525.3,groundnut,legume,low,moderate,moderate,R4-HZ1,kharif,1916608270,True
F0218-P01,F0218,R1,1.932,sandy,S3,poor,canal,12944.9,rice,cereal,high,none,high,R1-HZ1,kharif,1660203805,True
F0218-P02,F0218,R1,0.345,alluvial,S1,poor,rainfed,468.9,maize,cereal,none,none,none,R1-HZ2,kharif,430393603,True
F0218-P03,F0218,R1,0.141,sandy,S3,poor,tubewell,785.2,rice,cereal,none,low,high,R1-HZ3,kharif,968713155,True
F0219-P01,F0219,R5,0.555,red,S2,well,rainfed,795.8,cotton,fibre,none,low,moderate,R5-HZ1,kharif,457485078,True
F0220-P01,F0220,R5,0.073,laterite,S2,well,rainfed,105.2,rice,cereal,high,none,low,R5-HZ1,kharif,1970569756,True
F0220-P02,F0220,R5,0.538,red,S2,moderate,rainfed,794.0,rice,cereal,low,none,moderate,R5-HZ2,kharif,129657743,True
F0221-P01,F0221,R2,0.342,black,S1,well,canal,1293.5,groundnut,legume,low,low,none,R2-HZ1,kharif,1030741367,True
F0222-P01,F0222,R3,1.356,laterite,S3,moderate,rainfed,2673.8,groundnut,legume,none,none,low,R3-HZ1,kharif,629153935,True
F0222-P02,F0222,R3,0.579,laterite,S2,poor,rainfed,1069.7,groundnut,legume,low,none,moderate,R3-HZ2,kharif,796975825,True
F0222-P03,F0222,R3,0.785,laterite,S2,moderate,tubewell,4345.1,groundnut,legume,low,none,none,R3-HZ3,kharif,464140649,True
F0222-P04,F0222,R3,2.581,laterite,S2,moderate,canal,19867.6,maize,cereal,high,moderate,moderate,R3-HZ1,kharif,1059791185,True
F0223-P01,F0223,R2,0.624,red,S3,well,rainfed,564.7,groundnut,legume,high,low,none,R2-HZ1,kharif,468910855,True
F0224-P01,F0224,R3,0.014,laterite,S3,poor,rainfed,29.3,rice,cereal,moderate,none,high,R3-HZ1,kharif,1329110264,True
F0224-P02,F0224,R3,0.285,laterite,N,well,tubewell,1919.2,rice,cereal,moderate,moderate,none,R3-HZ2,kharif,1335816156,True
F0225-P01,F0225,R4,0.544,sandy,S3,moderate,rainfed,629.0,cotton,fibre,moderate,none,moderate,R4-HZ1,kharif,333152642,True
F0225-P02,F0225,R4,0.235,red,S2,well,rainfed,257.3,groundnut,legume,low,moderate,low,R4-HZ2,kharif,987321299,True
F0225-P03,F0225,R4,0.288,sandy,S3,well,rainfed,333.3,cotton,fibre,moderate,high,moderate,R4-HZ3,kharif,1773037104,True
F0226-P01,F0226,R4,0.205,sandy,S1,well,tubewell,690.4,maize,cereal,moderate,low,none,R4-HZ1,kharif,944378435,True
F0226-P02,F0226,R4,0.439,sandy,S1,well,canal,1814.6,pigeon_pea,legume,low,moderate,moderate,R4-HZ2,kharif,1181153283,True
F0227-P01,F0227,R3,0.347,alluvial,S3,well,tubewell,2362.3,maize,cereal,none,moderate,low,R3-HZ1,kharif,821696895,True
F0228-P01,F0228,R1,0.256,sandy,S2,well,canal,1425.4,rice,cereal,moderate,none,low,R1-HZ1,kharif,1467692344,True
F0228-P02,F0228,R1,0.462,alluvial,S2,moderate,canal,2641.1,maize,cereal,low,moderate,moderate,R1-HZ2,kharif,1540310394,True
F0229-P01,F0229,R3,0.677,laterite,S1,moderate,canal,5766.5,rice,cereal,moderate,low,moderate,R3-HZ1,kharif,119931040,True
F0230-P01,F0230,R5,0.887,laterite,S1,well,rainfed,1358.3,pigeon_pea,legume,low,none,moderate,R5-HZ1,kharif,383603485,True
F0231-P01,F0231,R2,0.831,black,S3,moderate,rainfed,837.5,groundnut,legume,none,low,moderate,R2-HZ1,kharif,596893984,True
F0231-P02,F0231,R2,0.159,red,S1,moderate,rainfed,150.5,,,moderate,moderate,moderate,R2-HZ2,kharif,1321195877,True
F0232-P01,F0232,R4,0.303,red,S3,well,canal,1197.8,pigeon_pea,legume,low,moderate,none,R4-HZ1,kharif,793271158,True
F0232-P02,F0232,R4,0.213,red,S2,well,rainfed,229.9,,,none,low,none,R4-HZ2,kharif,904269216,True
F0233-P01,F0233,R3,0.512,alluvial,S2,moderate,rainfed,1002.5,groundnut,legume,low,none,none,R3-HZ1,kharif,1680132508,True
F0233-P02,F0233,R3,0.411,alluvial,N,moderate,canal,2738.9,rice,cereal,none,moderate,low,R3-HZ2,kharif,150016278,True
F0234-P01,F0234,R5,0.329,laterite,S2,moderate,canal,1941.8,,,moderate,none,none,R5-HZ1,kharif,1513909673,True
F0234-P02,F0234,R5,0.588,laterite,S1,moderate,rainfed,832.4,pigeon_pea,legume,low,high,moderate,R5-HZ2,kharif,1522100967,True
F0235-P01,F0235,R4,0.883,red,S3,poor,rainfed,1006.4,,,low,moderate,low,R4-HZ1,kharif,758872134,True
F0236-P01,F0236,R2,1.101,black,S2,poor,canal,3960.0,,,none,high,high,R2-HZ1,kharif,749492916,True
F0236-P02,F0236,R2,1.545,red,S2,well,tubewell,5360.7,pigeon_pea,legume,low,high,low,R2-HZ2,kharif,1268297491,True
F0236-P03,F0236,R2,0.134,black,S3,poor,rainfed,119.6,pigeon_pea,legume,moderate,moderate,none,R2-HZ3,kharif,1940823393,True
F0237-P01,F0237,R5,0.913,laterite,S3,moderate,tubewell,4625.5,cotton,fibre,low,none,low,R5-HZ1,kharif,1875597276,True
F0238-P01,F0238,R5,0.196,laterite,S3,moderate,canal,1270.1,maize,cereal,high,none,none,R5-HZ1,kharif,969022488,True
F0238-P02,F0238,R5,0.245,red,S1,poor,rainfed,320.8,groundnut,legume,low,low,high,R5-HZ2,kharif,1595574450,True
F0239-P01,F0239,R4,0.199,sandy,S1,poor,rainfed,233.0,maize,cereal,high,none,low,R4-HZ1,kharif,456640318,True
F0239-P02,F0239,R4,0.341,red,S2,moderate,canal,1481.5,rice,cereal,none,high,none,R4-HZ2,kharif,1673654339,True
F0239-P03,F0239,R4,0.649,sandy,S1,moderate,rainfed,693.6,cotton,fibre,moderate,none,low,R4-HZ3,kharif,1285285334,True
F0240-P01,F0240,R5,1.178,red,S1,poor,rainfed,1587.2,rice,cereal,none,none,low,R5-HZ1,kharif,1765358340,True
F0241-P01,F0241,R4,0.131,red,S1,well,rainfed,125.2,pigeon_pea,legume,moderate,none,low,R4-HZ1,kharif,173429214,True
F0241-P02,F0241,R4,0.325,sandy,S1,moderate,canal,1568.5,pigeon_pea,legume,moderate,high,moderate,R4-HZ2,kharif,1419209834,True
F0242-P01,F0242,R3,0.447,alluvial,S3,well,canal,3052.2,maize,cereal,moderate,low,none,R3-HZ1,kharif,23066563,True
F0242-P02,F0242,R3,0.166,laterite,S2,well,rainfed,321.1,cotton,fibre,none,none,moderate,R3-HZ2,kharif,1160967541,True
F0242-P03,F0242,R3,2.528,laterite,S2,moderate,canal,21225.5,groundnut,legume,high,moderate,none,R3-HZ3,kharif,67998740,True
F0243-P01,F0243,R3,0.246,laterite,S1,moderate,rainfed,422.8,maize,cereal,low,none,none,R3-HZ1,kharif,282073366,True
F0243-P02,F0243,R3,0.044,laterite,S1,moderate,rainfed,98.4,rice,cereal,low,low,none,R3-HZ2,kharif,1504032586,True
F0244-P01,F0244,R3,0.638,alluvial,S3,poor,rainfed,1170.5,rice,cereal,low,moderate,high,R3-HZ1,kharif,688973540,True
F0245-P01,F0245,R5,1.526,laterite,S1,well,canal,8620.5,rice,cereal,low,low,none,R5-HZ1,kharif,1216763979,True
F0245-P02,F0245,R5,1.287,red,S3,well,rainfed,1768.8,,,low,low,moderate,R5-HZ2,kharif,1467216658,True
F0245-P03,F0245,R5,1.163,laterite,S2,poor,tubewell,6004.3,,,none,low,high,R5-HZ3,kharif,892914835,True
F0246-P01,F0246,R4,1.615,red,S1,poor,rainfed,1735.1,pigeon_pea,legume,none,moderate,high,R4-HZ1,kharif,1124671085,True
F0247-P01,F0247,R3,0.44,laterite,S1,well,rainfed,820.4,groundnut,legume,moderate,moderate,none,R3-HZ1,kharif,133352777,True
F0247-P02,F0247,R3,0.124,laterite,S2,moderate,tubewell,885.2,,,low,none,low,R3-HZ2,kharif,1918748853,True
F0248-P01,F0248,R3,0.657,alluvial,S1,well,rainfed,1408.7,cotton,fibre,high,none,low,R3-HZ1,kharif,1874280080,True
F0248-P02,F0248,R3,0.034,alluvial,S2,well,rainfed,71.4,,,low,moderate,moderate,R3-HZ2,kharif,865879962,True
F0249-P01,F0249,R5,0.267,laterite,S2,poor,tubewell,1481.8,cotton,fibre,moderate,low,high,R5-HZ1,kharif,1469987744,True
F0250-P01,F0250,R4,0.58,sandy,N,well,rainfed,565.2,groundnut,legume,low,none,none,R4-HZ1,kharif,622069674,True
F0251-P01,F0251,R2,0.335,red,S1,well,canal,1562.7,pigeon_pea,legume,none,moderate,moderate,R2-HZ1,kharif,1014391739,True
F0251-P02,F0251,R2,0.04,black,S1,well,rainfed,36.4,cotton,fibre,low,high,none,R2-HZ2,kharif,1720439634,True
F0252-P01,F0252,R2,0.34,red,S2,moderate,tubewell,1328.3,rice,cereal,none,low,low,R2-HZ1,kharif,1511347198,True
F0253-P01,F0253,R5,0.551,red,S3,poor,rainfed,903.9,,,none,low,high,R5-HZ1,kharif,914754079,True
F0253-P02,F0253,R5,0.137,red,S2,moderate,rainfed,209.6,pigeon_pea,legume,none,none,none,R5-HZ2,kharif,1298201776,True
F0254-P01,F0254,R5,0.322,red,S2,well,tubewell,1846.8,groundnut,legume,moderate,low,none,R5-HZ1,kharif,1523636324,True
F0255-P01,F0255,R3,0.268,laterite,S2,well,rainfed,528.9,cotton,fibre,low,high,none,R3-HZ1,kharif,27877236,True
F0256-P01,F0256,R2,0.703,black,N,moderate,rainfed,834.3,rice,cereal,low,none,none,R2-HZ1,kharif,1110382692,True
F0257-P01,F0257,R2,0.305,black,S2,moderate,rainfed,296.2,rice,cereal,none,none,none,R2-HZ1,kharif,609132398,True
F0257-P02,F0257,R2,0.482,red,S3,moderate,rainfed,516.5,cotton,fibre,none,low,none,R2-HZ2,kharif,1595442462,True
F0258-P01,F0258,R1,0.091,alluvial,S1,moderate,rainfed,145.3,rice,cereal,low,moderate,low,R1-HZ1,kharif,741022483,True
F0258-P02,F0258,R1,0.126,alluvial,S3,poor,canal,861.4,rice,cereal,low,moderate,none,R1-HZ2,kharif,482153824,True
F0259-P01,F0259,R2,0.207,black,S1,moderate,rainfed,228.3,rice,cereal,none,moderate,moderate,R2-HZ1,kharif,246340979,True
F0259-P02,F0259,R2,0.089,red,S3,well,canal,354.8,pigeon_pea,legume,none,high,moderate,R2-HZ2,kharif,1040594147,True
F0260-P01,F0260,R4,0.233,red,S1,moderate,rainfed,279.2,groundnut,legume,none,low,none,R4-HZ1,kharif,60963947,True
F0261-P01,F0261,R2,0.479,black,S2,poor,canal,1858.1,groundnut,legume,none,moderate,moderate,R2-HZ1,kharif,108241489,True
F0262-P01,F0262,R3,0.899,laterite,S3,well,canal,6639.6,maize,cereal,high,low,none,R3-HZ1,kharif,1982443784,True
F0262-P02,F0262,R3,0.066,alluvial,S2,moderate,tubewell,479.9,,,high,low,moderate,R3-HZ2,kharif,243638423,True
F0263-P01,F0263,R4,3.517,red,S2,moderate,canal,14689.6,groundnut,legume,none,moderate,none,R4-HZ1,kharif,1400320658,True
F0263-P02,F0263,R4,1.081,sandy,S1,well,rainfed,1088.5,cotton,fibre,low,low,none,R4-HZ2,kharif,1173961099,True
F0264-P01,F0264,R4,0.074,sandy,S1,well,rainfed,82.7,,,none,moderate,moderate,R4-HZ1,kharif,771713287,True
F0264-P02,F0264,R4,0.154,sandy,S2,poor,rainfed,163.9,cotton,fibre,low,high,low,R4-HZ2,kharif,906754427,True
F0265-P01,F0265,R2,0.228,red,S2,well,rainfed,261.7,,,none,low,low,R2-HZ1,kharif,455166514,True
F0265-P02,F0265,R2,0.536,red,S1,moderate,rainfed,530.9,pigeon_pea,legume,low,low,none,R2-HZ2,kharif,1923579003,True
F0266-P01,F0266,R3,0.472,alluvial,S3,moderate,canal,3924.8,,,low,low,moderate,R3-HZ1,kharif,852528231,True
F0266-P02,F0266,R3,0.094,laterite,S1,well,canal,739.6,,,moderate,moderate,moderate,R3-HZ2,kharif,835547608,True
F0267-P01,F0267,R1,1.037,alluvial,S2,well,tubewell,4575.0,cotton,fibre,low,none,low,R1-HZ1,kharif,286100074,True
F0267-P02,F0267,R1,0.43,alluvial,S1,well,rainfed,618.1,pigeon_pea,legume,none,low,low,R1-HZ2,kharif,694155345,True
F0268-P01,F0268,R3,0.553,laterite,S2,well,rainfed,1082.7,pigeon_pea,legume,low,moderate,moderate,R3-HZ1,kharif,1485633948,True
F0269-P01,F0269,R1,1.082,sandy,N,moderate,tubewell,5597.5,,,none,none,none,R1-HZ1,kharif,1401364989,True
F0269-P02,F0269,R1,1.008,alluvial,S1,well,tubewell,5613.3,rice,cereal,none,moderate,low,R1-HZ2,kharif,435498458,True
F0270-P01,F0270,R2,1.75,black,S3,well,rainfed,1764.3,,,none,moderate,low,R2-HZ1,kharif,1022160366,True
F0271-P01,F0271,R4,0.849,sandy,S1,moderate,rainfed,1006.3,maize,cereal,moderate,moderate,none,R4-HZ1,kharif,560905991,True
F0272-P01,F0272,R4,2.796,red,S1,moderate,rainfed,2507.0,,,none,high,low,R4-HZ1,kharif,659938989,True
F0272-P02,F0272,R4,0.819,red,S1,poor,rainfed,847.7,groundnut,legume,low,none,low,R4-HZ2,kharif,601252624,True
F0273-P01,F0273,R3,0.941,alluvial,S2,moderate,canal,7493.4,cotton,fibre,moderate,high,low,R3-HZ1,kharif,1741311220,True
F0274-P01,F0274,R4,0.188,red,N,poor,canal,792.0,groundnut,legume,low,low,high,R4-HZ1,kharif,1398557208,True
F0274-P02,F0274,R4,0.499,red,S1,well,tubewell,1927.4,rice,cereal,low,high,low,R4-HZ2,kharif,440244669,True
F0275-P01,F0275,R3,0.284,alluvial,S2,moderate,rainfed,494.5,groundnut,legume,moderate,moderate,moderate,R3-HZ1,kharif,1867823092,True
F0275-P02,F0275,R3,0.743,laterite,S3,moderate,tubewell,5317.0,cotton,fibre,low,moderate,none,R3-HZ2,kharif,939159796,True
F0276-P01,F0276,R4,0.626,red,S2,well,rainfed,583.0,rice,cereal,low,low,low,R4-HZ1,kharif,442086367,True
F0276-P02,F0276,R4,0.848,sandy,S2,well,tubewell,2907.7,pigeon_pea,legume,low,high,moderate,R4-HZ2,kharif,44484392,True
F0276-P03,F0276,R4,0.074,sandy,S2,well,rainfed,80.7,cotton,fibre,moderate,low,low,R4-HZ3,kharif,1355659222,True
F0277-P01,F0277,R3,0.224,alluvial,S1,well,rainfed,416.3,,,low,low,low,R3-HZ1,kharif,1092330069,True
F0278-P01,F0278,R1,0.475,alluvial,S1,well,canal,2845.9,groundnut,legume,none,none,low,R1-HZ1,kharif,132820601,True
F0278-P02,F0278,R1,0.211,sandy,S2,well,rainfed,350.6,,,low,low,moderate,R1-HZ2,kharif,1457732932,True
F0279-P01,F0279,R3,0.593,alluvial,S2,well,rainfed,1083.0,rice,cereal,low,moderate,low,R3-HZ1,kharif,383991660,True
F0279-P02,F0279,R3,0.275,alluvial,S2,well,canal,2178.9,pigeon_pea,legume,high,low,none,R3-HZ2,kharif,1391927401,True
F0280-P01,F0280,R5,0.201,laterite,S1,well,canal,1210.7,rice,cereal,moderate,high,none,R5-HZ1,kharif,1166012047,True
F0280-P02,F0280,R5,0.735,red,S1,well,rainfed,1237.3,pigeon_pea,legume,low,none,none,R5-HZ2,kharif,1368006896,True
F0281-P01,F0281,R3,0.309,alluvial,S2,moderate,canal,2474.1,pigeon_pea,legume,moderate,none,none,R3-HZ1,kharif,371428212,True
F0281-P02,F0281,R3,0.353,alluvial,S1,moderate,rainfed,593.4,cotton,fibre,low,none,none,R3-HZ2,kharif,1359262412,True
F0282-P01,F0282,R3,0.117,alluvial,S1,well,tubewell,711.7,cotton,fibre,low,low,moderate,R3-HZ1,kharif,1073870467,True
F0282-P02,F0282,R3,0.19,alluvial,N,moderate,tubewell,1352.9,maize,cereal,moderate,moderate,low,R3-HZ2,kharif,584644369,True
F0282-P03,F0282,R3,1.796,laterite,S2,moderate,rainfed,3710.4,groundnut,legume,none,none,low,R3-HZ3,kharif,1064088909,True
F0283-P01,F0283,R3,0.903,laterite,S2,well,rainfed,1707.3,cotton,fibre,none,none,none,R3-HZ1,kharif,215505460,True
F0284-P01,F0284,R3,0.297,laterite,S2,well,rainfed,641.5,cotton,fibre,low,high,moderate,R3-HZ1,kharif,510825944,True
F0285-P01,F0285,R5,0.418,red,S1,well,canal,2806.7,pigeon_pea,legume,moderate,none,low,R5-HZ1,kharif,47069054,True
F0286-P01,F0286,R5,0.743,red,N,well,rainfed,1229.4,groundnut,legume,moderate,low,low,R5-HZ1,kharif,1800530347,True
F0286-P02,F0286,R5,0.15,laterite,S3,well,canal,916.7,,,low,none,none,R5-HZ2,kharif,1768897656,True
F0287-P01,F0287,R3,0.275,laterite,S2,well,rainfed,474.0,groundnut,legume,high,none,moderate,R3-HZ1,kharif,1471090411,True
F0288-P01,F0288,R1,0.875,sandy,S2,well,rainfed,1455.3,maize,cereal,none,moderate,moderate,R1-HZ1,kharif,1851333401,True
F0288-P02,F0288,R1,0.275,sandy,S2,moderate,tubewell,1349.0,maize,cereal,moderate,low,moderate,R1-HZ2,kharif,1958938036,True
F0288-P03,F0288,R1,4.304,sandy,S1,well,tubewell,21803.5,,,none,low,low,R1-HZ3,kharif,1138370941,True
F0288-P04,F0288,R1,0.275,sandy,S3,poor,rainfed,456.0,rice,cereal,high,none,high,R1-HZ1,kharif,1781624085,True
F0289-P01,F0289,R4,0.064,sandy,S3,well,rainfed,66.3,,,low,none,moderate,R4-HZ1,kharif,581450242,True
F0289-P02,F0289,R4,0.495,red,S2,well,tubewell,1604.8,maize,cereal,low,none,low,R4-HZ2,kharif,1522921265,True
F0289-P03,F0289,R4,0.734,red,S2,well,rainfed,802.7,groundnut,legume,low,high,moderate,R4-HZ3,kharif,944162578,True
F0290-P01,F0290,R1,0.403,alluvial,S2,well,tubewell,1999.4,cotton,fibre,moderate,none,none,R1-HZ1,kharif,1578801916,True
F0290-P02,F0290,R1,0.021,alluvial,S2,well,canal,132.4,pigeon_pea,legume,none,high,none,R1-HZ2,kharif,941603010,True
F0291-P01,F0291,R2,1.324,black,S2,moderate,tubewell,4725.4,rice,cereal,moderate,none,moderate,R2-HZ1,kharif,1651430497,True
F0291-P02,F0291,R2,0.606,red,S3,well,canal,2200.9,cotton,fibre,moderate,moderate,none,R2-HZ2,kharif,1803823689,True
F0291-P03,F0291,R2,0.131,red,S2,moderate,rainfed,135.6,maize,cereal,moderate,none,low,R2-HZ3,kharif,1042105808,True
F0292-P01,F0292,R4,0.439,sandy,S2,well,rainfed,483.8,,,none,low,moderate,R4-HZ1,kharif,354743336,True
F0292-P02,F0292,R4,0.364,sandy,S1,well,rainfed,348.4,,,high,high,low,R4-HZ2,kharif,1473915250,True
F0292-P03,F0292,R4,1.17,red,S1,moderate,tubewell,3596.4,groundnut,legume,moderate,low,low,R4-HZ3,kharif,497996867,True
F0293-P01,F0293,R3,1.308,alluvial,S3,moderate,rainfed,2634.0,rice,cereal,moderate,low,moderate,R3-HZ1,kharif,1202271239,True
F0293-P02,F0293,R3,1.784,alluvial,S3,moderate,canal,12621.9,pigeon_pea,legume,moderate,none,none,R3-HZ2,kharif,833303119,True
F0293-P03,F0293,R3,0.159,alluvial,S3,poor,rainfed,309.7,cotton,fibre,none,low,moderate,R3-HZ3,kharif,734238412,True
F0294-P01,F0294,R3,0.701,alluvial,S2,poor,canal,4742.9,groundnut,legume,moderate,low,none,R3-HZ1,kharif,1681241325,True
F0294-P02,F0294,R3,1.003,alluvial,S2,well,rainfed,2009.5,rice,cereal,none,none,moderate,R3-HZ2,kharif,653911596,True
F0294-P03,F0294,R3,0.088,laterite,S1,well,rainfed,166.0,rice,cereal,low,none,moderate,R3-HZ3,kharif,1928825020,True
F0295-P01,F0295,R3,0.655,alluvial,S2,well,rainfed,1245.1,groundnut,legume,none,none,low,R3-HZ1,kharif,1782450832,True
F0296-P01,F0296,R5,0.475,red,S2,moderate,tubewell,2038.4,pigeon_pea,legume,none,moderate,low,R5-HZ1,kharif,1229870619,True
F0297-P01,F0297,R3,0.201,laterite,N,well,rainfed,394.9,maize,cereal,none,none,none,R3-HZ1,kharif,273588790,True
F0297-P02,F0297,R3,0.568,alluvial,S2,well,canal,3930.7,groundnut,legume,low,high,none,R3-HZ2,kharif,850767624,True
F0298-P01,F0298,R4,0.23,red,S3,poor,tubewell,891.1,maize,cereal,low,moderate,none,R4-HZ1,kharif,1093616984,True
F0299-P01,F0299,R2,0.374,red,S2,well,tubewell,1462.1,cotton,fibre,none,moderate,low,R2-HZ1,kharif,107478384,True
F0299-P02,F0299,R2,0.446,black,S2,moderate,rainfed,440.9,cotton,fibre,none,high,low,R2-HZ2,kharif,1330894393,True
F0300-P01,F0300,R1,0.381,sandy,S2,well,rainfed,494.2,groundnut,legume,none,none,low,R1-HZ1,kharif,914147529,True
F0300-P02,F0300,R1,0.347,sandy,S2,moderate,tubewell,1926.8,,,high,none,moderate,R1-HZ2,kharif,752417776,True
F0301-P01,F0301,R4,0.386,red,S2,well,tubewell,1516.2,groundnut,legume,low,moderate,moderate,R4-HZ1,kharif,43109136,True
F0301-P02,F0301,R4,0.204,sandy,S1,moderate,rainfed,193.4,cotton,fibre,none,low,moderate,R4-HZ2,kharif,1359266580,True
F0302-P01,F0302,R3,0.399,laterite,S1,well,canal,3010.9,rice,cereal,none,low,none,R3-HZ1,kharif,1330414021,True
F0303-P01,F0303,R1,0.916,sandy,S1,well,rainfed,1535.2,,,high,low,low,R1-HZ1,kharif,1703749286,True
F0304-P01,F0304,R2,0.193,black,S2,moderate,canal,788.9,groundnut,legume,none,high,none,R2-HZ1,kharif,1129996312,True
F0304-P02,F0304,R2,0.871,red,S1,well,rainfed,835.1,pigeon_pea,legume,low,high,moderate,R2-HZ2,kharif,1324727959,True
F0305-P01,F0305,R3,0.395,alluvial,S1,well,canal,2764.3,maize,cereal,moderate,low,none,R3-HZ1,kharif,1158887866,True
F0306-P01,F0306,R4,1.608,red,S2,well,rainfed,1771.2,rice,cereal,none,moderate,none,R4-HZ1,kharif,779814419,True
F0307-P01,F0307,R1,0.501,sandy,S2,moderate,canal,2750.7,cotton,fibre,high,moderate,none,R1-HZ1,kharif,837506182,True
F0308-P01,F0308,R3,0.277,laterite,S1,well,rainfed,484.1,groundnut,legume,moderate,moderate,none,R3-HZ1,kharif,1897253875,True
F0309-P01,F0309,R5,0.64,red,S2,poor,tubewell,3250.3,,,none,low,low,R5-HZ1,kharif,1596332225,True
F0309-P02,F0309,R5,0.496,red,N,well,rainfed,632.7,rice,cereal,none,none,low,R5-HZ2,kharif,962575277,True
F0309-P03,F0309,R5,0.057,laterite,S1,well,canal,338.9,pigeon_pea,legume,none,none,low,R5-HZ3,kharif,910155062,True
F0310-P01,F0310,R1,0.299,alluvial,S1,poor,canal,1661.6,rice,cereal,high,moderate,high,R1-HZ1,kharif,435777780,True
F0311-P01,F0311,R4,0.052,sandy,S2,well,rainfed,53.1,cotton,fibre,none,low,moderate,R4-HZ1,kharif,1077229798,True
F0311-P02,F0311,R4,0.355,red,S1,well,rainfed,351.9,rice,cereal,none,low,low,R4-HZ2,kharif,949707515,True
F0312-P01,F0312,R4,0.89,red,S3,well,rainfed,1059.9,groundnut,legume,low,high,none,R4-HZ1,kharif,301333360,True
F0313-P01,F0313,R5,0.802,laterite,S1,well,rainfed,1177.6,,,none,none,moderate,R5-HZ1,kharif,1912191060,True
F0314-P01,F0314,R1,0.794,alluvial,S3,moderate,tubewell,3620.3,pigeon_pea,legume,none,none,moderate,R1-HZ1,kharif,888802820,True
F0314-P02,F0314,R1,1.032,alluvial,S1,moderate,rainfed,1494.0,rice,cereal,none,none,moderate,R1-HZ2,kharif,1308373478,True
F0315-P01,F0315,R2,1.924,red,S2,poor,rainfed,2177.3,,,none,moderate,high,R2-HZ1,kharif,769890140,True
F0316-P01,F0316,R3,0.294,alluvial,S2,well,rainfed,600.4,cotton,fibre,high,low,moderate,R3-HZ1,kharif,1295051596,True
F0316-P02,F0316,R3,0.658,alluvial,S2,moderate,tubewell,4357.6,maize,cereal,high,none,low,R3-HZ2,kharif,676708282,True
F0317-P01,F0317,R2,1.849,black,S1,moderate,tubewell,6178.0,rice,cereal,none,none,low,R2-HZ1,kharif,1256601016,True
F0317-P02,F0317,R2,1.642,red,S3,moderate,tubewell,4895.3,rice,cereal,moderate,moderate,moderate,R2-HZ2,kharif,1008138076,True
F0318-P01,F0318,R3,0.575,laterite,S2,well,canal,3877.9,groundnut,legume,low,none,none,R3-HZ1,kharif,1394077655,True
F0318-P02,F0318,R3,2.307,laterite,S2,moderate,tubewell,14426.6,cotton,fibre,low,moderate,none,R3-HZ2,kharif,746137000,True
F0318-P03,F0318,R3,2.726,alluvial,S1,moderate,canal,23476.9,,,high,moderate,none,R3-HZ3,kharif,1928828857,True
F0318-P04,F0318,R3,2.97,laterite,N,well,tubewell,20693.2,,,moderate,moderate,none,R3-HZ1,kharif,1677200509,True
F0318-P05,F0318,R3,3.114,laterite,S1,poor,rainfed,5720.1,cotton,fibre,none,low,high,R3-HZ2,kharif,547207723,True
F0319-P01,F0319,R3,0.132,alluvial,S2,well,tubewell,823.9,pigeon_pea,legume,moderate,none,none,R3-HZ1,kharif,277266869,True
F0319-P02,F0319,R3,0.177,alluvial,S1,moderate,rainfed,344.8,cotton,fibre,none,none,moderate,R3-HZ2,kharif,54727074,True
F0320-P01,F0320,R4,0.791,sandy,S1,well,rainfed,858.8,,,none,moderate,none,R4-HZ1,kharif,1078371498,True
F0320-P02,F0320,R4,1.182,red,S1,well,rainfed,1074.4,pigeon_pea,legume,moderate,moderate,low,R4-HZ2,kharif,926253497,True
F0321-P01,F0321,R2,0.401,red,S2,well,canal,1893.1,,,moderate,low,none,R2-HZ1,kharif,1599162492,True
F0322-P01,F0322,R3,0.215,laterite,S3,moderate,canal,1534.8,rice,cereal,high,moderate,low,R3-HZ1,kharif,944130323,True
F0322-P02,F0322,R3,0.31,alluvial,S2,well,rainfed,606.1,pigeon_pea,legume,none,moderate,low,R3-HZ2,kharif,973901283,True
F0323-P01,F0323,R5,0.429,red,S3,well,canal,2888.0,rice,cereal,none,none,moderate,R5-HZ1,kharif,1535548811,True
F0324-P01,F0324,R2,0.604,red,S3,well,rainfed,671.3,,,moderate,moderate,moderate,R2-HZ1,kharif,654795827,True
F0324-P02,F0324,R2,0.241,black,S1,poor,tubewell,765.7,,,low,low,high,R2-HZ2,kharif,1565912674,True
F0325-P01,F0325,R4,4.138,red,S1,well,rainfed,4330.7,pigeon_pea,legume,none,low,moderate,R4-HZ1,kharif,1637768368,True
F0325-P02,F0325,R4,1.164,sandy,S1,well,rainfed,1371.5,groundnut,legume,none,moderate,moderate,R4-HZ2,kharif,1007118572,True
F0325-P03,F0325,R4,1.913,red,S2,moderate,rainfed,2053.1,cotton,fibre,none,moderate,none,R4-HZ3,kharif,1631882599,True
F0326-P01,F0326,R1,2.137,sandy,S1,moderate,rainfed,3510.9,groundnut,legume,high,low,moderate,R1-HZ1,kharif,982360608,True
F0326-P02,F0326,R1,0.11,alluvial,N,well,canal,731.5,groundnut,legume,low,moderate,low,R1-HZ2,kharif,1030584905,True
F0327-P01,F0327,R2,0.311,black,S3,well,rainfed,284.8,maize,cereal,low,moderate,low,R2-HZ1,kharif,860248678,True
F0328-P01,F0328,R2,0.455,black,S2,moderate,rainfed,527.5,pigeon_pea,legume,none,moderate,moderate,R2-HZ1,kharif,1073102512,True
F0328-P02,F0328,R2,2.736,black,S3,well,tubewell,10140.7,pigeon_pea,legume,moderate,moderate,moderate,R2-HZ2,kharif,1353382293,True
F0328-P03,F0328,R2,4.033,black,N,moderate,rainfed,3713.0,cotton,fibre,low,high,none,R2-HZ3,kharif,753476688,True
F0328-P04,F0328,R2,2.257,black,S1,well,tubewell,8401.4,cotton,fibre,low,low,low,R2-HZ1,kharif,226828560,True
F0329-P01,F0329,R1,0.481,alluvial,S3,well,canal,2549.2,cotton,fibre,none,moderate,low,R1-HZ1,kharif,832689913,True
F0329-P02,F0329,R1,0.424,sandy,S2,moderate,rainfed,639.7,groundnut,legume,moderate,low,low,R1-HZ2,kharif,1060537551,True
F0330-P01,F0330,R3,1.144,laterite,S3,well,rainfed,2537.3,,,moderate,moderate,none,R3-HZ1,kharif,1172133366,True
F0330-P02,F0330,R3,1.553,laterite,S2,well,canal,10503.6,rice,cereal,high,moderate,none,R3-HZ2,kharif,1691855268,True
F0331-P01,F0331,R1,0.529,alluvial,S1,moderate,rainfed,786.8,rice,cereal,high,none,low,R1-HZ1,kharif,1294821167,True
F0331-P02,F0331,R1,0.275,alluvial,S3,moderate,rainfed,355.3,maize,cereal,none,moderate,none,R1-HZ2,kharif,1822191555,True
F0332-P01,F0332,R2,0.583,red,S2,well,rainfed,600.4,cotton,fibre,low,low,low,R2-HZ1,kharif,587584133,True
F0333-P01,F0333,R2,0.429,black,S1,moderate,rainfed,498.8,rice,cereal,high,moderate,moderate,R2-HZ1,kharif,1317861478,True
F0334-P01,F0334,R1,0.148,sandy,S2,moderate,rainfed,211.6,pigeon_pea,legume,none,high,low,R1-HZ1,kharif,186312185,True
F0334-P02,F0334,R1,0.271,alluvial,S2,well,canal,1415.8,,,none,none,moderate,R1-HZ2,kharif,1217820024,True
F0335-P01,F0335,R3,0.28,alluvial,S2,well,tubewell,1637.3,rice,cereal,moderate,low,none,R3-HZ1,kharif,797539762,True
F0336-P01,F0336,R3,4.781,alluvial,N,poor,tubewell,33502.8,pigeon_pea,legume,none,none,moderate,R3-HZ1,kharif,1915592660,True
F0336-P02,F0336,R3,1.533,alluvial,S1,moderate,rainfed,2579.5,pigeon_pea,legume,moderate,low,moderate,R3-HZ2,kharif,735134209,True
F0336-P03,F0336,R3,3.18,alluvial,S3,well,rainfed,5942.0,rice,cereal,low,none,none,R3-HZ3,kharif,461208556,True
F0337-P01,F0337,R3,0.23,alluvial,S2,well,rainfed,469.8,rice,cereal,low,low,low,R3-HZ1,kharif,1602890905,True
F0337-P02,F0337,R3,0.149,alluvial,S2,well,tubewell,854.7,rice,cereal,low,none,low,R3-HZ2,kharif,1482707073,True
F0338-P01,F0338,R1,0.328,alluvial,S1,well,tubewell,1863.2,maize,cereal,moderate,none,none,R1-HZ1,kharif,1858507307,True
F0338-P02,F0338,R1,0.647,sandy,S1,well,rainfed,850.3,maize,cereal,none,moderate,low,R1-HZ2,kharif,1865423507,True
F0339-P01,F0339,R2,0.132,black,S1,well,tubewell,474.9,pigeon_pea,legume,moderate,moderate,moderate,R2-HZ1,kharif,1775220297,True
F0339-P02,F0339,R2,0.381,red,S2,well,canal,1641.1,maize,cereal,moderate,moderate,low,R2-HZ2,kharif,946934486,True
F0340-P01,F0340,R3,0.557,alluvial,S2,moderate,canal,3826.8,maize,cereal,low,low,low,R3-HZ1,kharif,101103820,True
F0341-P01,F0341,R3,8.529,laterite,S3,well,tubewell,56031.7,maize,cereal,high,none,low,R3-HZ1,kharif,819482801,True
F0341-P02,F0341,R3,0.434,alluvial,S1,well,tubewell,2657.9,maize,cereal,low,low,low,R3-HZ2,kharif,1173892743,True
F0342-P01,F0342,R5,0.535,red,S2,moderate,tubewell,2370.4,,,low,low,moderate,R5-HZ1,kharif,802969920,True
F0343-P01,F0343,R4,0.488,red,S2,well,rainfed,444.6,cotton,fibre,moderate,moderate,moderate,R4-HZ1,kharif,523534494,True
F0344-P01,F0344,R3,1.179,alluvial,N,well,canal,9273.4,groundnut,legume,moderate,none,none,R3-HZ1,kharif,327091717,True
F0345-P01,F0345,R2,5.774,black,S2,well,canal,22219.6,maize,cereal,low,moderate,moderate,R2-HZ1,kharif,1733337135,True
F0345-P02,F0345,R2,2.326,red,S2,moderate,rainfed,2143.7,cotton,fibre,none,low,low,R2-HZ2,kharif,663008459,True
F0346-P01,F0346,R1,0.75,alluvial,S3,moderate,tubewell,4046.9,,,high,high,moderate,R1-HZ1,kharif,1420084355,True
F0347-P01,F0347,R3,0.706,laterite,S2,moderate,canal,5516.8,rice,cereal,moderate,none,moderate,R3-HZ1,kharif,952112785,True
F0348-P01,F0348,R3,0.382,alluvial,S3,moderate,tubewell,2815.2,,,low,low,low,R3-HZ1,kharif,397933530,True
F0349-P01,F0349,R4,0.226,sandy,S2,well,canal,882.2,maize,cereal,none,high,none,R4-HZ1,kharif,1904004618,True
F0349-P02,F0349,R4,0.287,sandy,S2,well,rainfed,345.7,rice,cereal,high,low,moderate,R4-HZ2,kharif,86703991,True
F0350-P01,F0350,R3,0.279,alluvial,S1,poor,canal,2299.7,rice,cereal,high,moderate,none,R3-HZ1,kharif,394347646,True
F0350-P02,F0350,R3,0.26,laterite,S1,well,tubewell,1886.0,,,low,low,none,R3-HZ2,kharif,1887418005,True
F0351-P01,F0351,R3,0.363,alluvial,S3,well,canal,2978.4,cotton,fibre,none,low,low,R3-HZ1,kharif,1511199135,True
F0351-P02,F0351,R3,0.448,alluvial,S2,well,canal,3363.2,,,high,none,none,R3-HZ2,kharif,1721281459,True
F0352-P01,F0352,R2,0.31,red,S2,well,tubewell,1144.6,,,moderate,low,none,R2-HZ1,kharif,953486327,True
F0353-P01,F0353,R4,0.866,sandy,S3,well,rainfed,998.1,,,moderate,high,low,R4-HZ1,kharif,59946442,True
F0354-P01,F0354,R5,7.071,red,S1,moderate,tubewell,39871.5,rice,cereal,none,moderate,none,R5-HZ1,kharif,1994566628,True
F0354-P02,F0354,R5,2.105,laterite,S3,well,rainfed,2868.7,cotton,fibre,low,high,low,R5-HZ2,kharif,1214282959,True
F0355-P01,F0355,R3,1.041,alluvial,S3,poor,tubewell,6547.1,cotton,fibre,moderate,low,high,R3-HZ1,kharif,1830652701,True
F0355-P02,F0355,R3,0.511,alluvial,S2,well,canal,4241.0,,,high,none,low,R3-HZ2,kharif,1939958604,True
F0356-P01,F0356,R1,0.95,sandy,S1,moderate,tubewell,5375.9,cotton,fibre,moderate,none,low,R1-HZ1,kharif,1062468371,True
F0356-P02,F0356,R1,0.079,sandy,S2,moderate,tubewell,440.1,cotton,fibre,none,none,moderate,R1-HZ2,kharif,733645396,True
F0356-P03,F0356,R1,0.617,sandy,N,moderate,tubewell,3507.1,cotton,fibre,high,none,low,R1-HZ3,kharif,988830738,True
F0357-P01,F0357,R5,1.671,laterite,S2,poor,canal,9005.5,cotton,fibre,moderate,none,high,R5-HZ1,kharif,1299012488,True
F0358-P01,F0358,R5,0.219,laterite,S2,well,rainfed,376.7,rice,cereal,high,none,none,R5-HZ1,kharif,263112329,True
F0358-P02,F0358,R5,0.111,red,S2,well,canal,735.4,,,moderate,low,low,R5-HZ2,kharif,1021057139,True
F0359-P01,F0359,R5,0.942,laterite,S1,moderate,canal,5994.2,rice,cereal,none,none,low,R5-HZ1,kharif,1382920475,True
F0360-P01,F0360,R4,0.306,red,N,well,rainfed,357.1,maize,cereal,none,none,low,R4-HZ1,kharif,317503821,True
F0361-P01,F0361,R4,0.508,red,S1,moderate,rainfed,535.0,maize,cereal,low,low,low,R4-HZ1,kharif,1614064455,True
F0362-P01,F0362,R2,0.595,red,S1,well,canal,2584.7,pigeon_pea,legume,none,none,moderate,R2-HZ1,kharif,1297206270,True
F0363-P01,F0363,R3,1.026,laterite,S1,well,tubewell,6783.0,pigeon_pea,legume,high,low,low,R3-HZ1,kharif,1595558541,True
F0364-P01,F0364,R4,0.914,red,S2,well,rainfed,1050.7,maize,cereal,none,low,none,R4-HZ1,kharif,1549202740,True
F0365-P01,F0365,R2,0.504,red,S2,poor,tubewell,1705.4,pigeon_pea,legume,low,low,high,R2-HZ1,kharif,1000870483,True
F0365-P02,F0365,R2,0.453,red,S2,well,tubewell,1615.4,,,low,low,none,R2-HZ2,kharif,1920308643,True
F0365-P03,F0365,R2,0.049,black,S3,well,tubewell,188.9,pigeon_pea,legume,none,moderate,moderate,R2-HZ3,kharif,1343688415,True
F0366-P01,F0366,R1,0.714,alluvial,N,moderate,tubewell,4056.1,cotton,fibre,none,none,low,R1-HZ1,kharif,480235615,True
F0366-P02,F0366,R1,0.223,alluvial,S2,well,canal,1484.4,pigeon_pea,legume,low,low,none,R1-HZ2,kharif,1035809163,True
F0367-P01,F0367,R5,0.276,red,S1,well,canal,1599.3,,,high,moderate,low,R5-HZ1,kharif,419489812,True
F0367-P02,F0367,R5,0.782,red,S3,well,tubewell,3531.1,rice,cereal,low,moderate,none,R5-HZ2,kharif,1050767182,True
F0368-P01,F0368,R5,0.366,red,S2,well,canal,2180.8,groundnut,legume,high,none,moderate,R5-HZ1,kharif,547852368,True
F0369-P01,F0369,R4,2.024,red,S1,moderate,rainfed,2069.1,,,low,high,none,R4-HZ1,kharif,1200122315,True
F0369-P02,F0369,R4,3.942,red,S2,well,tubewell,15845.3,rice,cereal,low,low,moderate,R4-HZ2,kharif,977460151,True
F0370-P01,F0370,R5,0.764,red,S2,moderate,rainfed,1168.8,rice,cereal,none,moderate,none,R5-HZ1,kharif,142957777,True
F0371-P01,F0371,R1,0.209,sandy,S3,well,canal,1324.1,rice,cereal,none,none,moderate,R1-HZ1,kharif,1260469689,True
F0371-P02,F0371,R1,1.251,alluvial,S3,well,tubewell,5726.1,maize,cereal,none,low,moderate,R1-HZ2,kharif,1703227767,True
F0371-P03,F0371,R1,1.523,alluvial,S3,well,canal,9295.3,,,moderate,low,moderate,R1-HZ3,kharif,376903764,True
F0371-P04,F0371,R1,1.348,sandy,S1,poor,tubewell,6686.2,maize,cereal,none,low,none,R1-HZ1,kharif,1813010143,True
F0372-P01,F0372,R2,3.343,black,S1,moderate,tubewell,11944.6,maize,cereal,high,high,low,R2-HZ1,kharif,1119209565,True
F0372-P02,F0372,R2,7.78,red,S3,poor,tubewell,29528.2,groundnut,legume,none,moderate,high,R2-HZ2,kharif,615490783,True
F0372-P03,F0372,R2,0.674,red,S1,moderate,tubewell,2306.6,,,low,none,low,R2-HZ3,kharif,240909670,True
F0372-P04,F0372,R2,1.067,black,S2,well,rainfed,1114.9,maize,cereal,low,low,none,R2-HZ1,kharif,1915645479,True
F0373-P01,F0373,R4,1.173,red,S1,well,rainfed,1185.1,maize,cereal,none,moderate,none,R4-HZ1,kharif,862623790,True
F0373-P02,F0373,R4,2.454,red,S1,well,rainfed,2584.5,groundnut,legume,moderate,low,low,R4-HZ2,kharif,1658913908,True
F0374-P01,F0374,R1,1.184,alluvial,S2,well,canal,6470.6,cotton,fibre,moderate,low,moderate,R1-HZ1,kharif,504057784,True
F0374-P02,F0374,R1,2.691,alluvial,S1,poor,canal,16533.5,pigeon_pea,legume,none,none,high,R1-HZ2,kharif,528414303,True
F0374-P03,F0374,R1,3.207,sandy,S3,well,rainfed,4100.7,rice,cereal,none,none,moderate,R1-HZ3,kharif,140639047,True
F0374-P04,F0374,R1,1.244,alluvial,S2,well,canal,7429.9,cotton,fibre,moderate,moderate,low,R1-HZ1,kharif,1045749,True
F0375-P01,F0375,R1,0.992,sandy,S2,moderate,rainfed,1414.4,rice,cereal,none,none,moderate,R1-HZ1,kharif,208115394,True
F0375-P02,F0375,R1,0.841,sandy,S3,moderate,canal,4425.2,cotton,fibre,high,none,none,R1-HZ2,kharif,1683290148,True
F0375-P03,F0375,R1,0.322,sandy,S2,well,tubewell,1794.2,pigeon_pea,legume,none,low,none,R1-HZ3,kharif,1243704461,True
F0376-P01,F0376,R1,1.973,sandy,S2,well,rainfed,3073.9,pigeon_pea,legume,none,moderate,none,R1-HZ1,kharif,1201413549,True
F0376-P02,F0376,R1,0.71,sandy,S3,well,canal,4099.9,,,none,none,moderate,R1-HZ2,kharif,916154609,True
F0377-P01,F0377,R3,0.267,laterite,S2,well,tubewell,1572.3,,,low,low,moderate,R3-HZ1,kharif,185236205,True
F0377-P02,F0377,R3,0.098,laterite,S1,moderate,tubewell,730.7,rice,cereal,none,low,moderate,R3-HZ2,kharif,202230466,True
F0378-P01,F0378,R4,0.185,sandy,S3,well,rainfed,184.6,rice,cereal,low,high,low,R4-HZ1,kharif,1841482512,True
F0378-P02,F0378,R4,0.465,sandy,S1,moderate,canal,2219.7,,,none,moderate,low,R4-HZ2,kharif,635597782,True
F0379-P01,F0379,R5,0.069,laterite,S2,moderate,rainfed,90.8,pigeon_pea,legume,low,low,none,R5-HZ1,kharif,1457641194,True
F0379-P02,F0379,R5,0.353,red,S2,moderate,tubewell,1900.8,rice,cereal,none,none,moderate,R5-HZ2,kharif,1071615193,True
F0380-P01,F0380,R1,0.899,alluvial,S1,poor,tubewell,4525.9,maize,cereal,moderate,moderate,high,R1-HZ1,kharif,1518358501,True
F0381-P01,F0381,R5,0.239,red,S3,well,tubewell,1239.9,groundnut,legume,none,none,low,R5-HZ1,kharif,1215948710,True
F0382-P01,F0382,R2,0.497,black,S3,well,canal,2327.3,rice,cereal,none,moderate,moderate,R2-HZ1,kharif,431273840,True
F0382-P02,F0382,R2,0.271,black,S2,moderate,rainfed,325.5,pigeon_pea,legume,none,moderate,low,R2-HZ2,kharif,471445225,True
F0382-P03,F0382,R2,0.275,red,S3,moderate,rainfed,312.4,rice,cereal,low,high,moderate,R2-HZ3,kharif,381783539,True
F0383-P01,F0383,R4,0.992,red,S1,well,tubewell,3901.5,,,none,moderate,low,R4-HZ1,kharif,1361680463,True
F0384-P01,F0384,R4,0.567,sandy,S1,well,tubewell,2144.3,,,low,moderate,moderate,R4-HZ1,kharif,1666784153,True
F0384-P02,F0384,R4,0.286,sandy,S2,poor,rainfed,258.0,groundnut,legume,high,low,high,R4-HZ2,kharif,1527439200,True
F0385-P01,F0385,R4,0.853,sandy,S2,well,rainfed,845.3,,,none,moderate,moderate,R4-HZ1,kharif,119258548,True
F0385-P02,F0385,R4,0.847,red,N,poor,tubewell,2741.4,cotton,fibre,none,moderate,high,R4-HZ2,kharif,110578062,True
F0385-P03,F0385,R4,0.24,sandy,S1,well,rainfed,285.7,cotton,fibre,moderate,high,low,R4-HZ3,kharif,280521314,True
F0386-P01,F0386,R2,0.325,black,S1,moderate,rainfed,370.1,groundnut,legume,none,high,none,R2-HZ1,kharif,1214317553,True
F0387-P01,F0387,R3,0.269,laterite,S2,moderate,rainfed,515.5,rice,cereal,low,low,low,R3-HZ1,kharif,1080739741,True
F0387-P02,F0387,R3,0.239,alluvial,S1,well,tubewell,1342.3,groundnut,legume,low,none,low,R3-HZ2,kharif,965167552,True
F0387-P03,F0387,R3,0.512,alluvial,S3,poor,tubewell,3392.1,maize,cereal,low,none,moderate,R3-HZ3,kharif,665962889,True
F0388-P01,F0388,R1,0.668,alluvial,S1,well,tubewell,3550.5,pigeon_pea,legume,moderate,none,none,R1-HZ1,kharif,1843783375,True
F0388-P02,F0388,R1,0.156,alluvial,S3,moderate,canal,910.2,cotton,fibre,none,none,moderate,R1-HZ2,kharif,288684241,True
F0389-P01,F0389,R4,0.677,red,S3,well,rainfed,789.5,pigeon_pea,legume,none,moderate,low,R4-HZ1,kharif,68545934,True
F0389-P02,F0389,R4,4.98,red,S3,well,rainfed,5658.5,cotton,fibre,low,high,low,R4-HZ2,kharif,705454552,True
F0390-P01,F0390,R2,0.83,red,S1,well,rainfed,908.3,cotton,fibre,moderate,moderate,low,R2-HZ1,kharif,1190827727,True
F0391-P01,F0391,R4,0.803,sandy,S2,poor,rainfed,869.3,pigeon_pea,legume,none,none,high,R4-HZ1,kharif,1331526054,True
F0392-P01,F0392,R1,0.463,sandy,S2,moderate,tubewell,2613.7,cotton,fibre,none,moderate,moderate,R1-HZ1,kharif,1173238881,True
F0393-P01,F0393,R2,0.089,black,S3,well,rainfed,101.8,groundnut,legume,high,none,moderate,R2-HZ1,kharif,545437732,True
F0393-P02,F0393,R2,0.664,red,S2,well,rainfed,778.5,pigeon_pea,legume,moderate,none,none,R2-HZ2,kharif,1070535146,True
F0393-P03,F0393,R2,1.054,red,S2,well,rainfed,1103.2,,,low,low,moderate,R2-HZ3,kharif,833661010,True
F0394-P01,F0394,R3,0.087,alluvial,S1,moderate,canal,585.5,maize,cereal,moderate,none,low,R3-HZ1,kharif,975281687,True
F0394-P02,F0394,R3,0.29,alluvial,S2,poor,rainfed,595.2,maize,cereal,low,none,moderate,R3-HZ2,kharif,1981093990,True
F0395-P01,F0395,R3,0.867,laterite,S3,well,rainfed,1519.2,rice,cereal,moderate,none,low,R3-HZ1,kharif,655136694,True
F0396-P01,F0396,R3,0.79,laterite,N,moderate,canal,5413.6,maize,cereal,high,high,low,R3-HZ1,kharif,1935308113,True
F0397-P01,F0397,R4,0.171,red,S2,well,rainfed,206.4,,,moderate,moderate,moderate,R4-HZ1,kharif,343638115,True
F0397-P02,F0397,R4,0.132,sandy,S1,well,rainfed,142.2,groundnut,legume,high,low,low,R4-HZ2,kharif,1826893026,True
F0398-P01,F0398,R5,0.946,laterite,S2,well,tubewell,4979.9,maize,cereal,none,none,moderate,R5-HZ1,kharif,716864434,True
F0398-P02,F0398,R5,0.422,red,S1,moderate,rainfed,708.4,maize,cereal,none,moderate,low,R5-HZ2,kharif,822494598,True
F0398-P03,F0398,R5,0.727,laterite,S1,well,rainfed,1002.8,cotton,fibre,none,none,none,R5-HZ3,kharif,916622646,True
F0399-P01,F0399,R1,0.437,sandy,S1,poor,tubewell,2018.5,,,moderate,moderate,moderate,R1-HZ1,kharif,1654869125,True
F0399-P02,F0399,R1,0.198,sandy,S2,poor,tubewell,897.9,rice,cereal,low,high,none,R1-HZ2,kharif,762162932,True
F0400-P01,F0400,R3,0.289,alluvial,S1,poor,canal,2213.6,groundnut,legume,none,none,none,R3-HZ1,kharif,1743771237,True
F0400-P02,F0400,R3,1.651,laterite,S2,well,tubewell,10119.5,pigeon_pea,legume,low,none,moderate,R3-HZ2,kharif,259294540,True
F0401-P01,F0401,R4,0.485,red,S1,moderate,tubewell,1742.1,cotton,fibre,none,moderate,low,R4-HZ1,kharif,9535075,True
F0401-P02,F0401,R4,2.767,red,S2,well,canal,10449.6,pigeon_pea,legume,moderate,none,moderate,R4-HZ2,kharif,552214577,True
F0402-P01,F0402,R2,0.552,black,S2,moderate,rainfed,601.7,groundnut,legume,moderate,none,moderate,R2-HZ1,kharif,1823067583,True
F0402-P02,F0402,R2,0.291,black,S1,well,rainfed,270.1,cotton,fibre,none,high,moderate,R2-HZ2,kharif,427734016,True
F0403-P01,F0403,R2,0.458,black,S1,well,tubewell,1523.7,cotton,fibre,none,high,low,R2-HZ1,kharif,319714560,True
F0404-P01,F0404,R3,0.648,alluvial,S2,moderate,canal,4454.5,rice,cereal,high,none,low,R3-HZ1,kharif,813991043,True
F0404-P02,F0404,R3,0.206,alluvial,S2,well,tubewell,1168.5,pigeon_pea,legume,none,none,none,R3-HZ2,kharif,421598633,True
F0405-P01,F0405,R1,0.092,alluvial,S2,moderate,tubewell,401.2,pigeon_pea,legume,moderate,moderate,low,R1-HZ1,kharif,31773973,True
F0405-P02,F0405,R1,1.691,alluvial,S1,well,canal,8673.9,pigeon_pea,legume,low,none,none,R1-HZ2,kharif,822608711,True
F0405-P03,F0405,R1,0.092,alluvial,S2,moderate,canal,600.6,maize,cereal,high,none,none,R1-HZ3,kharif,1823914785,True
F0406-P01,F0406,R3,0.216,alluvial,S2,moderate,canal,1533.1,cotton,fibre,low,low,moderate,R3-HZ1,kharif,1765771597,True
F0406-P02,F0406,R3,0.26,laterite,S1,poor,tubewell,1476.7,groundnut,legume,low,moderate,moderate,R3-HZ2,kharif,613052406,True
F0407-P01,F0407,R2,0.36,black,N,well,tubewell,1437.2,pigeon_pea,legume,none,none,moderate,R2-HZ1,kharif,1745177306,True
F0407-P02,F0407,R2,0.573,red,S2,moderate,rainfed,626.3,pigeon_pea,legume,none,none,none,R2-HZ2,kharif,1072161817,True
F0407-P03,F0407,R2,0.256,red,S2,well,rainfed,249.8,,,none,moderate,low,R2-HZ3,kharif,78872271,True
F0408-P01,F0408,R2,1.228,red,S3,well,tubewell,3904.3,groundnut,legume,none,low,low,R2-HZ1,kharif,804586382,True
F0408-P02,F0408,R2,1.023,red,S1,well,canal,4175.5,maize,cereal,none,low,moderate,R2-HZ2,kharif,1023906483,True
F0409-P01,F0409,R4,0.096,sandy,S1,moderate,tubewell,286.9,groundnut,legume,low,low,moderate,R4-HZ1,kharif,1685725300,True
F0409-P02,F0409,R4,0.495,red,S2,moderate,rainfed,507.0,groundnut,legume,none,high,low,R4-HZ2,kharif,1476312557,True
F0410-P01,F0410,R4,0.785,red,S2,moderate,rainfed,907.3,,,moderate,high,low,R4-HZ1,kharif,1904490528,True
F0410-P02,F0410,R4,0.193,red,S1,moderate,rainfed,184.9,groundnut,legume,low,none,none,R4-HZ2,kharif,1112363253,True
F0411-P01,F0411,R3,1.936,alluvial,N,well,tubewell,14293.6,maize,cereal,moderate,low,none,R3-HZ1,kharif,1520407109,True
F0412-P01,F0412,R2,0.132,black,S1,moderate,rainfed,121.0,,,moderate,high,moderate,R2-HZ1,kharif,319207213,True
F0412-P02,F0412,R2,0.122,red,S1,well,canal,505.8,pigeon_pea,legume,high,moderate,moderate,R2-HZ2,kharif,1399934921,True
F0413-P01,F0413,R3,0.754,laterite,S3,well,rainfed,1511.3,rice,cereal,low,none,low,R3-HZ1,kharif,685896706,True
F0413-P02,F0413,R3,0.612,alluvial,S1,well,rainfed,1308.7,,,none,low,low,R3-HZ2,kharif,1567591166,True
F0413-P03,F0413,R3,0.435,alluvial,S2,moderate,rainfed,974.8,pigeon_pea,legume,low,low,moderate,R3-HZ3,kharif,1855762182,True
F0414-P01,F0414,R2,1.171,red,S1,well,canal,5268.1,maize,cereal,moderate,low,moderate,R2-HZ1,kharif,1359073108,True
F0415-P01,F0415,R1,0.096,sandy,S1,well,tubewell,470.1,rice,cereal,high,low,none,R1-HZ1,kharif,88059987,True
F0415-P02,F0415,R1,1.127,sandy,S2,moderate,tubewell,5193.4,rice,cereal,none,low,none,R1-HZ2,kharif,86440817,True
F0415-P03,F0415,R1,0.771,alluvial,S1,poor,canal,5235.1,,,none,moderate,moderate,R1-HZ3,kharif,1076897114,True
F0416-P01,F0416,R1,1.227,alluvial,S3,moderate,rainfed,2050.5,pigeon_pea,legume,none,high,moderate,R1-HZ1,kharif,1096433746,True
F0417-P01,F0417,R2,0.464,red,S2,well,rainfed,542.3,,,none,moderate,moderate,R2-HZ1,kharif,1182376344,True
F0417-P02,F0417,R2,2.506,black,S2,moderate,tubewell,8428.7,,,high,high,moderate,R2-HZ2,kharif,328857797,True
F0418-P01,F0418,R3,0.382,alluvial,S1,moderate,canal,2581.1,,,high,none,none,R3-HZ1,kharif,680140095,True
F0418-P02,F0418,R3,0.385,laterite,S1,moderate,rainfed,732.3,pigeon_pea,legume,low,moderate,moderate,R3-HZ2,kharif,1065277138,True
F0419-P01,F0419,R4,3.109,red,S2,poor,tubewell,9347.7,groundnut,legume,none,moderate,low,R4-HZ1,kharif,1063319146,True
F0419-P02,F0419,R4,3.977,sandy,S3,well,rainfed,4554.4,maize,cereal,none,high,none,R4-HZ2,kharif,1101015006,True
F0420-P01,F0420,R2,0.908,red,S1,moderate,tubewell,3424.7,cotton,fibre,none,high,none,R2-HZ1,kharif,1028021805,True
F0420-P02,F0420,R2,0.047,black,S3,moderate,rainfed,46.5,maize,cereal,moderate,low,none,R2-HZ2,kharif,534689033,True
F0421-P01,F0421,R3,0.387,alluvial,S2,well,canal,2617.6,rice,cereal,high,none,low,R3-HZ1,kharif,397978173,True
F0422-P01,F0422,R2,0.867,red,S1,well,rainfed,1044.8,,,low,moderate,low,R2-HZ1,kharif,1417350812,True
F0423-P01,F0423,R5,1.727,red,S1,well,canal,9069.8,rice,cereal,high,low,low,R5-HZ1,kharif,1268645413,True
F0424-P01,F0424,R1,0.849,sandy,S3,well,tubewell,3957.5,groundnut,legume,none,moderate,moderate,R1-HZ1,kharif,550897248,True
F0424-P02,F0424,R1,0.044,sandy,S1,moderate,tubewell,211.1,,,low,low,low,R1-HZ2,kharif,1577406909,True
F0425-P01,F0425,R5,0.282,laterite,S2,well,tubewell,1278.9,rice,cereal,none,none,moderate,R5-HZ1,kharif,319479261,True
F0425-P02,F0425,R5,0.221,red,S2,well,rainfed,376.4,cotton,fibre,moderate,low,none,R5-HZ2,kharif,1085619816,True
F0426-P01,F0426,R1,0.757,sandy,S3,moderate,rainfed,1066.6,groundnut,legume,low,moderate,low,R1-HZ1,kharif,1867945567,True
F0427-P01,F0427,R4,0.513,red,S1,well,canal,2443.9,pigeon_pea,legume,none,moderate,moderate,R4-HZ1,kharif,826745098,True
F0427-P02,F0427,R4,0.43,sandy,S1,moderate,rainfed,457.7,cotton,fibre,none,none,none,R4-HZ2,kharif,1374573269,True
F0428-P01,F0428,R1,0.546,sandy,S2,poor,tubewell,3043.6,,,moderate,none,low,R1-HZ1,kharif,1000792571,True
F0428-P02,F0428,R1,1.685,sandy,S1,moderate,tubewell,8717.5,pigeon_pea,legume,none,none,moderate,R1-HZ2,kharif,398399674,True
F0428-P03,F0428,R1,0.207,sandy,S2,poor,tubewell,959.6,cotton,fibre,none,none,moderate,R1-HZ3,kharif,1275643422,True
F0428-P04,F0428,R1,1.901,sandy,S1,well,canal,10773.0,cotton,fibre,moderate,none,low,R1-HZ1,kharif,428841295,True
F0429-P01,F0429,R4,0.125,sandy,S3,poor,canal,463.2,cotton,fibre,high,moderate,low,R4-HZ1,kharif,1932042894,True
F0429-P02,F0429,R4,0.212,sandy,S2,moderate,rainfed,233.5,groundnut,legume,none,low,moderate,R4-HZ2,kharif,1106497219,True
F0430-P01,F0430,R1,1.762,alluvial,S2,well,tubewell,8192.8,pigeon_pea,legume,low,high,moderate,R1-HZ1,kharif,1929944543,True
F0431-P01,F0431,R1,0.374,sandy,S1,well,canal,2304.4,pigeon_pea,legume,low,none,low,R1-HZ1,kharif,1470737838,True
F0431-P02,F0431,R1,1.05,alluvial,S1,moderate,tubewell,4553.6,rice,cereal,low,high,moderate,R1-HZ2,kharif,178938528,True
F0431-P03,F0431,R1,5.575,alluvial,S2,well,rainfed,9456.3,groundnut,legume,none,moderate,low,R1-HZ3,kharif,1907535636,True
F0432-P01,F0432,R4,0.518,red,N,moderate,canal,2425.8,pigeon_pea,legume,none,moderate,low,R4-HZ1,kharif,1568574894,True
F0433-P01,F0433,R5,0.621,laterite,S2,well,tubewell,3268.6,pigeon_pea,legume,none,low,none,R5-HZ1,kharif,573788949,True
F0434-P01,F0434,R4,1.399,red,S1,moderate,tubewell,4749.7,rice,cereal,none,high,moderate,R4-HZ1,kharif,850563084,True
F0434-P02,F0434,R4,2.213,sandy,S3,well,rainfed,2606.8,cotton,fibre,moderate,moderate,moderate,R4-HZ2,kharif,455100378,True
F0435-P01,F0435,R3,0.636,laterite,S1,well,canal,4870.8,pigeon_pea,legume,low,low,none,R3-HZ1,kharif,1634459804,True
F0436-P01,F0436,R5,0.977,red,S3,moderate,tubewell,5248.5,maize,cereal,none,none,none,R5-HZ1,kharif,133944620,True
F0437-P01,F0437,R2,0.308,red,S1,well,rainfed,328.1,cotton,fibre,moderate,moderate,none,R2-HZ1,kharif,1687852700,True
F0438-P01,F0438,R1,0.121,alluvial,S2,moderate,tubewell,556.6,pigeon_pea,legume,moderate,moderate,low,R1-HZ1,kharif,1658285338,True
F0438-P02,F0438,R1,0.71,sandy,S2,moderate,tubewell,3585.2,,,moderate,none,moderate,R1-HZ2,kharif,20153733,True
F0439-P01,F0439,R3,0.625,alluvial,S2,poor,rainfed,1111.3,rice,cereal,low,none,moderate,R3-HZ1,kharif,184594877,True
F0440-P01,F0440,R5,0.435,laterite,S2,well,rainfed,622.8,groundnut,legume,high,none,moderate,R5-HZ1,kharif,600763916,True
F0441-P01,F0441,R2,0.762,red,N,well,tubewell,2401.4,groundnut,legume,low,moderate,moderate,R2-HZ1,kharif,257177846,True
F0441-P02,F0441,R2,0.14,black,S1,moderate,rainfed,139.4,rice,cereal,moderate,low,low,R2-HZ2,kharif,321865579,True
F0442-P01,F0442,R1,0.811,sandy,S2,well,tubewell,4172.3,maize,cereal,moderate,none,low,R1-HZ1,kharif,1652835772,True
F0443-P01,F0443,R5,0.043,laterite,S2,well,canal,240.7,rice,cereal,moderate,none,moderate,R5-HZ1,kharif,788524321,True
F0443-P02,F0443,R5,0.239,laterite,S1,moderate,tubewell,1309.8,rice,cereal,moderate,none,low,R5-HZ2,kharif,58273464,True
F0444-P01,F0444,R2,0.035,black,S2,well,rainfed,33.1,pigeon_pea,legume,none,none,none,R2-HZ1,kharif,1619879273,True
F0444-P02,F0444,R2,0.557,red,S1,moderate,rainfed,598.0,,,high,low,none,R2-HZ2,kharif,1863457077,True
F0445-P01,F0445,R3,0.144,alluvial,S1,poor,rainfed,264.5,groundnut,legume,none,none,high,R3-HZ1,kharif,465932092,True
F0445-P02,F0445,R3,0.367,laterite,S2,well,rainfed,708.1,,,low,none,low,R3-HZ2,kharif,139869878,True
F0445-P03,F0445,R3,1.016,laterite,N,poor,rainfed,2206.3,maize,cereal,moderate,none,high,R3-HZ3,kharif,707787034,True
F0446-P01,F0446,R4,0.649,red,S1,well,rainfed,742.7,pigeon_pea,legume,none,high,none,R4-HZ1,kharif,1900839634,True
F0446-P02,F0446,R4,0.256,sandy,S1,well,canal,950.4,cotton,fibre,moderate,none,low,R4-HZ2,kharif,1148730272,True
F0447-P01,F0447,R3,1.172,laterite,S3,poor,tubewell,7928.2,cotton,fibre,none,none,high,R3-HZ1,kharif,1021417301,True
F0448-P01,F0448,R1,1.367,sandy,S1,moderate,tubewell,5859.0,rice,cereal,moderate,low,none,R1-HZ1,kharif,308553797,True
F0448-P02,F0448,R1,0.069,sandy,S3,moderate,tubewell,299.2,,,none,none,low,R1-HZ2,kharif,1508722938,True
F0449-P01,F0449,R1,0.738,alluvial,S2,moderate,canal,3888.2,pigeon_pea,legume,high,none,low,R1-HZ1,kharif,481644928,True
F0450-P01,F0450,R4,0.021,sandy,S3,moderate,rainfed,20.8,,,low,high,low,R4-HZ1,kharif,332635920,True
F0450-P02,F0450,R4,0.407,sandy,S1,well,rainfed,391.4,rice,cereal,moderate,high,moderate,R4-HZ2,kharif,1689435098,True
F0451-P01,F0451,R5,0.418,red,S1,moderate,rainfed,567.0,cotton,fibre,moderate,none,low,R5-HZ1,kharif,1858745507,True
F0451-P02,F0451,R5,0.156,red,S2,well,tubewell,852.8,groundnut,legume,none,low,low,R5-HZ2,kharif,1856086161,True
F0452-P01,F0452,R4,0.031,sandy,S3,well,rainfed,27.7,cotton,fibre,low,none,low,R4-HZ1,kharif,1935299196,True
F0452-P02,F0452,R4,0.587,sandy,S1,poor,rainfed,689.3,,,none,none,moderate,R4-HZ2,kharif,1134517842,True
F0453-P01,F0453,R5,3.85,red,S1,well,tubewell,17167.5,,,moderate,moderate,none,R5-HZ1,kharif,985796754,True
F0453-P02,F0453,R5,0.86,red,S3,moderate,rainfed,1107.1,groundnut,legume,none,moderate,moderate,R5-HZ2,kharif,357405955,True
F0453-P03,F0453,R5,2.053,laterite,S2,poor,canal,11136.2,cotton,fibre,none,none,high,R5-HZ3,kharif,394438602,True
F0454-P01,F0454,R2,0.791,black,S2,well,rainfed,900.1,groundnut,legume,high,high,low,R2-HZ1,kharif,1303033329,True
F0455-P01,F0455,R1,0.688,sandy,S2,moderate,tubewell,3788.1,,,none,none,moderate,R1-HZ1,kharif,333659319,True
F0456-P01,F0456,R1,0.298,alluvial,S1,moderate,rainfed,388.0,cotton,fibre,low,none,low,R1-HZ1,kharif,1704104796,True
F0456-P02,F0456,R1,0.501,sandy,S2,moderate,tubewell,2291.2,maize,cereal,low,none,moderate,R1-HZ2,kharif,563919152,True
F0457-P01,F0457,R4,0.501,sandy,S3,moderate,rainfed,559.6,,,none,high,low,R4-HZ1,kharif,1904476095,True
F0458-P01,F0458,R1,0.46,alluvial,N,poor,tubewell,2052.4,groundnut,legume,moderate,none,high,R1-HZ1,kharif,264058388,True
F0459-P01,F0459,R5,0.457,red,S3,moderate,rainfed,675.4,,,low,low,low,R5-HZ1,kharif,1919361260,True
F0459-P02,F0459,R5,0.326,laterite,S1,well,rainfed,473.9,,,low,low,none,R5-HZ2,kharif,1368498001,True
F0460-P01,F0460,R3,0.536,laterite,S1,well,tubewell,3564.9,rice,cereal,moderate,low,moderate,R3-HZ1,kharif,1033285764,True
F0460-P02,F0460,R3,0.384,alluvial,S3,well,rainfed,701.8,,,low,none,none,R3-HZ2,kharif,56349521,True
F0460-P03,F0460,R3,0.256,alluvial,S2,well,canal,1938.6,rice,cereal,moderate,none,low,R3-HZ3,kharif,1257516708,True
F0461-P01,F0461,R4,0.302,sandy,S2,moderate,rainfed,303.3,,,moderate,low,none,R4-HZ1,kharif,1879822761,True
F0461-P02,F0461,R4,0.226,sandy,S1,well,rainfed,235.5,groundnut,legume,low,moderate,low,R4-HZ2,kharif,34812848,True
F0462-P01,F0462,R4,2.63,sandy,S1,well,canal,10663.8,cotton,fibre,moderate,low,none,R4-HZ1,kharif,1876977354,True
F0462-P02,F0462,R4,0.738,red,S2,poor,canal,2831.1,,,low,none,none,R4-HZ2,kharif,1187635656,True
F0462-P03,F0462,R4,3.565,red,S1,moderate,rainfed,3334.5,pigeon_pea,legume,none,low,none,R4-HZ3,kharif,277046851,True
F0462-P04,F0462,R4,1.859,sandy,S3,well,rainfed,1901.7,pigeon_pea,legume,low,low,low,R4-HZ1,kharif,632051639,True
F0462-P05,F0462,R4,1.298,red,S3,poor,rainfed,1368.3,groundnut,legume,moderate,none,none,R4-HZ2,kharif,1108012386,True
F0463-P01,F0463,R4,0.984,red,N,moderate,rainfed,1092.0,,,low,high,none,R4-HZ1,kharif,538075262,True
F0464-P01,F0464,R1,0.422,alluvial,S3,well,rainfed,655.0,cotton,fibre,low,low,moderate,R1-HZ1,kharif,265900140,True
F0465-P01,F0465,R2,0.416,black,S3,well,canal,1523.5,cotton,fibre,none,moderate,none,R2-HZ1,kharif,957865884,True
F0466-P01,F0466,R2,0.417,black,S1,poor,rainfed,453.9,cotton,fibre,moderate,none,moderate,R2-HZ1,kharif,870262493,True
F0466-P02,F0466,R2,0.623,red,S1,well,rainfed,649.0,maize,cereal,none,none,moderate,R2-HZ2,kharif,1978496336,True
F0466-P03,F0466,R2,1.557,black,S2,moderate,rainfed,1834.1,,,low,none,none,R2-HZ3,kharif,341190989,True
F0467-P01,F0467,R2,0.466,red,S2,moderate,rainfed,547.8,pigeon_pea,legume,low,moderate,moderate,R2-HZ1,kharif,1506136856,True
F0467-P02,F0467,R2,0.092,red,S1,poor,rainfed,109.0,pigeon_pea,legume,moderate,none,moderate,R2-HZ2,kharif,41058867,True
F0468-P01,F0468,R2,0.152,black,S3,well,rainfed,148.0,,,none,moderate,moderate,R2-HZ1,kharif,1514406035,True
F0468-P02,F0468,R2,0.477,black,S1,well,rainfed,535.4,pigeon_pea,legume,high,low,low,R2-HZ2,kharif,1121517611,True
F0469-P01,F0469,R2,0.283,black,S1,moderate,rainfed,332.8,,,none,low,moderate,R2-HZ1,kharif,1652064742,True
F0469-P02,F0469,R2,0.812,red,S3,poor,rainfed,914.4,maize,cereal,low,high,low,R2-HZ2,kharif,1380918878,True
F0470-P01,F0470,R5,1.896,red,S1,moderate,rainfed,2540.6,pigeon_pea,legume,none,moderate,moderate,R5-HZ1,kharif,572860489,True
F0471-P01,F0471,R2,0.401,red,S2,well,tubewell,1246.9,cotton,fibre,low,none,low,R2-HZ1,kharif,1815714998,True
F0471-P02,F0471,R2,0.044,red,S2,poor,rainfed,51.9,maize,cereal,high,moderate,low,R2-HZ2,kharif,1601608278,True
F0472-P01,F0472,R3,1.652,laterite,S2,moderate,rainfed,2774.3,cotton,fibre,moderate,none,low,R3-HZ1,kharif,273676278,True
F0472-P02,F0472,R3,2.131,alluvial,S2,moderate,tubewell,14689.2,,,high,none,low,R3-HZ2,kharif,557602781,True
F0473-P01,F0473,R4,1.275,red,S1,well,tubewell,3814.9,pigeon_pea,legume,low,high,low,R4-HZ1,kharif,1559781269,True
F0474-P01,F0474,R2,0.274,black,S2,moderate,rainfed,282.1,groundnut,legume,low,high,low,R2-HZ1,kharif,335669641,True
F0475-P01,F0475,R2,0.826,red,N,well,tubewell,3027.3,maize,cereal,moderate,none,none,R2-HZ1,kharif,754950720,True
F0476-P01,F0476,R4,0.25,red,S1,well,rainfed,247.6,,,none,low,moderate,R4-HZ1,kharif,736077503,True
F0477-P01,F0477,R2,0.409,black,S2,poor,rainfed,426.9,pigeon_pea,legume,moderate,high,none,R2-HZ1,kharif,1005537657,True
F0478-P01,F0478,R1,0.966,sandy,S2,well,tubewell,4886.6,cotton,fibre,none,none,moderate,R1-HZ1,kharif,1019369678,True
F0478-P02,F0478,R1,1.752,alluvial,S2,well,rainfed,2413.5,groundnut,legume,low,none,low,R1-HZ2,kharif,69137477,True
F0478-P03,F0478,R1,1.245,alluvial,S1,well,canal,7454.3,cotton,fibre,none,low,low,R1-HZ3,kharif,1136659141,True
F0479-P01,F0479,R3,0.358,alluvial,S1,well,rainfed,670.2,pigeon_pea,legume,none,low,none,R3-HZ1,kharif,1674748465,True
F0480-P01,F0480,R4,0.36,sandy,S3,well,rainfed,353.4,,,moderate,none,none,R4-HZ1,kharif,1597165405,True
F0480-P02,F0480,R4,1.09,red,S1,well,rainfed,1070.9,pigeon_pea,legume,moderate,moderate,low,R4-HZ2,kharif,42611259,True
F0480-P03,F0480,R4,2.42,red,S3,well,rainfed,2394.7,rice,cereal,none,low,none,R4-HZ3,kharif,1633137913,True
F0481-P01,F0481,R3,0.868,alluvial,S2,well,rainfed,1874.6,rice,cereal,none,none,moderate,R3-HZ1,kharif,1736308462,True
F0481-P02,F0481,R3,0.073,laterite,S2,moderate,tubewell,484.7,cotton,fibre,moderate,moderate,moderate,R3-HZ2,kharif,1618841272,True
F0482-P01,F0482,R2,0.995,red,S2,poor,rainfed,1113.7,groundnut,legume,low,moderate,high,R2-HZ1,kharif,153648036,True
F0483-P01,F0483,R2,0.55,red,N,poor,tubewell,1805.5,,,moderate,low,moderate,R2-HZ1,kharif,457674290,True
F0483-P02,F0483,R2,0.288,red,S2,moderate,tubewell,1014.9,rice,cereal,none,high,moderate,R2-HZ2,kharif,298967717,True
F0484-P01,F0484,R2,1.054,black,S2,well,canal,4471.6,,,none,moderate,none,R2-HZ1,kharif,1364209069,True
F0485-P01,F0485,R4,0.052,red,S3,moderate,rainfed,55.9,groundnut,legume,low,low,none,R4-HZ1,kharif,716307339,True
F0485-P02,F0485,R4,0.2,sandy,S1,moderate,tubewell,626.1,,,none,moderate,moderate,R4-HZ2,kharif,672477214,True
F0486-P01,F0486,R3,0.389,alluvial,S2,poor,rainfed,824.7,,,moderate,none,high,R3-HZ1,kharif,1246863280,True
F0486-P02,F0486,R3,0.041,laterite,S1,poor,rainfed,72.6,cotton,fibre,none,none,low,R3-HZ2,kharif,283140039,True
F0487-P01,F0487,R4,0.826,red,S1,moderate,tubewell,3138.7,,,none,low,low,R4-HZ1,kharif,1467709921,True
F0488-P01,F0488,R3,0.107,laterite,N,poor,tubewell,655.9,pigeon_pea,legume,low,high,low,R3-HZ1,kharif,574345499,True
F0488-P02,F0488,R3,0.406,alluvial,S3,moderate,canal,3121.0,maize,cereal,none,none,low,R3-HZ2,kharif,1564233149,True
F0489-P01,F0489,R3,0.434,alluvial,S2,well,rainfed,930.3,,,none,none,low,R3-HZ1,kharif,372387879,True
F0489-P02,F0489,R3,0.121,alluvial,S1,well,rainfed,235.7,rice,cereal,moderate,none,none,R3-HZ2,kharif,646459581,True
F0490-P01,F0490,R1,0.236,alluvial,S2,moderate,tubewell,1171.2,cotton,fibre,none,moderate,low,R1-HZ1,kharif,658632146,True
F0490-P02,F0490,R1,0.361,sandy,S1,well,rainfed,550.0,cotton,fibre,high,low,none,R1-HZ2,kharif,1327668670,True
F0491-P01,F0491,R5,0.629,red,S3,well,rainfed,1009.5,cotton,fibre,moderate,none,none,R5-HZ1,kharif,83657547,True
F0492-P01,F0492,R5,0.292,laterite,S1,moderate,tubewell,1328.6,rice,cereal,none,moderate,low,R5-HZ1,kharif,368985245,True
F0492-P02,F0492,R5,0.742,laterite,S2,well,rainfed,987.3,pigeon_pea,legume,high,moderate,none,R5-HZ2,kharif,1641494642,True
F0493-P01,F0493,R3,0.37,alluvial,S3,moderate,rainfed,652.7,maize,cereal,moderate,none,low,R3-HZ1,kharif,160983545,True
F0494-P01,F0494,R4,0.342,sandy,S3,moderate,rainfed,354.2,maize,cereal,low,moderate,none,R4-HZ1,kharif,166576022,True
F0495-P01,F0495,R4,0.286,sandy,S2,well,rainfed,267.6,cotton,fibre,low,none,moderate,R4-HZ1,kharif,928164338,True
F0496-P01,F0496,R5,2.629,red,S1,well,rainfed,4097.9,cotton,fibre,none,low,low,R5-HZ1,kharif,433064628,True
F0496-P02,F0496,R5,0.21,red,S1,well,tubewell,1205.0,cotton,fibre,low,moderate,low,R5-HZ2,kharif,598373603,True
F0496-P03,F0496,R5,0.885,laterite,S1,moderate,canal,4565.8,groundnut,legume,none,low,none,R5-HZ3,kharif,778841171,True
F0497-P01,F0497,R5,0.037,red,S2,well,canal,239.1,maize,cereal,none,none,low,R5-HZ1,kharif,148644230,True
F0497-P02,F0497,R5,0.705,laterite,S1,poor,rainfed,1101.8,cotton,fibre,none,low,high,R5-HZ2,kharif,1684199215,True
F0498-P01,F0498,R3,1.106,alluvial,S2,well,rainfed,2101.9,rice,cereal,low,moderate,none,R3-HZ1,kharif,1821028492,True
F0499-P01,F0499,R2,0.356,black,S1,moderate,rainfed,323.4,cotton,fibre,low,none,moderate,R2-HZ1,kharif,1719916859,True
F0499-P02,F0499,R2,0.046,red,S3,moderate,canal,176.1,pigeon_pea,legume,low,low,moderate,R2-HZ2,kharif,377979770,True
F0500-P01,F0500,R5,0.264,laterite,S3,poor,rainfed,446.8,,,low,none,moderate,R5-HZ1,kharif,742027522,True
