,,,,All Type of Report (All Grades) for 01-Jan-2023 to 31-Dec-2025,,,
State/UT,Commodity Group,Commodity,Month,Arrival Quantity 01-01-2023 to 31-12-2025,Arrival Unit,Modal Price 01-01-2023 to 31-12-2025,Price Unit
Andhra Pradesh,Pulses,Bengal Gram(Gram)(Whole),January-2023,119.30,Metric Tonnes,4764.39,Rs./Quintal
Andhra Pradesh,Pulses,Black Gram(Urd Beans)(Whole),January-2023,49.50,Metric Tonnes,6754.33,Rs./Quintal
Andhra Pradesh,Pulses,Red gram/Arhar/Tur(whole),January-2023,4756.16,Metric Tonnes,5556.98,Rs./Quintal
Andhra Pradesh,Pulses,Bengal Gram(Gram)(Whole),February-2023,477.20,Metric Tonnes,4279.64,Rs./Quintal
Andhra Pradesh,Pulses,Black Gram(Urd Beans)(Whole),February-2023,110.70,Metric Tonnes,6408.66,Rs./Quintal
Andhra Pradesh,Pulses,Red gram/Arhar/Tur(whole),February-2023,1187.21,Metric Tonnes,5178.00,Rs./Quintal
Andhra Pradesh,Pulses,Bengal Gram(Gram)(Whole),March-2023,162.20,Metric Tonnes,4496.48,Rs./Quintal
Andhra Pradesh,Pulses,Black Gram(Urd Beans)(Whole),March-2023,125.20,Metric Tonnes,6674.61,Rs./Quintal
Andhra Pradesh,Pulses,Red gram/Arhar/Tur(whole),March-2023,310.35,Metric Tonnes,6564.19,Rs./Quintal
Andhra Pradesh,Pulses,Bengal Gram(Gram)(Whole),April-2023,88.20,Metric Tonnes,4652.45,Rs./Quintal
Andhra Pradesh,Pulses,Black Gram(Urd Beans)(Whole),April-2023,54.40,Metric Tonnes,7175.17,Rs./Quintal
Andhra Pradesh,Pulses,Red gram/Arhar/Tur(whole),April-2023,114.00,Metric Tonnes,7108.42,Rs./Quintal
Andhra Pradesh,Pulses,Bengal Gram(Gram)(Whole),May-2023,865.80,Metric Tonnes,7184.63,Rs./Quintal
Andhra Pradesh,Pulses,Black Gram(Urd Beans)(Whole),May-2023,13.90,Metric Tonnes,6820.86,Rs./Quintal
Andhra Pradesh,Pulses,Red gram/Arhar/Tur(whole),May-2023,42.50,Metric Tonnes,7238.99,Rs./Quintal
Andhra Pradesh,Pulses,Bengal Gram(Gram)(Whole),June-2023,32.09,Metric Tonnes,5165.26,Rs./Quintal
Andhra Pradesh,Pulses,Black Gram(Urd Beans)(Whole),June-2023,9.70,Metric Tonnes,6130.74,Rs./Quintal
Andhra Pradesh,Pulses,Red gram/Arhar/Tur(whole),June-2023,24.20,Metric Tonnes,7822.56,Rs./Quintal
Andhra Pradesh,Pulses,Bengal Gram(Gram)(Whole),July-2023,0.81,Metric Tonnes,4400.49,Rs./Quintal
Andhra Pradesh,Pulses,Black Gram(Urd Beans)(Whole),July-2023,1.90,Metric Tonnes,7626.63,Rs./Quintal
Andhra Pradesh,Pulses,Red gram/Arhar/Tur(whole),July-2023,8.80,Metric Tonnes,8285.82,Rs./Quintal
Andhra Pradesh,Pulses,Bengal Gram(Gram)(Whole),August-2023,2.58,Metric Tonnes,4463.84,Rs./Quintal
Andhra Pradesh,Pulses,Black Gram(Urd Beans)(Whole),August-2023,6.40,Metric Tonnes,5583.66,Rs./Quintal
Andhra Pradesh,Pulses,Red gram/Arhar/Tur(whole),August-2023,11.10,Metric Tonnes,7886.11,Rs./Quintal
Andhra Pradesh,Pulses,Bengal Gram(Gram)(Whole),September-2023,0.24,Metric Tonnes,5450.00,Rs./Quintal
Andhra Pradesh,Pulses,Black Gram(Urd Beans)(Whole),September-2023,3.20,Metric Tonnes,7420.28,Rs./Quintal
Andhra Pradesh,Pulses,Red gram/Arhar/Tur(whole),September-2023,7.80,Metric Tonnes,7602.24,Rs./Quintal
Andhra Pradesh,Pulses,Bengal Gram(Gram)(Whole),October-2023,2.08,Metric Tonnes,5288.41,Rs./Quintal
Andhra Pradesh,Pulses,Black Gram(Urd Beans)(Whole),October-2023,3.00,Metric Tonnes,6022.00,Rs./Quintal
Andhra Pradesh,Pulses,Red gram/Arhar/Tur(whole),October-2023,3.50,Metric Tonnes,9768.54,Rs./Quintal
Andhra Pradesh,Pulses,Bengal Gram(Gram)(Whole),November-2023,6.69,Metric Tonnes,5618.10,Rs./Quintal
Andhra Pradesh,Pulses,Black Gram(Urd Beans)(Whole),November-2023,4.00,Metric Tonnes,7951.53,Rs./Quintal
Andhra Pradesh,Pulses,Red gram/Arhar/Tur(whole),November-2023,1.10,Metric Tonnes,9470.27,Rs./Quintal
Andhra Pradesh,Pulses,Bengal Gram(Gram)(Whole),December-2023,18.10,Metric Tonnes,5440.52,Rs./Quintal
Andhra Pradesh,Pulses,Black Gram(Urd Beans)(Whole),December-2023,10.60,Metric Tonnes,8667.04,Rs./Quintal
Andhra Pradesh,Pulses,Red gram/Arhar/Tur(whole),December-2023,843.70,Metric Tonnes,8990.70,Rs./Quintal
Andhra Pradesh,Pulses,Bengal Gram(Gram)(Whole),January-2024,143.98,Metric Tonnes,5673.15,Rs./Quintal
Andhra Pradesh,Pulses,Black Gram(Urd Beans)(Whole),January-2024,50.10,Metric Tonnes,8688.24,Rs./Quintal
Andhra Pradesh,Pulses,Red gram/Arhar/Tur(whole),January-2024,5441.90,Metric Tonnes,9038.71,Rs./Quintal
Andhra Pradesh,Pulses,Bengal Gram(Gram)(Whole),February-2024,339.28,Metric Tonnes,6201.12,Rs./Quintal
Andhra Pradesh,Pulses,Black Gram(Urd Beans)(Whole),February-2024,201.30,Metric Tonnes,9359.00,Rs./Quintal
Andhra Pradesh,Pulses,Red gram/Arhar/Tur(whole),February-2024,2510.60,Metric Tonnes,9996.66,Rs./Quintal
Andhra Pradesh,Pulses,Bengal Gram(Gram)(Whole),March-2024,161.35,Metric Tonnes,5288.40,Rs./Quintal
Andhra Pradesh,Pulses,Black Gram(Urd Beans)(Whole),March-2024,119.90,Metric Tonnes,8828.08,Rs./Quintal
Andhra Pradesh,Pulses,Red gram/Arhar/Tur(whole),March-2024,745.90,Metric Tonnes,8889.10,Rs./Quintal
Andhra Pradesh,Pulses,Bengal Gram(Gram)(Whole),April-2024,32.30,Metric Tonnes,5560.41,Rs./Quintal
Andhra Pradesh,Pulses,Black Gram(Urd Beans)(Whole),April-2024,33.30,Metric Tonnes,8993.19,Rs./Quintal
Andhra Pradesh,Pulses,Red gram/Arhar/Tur(whole),April-2024,281.40,Metric Tonnes,10798.50,Rs./Quintal
Andhra Pradesh,Pulses,Bengal Gram(Gram)(Whole),May-2024,16.90,Metric Tonnes,6096.01,Rs./Quintal
Andhra Pradesh,Pulses,Black Gram(Urd Beans)(Whole),May-2024,11.10,Metric Tonnes,8841.31,Rs./Quintal
Andhra Pradesh,Pulses,Red gram/Arhar/Tur(whole),May-2024,133.00,Metric Tonnes,11747.20,Rs./Quintal
Andhra Pradesh,Pulses,Bengal Gram(Gram)(Whole),June-2024,7.60,Metric Tonnes,6682.72,Rs./Quintal
Andhra Pradesh,Pulses,Black Gram(Urd Beans)(Whole),June-2024,1.10,Metric Tonnes,8568.82,Rs./Quintal
Andhra Pradesh,Pulses,Red gram/Arhar/Tur(whole),June-2024,86.20,Metric Tonnes,10702.81,Rs./Quintal
Andhra Pradesh,Pulses,Bengal Gram(Gram)(Whole),July-2024,1055.40,Metric Tonnes,6675.22,Rs./Quintal
Andhra Pradesh,Pulses,Black Gram(Urd Beans)(Whole),July-2024,2.00,Metric Tonnes,8546.70,Rs./Quintal
Andhra Pradesh,Pulses,Red gram/Arhar/Tur(whole),July-2024,21.80,Metric Tonnes,9318.86,Rs./Quintal
Andhra Pradesh,Pulses,Bengal Gram(Gram)(Whole),August-2024,2363.20,Metric Tonnes,6425.81,Rs./Quintal
Andhra Pradesh,Pulses,Red gram/Arhar/Tur(whole),August-2024,554.55,Metric Tonnes,7487.59,Rs./Quintal
Andhra Pradesh,Pulses,Bengal Gram(Gram)(Whole),September-2024,1255.00,Metric Tonnes,6756.37,Rs./Quintal
Andhra Pradesh,Pulses,Black Gram(Urd Beans)(Whole),September-2024,0.01,Metric Tonnes,8500.00,Rs./Quintal
Andhra Pradesh,Pulses,Bengal Gram Dal(Chana Dal),October-2024,2.02,Metric Tonnes,4518.32,Rs./Quintal
Andhra Pradesh,Pulses,Bengal Gram(Gram)(Whole),October-2024,583.00,Metric Tonnes,5578.30,Rs./Quintal
Andhra Pradesh,Pulses,Black Gram(Urd Beans)(Whole),October-2024,0.01,Metric Tonnes,9200.00,Rs./Quintal
Andhra Pradesh,Pulses,Green Gram Dal(Moong Dal),October-2024,5.02,Metric Tonnes,2510.56,Rs./Quintal
Andhra Pradesh,Pulses,Kulthi(Horse Gram),October-2024,1.03,Metric Tonnes,4200.00,Rs./Quintal
Andhra Pradesh,Pulses,Bengal Gram Dal(Chana Dal),November-2024,0.03,Metric Tonnes,4466.67,Rs./Quintal
Andhra Pradesh,Pulses,Bengal Gram(Gram)(Whole),November-2024,1.20,Metric Tonnes,5668.92,Rs./Quintal
Andhra Pradesh,Pulses,Black Gram(Urd Beans)(Whole),November-2024,31.60,Metric Tonnes,7087.94,Rs./Quintal
Andhra Pradesh,Pulses,Green Gram Dal(Moong Dal),November-2024,0.02,Metric Tonnes,5700.00,Rs./Quintal
Andhra Pradesh,Pulses,Kulthi(Horse Gram),November-2024,0.04,Metric Tonnes,4100.00,Rs./Quintal
Andhra Pradesh,Pulses,Red gram/Arhar/Tur(whole),November-2024,6.60,Metric Tonnes,9064.82,Rs./Quintal
Andhra Pradesh,Pulses,Bengal Gram(Gram)(Whole),December-2024,566.10,Metric Tonnes,5483.61,Rs./Quintal
Andhra Pradesh,Pulses,Black Gram(Urd Beans)(Whole),December-2024,29.50,Metric Tonnes,7340.53,Rs./Quintal
Andhra Pradesh,Pulses,Red gram/Arhar/Tur(whole),December-2024,3322.40,Metric Tonnes,7275.98,Rs./Quintal
Andhra Pradesh,Pulses,Beans,January-2025,5.03,Metric Tonnes,6483.10,Rs./Quintal
Andhra Pradesh,Pulses,Bengal Gram(Gram)(Whole),January-2025,1250.10,Metric Tonnes,5758.06,Rs./Quintal
Andhra Pradesh,Pulses,Black Gram(Urd Beans)(Whole),January-2025,121.70,Metric Tonnes,7764.21,Rs./Quintal
Andhra Pradesh,Pulses,Red gram/Arhar/Tur(whole),January-2025,7913.30,Metric Tonnes,7034.97,Rs./Quintal
Andhra Pradesh,Pulses,Beans,February-2025,19.00,Metric Tonnes,7421.05,Rs./Quintal
Andhra Pradesh,Pulses,Bengal Gram(Gram)(Whole),February-2025,838.70,Metric Tonnes,5785.00,Rs./Quintal
Andhra Pradesh,Pulses,Black Gram Dal(Urd Dal),February-2025,1061.00,Metric Tonnes,5394.34,Rs./Quintal
Andhra Pradesh,Pulses,Black Gram(Urd Beans)(Whole),February-2025,184.50,Metric Tonnes,7798.63,Rs./Quintal
Andhra Pradesh,Pulses,Red gram/Arhar/Tur(whole),February-2025,5861.60,Metric Tonnes,6715.59,Rs./Quintal
Andhra Pradesh,Pulses,Beans,March-2025,16.00,Metric Tonnes,6687.50,Rs./Quintal
Andhra Pradesh,Pulses,Bengal Gram(Gram)(Whole),March-2025,771.80,Metric Tonnes,5942.41,Rs./Quintal
Andhra Pradesh,Pulses,Black Gram Dal(Urd Dal),March-2025,909.00,Metric Tonnes,6512.10,Rs./Quintal
Andhra Pradesh,Pulses,Black Gram(Urd Beans)(Whole),March-2025,296.50,Metric Tonnes,7269.79,Rs./Quintal
Andhra Pradesh,Pulses,Red gram/Arhar/Tur(whole),March-2025,4641.20,Metric Tonnes,6783.33,Rs./Quintal
Andhra Pradesh,Pulses,Bengal Gram(Gram)(Whole),April-2025,214.90,Metric Tonnes,5553.03,Rs./Quintal
Andhra Pradesh,Pulses,Black Gram(Urd Beans)(Whole),April-2025,137.00,Metric Tonnes,7075.55,Rs./Quintal
Andhra Pradesh,Pulses,Red gram/Arhar/Tur(whole),April-2025,2297.50,Metric Tonnes,6288.28,Rs./Quintal
Andhra Pradesh,Pulses,Bengal Gram(Gram)(Whole),May-2025,479.90,Metric Tonnes,5101.92,Rs./Quintal
Andhra Pradesh,Pulses,Black Gram(Urd Beans)(Whole),May-2025,98.50,Metric Tonnes,6510.74,Rs./Quintal
Andhra Pradesh,Pulses,Red gram/Arhar/Tur(whole),May-2025,1615.30,Metric Tonnes,6149.93,Rs./Quintal
Andhra Pradesh,Pulses,Bengal Gram(Gram)(Whole),June-2025,32.50,Metric Tonnes,5591.65,Rs./Quintal
Andhra Pradesh,Pulses,Black Gram(Urd Beans)(Whole),June-2025,55.50,Metric Tonnes,5580.11,Rs./Quintal
Andhra Pradesh,Pulses,Red gram/Arhar/Tur(whole),June-2025,708.00,Metric Tonnes,6235.13,Rs./Quintal
Andhra Pradesh,Pulses,Bengal Gram(Gram)(Whole),July-2025,12.80,Metric Tonnes,5392.54,Rs./Quintal
Andhra Pradesh,Pulses,Black Gram(Urd Beans)(Whole),July-2025,33.70,Metric Tonnes,6139.70,Rs./Quintal
Andhra Pradesh,Pulses,Red gram/Arhar/Tur(whole),July-2025,495.00,Metric Tonnes,6158.11,Rs./Quintal
Andhra Pradesh,Pulses,Bengal Gram(Gram)(Whole),August-2025,4.60,Metric Tonnes,5485.85,Rs./Quintal
Andhra Pradesh,Pulses,Black Gram(Urd Beans)(Whole),August-2025,28.40,Metric Tonnes,5946.43,Rs./Quintal
Andhra Pradesh,Pulses,Red gram/Arhar/Tur(whole),August-2025,183.00,Metric Tonnes,5994.67,Rs./Quintal
Andhra Pradesh,Pulses,Bengal Gram(Gram)(Whole),September-2025,3106.00,Metric Tonnes,5423.09,Rs./Quintal
Andhra Pradesh,Pulses,Black Gram(Urd Beans)(Whole),September-2025,883.30,Metric Tonnes,5168.82,Rs./Quintal
Andhra Pradesh,Pulses,Red gram/Arhar/Tur(whole),September-2025,1346.70,Metric Tonnes,5683.00,Rs./Quintal
Andhra Pradesh,Pulses,Bengal Gram(Gram)(Whole),October-2025,5592.30,Metric Tonnes,5577.33,Rs./Quintal
Andhra Pradesh,Pulses,Black Gram(Urd Beans)(Whole),October-2025,35.30,Metric Tonnes,5921.72,Rs./Quintal
Andhra Pradesh,Pulses,Red gram/Arhar/Tur(whole),October-2025,88.30,Metric Tonnes,6016.83,Rs./Quintal
Andhra Pradesh,Pulses,Bengal Gram(Gram)(Whole),November-2025,1827.00,Metric Tonnes,5495.68,Rs./Quintal
Andhra Pradesh,Pulses,Black Gram Dal(Urd Dal),November-2025,156.00,Metric Tonnes,7160.00,Rs./Quintal
Andhra Pradesh,Pulses,Black Gram(Urd Beans)(Whole),November-2025,73.80,Metric Tonnes,5583.98,Rs./Quintal
Andhra Pradesh,Pulses,Red gram/Arhar/Tur(whole),November-2025,1039.90,Metric Tonnes,6394.65,Rs./Quintal
Andhra Pradesh,Pulses,Bengal Gram(Gram)(Whole),December-2025,749.20,Metric Tonnes,4688.46,Rs./Quintal
Andhra Pradesh,Pulses,Black Gram Dal(Urd Dal),December-2025,237.00,Metric Tonnes,7130.00,Rs./Quintal
Andhra Pradesh,Pulses,Black Gram(Urd Beans)(Whole),December-2025,527.90,Metric Tonnes,6965.27,Rs./Quintal
Andhra Pradesh,Pulses,Red gram/Arhar/Tur(whole),December-2025,25141.40,Metric Tonnes,6788.44,Rs./Quintal
Arunachal Pradesh,Pulses,Green Peas,November-2025,2.00,Metric Tonnes,20000.00,Rs./Quintal
Assam,Pulses,Beans,September-2024,5.80,Metric Tonnes,5768.97,Rs./Quintal
Assam,Pulses,Beans,November-2024,2.50,Metric Tonnes,4116.00,Rs./Quintal
Assam,Pulses,Beans,December-2024,101.00,Metric Tonnes,2728.42,Rs./Quintal
Assam,Pulses,Beans,January-2025,80.30,Metric Tonnes,1881.32,Rs./Quintal
Assam,Pulses,Beans,February-2025,48.90,Metric Tonnes,1754.81,Rs./Quintal
Assam,Pulses,Beans,March-2025,179.50,Metric Tonnes,1701.73,Rs./Quintal
Assam,Pulses,Beans,April-2025,205.80,Metric Tonnes,1638.82,Rs./Quintal
Assam,Pulses,Beans,May-2025,31.40,Metric Tonnes,1787.58,Rs./Quintal
Assam,Pulses,Beans,July-2025,83.40,Metric Tonnes,2555.52,Rs./Quintal
Assam,Pulses,Beans,August-2025,90.00,Metric Tonnes,2967.44,Rs./Quintal
Assam,Pulses,Beans,December-2025,221.70,Metric Tonnes,3054.58,Rs./Quintal
Assam,Pulses,Bengal Gram Dal(Chana Dal),December-2025,226.00,Metric Tonnes,7180.75,Rs./Quintal
Assam,Pulses,Green Gram Dal(Moong Dal),December-2025,830.00,Metric Tonnes,8852.59,Rs./Quintal
Assam,Pulses,Green Peas,December-2025,823.60,Metric Tonnes,5285.83,Rs./Quintal
Assam,Pulses,Kulthi(Horse Gram),December-2025,1.50,Metric Tonnes,4270.00,Rs./Quintal
Assam,Pulses,Lentil(Masur)(Whole),December-2025,932.00,Metric Tonnes,9101.12,Rs./Quintal
Assam,Pulses,Masur Dal,December-2025,108.60,Metric Tonnes,9000.00,Rs./Quintal
Assam,Pulses,Red gram split/Arhar dal/Tur dal,December-2025,341.00,Metric Tonnes,9397.51,Rs./Quintal
Bihar,Pulses,Green Peas,January-2023,26.80,Metric Tonnes,1723.88,Rs./Quintal
Bihar,Pulses,Kabuli Chana(Chickpeas-White),January-2023,37.00,Metric Tonnes,7507.43,Rs./Quintal
Bihar,Pulses,Masur Dal,January-2023,37.10,Metric Tonnes,7210.24,Rs./Quintal
Bihar,Pulses,Green Gram(Moong)(Whole),February-2023,0.10,Metric Tonnes,1850.00,Rs./Quintal
Bihar,Pulses,Green Peas,February-2023,28.60,Metric Tonnes,1509.79,Rs./Quintal
Bihar,Pulses,Kabuli Chana(Chickpeas-White),February-2023,35.00,Metric Tonnes,7500.71,Rs./Quintal
Bihar,Pulses,Masur Dal,February-2023,34.50,Metric Tonnes,7197.10,Rs./Quintal
Bihar,Pulses,Green Gram(Moong)(Whole),March-2023,0.80,Metric Tonnes,3843.75,Rs./Quintal
Bihar,Pulses,Green Peas,March-2023,1.80,Metric Tonnes,1800.00,Rs./Quintal
Bihar,Pulses,Kabuli Chana(Chickpeas-White),March-2023,31.50,Metric Tonnes,7507.14,Rs./Quintal
Bihar,Pulses,Lentil(Masur)(Whole),March-2023,7.20,Metric Tonnes,5623.61,Rs./Quintal
Bihar,Pulses,Masur Dal,March-2023,30.20,Metric Tonnes,7261.09,Rs./Quintal
Bihar,Pulses,Red gram split/Arhar dal/Tur dal,March-2023,5.00,Metric Tonnes,11700.00,Rs./Quintal
Bihar,Pulses,Green Gram(Moong)(Whole),April-2023,0.10,Metric Tonnes,1850.00,Rs./Quintal
Bihar,Pulses,Kabuli Chana(Chickpeas-White),April-2023,38.00,Metric Tonnes,7505.26,Rs./Quintal
Bihar,Pulses,Lentil(Masur)(Whole),April-2023,125.20,Metric Tonnes,5663.58,Rs./Quintal
Bihar,Pulses,Masur Dal,April-2023,40.90,Metric Tonnes,7293.59,Rs./Quintal
Bihar,Pulses,Red gram split/Arhar dal/Tur dal,April-2023,6.00,Metric Tonnes,14500.00,Rs./Quintal
Bihar,Pulses,Kabuli Chana(Chickpeas-White),May-2023,36.00,Metric Tonnes,7500.00,Rs./Quintal
Bihar,Pulses,Lentil(Masur)(Whole),May-2023,3.60,Metric Tonnes,5822.22,Rs./Quintal
Bihar,Pulses,Masur Dal,May-2023,37.30,Metric Tonnes,7301.88,Rs./Quintal
Bihar,Pulses,Lentil(Masur)(Whole),September-2023,7.00,Metric Tonnes,8357.14,Rs./Quintal
Bihar,Pulses,Masur Dal,September-2023,7.00,Metric Tonnes,9000.00,Rs./Quintal
Bihar,Pulses,Red gram split/Arhar dal/Tur dal,September-2023,3.00,Metric Tonnes,16000.00,Rs./Quintal
Bihar,Pulses,Red gram/Arhar/Tur(whole),September-2023,86.00,Metric Tonnes,9213.72,Rs./Quintal
Bihar,Pulses,Red gram/Arhar/Tur(whole),October-2023,56.50,Metric Tonnes,9156.64,Rs./Quintal
Bihar,Pulses,Red gram split/Arhar dal/Tur dal,November-2023,21.00,Metric Tonnes,15500.00,Rs./Quintal
Bihar,Pulses,Red gram/Arhar/Tur(whole),November-2023,31.00,Metric Tonnes,7800.00,Rs./Quintal
Bihar,Pulses,Red gram split/Arhar dal/Tur dal,December-2023,9.00,Metric Tonnes,15722.22,Rs./Quintal
Bihar,Pulses,Red gram/Arhar/Tur(whole),December-2023,53.50,Metric Tonnes,7121.50,Rs./Quintal
Bihar,Pulses,Red gram split/Arhar dal/Tur dal,January-2024,3.00,Metric Tonnes,16000.00,Rs./Quintal
Bihar,Pulses,Red gram/Arhar/Tur(whole),January-2024,25.00,Metric Tonnes,7454.00,Rs./Quintal
Bihar,Pulses,Red gram/Arhar/Tur(whole),February-2024,42.80,Metric Tonnes,9689.72,Rs./Quintal
Bihar,Pulses,Red gram/Arhar/Tur(whole),March-2024,61.00,Metric Tonnes,10270.49,Rs./Quintal
Bihar,Pulses,Red gram/Arhar/Tur(whole),April-2024,22.50,Metric Tonnes,9204.44,Rs./Quintal
Bihar,Pulses,Red gram/Arhar/Tur(whole),May-2024,15.00,Metric Tonnes,5956.67,Rs./Quintal
Bihar,Pulses,Red gram/Arhar/Tur(whole),June-2024,15.00,Metric Tonnes,6016.67,Rs./Quintal
Bihar,Pulses,Red gram/Arhar/Tur(whole),July-2024,69.50,Metric Tonnes,10232.37,Rs./Quintal
Bihar,Pulses,Red gram/Arhar/Tur(whole),August-2024,30.30,Metric Tonnes,10658.09,Rs./Quintal
Bihar,Pulses,Red gram/Arhar/Tur(whole),September-2024,40.00,Metric Tonnes,10046.25,Rs./Quintal
Bihar,Pulses,Red gram split/Arhar dal/Tur dal,October-2024,17.00,Metric Tonnes,13905.88,Rs./Quintal
Bihar,Pulses,Red gram/Arhar/Tur(whole),October-2024,63.00,Metric Tonnes,10676.98,Rs./Quintal
Bihar,Pulses,Red gram split/Arhar dal/Tur dal,November-2024,4.00,Metric Tonnes,14000.00,Rs./Quintal
Bihar,Pulses,Red gram/Arhar/Tur(whole),November-2024,17.00,Metric Tonnes,10411.76,Rs./Quintal
Bihar,Pulses,Red gram/Arhar/Tur(whole),December-2024,15.00,Metric Tonnes,9800.00,Rs./Quintal
Bihar,Pulses,Red gram/Arhar/Tur(whole),February-2025,12.75,Metric Tonnes,9643.14,Rs./Quintal
Bihar,Pulses,Red gram/Arhar/Tur(whole),March-2025,8.00,Metric Tonnes,11587.50,Rs./Quintal
Bihar,Pulses,Lentil(Masur)(Whole),November-2025,15.00,Metric Tonnes,7466.67,Rs./Quintal
Bihar,Pulses,Red gram/Arhar/Tur(whole),November-2025,18.00,Metric Tonnes,9375.00,Rs./Quintal
Bihar,Pulses,Lentil(Masur)(Whole),December-2025,40.00,Metric Tonnes,11100.00,Rs./Quintal
Bihar,Pulses,Masur Dal,December-2025,78.00,Metric Tonnes,10403.85,Rs./Quintal
Bihar,Pulses,Red gram split/Arhar dal/Tur dal,December-2025,48.00,Metric Tonnes,10781.25,Rs./Quintal
Bihar,Pulses,Red gram/Arhar/Tur(whole),December-2025,192.00,Metric Tonnes,6685.42,Rs./Quintal
Chattisgarh,Pulses,Alasande Gram,January-2023,25.00,Metric Tonnes,2500.00,Rs./Quintal
Chattisgarh,Pulses,Bengal Gram(Gram)(Whole),January-2023,383.90,Metric Tonnes,4464.52,Rs./Quintal
Chattisgarh,Pulses,Black Gram(Urd Beans)(Whole),January-2023,3.00,Metric Tonnes,4953.33,Rs./Quintal
Chattisgarh,Pulses,Green Peas,January-2023,88.80,Metric Tonnes,3427.86,Rs./Quintal
Chattisgarh,Pulses,Kulthi(Horse Gram),January-2023,2.50,Metric Tonnes,6000.00,Rs./Quintal
Chattisgarh,Pulses,Lak(Teora),January-2023,423.30,Metric Tonnes,3358.17,Rs./Quintal
Chattisgarh,Pulses,Lentil(Masur)(Whole),January-2023,28.70,Metric Tonnes,5468.45,Rs./Quintal
Chattisgarh,Pulses,Red gram/Arhar/Tur(whole),January-2023,38.20,Metric Tonnes,6537.30,Rs./Quintal
Chattisgarh,Pulses,Alasande Gram,February-2023,41.00,Metric Tonnes,2500.00,Rs./Quintal
Chattisgarh,Pulses,Bengal Gram(Gram)(Whole),February-2023,394.60,Metric Tonnes,4539.20,Rs./Quintal
Chattisgarh,Pulses,Black Gram(Urd Beans)(Whole),February-2023,3.10,Metric Tonnes,5622.26,Rs./Quintal
Chattisgarh,Pulses,Green Gram(Moong)(Whole),February-2023,5.00,Metric Tonnes,4000.00,Rs./Quintal
Chattisgarh,Pulses,Green Peas,February-2023,329.30,Metric Tonnes,2936.96,Rs./Quintal
Chattisgarh,Pulses,Kulthi(Horse Gram),February-2023,2.50,Metric Tonnes,4500.00,Rs./Quintal
Chattisgarh,Pulses,Lak(Teora),February-2023,892.30,Metric Tonnes,3226.13,Rs./Quintal
Chattisgarh,Pulses,Lentil(Masur)(Whole),February-2023,26.90,Metric Tonnes,5321.49,Rs./Quintal
Chattisgarh,Pulses,Peas(Dry),February-2023,0.40,Metric Tonnes,5612.50,Rs./Quintal
Chattisgarh,Pulses,Red gram split/Arhar dal/Tur dal,February-2023,5.00,Metric Tonnes,4500.00,Rs./Quintal
Chattisgarh,Pulses,Red gram/Arhar/Tur(whole),February-2023,332.90,Metric Tonnes,7170.35,Rs./Quintal
Chattisgarh,Pulses,Alasande Gram,March-2023,14.00,Metric Tonnes,2500.00,Rs./Quintal
Chattisgarh,Pulses,Bengal Gram Dal(Chana Dal),March-2023,2.50,Metric Tonnes,4744.00,Rs./Quintal
Chattisgarh,Pulses,Bengal Gram(Gram)(Whole),March-2023,6132.00,Metric Tonnes,4762.12,Rs./Quintal
Chattisgarh,Pulses,Black Gram Dal(Urd Dal),March-2023,2.30,Metric Tonnes,7304.35,Rs./Quintal
Chattisgarh,Pulses,Black Gram(Urd Beans)(Whole),March-2023,27.50,Metric Tonnes,5019.05,Rs./Quintal
Chattisgarh,Pulses,Green Gram(Moong)(Whole),March-2023,18.00,Metric Tonnes,4000.00,Rs./Quintal
Chattisgarh,Pulses,Green Peas,March-2023,599.50,Metric Tonnes,3226.77,Rs./Quintal
Chattisgarh,Pulses,Kulthi(Horse Gram),March-2023,13.70,Metric Tonnes,3702.55,Rs./Quintal
Chattisgarh,Pulses,Lak(Teora),March-2023,2724.80,Metric Tonnes,3196.02,Rs./Quintal
Chattisgarh,Pulses,Lentil(Masur)(Whole),March-2023,140.00,Metric Tonnes,5288.38,Rs./Quintal
Chattisgarh,Pulses,Peas(Dry),March-2023,28.20,Metric Tonnes,2860.78,Rs./Quintal
Chattisgarh,Pulses,Red gram split/Arhar dal/Tur dal,March-2023,0.30,Metric Tonnes,3000.00,Rs./Quintal
Chattisgarh,Pulses,Red gram/Arhar/Tur(whole),March-2023,249.80,Metric Tonnes,5936.73,Rs./Quintal
Chattisgarh,Pulses,White Peas,March-2023,6.00,Metric Tonnes,3433.33,Rs./Quintal
Chattisgarh,Pulses,Alasande Gram,April-2023,114.70,Metric Tonnes,1140.00,Rs./Quintal
Chattisgarh,Pulses,Bengal Gram(Gram)(Whole),April-2023,3610.20,Metric Tonnes,4646.18,Rs./Quintal
Chattisgarh,Pulses,Black Gram(Urd Beans)(Whole),April-2023,23.70,Metric Tonnes,4457.83,Rs./Quintal
Chattisgarh,Pulses,Green Peas,April-2023,694.40,Metric Tonnes,3387.04,Rs./Quintal
Chattisgarh,Pulses,Lak(Teora),April-2023,2108.70,Metric Tonnes,3242.18,Rs./Quintal
Chattisgarh,Pulses,Lentil(Masur)(Whole),April-2023,210.60,Metric Tonnes,5217.98,Rs./Quintal
Chattisgarh,Pulses,Peas(Dry),April-2023,48.80,Metric Tonnes,3798.98,Rs./Quintal
Chattisgarh,Pulses,Red gram/Arhar/Tur(whole),April-2023,526.20,Metric Tonnes,3454.45,Rs./Quintal
Chattisgarh,Pulses,Bengal Gram(Gram)(Whole),May-2023,2075.70,Metric Tonnes,4584.11,Rs./Quintal
Chattisgarh,Pulses,Black Gram(Urd Beans)(Whole),May-2023,11.50,Metric Tonnes,6054.96,Rs./Quintal
Chattisgarh,Pulses,Green Gram(Moong)(Whole),May-2023,0.80,Metric Tonnes,2500.00,Rs./Quintal
Chattisgarh,Pulses,Green Peas,May-2023,522.40,Metric Tonnes,3393.13,Rs./Quintal
Chattisgarh,Pulses,Kulthi(Horse Gram),May-2023,3.00,Metric Tonnes,4000.00,Rs./Quintal
Chattisgarh,Pulses,Lak(Teora),May-2023,1265.70,Metric Tonnes,3201.97,Rs./Quintal
Chattisgarh,Pulses,Lentil(Masur)(Whole),May-2023,107.70,Metric Tonnes,5106.86,Rs./Quintal
Chattisgarh,Pulses,Peas(Dry),May-2023,2.09,Metric Tonnes,4000.00,Rs./Quintal
Chattisgarh,Pulses,Red gram/Arhar/Tur(whole),May-2023,139.00,Metric Tonnes,7482.05,Rs./Quintal
Chattisgarh,Pulses,Alasande Gram,June-2023,6.00,Metric Tonnes,2500.00,Rs./Quintal
Chattisgarh,Pulses,Bengal Gram(Gram)(Whole),June-2023,1074.90,Metric Tonnes,4684.59,Rs./Quintal
Chattisgarh,Pulses,Black Gram(Urd Beans)(Whole),June-2023,131.20,Metric Tonnes,7051.74,Rs./Quintal
Chattisgarh,Pulses,Green Peas,June-2023,360.10,Metric Tonnes,3672.58,Rs./Quintal
Chattisgarh,Pulses,Kulthi(Horse Gram),June-2023,0.20,Metric Tonnes,4000.00,Rs./Quintal
Chattisgarh,Pulses,Lak(Teora),June-2023,759.70,Metric Tonnes,3314.71,Rs./Quintal
Chattisgarh,Pulses,Lentil(Masur)(Whole),June-2023,92.40,Metric Tonnes,5136.00,Rs./Quintal
Chattisgarh,Pulses,Peas(Dry),June-2023,6.00,Metric Tonnes,3750.00,Rs./Quintal
Chattisgarh,Pulses,Red gram/Arhar/Tur(whole),June-2023,78.20,Metric Tonnes,7291.53,Rs./Quintal
Chattisgarh,Pulses,White Peas,June-2023,30.00,Metric Tonnes,4000.00,Rs./Quintal
Chattisgarh,Pulses,Alasande Gram,July-2023,14.00,Metric Tonnes,3664.29,Rs./Quintal
Chattisgarh,Pulses,Bengal Gram(Gram)(Whole),July-2023,1978.05,Metric Tonnes,4828.30,Rs./Quintal
Chattisgarh,Pulses,Black Gram(Urd Beans)(Whole),July-2023,72.50,Metric Tonnes,6969.80,Rs./Quintal
Chattisgarh,Pulses,Green Gram(Moong)(Whole),July-2023,0.30,Metric Tonnes,6810.00,Rs./Quintal
Chattisgarh,Pulses,Green Peas,July-2023,190.60,Metric Tonnes,4048.08,Rs./Quintal
Chattisgarh,Pulses,Kulthi(Horse Gram),July-2023,0.20,Metric Tonnes,3000.00,Rs./Quintal
Chattisgarh,Pulses,Lak(Teora),July-2023,758.90,Metric Tonnes,3526.08,Rs./Quintal
Chattisgarh,Pulses,Lentil(Masur)(Whole),July-2023,56.80,Metric Tonnes,5239.46,Rs./Quintal
Chattisgarh,Pulses,Peas(Dry),July-2023,17.70,Metric Tonnes,4302.26,Rs./Quintal
Chattisgarh,Pulses,Red gram/Arhar/Tur(whole),July-2023,47.20,Metric Tonnes,6677.82,Rs./Quintal
Chattisgarh,Pulses,Alasande Gram,August-2023,46.00,Metric Tonnes,4500.00,Rs./Quintal
Chattisgarh,Pulses,Bengal Gram(Gram)(Whole),August-2023,1062.50,Metric Tonnes,5223.57,Rs./Quintal
Chattisgarh,Pulses,Black Gram Dal(Urd Dal),August-2023,1.00,Metric Tonnes,4500.00,Rs./Quintal
Chattisgarh,Pulses,Black Gram(Urd Beans)(Whole),August-2023,13.90,Metric Tonnes,7140.60,Rs./Quintal
Chattisgarh,Pulses,Green Gram(Moong)(Whole),August-2023,1.20,Metric Tonnes,6008.33,Rs./Quintal
Chattisgarh,Pulses,Green Peas,August-2023,133.60,Metric Tonnes,4512.44,Rs./Quintal
Chattisgarh,Pulses,Lak(Teora),August-2023,505.20,Metric Tonnes,3807.44,Rs./Quintal
Chattisgarh,Pulses,Lentil(Masur)(Whole),August-2023,22.90,Metric Tonnes,5557.44,Rs./Quintal
Chattisgarh,Pulses,Red gram/Arhar/Tur(whole),August-2023,49.10,Metric Tonnes,7372.72,Rs./Quintal
Chattisgarh,Pulses,Alasande Gram,September-2023,26.00,Metric Tonnes,4730.77,Rs./Quintal
Chattisgarh,Pulses,Bengal Gram Dal(Chana Dal),September-2023,5.00,Metric Tonnes,5000.00,Rs./Quintal
Chattisgarh,Pulses,Bengal Gram(Gram)(Whole),September-2023,407.50,Metric Tonnes,5127.40,Rs./Quintal
Chattisgarh,Pulses,Black Gram(Urd Beans)(Whole),September-2023,165.30,Metric Tonnes,4248.66,Rs./Quintal
Chattisgarh,Pulses,Green Gram(Moong)(Whole),September-2023,14.00,Metric Tonnes,4000.00,Rs./Quintal
Chattisgarh,Pulses,Green Peas,September-2023,63.60,Metric Tonnes,4646.58,Rs./Quintal
Chattisgarh,Pulses,Lak(Teora),September-2023,353.70,Metric Tonnes,3850.77,Rs./Quintal
Chattisgarh,Pulses,Lentil(Masur)(Whole),September-2023,11.50,Metric Tonnes,6041.03,Rs./Quintal
Chattisgarh,Pulses,Peas(Dry),September-2023,5.00,Metric Tonnes,5000.00,Rs./Quintal
Chattisgarh,Pulses,Red gram/Arhar/Tur(whole),September-2023,35.90,Metric Tonnes,6623.27,Rs./Quintal
Chattisgarh,Pulses,Alasande Gram,October-2023,48.90,Metric Tonnes,4688.34,Rs./Quintal
Chattisgarh,Pulses,Bengal Gram(Gram)(Whole),October-2023,307.40,Metric Tonnes,5284.19,Rs./Quintal
Chattisgarh,Pulses,Black Gram(Urd Beans)(Whole),October-2023,10.00,Metric Tonnes,5598.04,Rs./Quintal
Chattisgarh,Pulses,Green Gram(Moong)(Whole),October-2023,120.70,Metric Tonnes,4808.54,Rs./Quintal
Chattisgarh,Pulses,Green Peas,October-2023,90.10,Metric Tonnes,5136.48,Rs./Quintal
Chattisgarh,Pulses,Lak(Teora),October-2023,191.40,Metric Tonnes,4216.99,Rs./Quintal
Chattisgarh,Pulses,Lentil(Masur)(Whole),October-2023,15.80,Metric Tonnes,5015.87,Rs./Quintal
Chattisgarh,Pulses,Peas(Dry),October-2023,1.00,Metric Tonnes,3000.00,Rs./Quintal
Chattisgarh,Pulses,Red gram/Arhar/Tur(whole),October-2023,40.20,Metric Tonnes,6977.05,Rs./Quintal
Chattisgarh,Pulses,Alasande Gram,November-2023,80.90,Metric Tonnes,2808.38,Rs./Quintal
Chattisgarh,Pulses,Bengal Gram(Gram)(Whole),November-2023,229.30,Metric Tonnes,5432.33,Rs./Quintal
Chattisgarh,Pulses,Black Gram(Urd Beans)(Whole),November-2023,7.90,Metric Tonnes,5348.57,Rs./Quintal
Chattisgarh,Pulses,Green Gram(Moong)(Whole),November-2023,75.10,Metric Tonnes,4000.00,Rs./Quintal
Chattisgarh,Pulses,Green Peas,November-2023,38.10,Metric Tonnes,5491.80,Rs./Quintal
Chattisgarh,Pulses,Lak(Teora),November-2023,318.20,Metric Tonnes,4716.42,Rs./Quintal
Chattisgarh,Pulses,Lentil(Masur)(Whole),November-2023,9.90,Metric Tonnes,5846.76,Rs./Quintal
Chattisgarh,Pulses,Peas(Dry),November-2023,4.50,Metric Tonnes,4166.67,Rs./Quintal
Chattisgarh,Pulses,Red gram/Arhar/Tur(whole),November-2023,46.20,Metric Tonnes,4660.77,Rs./Quintal
Chattisgarh,Pulses,Alasande Gram,December-2023,25.20,Metric Tonnes,2841.08,Rs./Quintal
Chattisgarh,Pulses,Bengal Gram(Gram)(Whole),December-2023,282.10,Metric Tonnes,5049.82,Rs./Quintal
Chattisgarh,Pulses,Black Gram Dal(Urd Dal),December-2023,3.00,Metric Tonnes,8450.00,Rs./Quintal
Chattisgarh,Pulses,Black Gram(Urd Beans)(Whole),December-2023,6.70,Metric Tonnes,4646.31,Rs./Quintal
Chattisgarh,Pulses,Green Peas,December-2023,9.30,Metric Tonnes,5470.81,Rs./Quintal
Chattisgarh,Pulses,Lak(Teora),December-2023,307.10,Metric Tonnes,3661.45,Rs./Quintal
Chattisgarh,Pulses,Lentil(Masur)(Whole),December-2023,9.80,Metric Tonnes,5516.65,Rs./Quintal
Chattisgarh,Pulses,Peas(Dry),December-2023,1.70,Metric Tonnes,3529.41,Rs./Quintal
Chattisgarh,Pulses,Red gram/Arhar/Tur(whole),December-2023,8.60,Metric Tonnes,5284.87,Rs./Quintal
Chattisgarh,Pulses,Bengal Gram(Gram)(Whole),January-2024,350.80,Metric Tonnes,5808.27,Rs./Quintal
Chattisgarh,Pulses,Black Gram(Urd Beans)(Whole),January-2024,1.50,Metric Tonnes,5806.67,Rs./Quintal
Chattisgarh,Pulses,Green Peas,January-2024,3.40,Metric Tonnes,4265.91,Rs./Quintal
Chattisgarh,Pulses,Lak(Teora),January-2024,100.70,Metric Tonnes,4551.54,Rs./Quintal
Chattisgarh,Pulses,Lentil(Masur)(Whole),January-2024,12.40,Metric Tonnes,5330.27,Rs./Quintal
Chattisgarh,Pulses,Red gram/Arhar/Tur(whole),January-2024,5.10,Metric Tonnes,8214.20,Rs./Quintal
Chattisgarh,Pulses,Bengal Gram(Gram)(Whole),February-2024,298.90,Metric Tonnes,5381.30,Rs./Quintal
Chattisgarh,Pulses,Black Gram(Urd Beans)(Whole),February-2024,2.10,Metric Tonnes,5986.43,Rs./Quintal
Chattisgarh,Pulses,Green Gram(Moong)(Whole),February-2024,0.10,Metric Tonnes,6401.00,Rs./Quintal
Chattisgarh,Pulses,Green Peas,February-2024,25.20,Metric Tonnes,4337.20,Rs./Quintal
Chattisgarh,Pulses,Lak(Teora),February-2024,489.30,Metric Tonnes,4036.27,Rs./Quintal
Chattisgarh,Pulses,Lentil(Masur)(Whole),February-2024,40.10,Metric Tonnes,5424.19,Rs./Quintal
Chattisgarh,Pulses,Peas(Dry),February-2024,0.50,Metric Tonnes,3400.00,Rs./Quintal
Chattisgarh,Pulses,Red gram/Arhar/Tur(whole),February-2024,46.70,Metric Tonnes,8922.57,Rs./Quintal
Chattisgarh,Pulses,Bengal Gram(Gram)(Whole),March-2024,3144.50,Metric Tonnes,4759.30,Rs./Quintal
Chattisgarh,Pulses,Black Gram(Urd Beans)(Whole),March-2024,39.60,Metric Tonnes,5519.39,Rs./Quintal
Chattisgarh,Pulses,Green Peas,March-2024,206.10,Metric Tonnes,5010.94,Rs./Quintal
Chattisgarh,Pulses,Lak(Teora),March-2024,2206.50,Metric Tonnes,4158.22,Rs./Quintal
Chattisgarh,Pulses,Lentil(Masur)(Whole),March-2024,151.60,Metric Tonnes,5354.42,Rs./Quintal
Chattisgarh,Pulses,Peas(Dry),March-2024,5.50,Metric Tonnes,4218.18,Rs./Quintal
Chattisgarh,Pulses,Red gram/Arhar/Tur(whole),March-2024,524.20,Metric Tonnes,9319.26,Rs./Quintal
Chattisgarh,Pulses,White Peas,March-2024,10.00,Metric Tonnes,4000.00,Rs./Quintal
Chattisgarh,Pulses,buttery,March-2024,10.00,Metric Tonnes,2000.00,Rs./Quintal
Chattisgarh,Pulses,Alasande Gram,April-2024,0.50,Metric Tonnes,5400.00,Rs./Quintal
Chattisgarh,Pulses,Bengal Gram(Gram)(Whole),April-2024,2968.20,Metric Tonnes,5422.11,Rs./Quintal
Chattisgarh,Pulses,Black Gram(Urd Beans)(Whole),April-2024,65.20,Metric Tonnes,4793.30,Rs./Quintal
Chattisgarh,Pulses,Green Peas,April-2024,202.80,Metric Tonnes,5680.25,Rs./Quintal
Chattisgarh,Pulses,Lak(Teora),April-2024,1107.50,Metric Tonnes,4200.70,Rs./Quintal
Chattisgarh,Pulses,Lentil(Masur)(Whole),April-2024,128.20,Metric Tonnes,5424.44,Rs./Quintal
Chattisgarh,Pulses,Peas(Dry),April-2024,87.50,Metric Tonnes,3364.57,Rs./Quintal
Chattisgarh,Pulses,Red gram/Arhar/Tur(whole),April-2024,251.30,Metric Tonnes,10168.00,Rs./Quintal
Chattisgarh,Pulses,Bengal Gram(Gram)(Whole),May-2024,1794.20,Metric Tonnes,5980.53,Rs./Quintal
Chattisgarh,Pulses,Black Gram(Urd Beans)(Whole),May-2024,45.30,Metric Tonnes,5727.60,Rs./Quintal
Chattisgarh,Pulses,Cowpea(Lobia/Karamani),May-2024,10.00,Metric Tonnes,2000.00,Rs./Quintal
Chattisgarh,Pulses,Green Peas,May-2024,146.10,Metric Tonnes,5855.79,Rs./Quintal
Chattisgarh,Pulses,Lak(Teora),May-2024,1578.60,Metric Tonnes,4341.17,Rs./Quintal
Chattisgarh,Pulses,Lentil(Masur)(Whole),May-2024,167.00,Metric Tonnes,5448.29,Rs./Quintal
Chattisgarh,Pulses,Masur Dal,May-2024,2.40,Metric Tonnes,5400.00,Rs./Quintal
Chattisgarh,Pulses,Peas(Dry),May-2024,69.00,Metric Tonnes,3888.99,Rs./Quintal
Chattisgarh,Pulses,Red gram/Arhar/Tur(whole),May-2024,205.10,Metric Tonnes,11062.07,Rs./Quintal
Chattisgarh,Pulses,buttery,May-2024,10.00,Metric Tonnes,2500.00,Rs./Quintal
Chattisgarh,Pulses,Bengal Gram(Gram)(Whole),June-2024,683.25,Metric Tonnes,6251.67,Rs./Quintal
Chattisgarh,Pulses,Black Gram(Urd Beans)(Whole),June-2024,480.20,Metric Tonnes,6941.32,Rs./Quintal
Chattisgarh,Pulses,Green Gram(Moong)(Whole),June-2024,86.40,Metric Tonnes,6668.76,Rs./Quintal
Chattisgarh,Pulses,Green Peas,June-2024,107.70,Metric Tonnes,5550.57,Rs./Quintal
Chattisgarh,Pulses,Lak(Teora),June-2024,953.10,Metric Tonnes,4467.70,Rs./Quintal
Chattisgarh,Pulses,Lentil(Masur)(Whole),June-2024,85.60,Metric Tonnes,5408.51,Rs./Quintal
Chattisgarh,Pulses,Masur Dal,June-2024,5.80,Metric Tonnes,5480.00,Rs./Quintal
Chattisgarh,Pulses,Peas(Dry),June-2024,11.70,Metric Tonnes,4145.30,Rs./Quintal
Chattisgarh,Pulses,Red gram/Arhar/Tur(whole),June-2024,190.70,Metric Tonnes,8082.90,Rs./Quintal
Chattisgarh,Pulses,Bengal Gram(Gram)(Whole),July-2024,406.80,Metric Tonnes,6071.51,Rs./Quintal
Chattisgarh,Pulses,Black Gram(Urd Beans)(Whole),July-2024,327.40,Metric Tonnes,7152.46,Rs./Quintal
Chattisgarh,Pulses,Green Gram(Moong)(Whole),July-2024,8.30,Metric Tonnes,6405.70,Rs./Quintal
Chattisgarh,Pulses,Green Peas,July-2024,56.80,Metric Tonnes,5725.11,Rs./Quintal
Chattisgarh,Pulses,Lak(Teora),July-2024,560.30,Metric Tonnes,4403.60,Rs./Quintal
Chattisgarh,Pulses,Lentil(Masur)(Whole),July-2024,78.40,Metric Tonnes,5454.34,Rs./Quintal
Chattisgarh,Pulses,Peas(Dry),July-2024,2.10,Metric Tonnes,4880.95,Rs./Quintal
Chattisgarh,Pulses,Red gram/Arhar/Tur(whole),July-2024,31.90,Metric Tonnes,9991.39,Rs./Quintal
Chattisgarh,Pulses,Bengal Gram(Gram)(Whole),August-2024,476.30,Metric Tonnes,6924.45,Rs./Quintal
Chattisgarh,Pulses,Black Gram(Urd Beans)(Whole),August-2024,250.10,Metric Tonnes,4217.52,Rs./Quintal
Chattisgarh,Pulses,Green Gram(Moong)(Whole),August-2024,3.10,Metric Tonnes,6707.16,Rs./Quintal
Chattisgarh,Pulses,Green Peas,August-2024,33.80,Metric Tonnes,5624.10,Rs./Quintal
Chattisgarh,Pulses,Lak(Teora),August-2024,328.80,Metric Tonnes,4630.28,Rs./Quintal
Chattisgarh,Pulses,Lentil(Masur)(Whole),August-2024,38.70,Metric Tonnes,5274.44,Rs./Quintal
Chattisgarh,Pulses,Red gram/Arhar/Tur(whole),August-2024,41.10,Metric Tonnes,8428.55,Rs./Quintal
Chattisgarh,Pulses,Alasande Gram,September-2024,2.40,Metric Tonnes,3000.00,Rs./Quintal
Chattisgarh,Pulses,Bengal Gram(Gram)(Whole),September-2024,218.00,Metric Tonnes,6857.15,Rs./Quintal
Chattisgarh,Pulses,Black Gram Dal(Urd Dal),September-2024,21.30,Metric Tonnes,7260.87,Rs./Quintal
Chattisgarh,Pulses,Black Gram(Urd Beans)(Whole),September-2024,160.00,Metric Tonnes,3677.12,Rs./Quintal
Chattisgarh,Pulses,Green Gram(Moong)(Whole),September-2024,0.70,Metric Tonnes,5939.43,Rs./Quintal
Chattisgarh,Pulses,Green Peas,September-2024,50.50,Metric Tonnes,5551.96,Rs./Quintal
Chattisgarh,Pulses,Lak(Teora),September-2024,282.10,Metric Tonnes,4734.37,Rs./Quintal
Chattisgarh,Pulses,Lentil(Masur)(Whole),September-2024,10.90,Metric Tonnes,5158.89,Rs./Quintal
Chattisgarh,Pulses,Peas(Dry),September-2024,11.00,Metric Tonnes,4000.00,Rs./Quintal
Chattisgarh,Pulses,Red gram/Arhar/Tur(whole),September-2024,22.90,Metric Tonnes,8526.66,Rs./Quintal
Chattisgarh,Pulses,Beans,October-2024,103.30,Metric Tonnes,5022.27,Rs./Quintal
Chattisgarh,Pulses,Bengal Gram(Gram)(Whole),October-2024,850.20,Metric Tonnes,6303.34,Rs./Quintal
Chattisgarh,Pulses,Black Gram Dal(Urd Dal),October-2024,16.50,Metric Tonnes,3823.06,Rs./Quintal
Chattisgarh,Pulses,Black Gram(Urd Beans)(Whole),October-2024,5.70,Metric Tonnes,6157.93,Rs./Quintal
Chattisgarh,Pulses,Green Gram(Moong)(Whole),October-2024,0.40,Metric Tonnes,6000.00,Rs./Quintal
Chattisgarh,Pulses,Green Peas,October-2024,116.80,Metric Tonnes,5673.42,Rs./Quintal
Chattisgarh,Pulses,Guar Seed(Cluster Beans Seed),October-2024,204.20,Metric Tonnes,4737.17,Rs./Quintal
Chattisgarh,Pulses,Lak(Teora),October-2024,300.50,Metric Tonnes,4756.92,Rs./Quintal
Chattisgarh,Pulses,Lentil(Masur)(Whole),October-2024,8.90,Metric Tonnes,5218.63,Rs./Quintal
Chattisgarh,Pulses,Masur Dal,October-2024,6.10,Metric Tonnes,5272.82,Rs./Quintal
Chattisgarh,Pulses,Red gram split/Arhar dal/Tur dal,October-2024,0.80,Metric Tonnes,8942.25,Rs./Quintal
Chattisgarh,Pulses,Red gram/Arhar/Tur(whole),October-2024,11.90,Metric Tonnes,6186.55,Rs./Quintal
Chattisgarh,Pulses,White Peas,October-2024,195.00,Metric Tonnes,200.00,Rs./Quintal
Chattisgarh,Pulses,Beans,November-2024,590.60,Metric Tonnes,5498.87,Rs./Quintal
Chattisgarh,Pulses,Bengal Gram(Gram)(Whole),November-2024,201.00,Metric Tonnes,4541.03,Rs./Quintal
Chattisgarh,Pulses,Black Gram(Urd Beans)(Whole),November-2024,15.80,Metric Tonnes,5397.35,Rs./Quintal
Chattisgarh,Pulses,Guar Seed(Cluster Beans Seed),November-2024,1048.90,Metric Tonnes,3674.91,Rs./Quintal
Chattisgarh,Pulses,Lak(Teora),November-2024,317.90,Metric Tonnes,4769.31,Rs./Quintal
Chattisgarh,Pulses,Masur Dal,November-2024,5.20,Metric Tonnes,5296.56,Rs./Quintal
Chattisgarh,Pulses,Peas(Dry),November-2024,170.20,Metric Tonnes,5612.22,Rs./Quintal
Chattisgarh,Pulses,Red gram split/Arhar dal/Tur dal,November-2024,1.40,Metric Tonnes,8286.43,Rs./Quintal
Chattisgarh,Pulses,Red gram/Arhar/Tur(whole),November-2024,48.00,Metric Tonnes,5842.71,Rs./Quintal
Chattisgarh,Pulses,Beans,December-2024,528.40,Metric Tonnes,4806.26,Rs./Quintal
Chattisgarh,Pulses,Bengal Gram(Gram)(Whole),December-2024,638.70,Metric Tonnes,6033.89,Rs./Quintal
Chattisgarh,Pulses,Black Gram(Urd Beans)(Whole),December-2024,55.50,Metric Tonnes,8282.43,Rs./Quintal
Chattisgarh,Pulses,Guar Seed(Cluster Beans Seed),December-2024,1032.60,Metric Tonnes,2552.08,Rs./Quintal
Chattisgarh,Pulses,Lak(Teora),December-2024,559.10,Metric Tonnes,5016.86,Rs./Quintal
Chattisgarh,Pulses,Masur Dal,December-2024,19.20,Metric Tonnes,5542.64,Rs./Quintal
Chattisgarh,Pulses,Peas(Dry),December-2024,583.40,Metric Tonnes,5271.07,Rs./Quintal
Chattisgarh,Pulses,Red gram split/Arhar dal/Tur dal,December-2024,27.40,Metric Tonnes,9581.04,Rs./Quintal
Chattisgarh,Pulses,Red gram/Arhar/Tur(whole),December-2024,43.90,Metric Tonnes,5162.87,Rs./Quintal
Chattisgarh,Pulses,Beans,January-2025,351.70,Metric Tonnes,3759.60,Rs./Quintal
Chattisgarh,Pulses,Bengal Gram(Gram)(Whole),January-2025,257.30,Metric Tonnes,7628.50,Rs./Quintal
Chattisgarh,Pulses,Black Gram(Urd Beans)(Whole),January-2025,1.00,Metric Tonnes,7060.00,Rs./Quintal
Chattisgarh,Pulses,Green Gram(Moong)(Whole),January-2025,0.60,Metric Tonnes,5837.67,Rs./Quintal
Chattisgarh,Pulses,Guar Seed(Cluster Beans Seed),January-2025,615.30,Metric Tonnes,2937.74,Rs./Quintal
Chattisgarh,Pulses,Kulthi(Horse Gram),January-2025,10.00,Metric Tonnes,5001.00,Rs./Quintal
Chattisgarh,Pulses,Lak(Teora),January-2025,77.50,Metric Tonnes,4539.66,Rs./Quintal
Chattisgarh,Pulses,Masur Dal,January-2025,11.20,Metric Tonnes,6113.34,Rs./Quintal
Chattisgarh,Pulses,Peas(Dry),January-2025,638.20,Metric Tonnes,3703.19,Rs./Quintal
Chattisgarh,Pulses,Red gram split/Arhar dal/Tur dal,January-2025,10.06,Metric Tonnes,7519.64,Rs./Quintal
Chattisgarh,Pulses,Red gram/Arhar/Tur(whole),January-2025,20.00,Metric Tonnes,5195.00,Rs./Quintal
Chattisgarh,Pulses,White Peas,January-2025,358.00,Metric Tonnes,361.45,Rs./Quintal
Chattisgarh,Pulses,Bengal Gram(Gram)(Whole),February-2025,1042.40,Metric Tonnes,6143.65,Rs./Quintal
Chattisgarh,Pulses,Black Gram(Urd Beans)(Whole),February-2025,31.70,Metric Tonnes,6068.58,Rs./Quintal
Chattisgarh,Pulses,Green Gram(Moong)(Whole),February-2025,0.10,Metric Tonnes,4450.00,Rs./Quintal
Chattisgarh,Pulses,Lak(Teora),February-2025,74.70,Metric Tonnes,3924.78,Rs./Quintal
Chattisgarh,Pulses,Masur Dal,February-2025,7.20,Metric Tonnes,6442.00,Rs./Quintal
Chattisgarh,Pulses,Red gram split/Arhar dal/Tur dal,February-2025,0.50,Metric Tonnes,7515.00,Rs./Quintal
Chattisgarh,Pulses,Red gram/Arhar/Tur(whole),February-2025,30.00,Metric Tonnes,1000.00,Rs./Quintal
Chattisgarh,Pulses,Bengal Gram(Gram)(Whole),March-2025,2570.50,Metric Tonnes,5829.11,Rs./Quintal
Chattisgarh,Pulses,Black Gram(Urd Beans)(Whole),March-2025,25.10,Metric Tonnes,6522.91,Rs./Quintal
Chattisgarh,Pulses,Green Gram(Moong)(Whole),March-2025,27.70,Metric Tonnes,9099.69,Rs./Quintal
Chattisgarh,Pulses,Lak(Teora),March-2025,77.10,Metric Tonnes,4557.87,Rs./Quintal
Chattisgarh,Pulses,Masur Dal,March-2025,84.20,Metric Tonnes,3335.81,Rs./Quintal
Chattisgarh,Pulses,Red gram split/Arhar dal/Tur dal,March-2025,15.20,Metric Tonnes,7397.55,Rs./Quintal
Chattisgarh,Pulses,Bengal Gram(Gram)(Whole),April-2025,2883.60,Metric Tonnes,5839.62,Rs./Quintal
Chattisgarh,Pulses,Black Gram(Urd Beans)(Whole),April-2025,6.10,Metric Tonnes,5532.87,Rs./Quintal
Chattisgarh,Pulses,Green Gram(Moong)(Whole),April-2025,6.70,Metric Tonnes,6051.96,Rs./Quintal
Chattisgarh,Pulses,Lak(Teora),April-2025,119.30,Metric Tonnes,3996.40,Rs./Quintal
Chattisgarh,Pulses,Masur Dal,April-2025,46.60,Metric Tonnes,6705.98,Rs./Quintal
Chattisgarh,Pulses,Red gram split/Arhar dal/Tur dal,April-2025,8.50,Metric Tonnes,6856.96,Rs./Quintal
Chattisgarh,Pulses,Bengal Gram(Gram)(Whole),May-2025,8139.90,Metric Tonnes,5734.07,Rs./Quintal
Chattisgarh,Pulses,Black Gram(Urd Beans)(Whole),May-2025,9.20,Metric Tonnes,5721.22,Rs./Quintal
Chattisgarh,Pulses,Green Gram(Moong)(Whole),May-2025,96.40,Metric Tonnes,6989.21,Rs./Quintal
Chattisgarh,Pulses,Lak(Teora),May-2025,29.80,Metric Tonnes,3560.36,Rs./Quintal
Chattisgarh,Pulses,Masur Dal,May-2025,0.90,Metric Tonnes,5308.33,Rs./Quintal
Chattisgarh,Pulses,Red gram split/Arhar dal/Tur dal,May-2025,19.60,Metric Tonnes,6156.84,Rs./Quintal
Chattisgarh,Pulses,Bengal Gram(Gram)(Whole),June-2025,1027.45,Metric Tonnes,5770.86,Rs./Quintal
Chattisgarh,Pulses,Black Gram(Urd Beans)(Whole),June-2025,68.40,Metric Tonnes,5288.65,Rs./Quintal
Chattisgarh,Pulses,Green Gram(Moong)(Whole),June-2025,764.40,Metric Tonnes,5980.37,Rs./Quintal
Chattisgarh,Pulses,Lak(Teora),June-2025,34.10,Metric Tonnes,3460.21,Rs./Quintal
Chattisgarh,Pulses,Masur Dal,June-2025,1.10,Metric Tonnes,5376.00,Rs./Quintal
Chattisgarh,Pulses,Red gram split/Arhar dal/Tur dal,June-2025,17.80,Metric Tonnes,6145.66,Rs./Quintal
Chattisgarh,Pulses,Bengal Gram(Gram)(Whole),July-2025,1058.10,Metric Tonnes,6041.47,Rs./Quintal
Chattisgarh,Pulses,Black Gram(Urd Beans)(Whole),July-2025,45.10,Metric Tonnes,6177.57,Rs./Quintal
Chattisgarh,Pulses,Green Gram(Moong)(Whole),July-2025,546.10,Metric Tonnes,6272.19,Rs./Quintal
Chattisgarh,Pulses,Lak(Teora),July-2025,15.50,Metric Tonnes,3403.12,Rs./Quintal
Chattisgarh,Pulses,Masur Dal,July-2025,0.90,Metric Tonnes,5011.78,Rs./Quintal
Chattisgarh,Pulses,Red gram split/Arhar dal/Tur dal,July-2025,12.50,Metric Tonnes,6090.03,Rs./Quintal
Chattisgarh,Pulses,Bengal Gram(Gram)(Whole),August-2025,2955.10,Metric Tonnes,5165.63,Rs./Quintal
Chattisgarh,Pulses,Black Gram(Urd Beans)(Whole),August-2025,20.50,Metric Tonnes,6761.94,Rs./Quintal
Chattisgarh,Pulses,Green Gram(Moong)(Whole),August-2025,43.10,Metric Tonnes,6215.92,Rs./Quintal
Chattisgarh,Pulses,Lak(Teora),August-2025,5.50,Metric Tonnes,3457.84,Rs./Quintal
Chattisgarh,Pulses,Red gram split/Arhar dal/Tur dal,August-2025,13.00,Metric Tonnes,6180.99,Rs./Quintal
Chattisgarh,Pulses,Bengal Gram(Gram)(Whole),September-2025,1016.20,Metric Tonnes,6240.49,Rs./Quintal
Chattisgarh,Pulses,Black Gram(Urd Beans)(Whole),September-2025,13.40,Metric Tonnes,6231.20,Rs./Quintal
Chattisgarh,Pulses,Green Gram(Moong)(Whole),September-2025,60.69,Metric Tonnes,7508.73,Rs./Quintal
Chattisgarh,Pulses,Lak(Teora),September-2025,13.50,Metric Tonnes,3153.70,Rs./Quintal
Chattisgarh,Pulses,Red gram split/Arhar dal/Tur dal,September-2025,8.60,Metric Tonnes,6037.36,Rs./Quintal
Chattisgarh,Pulses,Bengal Gram(Gram)(Whole),October-2025,892.50,Metric Tonnes,6030.18,Rs./Quintal
Chattisgarh,Pulses,Black Gram(Urd Beans)(Whole),October-2025,1.40,Metric Tonnes,5308.79,Rs./Quintal
Chattisgarh,Pulses,Green Gram(Moong)(Whole),October-2025,30.00,Metric Tonnes,8107.70,Rs./Quintal
Chattisgarh,Pulses,Lak(Teora),October-2025,9.20,Metric Tonnes,3328.65,Rs./Quintal
Chattisgarh,Pulses,Red gram split/Arhar dal/Tur dal,October-2025,22.90,Metric Tonnes,6269.37,Rs./Quintal
Chattisgarh,Pulses,Beans,November-2025,384.80,Metric Tonnes,5849.53,Rs./Quintal
Chattisgarh,Pulses,Bengal Gram(Gram)(Whole),November-2025,963.90,Metric Tonnes,5553.07,Rs./Quintal
Chattisgarh,Pulses,Black Gram(Urd Beans)(Whole),November-2025,5.60,Metric Tonnes,5494.25,Rs./Quintal
Chattisgarh,Pulses,Green Gram(Moong)(Whole),November-2025,13.35,Metric Tonnes,7752.46,Rs./Quintal
Chattisgarh,Pulses,Guar Seed(Cluster Beans Seed),November-2025,545.60,Metric Tonnes,5579.77,Rs./Quintal
Chattisgarh,Pulses,Lak(Teora),November-2025,639.00,Metric Tonnes,3049.11,Rs./Quintal
Chattisgarh,Pulses,Masur Dal,November-2025,6.00,Metric Tonnes,5396.08,Rs./Quintal
Chattisgarh,Pulses,Other Pulses,November-2025,22.70,Metric Tonnes,7464.00,Rs./Quintal
Chattisgarh,Pulses,Peas(Dry),November-2025,295.60,Metric Tonnes,5979.16,Rs./Quintal
Chattisgarh,Pulses,Red gram split/Arhar dal/Tur dal,November-2025,18.70,Metric Tonnes,6139.55,Rs./Quintal
Chattisgarh,Pulses,White Peas,November-2025,190.00,Metric Tonnes,221.05,Rs./Quintal
Chattisgarh,Pulses,Beans,December-2025,635.90,Metric Tonnes,5069.54,Rs./Quintal
Chattisgarh,Pulses,Bengal Gram(Gram)(Whole),December-2025,2890.70,Metric Tonnes,5732.56,Rs./Quintal
Chattisgarh,Pulses,Black Gram(Urd Beans)(Whole),December-2025,7.30,Metric Tonnes,4942.75,Rs./Quintal
Chattisgarh,Pulses,Green Gram(Moong)(Whole),December-2025,11.40,Metric Tonnes,7881.11,Rs./Quintal
Chattisgarh,Pulses,Guar Seed(Cluster Beans Seed),December-2025,983.30,Metric Tonnes,3966.82,Rs./Quintal
Chattisgarh,Pulses,Lak(Teora),December-2025,701.30,Metric Tonnes,3092.81,Rs./Quintal
Chattisgarh,Pulses,Masur Dal,December-2025,18.00,Metric Tonnes,5436.08,Rs./Quintal
Chattisgarh,Pulses,Other Pulses,December-2025,21.00,Metric Tonnes,9270.00,Rs./Quintal
Chattisgarh,Pulses,Peas(Dry),December-2025,1017.20,Metric Tonnes,3407.74,Rs./Quintal
Chattisgarh,Pulses,Red gram split/Arhar dal/Tur dal,December-2025,12.80,Metric Tonnes,5873.20,Rs./Quintal
Chattisgarh,Pulses,White Peas,December-2025,530.50,Metric Tonnes,213.57,Rs./Quintal
Gujarat,Pulses,Beans,January-2023,16.94,Metric Tonnes,10694.89,Rs./Quintal
Gujarat,Pulses,Bengal Gram(Gram)(Whole),January-2023,4628.63,Metric Tonnes,4558.95,Rs./Quintal
Gujarat,Pulses,Black Gram(Urd Beans)(Whole),January-2023,867.52,Metric Tonnes,6719.29,Rs./Quintal
Gujarat,Pulses,Cowpea(Lobia/Karamani),January-2023,1.22,Metric Tonnes,5948.61,Rs./Quintal
Gujarat,Pulses,Green Gram(Moong)(Whole),January-2023,726.58,Metric Tonnes,7183.91,Rs./Quintal
Gujarat,Pulses,Green Peas,January-2023,2.00,Metric Tonnes,3400.00,Rs./Quintal
Gujarat,Pulses,Guar Seed(Cluster Beans Seed),January-2023,1818.88,Metric Tonnes,5555.96,Rs./Quintal
Gujarat,Pulses,Kabuli Chana(Chickpeas-White),January-2023,23.60,Metric Tonnes,4311.58,Rs./Quintal
Gujarat,Pulses,Kulthi(Horse Gram),January-2023,655.92,Metric Tonnes,4288.13,Rs./Quintal
Gujarat,Pulses,Mataki,January-2023,0.10,Metric Tonnes,8750.00,Rs./Quintal
Gujarat,Pulses,Moath Dal,January-2023,423.20,Metric Tonnes,10056.50,Rs./Quintal
Gujarat,Pulses,Red gram/Arhar/Tur(whole),January-2023,7530.98,Metric Tonnes,6829.40,Rs./Quintal
Gujarat,Pulses,White Peas,January-2023,36.60,Metric Tonnes,10805.86,Rs./Quintal
Gujarat,Pulses,Beans,February-2023,51.00,Metric Tonnes,11417.83,Rs./Quintal
Gujarat,Pulses,Bengal Gram(Gram)(Whole),February-2023,14447.40,Metric Tonnes,4609.03,Rs./Quintal
Gujarat,Pulses,Black Gram(Urd Beans)(Whole),February-2023,680.57,Metric Tonnes,6751.56,Rs./Quintal
Gujarat,Pulses,Cowpea(Lobia/Karamani),February-2023,1.40,Metric Tonnes,3501.43,Rs./Quintal
Gujarat,Pulses,Green Gram Dal(Moong Dal),February-2023,1.20,Metric Tonnes,6500.00,Rs./Quintal
Gujarat,Pulses,Green Gram(Moong)(Whole),February-2023,594.63,Metric Tonnes,6855.22,Rs./Quintal
Gujarat,Pulses,Green Peas,February-2023,1.50,Metric Tonnes,3343.33,Rs./Quintal
Gujarat,Pulses,Guar Seed(Cluster Beans Seed),February-2023,767.75,Metric Tonnes,5165.06,Rs./Quintal
Gujarat,Pulses,Kabuli Chana(Chickpeas-White),February-2023,199.90,Metric Tonnes,4345.44,Rs./Quintal
Gujarat,Pulses,Kulthi(Horse Gram),February-2023,1496.60,Metric Tonnes,4480.24,Rs./Quintal
Gujarat,Pulses,Lak(Teora),February-2023,464.28,Metric Tonnes,7250.53,Rs./Quintal
Gujarat,Pulses,Moath Dal,February-2023,130.50,Metric Tonnes,9982.53,Rs./Quintal
Gujarat,Pulses,Red gram/Arhar/Tur(whole),February-2023,12872.13,Metric Tonnes,7172.48,Rs./Quintal
Gujarat,Pulses,Beans,March-2023,64.08,Metric Tonnes,11438.81,Rs./Quintal
Gujarat,Pulses,Bengal Gram(Gram)(Whole),March-2023,32627.22,Metric Tonnes,4727.50,Rs./Quintal
Gujarat,Pulses,Black Gram(Urd Beans)(Whole),March-2023,430.16,Metric Tonnes,6805.08,Rs./Quintal
Gujarat,Pulses,Green Gram(Moong)(Whole),March-2023,553.99,Metric Tonnes,5556.55,Rs./Quintal
Gujarat,Pulses,Green Peas,March-2023,5.10,Metric Tonnes,3403.92,Rs./Quintal
Gujarat,Pulses,Guar Seed(Cluster Beans Seed),March-2023,1008.51,Metric Tonnes,4982.57,Rs./Quintal
Gujarat,Pulses,Kabuli Chana(Chickpeas-White),March-2023,708.40,Metric Tonnes,4431.69,Rs./Quintal
Gujarat,Pulses,Kulthi(Horse Gram),March-2023,2631.40,Metric Tonnes,4582.82,Rs./Quintal
Gujarat,Pulses,Lentil(Masur)(Whole),March-2023,0.30,Metric Tonnes,4900.00,Rs./Quintal
Gujarat,Pulses,Moath Dal,March-2023,3.00,Metric Tonnes,6500.00,Rs./Quintal
Gujarat,Pulses,Red gram/Arhar/Tur(whole),March-2023,5833.92,Metric Tonnes,7336.72,Rs./Quintal
Gujarat,Pulses,Beans,April-2023,229.82,Metric Tonnes,12851.21,Rs./Quintal
Gujarat,Pulses,Bengal Gram(Gram)(Whole),April-2023,25246.93,Metric Tonnes,6013.22,Rs./Quintal
Gujarat,Pulses,Black Gram(Urd Beans)(Whole),April-2023,769.36,Metric Tonnes,7055.00,Rs./Quintal
Gujarat,Pulses,Green Gram(Moong)(Whole),April-2023,730.10,Metric Tonnes,6608.50,Rs./Quintal
Gujarat,Pulses,Green Peas,April-2023,3.70,Metric Tonnes,3502.97,Rs./Quintal
Gujarat,Pulses,Guar Seed(Cluster Beans Seed),April-2023,284.68,Metric Tonnes,4900.27,Rs./Quintal
Gujarat,Pulses,Kabuli Chana(Chickpeas-White),April-2023,367.10,Metric Tonnes,4521.70,Rs./Quintal
Gujarat,Pulses,Kulthi(Horse Gram),April-2023,2008.86,Metric Tonnes,4711.49,Rs./Quintal
Gujarat,Pulses,Moath Dal,April-2023,0.02,Metric Tonnes,5230.00,Rs./Quintal
Gujarat,Pulses,Red gram/Arhar/Tur(whole),April-2023,6356.09,Metric Tonnes,7773.38,Rs./Quintal
Gujarat,Pulses,White Peas,April-2023,67.10,Metric Tonnes,13658.32,Rs./Quintal
Gujarat,Pulses,Beans,May-2023,197.44,Metric Tonnes,9802.34,Rs./Quintal
Gujarat,Pulses,Bengal Gram(Gram)(Whole),May-2023,13898.98,Metric Tonnes,5781.72,Rs./Quintal
Gujarat,Pulses,Black Gram(Urd Beans)(Whole),May-2023,1451.73,Metric Tonnes,7839.29,Rs./Quintal
Gujarat,Pulses,Cowpea(Lobia/Karamani),May-2023,2.19,Metric Tonnes,7111.64,Rs./Quintal
Gujarat,Pulses,Green Gram(Moong)(Whole),May-2023,9093.15,Metric Tonnes,8338.50,Rs./Quintal
Gujarat,Pulses,Green Peas,May-2023,5.90,Metric Tonnes,3405.08,Rs./Quintal
Gujarat,Pulses,Guar Seed(Cluster Beans Seed),May-2023,1540.24,Metric Tonnes,5225.96,Rs./Quintal
Gujarat,Pulses,Kabuli Chana(Chickpeas-White),May-2023,98.70,Metric Tonnes,5042.95,Rs./Quintal
Gujarat,Pulses,Kulthi(Horse Gram),May-2023,1114.99,Metric Tonnes,4582.32,Rs./Quintal
Gujarat,Pulses,Red gram/Arhar/Tur(whole),May-2023,5023.39,Metric Tonnes,8216.95,Rs./Quintal
Gujarat,Pulses,White Peas,May-2023,42.90,Metric Tonnes,14899.32,Rs./Quintal
Gujarat,Pulses,Beans,June-2023,74.76,Metric Tonnes,10759.77,Rs./Quintal
Gujarat,Pulses,Bengal Gram(Gram)(Whole),June-2023,7798.10,Metric Tonnes,5789.64,Rs./Quintal
Gujarat,Pulses,Black Gram(Urd Beans)(Whole),June-2023,1058.69,Metric Tonnes,7896.96,Rs./Quintal
Gujarat,Pulses,Cowpea(Lobia/Karamani),June-2023,1.38,Metric Tonnes,8025.43,Rs./Quintal
Gujarat,Pulses,Green Gram(Moong)(Whole),June-2023,3874.55,Metric Tonnes,8395.58,Rs./Quintal
Gujarat,Pulses,Green Peas,June-2023,4.60,Metric Tonnes,3463.04,Rs./Quintal
Gujarat,Pulses,Guar Seed(Cluster Beans Seed),June-2023,1731.07,Metric Tonnes,4924.24,Rs./Quintal
Gujarat,Pulses,Kabuli Chana(Chickpeas-White),June-2023,51.60,Metric Tonnes,4880.57,Rs./Quintal
Gujarat,Pulses,Kulthi(Horse Gram),June-2023,613.64,Metric Tonnes,4638.31,Rs./Quintal
Gujarat,Pulses,Peas(Dry),June-2023,0.10,Metric Tonnes,4287.00,Rs./Quintal
Gujarat,Pulses,Red gram/Arhar/Tur(whole),June-2023,2487.27,Metric Tonnes,8890.13,Rs./Quintal
Gujarat,Pulses,White Peas,June-2023,20.80,Metric Tonnes,13734.47,Rs./Quintal
Gujarat,Pulses,Beans,July-2023,16.77,Metric Tonnes,12578.66,Rs./Quintal
Gujarat,Pulses,Bengal Gram(Gram)(Whole),July-2023,4773.27,Metric Tonnes,6125.64,Rs./Quintal
Gujarat,Pulses,Black Gram(Urd Beans)(Whole),July-2023,559.46,Metric Tonnes,7642.43,Rs./Quintal
Gujarat,Pulses,Cowpea(Lobia/Karamani),July-2023,0.19,Metric Tonnes,6554.74,Rs./Quintal
Gujarat,Pulses,Green Gram(Moong)(Whole),July-2023,914.85,Metric Tonnes,7968.77,Rs./Quintal
Gujarat,Pulses,Green Peas,July-2023,2.70,Metric Tonnes,3492.59,Rs./Quintal
Gujarat,Pulses,Guar Seed(Cluster Beans Seed),July-2023,1202.13,Metric Tonnes,5358.95,Rs./Quintal
Gujarat,Pulses,Kabuli Chana(Chickpeas-White),July-2023,7.76,Metric Tonnes,4619.20,Rs./Quintal
Gujarat,Pulses,Kulthi(Horse Gram),July-2023,368.76,Metric Tonnes,4657.63,Rs./Quintal
Gujarat,Pulses,Moath Dal,July-2023,0.50,Metric Tonnes,8200.00,Rs./Quintal
Gujarat,Pulses,Red gram/Arhar/Tur(whole),July-2023,1683.01,Metric Tonnes,8531.10,Rs./Quintal
Gujarat,Pulses,White Peas,July-2023,14.40,Metric Tonnes,15785.10,Rs./Quintal
Gujarat,Pulses,Beans,August-2023,9.67,Metric Tonnes,13201.25,Rs./Quintal
Gujarat,Pulses,Bengal Gram(Gram)(Whole),August-2023,4615.89,Metric Tonnes,6914.92,Rs./Quintal
Gujarat,Pulses,Black Gram(Urd Beans)(Whole),August-2023,447.40,Metric Tonnes,7961.87,Rs./Quintal
Gujarat,Pulses,Cowpea(Lobia/Karamani),August-2023,0.28,Metric Tonnes,9000.71,Rs./Quintal
Gujarat,Pulses,Green Gram(Moong)(Whole),August-2023,711.59,Metric Tonnes,8059.22,Rs./Quintal
Gujarat,Pulses,Green Peas,August-2023,4.00,Metric Tonnes,3307.50,Rs./Quintal
Gujarat,Pulses,Guar Seed(Cluster Beans Seed),August-2023,1039.26,Metric Tonnes,5651.80,Rs./Quintal
Gujarat,Pulses,Kabuli Chana(Chickpeas-White),August-2023,23.05,Metric Tonnes,5297.39,Rs./Quintal
Gujarat,Pulses,Kulthi(Horse Gram),August-2023,357.23,Metric Tonnes,5029.46,Rs./Quintal
Gujarat,Pulses,Red gram/Arhar/Tur(whole),August-2023,1413.63,Metric Tonnes,9217.64,Rs./Quintal
Gujarat,Pulses,White Peas,August-2023,11.90,Metric Tonnes,16206.60,Rs./Quintal
Gujarat,Pulses,Beans,September-2023,26.10,Metric Tonnes,15379.02,Rs./Quintal
Gujarat,Pulses,Bengal Gram(Gram)(Whole),September-2023,3803.54,Metric Tonnes,7537.68,Rs./Quintal
Gujarat,Pulses,Black Gram Dal(Urd Dal),September-2023,17.00,Metric Tonnes,8854.12,Rs./Quintal
Gujarat,Pulses,Black Gram(Urd Beans)(Whole),September-2023,2993.16,Metric Tonnes,8593.12,Rs./Quintal
Gujarat,Pulses,Cowpea(Lobia/Karamani),September-2023,3.80,Metric Tonnes,8126.66,Rs./Quintal
Gujarat,Pulses,Green Gram Dal(Moong Dal),September-2023,1.00,Metric Tonnes,9000.00,Rs./Quintal
Gujarat,Pulses,Green Gram(Moong)(Whole),September-2023,2200.35,Metric Tonnes,9271.39,Rs./Quintal
Gujarat,Pulses,Green Peas,September-2023,1.90,Metric Tonnes,3805.26,Rs./Quintal
Gujarat,Pulses,Guar Seed(Cluster Beans Seed),September-2023,357.78,Metric Tonnes,5573.71,Rs./Quintal
Gujarat,Pulses,Kabuli Chana(Chickpeas-White),September-2023,8.31,Metric Tonnes,5243.68,Rs./Quintal
Gujarat,Pulses,Kulthi(Horse Gram),September-2023,244.00,Metric Tonnes,5579.01,Rs./Quintal
Gujarat,Pulses,Moath Dal,September-2023,0.31,Metric Tonnes,6404.03,Rs./Quintal
Gujarat,Pulses,Peas(Dry),September-2023,0.10,Metric Tonnes,2025.00,Rs./Quintal
Gujarat,Pulses,Red gram/Arhar/Tur(whole),September-2023,805.12,Metric Tonnes,10525.87,Rs./Quintal
Gujarat,Pulses,White Peas,September-2023,6.20,Metric Tonnes,16299.35,Rs./Quintal
Gujarat,Pulses,Beans,October-2023,38.22,Metric Tonnes,18217.80,Rs./Quintal
Gujarat,Pulses,Bengal Gram(Gram)(Whole),October-2023,3967.83,Metric Tonnes,7470.56,Rs./Quintal
Gujarat,Pulses,Black Gram Dal(Urd Dal),October-2023,32.60,Metric Tonnes,6447.85,Rs./Quintal
Gujarat,Pulses,Black Gram(Urd Beans)(Whole),October-2023,7622.50,Metric Tonnes,7964.31,Rs./Quintal
Gujarat,Pulses,Cowpea(Lobia/Karamani),October-2023,8.00,Metric Tonnes,6367.50,Rs./Quintal
Gujarat,Pulses,Green Gram Dal(Moong Dal),October-2023,37.00,Metric Tonnes,7050.00,Rs./Quintal
Gujarat,Pulses,Green Gram(Moong)(Whole),October-2023,2517.68,Metric Tonnes,8031.42,Rs./Quintal
Gujarat,Pulses,Green Peas,October-2023,1.30,Metric Tonnes,3776.92,Rs./Quintal
Gujarat,Pulses,Guar Seed(Cluster Beans Seed),October-2023,1140.35,Metric Tonnes,5190.86,Rs./Quintal
Gujarat,Pulses,Kabuli Chana(Chickpeas-White),October-2023,5.51,Metric Tonnes,5292.17,Rs./Quintal
Gujarat,Pulses,Kulthi(Horse Gram),October-2023,238.90,Metric Tonnes,5453.29,Rs./Quintal
Gujarat,Pulses,Moath Dal,October-2023,24.20,Metric Tonnes,5629.29,Rs./Quintal
Gujarat,Pulses,Red gram/Arhar/Tur(whole),October-2023,1019.70,Metric Tonnes,6926.49,Rs./Quintal
Gujarat,Pulses,White Peas,October-2023,7.70,Metric Tonnes,19175.65,Rs./Quintal
Gujarat,Pulses,Beans,November-2023,18.26,Metric Tonnes,18217.41,Rs./Quintal
Gujarat,Pulses,Bengal Gram(Gram)(Whole),November-2023,3576.65,Metric Tonnes,7469.10,Rs./Quintal
Gujarat,Pulses,Black Gram Dal(Urd Dal),November-2023,2.60,Metric Tonnes,7000.00,Rs./Quintal
Gujarat,Pulses,Black Gram(Urd Beans)(Whole),November-2023,4479.01,Metric Tonnes,8765.99,Rs./Quintal
Gujarat,Pulses,Cowpea(Lobia/Karamani),November-2023,2.70,Metric Tonnes,6445.00,Rs./Quintal
Gujarat,Pulses,Green Gram Dal(Moong Dal),November-2023,35.50,Metric Tonnes,6831.61,Rs./Quintal
Gujarat,Pulses,Green Gram(Moong)(Whole),November-2023,2020.20,Metric Tonnes,8080.26,Rs./Quintal
Gujarat,Pulses,Green Peas,November-2023,1.70,Metric Tonnes,4000.00,Rs./Quintal
Gujarat,Pulses,Guar Seed(Cluster Beans Seed),November-2023,5430.61,Metric Tonnes,5072.92,Rs./Quintal
Gujarat,Pulses,Kabuli Chana(Chickpeas-White),November-2023,10.34,Metric Tonnes,5336.05,Rs./Quintal
Gujarat,Pulses,Kulthi(Horse Gram),November-2023,208.93,Metric Tonnes,5567.36,Rs./Quintal
Gujarat,Pulses,Mataki,November-2023,21.30,Metric Tonnes,5523.40,Rs./Quintal
Gujarat,Pulses,Moath Dal,November-2023,563.54,Metric Tonnes,7406.39,Rs./Quintal
Gujarat,Pulses,Red gram/Arhar/Tur(whole),November-2023,1652.68,Metric Tonnes,5479.89,Rs./Quintal
Gujarat,Pulses,White Peas,November-2023,18.60,Metric Tonnes,18231.40,Rs./Quintal
Gujarat,Pulses,Beans,December-2023,29.40,Metric Tonnes,13787.38,Rs./Quintal
Gujarat,Pulses,Bengal Gram(Gram)(Whole),December-2023,2915.69,Metric Tonnes,5886.82,Rs./Quintal
Gujarat,Pulses,Black Gram Dal(Urd Dal),December-2023,0.50,Metric Tonnes,6500.00,Rs./Quintal
Gujarat,Pulses,Black Gram(Urd Beans)(Whole),December-2023,4321.23,Metric Tonnes,8284.47,Rs./Quintal
Gujarat,Pulses,Cowpea(Lobia/Karamani),December-2023,1.64,Metric Tonnes,6162.56,Rs./Quintal
Gujarat,Pulses,Green Gram Dal(Moong Dal),December-2023,2.00,Metric Tonnes,7162.00,Rs./Quintal
Gujarat,Pulses,Green Gram(Moong)(Whole),December-2023,2658.37,Metric Tonnes,8488.98,Rs./Quintal
Gujarat,Pulses,Green Peas,December-2023,1.40,Metric Tonnes,4157.14,Rs./Quintal
Gujarat,Pulses,Guar Seed(Cluster Beans Seed),December-2023,8326.77,Metric Tonnes,4937.66,Rs./Quintal
Gujarat,Pulses,Kabuli Chana(Chickpeas-White),December-2023,5.26,Metric Tonnes,6330.87,Rs./Quintal
Gujarat,Pulses,Kulthi(Horse Gram),December-2023,301.37,Metric Tonnes,5499.88,Rs./Quintal
Gujarat,Pulses,Lak(Teora),December-2023,1.50,Metric Tonnes,8650.00,Rs./Quintal
Gujarat,Pulses,Mataki,December-2023,457.10,Metric Tonnes,5851.50,Rs./Quintal
Gujarat,Pulses,Moath Dal,December-2023,3923.71,Metric Tonnes,6859.26,Rs./Quintal
Gujarat,Pulses,Red gram/Arhar/Tur(whole),December-2023,2357.03,Metric Tonnes,9238.25,Rs./Quintal
Gujarat,Pulses,White Peas,December-2023,52.00,Metric Tonnes,10032.81,Rs./Quintal
Gujarat,Pulses,Beans,January-2024,12.53,Metric Tonnes,10250.94,Rs./Quintal
Gujarat,Pulses,Bengal Gram(Gram)(Whole),January-2024,3139.83,Metric Tonnes,5400.36,Rs./Quintal
Gujarat,Pulses,Black Gram(Urd Beans)(Whole),January-2024,1512.32,Metric Tonnes,8194.30,Rs./Quintal
Gujarat,Pulses,Cowpea(Lobia/Karamani),January-2024,1.91,Metric Tonnes,11381.62,Rs./Quintal
Gujarat,Pulses,Green Gram(Moong)(Whole),January-2024,1676.88,Metric Tonnes,8788.13,Rs./Quintal
Gujarat,Pulses,Green Peas,January-2024,0.60,Metric Tonnes,3683.33,Rs./Quintal
Gujarat,Pulses,Guar Seed(Cluster Beans Seed),January-2024,2758.18,Metric Tonnes,4867.79,Rs./Quintal
Gujarat,Pulses,Kabuli Chana(Chickpeas-White),January-2024,10.52,Metric Tonnes,5064.81,Rs./Quintal
Gujarat,Pulses,Kulthi(Horse Gram),January-2024,357.59,Metric Tonnes,5164.71,Rs./Quintal
Gujarat,Pulses,Lak(Teora),January-2024,269.25,Metric Tonnes,9624.12,Rs./Quintal
Gujarat,Pulses,Mataki,January-2024,10.50,Metric Tonnes,5836.95,Rs./Quintal
Gujarat,Pulses,Moath Dal,January-2024,2163.92,Metric Tonnes,6696.03,Rs./Quintal
Gujarat,Pulses,Red gram/Arhar/Tur(whole),January-2024,15644.27,Metric Tonnes,9459.82,Rs./Quintal
Gujarat,Pulses,White Peas,January-2024,68.10,Metric Tonnes,10476.26,Rs./Quintal
Gujarat,Pulses,Beans,February-2024,27.93,Metric Tonnes,8911.30,Rs./Quintal
Gujarat,Pulses,Bengal Gram(Gram)(Whole),February-2024,35530.53,Metric Tonnes,5684.32,Rs./Quintal
Gujarat,Pulses,Black Gram(Urd Beans)(Whole),February-2024,985.53,Metric Tonnes,7643.18,Rs./Quintal
Gujarat,Pulses,Cowpea(Lobia/Karamani),February-2024,1.56,Metric Tonnes,12638.97,Rs./Quintal
Gujarat,Pulses,Green Gram(Moong)(Whole),February-2024,842.30,Metric Tonnes,7946.35,Rs./Quintal
Gujarat,Pulses,Green Peas,February-2024,1.90,Metric Tonnes,3752.63,Rs./Quintal
Gujarat,Pulses,Guar Seed(Cluster Beans Seed),February-2024,1144.07,Metric Tonnes,4740.90,Rs./Quintal
Gujarat,Pulses,Kabuli Chana(Chickpeas-White),February-2024,214.84,Metric Tonnes,5542.47,Rs./Quintal
Gujarat,Pulses,Kulthi(Horse Gram),February-2024,7020.57,Metric Tonnes,5556.01,Rs./Quintal
Gujarat,Pulses,Lak(Teora),February-2024,535.00,Metric Tonnes,9815.00,Rs./Quintal
Gujarat,Pulses,Mataki,February-2024,14.30,Metric Tonnes,5647.27,Rs./Quintal
Gujarat,Pulses,Moath Dal,February-2024,551.72,Metric Tonnes,6629.63,Rs./Quintal
Gujarat,Pulses,Red gram split/Arhar dal/Tur dal,February-2024,77.40,Metric Tonnes,8969.53,Rs./Quintal
Gujarat,Pulses,Red gram/Arhar/Tur(whole),February-2024,33184.00,Metric Tonnes,9633.71,Rs./Quintal
Gujarat,Pulses,White Peas,February-2024,90.20,Metric Tonnes,9232.48,Rs./Quintal
Gujarat,Pulses,Beans,March-2024,32.73,Metric Tonnes,7360.17,Rs./Quintal
Gujarat,Pulses,Bengal Gram(Gram)(Whole),March-2024,71557.80,Metric Tonnes,5570.56,Rs./Quintal
Gujarat,Pulses,Black Gram(Urd Beans)(Whole),March-2024,285.61,Metric Tonnes,8020.37,Rs./Quintal
Gujarat,Pulses,Cowpea(Lobia/Karamani),March-2024,0.06,Metric Tonnes,4500.00,Rs./Quintal
Gujarat,Pulses,Green Gram(Moong)(Whole),March-2024,853.47,Metric Tonnes,6776.77,Rs./Quintal
Gujarat,Pulses,Green Peas,March-2024,1.20,Metric Tonnes,3716.67,Rs./Quintal
Gujarat,Pulses,Guar Seed(Cluster Beans Seed),March-2024,525.67,Metric Tonnes,4657.14,Rs./Quintal
Gujarat,Pulses,Kabuli Chana(Chickpeas-White),March-2024,701.92,Metric Tonnes,5438.86,Rs./Quintal
Gujarat,Pulses,Kulthi(Horse Gram),March-2024,9674.14,Metric Tonnes,5432.66,Rs./Quintal
Gujarat,Pulses,Lak(Teora),March-2024,49.50,Metric Tonnes,9595.28,Rs./Quintal
Gujarat,Pulses,Mataki,March-2024,1.70,Metric Tonnes,5850.00,Rs./Quintal
Gujarat,Pulses,Moath Dal,March-2024,220.10,Metric Tonnes,6162.73,Rs./Quintal
Gujarat,Pulses,Red gram split/Arhar dal/Tur dal,March-2024,31.50,Metric Tonnes,9273.91,Rs./Quintal
Gujarat,Pulses,Red gram/Arhar/Tur(whole),March-2024,12110.71,Metric Tonnes,9804.24,Rs./Quintal
Gujarat,Pulses,White Peas,March-2024,43.60,Metric Tonnes,6817.21,Rs./Quintal
Gujarat,Pulses,Alasande Gram,April-2024,1.84,Metric Tonnes,14623.04,Rs./Quintal
Gujarat,Pulses,Beans,April-2024,123.73,Metric Tonnes,6374.61,Rs./Quintal
Gujarat,Pulses,Bengal Gram(Gram)(Whole),April-2024,42504.85,Metric Tonnes,5799.70,Rs./Quintal
Gujarat,Pulses,Black Gram(Urd Beans)(Whole),April-2024,403.03,Metric Tonnes,8625.91,Rs./Quintal
Gujarat,Pulses,Cowpea(Lobia/Karamani),April-2024,0.34,Metric Tonnes,7141.18,Rs./Quintal
Gujarat,Pulses,Green Gram(Moong)(Whole),April-2024,569.71,Metric Tonnes,8369.45,Rs./Quintal
Gujarat,Pulses,Green Peas,April-2024,3.40,Metric Tonnes,3833.53,Rs./Quintal
Gujarat,Pulses,Guar Seed(Cluster Beans Seed),April-2024,718.96,Metric Tonnes,4964.89,Rs./Quintal
Gujarat,Pulses,Kabuli Chana(Chickpeas-White),April-2024,7925.68,Metric Tonnes,9146.70,Rs./Quintal
Gujarat,Pulses,Kulthi(Horse Gram),April-2024,1996.91,Metric Tonnes,5833.06,Rs./Quintal
Gujarat,Pulses,Lak(Teora),April-2024,2.00,Metric Tonnes,9775.00,Rs./Quintal
Gujarat,Pulses,Moath Dal,April-2024,48.20,Metric Tonnes,6805.71,Rs./Quintal
Gujarat,Pulses,Peas(Dry),April-2024,0.20,Metric Tonnes,4025.00,Rs./Quintal
Gujarat,Pulses,Red gram split/Arhar dal/Tur dal,April-2024,34.10,Metric Tonnes,9949.27,Rs./Quintal
Gujarat,Pulses,Red gram/Arhar/Tur(whole),April-2024,9229.45,Metric Tonnes,10297.22,Rs./Quintal
Gujarat,Pulses,White Peas,April-2024,128.30,Metric Tonnes,8201.88,Rs./Quintal
Gujarat,Pulses,Alasande Gram,May-2024,224.84,Metric Tonnes,15544.97,Rs./Quintal
Gujarat,Pulses,Beans,May-2024,368.33,Metric Tonnes,14474.95,Rs./Quintal
Gujarat,Pulses,Bengal Gram(Gram)(Whole),May-2024,20232.90,Metric Tonnes,6108.56,Rs./Quintal
Gujarat,Pulses,Black Gram(Urd Beans)(Whole),May-2024,3830.43,Metric Tonnes,9655.86,Rs./Quintal
Gujarat,Pulses,Cowpea(Lobia/Karamani),May-2024,27.29,Metric Tonnes,14435.95,Rs./Quintal
Gujarat,Pulses,Green Gram(Moong)(Whole),May-2024,12632.28,Metric Tonnes,8665.44,Rs./Quintal
Gujarat,Pulses,Green Peas,May-2024,3.50,Metric Tonnes,3654.29,Rs./Quintal
Gujarat,Pulses,Guar Seed(Cluster Beans Seed),May-2024,1777.71,Metric Tonnes,5089.20,Rs./Quintal
Gujarat,Pulses,Kabuli Chana(Chickpeas-White),May-2024,1146.25,Metric Tonnes,8716.53,Rs./Quintal
Gujarat,Pulses,Kulthi(Horse Gram),May-2024,1692.12,Metric Tonnes,6236.02,Rs./Quintal
Gujarat,Pulses,Lentil(Masur)(Whole),May-2024,0.90,Metric Tonnes,8729.11,Rs./Quintal
Gujarat,Pulses,Mataki,May-2024,0.10,Metric Tonnes,4250.00,Rs./Quintal
Gujarat,Pulses,Moath Dal,May-2024,22.92,Metric Tonnes,6733.49,Rs./Quintal
Gujarat,Pulses,Peas(Dry),May-2024,0.20,Metric Tonnes,4375.00,Rs./Quintal
Gujarat,Pulses,Red gram split/Arhar dal/Tur dal,May-2024,124.10,Metric Tonnes,11071.44,Rs./Quintal
Gujarat,Pulses,Red gram/Arhar/Tur(whole),May-2024,5458.85,Metric Tonnes,10804.95,Rs./Quintal
Gujarat,Pulses,White Peas,May-2024,119.10,Metric Tonnes,8026.54,Rs./Quintal
Gujarat,Pulses,Alasande Gram,June-2024,47.77,Metric Tonnes,12727.19,Rs./Quintal
Gujarat,Pulses,Beans,June-2024,217.07,Metric Tonnes,11597.29,Rs./Quintal
Gujarat,Pulses,Bengal Gram(Gram)(Whole),June-2024,8174.50,Metric Tonnes,6441.26,Rs./Quintal
Gujarat,Pulses,Black Gram Dal(Urd Dal),June-2024,7.10,Metric Tonnes,8500.00,Rs./Quintal
Gujarat,Pulses,Black Gram(Urd Beans)(Whole),June-2024,3629.85,Metric Tonnes,9330.08,Rs./Quintal
Gujarat,Pulses,Cowpea(Lobia/Karamani),June-2024,10.39,Metric Tonnes,11387.25,Rs./Quintal
Gujarat,Pulses,Green Gram(Moong)(Whole),June-2024,11162.77,Metric Tonnes,8077.38,Rs./Quintal
Gujarat,Pulses,Green Peas,June-2024,2.40,Metric Tonnes,4000.00,Rs./Quintal
Gujarat,Pulses,Guar Seed(Cluster Beans Seed),June-2024,2107.59,Metric Tonnes,5131.58,Rs./Quintal
Gujarat,Pulses,Kabuli Chana(Chickpeas-White),June-2024,128.41,Metric Tonnes,8659.36,Rs./Quintal
Gujarat,Pulses,Kulthi(Horse Gram),June-2024,758.18,Metric Tonnes,6406.17,Rs./Quintal
Gujarat,Pulses,Mataki,June-2024,0.10,Metric Tonnes,5910.00,Rs./Quintal
Gujarat,Pulses,Moath Dal,June-2024,15.50,Metric Tonnes,7106.87,Rs./Quintal
Gujarat,Pulses,Red gram split/Arhar dal/Tur dal,June-2024,19.20,Metric Tonnes,10934.53,Rs./Quintal
Gujarat,Pulses,Red gram/Arhar/Tur(whole),June-2024,2621.23,Metric Tonnes,10517.08,Rs./Quintal
Gujarat,Pulses,White Peas,June-2024,42.10,Metric Tonnes,7032.61,Rs./Quintal
Gujarat,Pulses,Alasande Gram,July-2024,1.38,Metric Tonnes,13461.59,Rs./Quintal
Gujarat,Pulses,Beans,July-2024,57.72,Metric Tonnes,8344.50,Rs./Quintal
Gujarat,Pulses,Bengal Gram(Gram)(Whole),July-2024,5472.02,Metric Tonnes,6333.48,Rs./Quintal
Gujarat,Pulses,Black Gram(Urd Beans)(Whole),July-2024,553.41,Metric Tonnes,8954.20,Rs./Quintal
Gujarat,Pulses,Cowpea(Lobia/Karamani),July-2024,1.14,Metric Tonnes,9557.28,Rs./Quintal
Gujarat,Pulses,Green Gram(Moong)(Whole),July-2024,1933.27,Metric Tonnes,8049.42,Rs./Quintal
Gujarat,Pulses,Green Peas,July-2024,2.60,Metric Tonnes,4042.31,Rs./Quintal
Gujarat,Pulses,Guar Seed(Cluster Beans Seed),July-2024,904.10,Metric Tonnes,4865.76,Rs./Quintal
Gujarat,Pulses,Kabuli Chana(Chickpeas-White),July-2024,13.60,Metric Tonnes,6682.26,Rs./Quintal
Gujarat,Pulses,Kulthi(Horse Gram),July-2024,328.36,Metric Tonnes,6198.44,Rs./Quintal
Gujarat,Pulses,Lak(Teora),July-2024,0.15,Metric Tonnes,9125.00,Rs./Quintal
Gujarat,Pulses,Lentil(Masur)(Whole),July-2024,0.30,Metric Tonnes,5100.00,Rs./Quintal
Gujarat,Pulses,Moath Dal,July-2024,6.60,Metric Tonnes,6569.70,Rs./Quintal
Gujarat,Pulses,Red gram split/Arhar dal/Tur dal,July-2024,1.51,Metric Tonnes,7760.60,Rs./Quintal
Gujarat,Pulses,Red gram/Arhar/Tur(whole),July-2024,1240.53,Metric Tonnes,10090.40,Rs./Quintal
Gujarat,Pulses,White Peas,July-2024,46.00,Metric Tonnes,7689.24,Rs./Quintal
Gujarat,Pulses,Alasande Gram,August-2024,1.80,Metric Tonnes,14050.00,Rs./Quintal
Gujarat,Pulses,Beans,August-2024,31.96,Metric Tonnes,8710.01,Rs./Quintal
Gujarat,Pulses,Bengal Gram(Gram)(Whole),August-2024,4812.92,Metric Tonnes,6913.51,Rs./Quintal
Gujarat,Pulses,Black Gram(Urd Beans)(Whole),August-2024,219.26,Metric Tonnes,8839.16,Rs./Quintal
Gujarat,Pulses,Cowpea(Lobia/Karamani),August-2024,0.92,Metric Tonnes,7793.48,Rs./Quintal
Gujarat,Pulses,Green Gram(Moong)(Whole),August-2024,997.51,Metric Tonnes,8055.98,Rs./Quintal
Gujarat,Pulses,Green Peas,August-2024,0.80,Metric Tonnes,4000.00,Rs./Quintal
Gujarat,Pulses,Guar Seed(Cluster Beans Seed),August-2024,313.39,Metric Tonnes,4897.08,Rs./Quintal
Gujarat,Pulses,Kabuli Chana(Chickpeas-White),August-2024,14.10,Metric Tonnes,8472.91,Rs./Quintal
Gujarat,Pulses,Kulthi(Horse Gram),August-2024,187.01,Metric Tonnes,6802.61,Rs./Quintal
Gujarat,Pulses,Red gram/Arhar/Tur(whole),August-2024,639.26,Metric Tonnes,9505.67,Rs./Quintal
Gujarat,Pulses,White Peas,August-2024,28.00,Metric Tonnes,8124.20,Rs./Quintal
Gujarat,Pulses,Beans,September-2024,74.22,Metric Tonnes,8093.80,Rs./Quintal
Gujarat,Pulses,Bengal Gram(Gram)(Whole),September-2024,4563.26,Metric Tonnes,7041.47,Rs./Quintal
Gujarat,Pulses,Black Gram(Urd Beans)(Whole),September-2024,1014.57,Metric Tonnes,7800.41,Rs./Quintal
Gujarat,Pulses,Cowpea(Lobia/Karamani),September-2024,1.00,Metric Tonnes,6827.00,Rs./Quintal
Gujarat,Pulses,Green Gram(Moong)(Whole),September-2024,1307.83,Metric Tonnes,7886.51,Rs./Quintal
Gujarat,Pulses,Green Peas,September-2024,3.30,Metric Tonnes,4287.88,Rs./Quintal
Gujarat,Pulses,Guar Seed(Cluster Beans Seed),September-2024,423.09,Metric Tonnes,4976.45,Rs./Quintal
Gujarat,Pulses,Kabuli Chana(Chickpeas-White),September-2024,24.96,Metric Tonnes,8678.05,Rs./Quintal
Gujarat,Pulses,Kulthi(Horse Gram),September-2024,392.14,Metric Tonnes,6785.25,Rs./Quintal
Gujarat,Pulses,Lak(Teora),September-2024,0.05,Metric Tonnes,8200.00,Rs./Quintal
Gujarat,Pulses,Red gram split/Arhar dal/Tur dal,September-2024,0.30,Metric Tonnes,9000.00,Rs./Quintal
Gujarat,Pulses,Red gram/Arhar/Tur(whole),September-2024,1062.22,Metric Tonnes,9495.15,Rs./Quintal
Gujarat,Pulses,White Peas,September-2024,99.00,Metric Tonnes,8782.72,Rs./Quintal
Gujarat,Pulses,Alasande Gram,October-2024,0.24,Metric Tonnes,15000.00,Rs./Quintal
Gujarat,Pulses,Beans,October-2024,82.03,Metric Tonnes,7461.51,Rs./Quintal
Gujarat,Pulses,Bengal Gram(Gram)(Whole),October-2024,5488.61,Metric Tonnes,6745.64,Rs./Quintal
Gujarat,Pulses,Black Gram(Urd Beans)(Whole),October-2024,7207.81,Metric Tonnes,7517.07,Rs./Quintal
Gujarat,Pulses,Cowpea(Lobia/Karamani),October-2024,7.72,Metric Tonnes,6395.96,Rs./Quintal
Gujarat,Pulses,Green Gram(Moong)(Whole),October-2024,2724.43,Metric Tonnes,6544.54,Rs./Quintal
Gujarat,Pulses,Green Peas,October-2024,1.60,Metric Tonnes,4100.00,Rs./Quintal
Gujarat,Pulses,Guar Seed(Cluster Beans Seed),October-2024,440.78,Metric Tonnes,4905.38,Rs./Quintal
Gujarat,Pulses,Kabuli Chana(Chickpeas-White),October-2024,7.70,Metric Tonnes,6919.35,Rs./Quintal
Gujarat,Pulses,Kulthi(Horse Gram),October-2024,461.82,Metric Tonnes,6572.98,Rs./Quintal
Gujarat,Pulses,Lentil(Masur)(Whole),October-2024,0.10,Metric Tonnes,6500.00,Rs./Quintal
Gujarat,Pulses,Mataki,October-2024,0.20,Metric Tonnes,5855.00,Rs./Quintal
Gujarat,Pulses,Moath Dal,October-2024,2.70,Metric Tonnes,4412.96,Rs./Quintal
Gujarat,Pulses,Red gram/Arhar/Tur(whole),October-2024,1107.63,Metric Tonnes,8942.99,Rs./Quintal
Gujarat,Pulses,White Peas,October-2024,90.40,Metric Tonnes,7825.81,Rs./Quintal
Gujarat,Pulses,Alasande Gram,November-2024,0.04,Metric Tonnes,9755.00,Rs./Quintal
Gujarat,Pulses,Beans,November-2024,15.40,Metric Tonnes,8906.46,Rs./Quintal
Gujarat,Pulses,Bengal Gram(Gram)(Whole),November-2024,4540.25,Metric Tonnes,6295.50,Rs./Quintal
Gujarat,Pulses,Black Gram Dal(Urd Dal),November-2024,1.00,Metric Tonnes,7362.00,Rs./Quintal
Gujarat,Pulses,Black Gram(Urd Beans)(Whole),November-2024,12724.27,Metric Tonnes,7413.24,Rs./Quintal
Gujarat,Pulses,Cowpea(Lobia/Karamani),November-2024,10.90,Metric Tonnes,6722.59,Rs./Quintal
Gujarat,Pulses,Green Gram(Moong)(Whole),November-2024,2181.64,Metric Tonnes,6764.82,Rs./Quintal
Gujarat,Pulses,Green Peas,November-2024,0.90,Metric Tonnes,4022.22,Rs./Quintal
Gujarat,Pulses,Guar Seed(Cluster Beans Seed),November-2024,2380.34,Metric Tonnes,4881.16,Rs./Quintal
Gujarat,Pulses,Kabuli Chana(Chickpeas-White),November-2024,50.10,Metric Tonnes,8754.05,Rs./Quintal
Gujarat,Pulses,Kulthi(Horse Gram),November-2024,251.60,Metric Tonnes,5972.08,Rs./Quintal
Gujarat,Pulses,Mataki,November-2024,9.30,Metric Tonnes,4278.28,Rs./Quintal
Gujarat,Pulses,Moath Dal,November-2024,161.20,Metric Tonnes,5611.99,Rs./Quintal
Gujarat,Pulses,Red gram split/Arhar dal/Tur dal,November-2024,0.50,Metric Tonnes,7000.00,Rs./Quintal
Gujarat,Pulses,Red gram/Arhar/Tur(whole),November-2024,454.39,Metric Tonnes,8659.46,Rs./Quintal
Gujarat,Pulses,White Peas,November-2024,36.70,Metric Tonnes,7357.52,Rs./Quintal
Gujarat,Pulses,Alasande Gram,December-2024,0.04,Metric Tonnes,8505.00,Rs./Quintal
Gujarat,Pulses,Beans,December-2024,44.88,Metric Tonnes,9572.73,Rs./Quintal
Gujarat,Pulses,Bengal Gram(Gram)(Whole),December-2024,6011.61,Metric Tonnes,6469.58,Rs./Quintal
Gujarat,Pulses,Black Gram Dal(Urd Dal),December-2024,9.00,Metric Tonnes,7500.00,Rs./Quintal
Gujarat,Pulses,Black Gram(Urd Beans)(Whole),December-2024,6499.38,Metric Tonnes,7362.77,Rs./Quintal
Gujarat,Pulses,Cowpea(Lobia/Karamani),December-2024,15.82,Metric Tonnes,9019.50,Rs./Quintal
Gujarat,Pulses,Green Gram Dal(Moong Dal),December-2024,6.00,Metric Tonnes,7055.00,Rs./Quintal
Gujarat,Pulses,Green Gram(Moong)(Whole),December-2024,2181.09,Metric Tonnes,7465.60,Rs./Quintal
Gujarat,Pulses,Green Peas,December-2024,6.70,Metric Tonnes,4192.54,Rs./Quintal
Gujarat,Pulses,Guar Seed(Cluster Beans Seed),December-2024,7052.10,Metric Tonnes,4574.77,Rs./Quintal
Gujarat,Pulses,Kabuli Chana(Chickpeas-White),December-2024,56.10,Metric Tonnes,7756.16,Rs./Quintal
Gujarat,Pulses,Kulthi(Horse Gram),December-2024,293.40,Metric Tonnes,5618.47,Rs./Quintal
Gujarat,Pulses,Mataki,December-2024,6.20,Metric Tonnes,4354.76,Rs./Quintal
Gujarat,Pulses,Moath Dal,December-2024,3123.22,Metric Tonnes,6574.69,Rs./Quintal
Gujarat,Pulses,Red gram split/Arhar dal/Tur dal,December-2024,0.70,Metric Tonnes,4995.00,Rs./Quintal
Gujarat,Pulses,Red gram/Arhar/Tur(whole),December-2024,1575.50,Metric Tonnes,7688.07,Rs./Quintal
Gujarat,Pulses,White Peas,December-2024,52.10,Metric Tonnes,6062.25,Rs./Quintal
Gujarat,Pulses,Beans,January-2025,15.60,Metric Tonnes,5733.17,Rs./Quintal
Gujarat,Pulses,Bengal Gram(Gram)(Whole),January-2025,2616.20,Metric Tonnes,5790.56,Rs./Quintal
Gujarat,Pulses,Black Gram(Urd Beans)(Whole),January-2025,2333.86,Metric Tonnes,7108.19,Rs./Quintal
Gujarat,Pulses,Cowpea(Lobia/Karamani),January-2025,6.23,Metric Tonnes,8406.98,Rs./Quintal
Gujarat,Pulses,Green Gram Dal(Moong Dal),January-2025,1.00,Metric Tonnes,8000.00,Rs./Quintal
Gujarat,Pulses,Green Gram(Moong)(Whole),January-2025,1287.45,Metric Tonnes,7541.48,Rs./Quintal
Gujarat,Pulses,Green Peas,January-2025,1.80,Metric Tonnes,3566.67,Rs./Quintal
Gujarat,Pulses,Guar Seed(Cluster Beans Seed),January-2025,3346.21,Metric Tonnes,4728.85,Rs./Quintal
Gujarat,Pulses,Kabuli Chana(Chickpeas-White),January-2025,21.20,Metric Tonnes,5817.46,Rs./Quintal
Gujarat,Pulses,Kulthi(Horse Gram),January-2025,282.84,Metric Tonnes,5530.64,Rs./Quintal
Gujarat,Pulses,Lak(Teora),January-2025,1.25,Metric Tonnes,6400.00,Rs./Quintal
Gujarat,Pulses,Mataki,January-2025,3.20,Metric Tonnes,4786.41,Rs./Quintal
Gujarat,Pulses,Moath Dal,January-2025,2033.67,Metric Tonnes,7086.50,Rs./Quintal
Gujarat,Pulses,Peas(Dry),January-2025,0.12,Metric Tonnes,5000.00,Rs./Quintal
Gujarat,Pulses,Red gram split/Arhar dal/Tur dal,January-2025,1.20,Metric Tonnes,5880.00,Rs./Quintal
Gujarat,Pulses,Red gram/Arhar/Tur(whole),January-2025,9753.67,Metric Tonnes,7133.53,Rs./Quintal
Gujarat,Pulses,Beans,February-2025,136.50,Metric Tonnes,6582.00,Rs./Quintal
Gujarat,Pulses,Bengal Gram(Gram)(Whole),February-2025,27819.63,Metric Tonnes,5520.70,Rs./Quintal
Gujarat,Pulses,Black Gram(Urd Beans)(Whole),February-2025,756.73,Metric Tonnes,6732.19,Rs./Quintal
Gujarat,Pulses,Cowpea(Lobia/Karamani),February-2025,0.40,Metric Tonnes,6407.50,Rs./Quintal
Gujarat,Pulses,Green Gram(Moong)(Whole),February-2025,782.69,Metric Tonnes,6282.17,Rs./Quintal
Gujarat,Pulses,Green Peas,February-2025,4.40,Metric Tonnes,3500.00,Rs./Quintal
Gujarat,Pulses,Guar Seed(Cluster Beans Seed),February-2025,1348.65,Metric Tonnes,4687.04,Rs./Quintal
Gujarat,Pulses,Kabuli Chana(Chickpeas-White),February-2025,176.40,Metric Tonnes,5289.37,Rs./Quintal
Gujarat,Pulses,Kulthi(Horse Gram),February-2025,1241.95,Metric Tonnes,5076.98,Rs./Quintal
Gujarat,Pulses,Mataki,February-2025,7.42,Metric Tonnes,4358.71,Rs./Quintal
Gujarat,Pulses,Moath Dal,February-2025,578.10,Metric Tonnes,7068.19,Rs./Quintal
Gujarat,Pulses,Peas(Dry),February-2025,0.04,Metric Tonnes,4650.00,Rs./Quintal
Gujarat,Pulses,Red gram split/Arhar dal/Tur dal,February-2025,139.70,Metric Tonnes,6561.79,Rs./Quintal
Gujarat,Pulses,Red gram/Arhar/Tur(whole),February-2025,35301.48,Metric Tonnes,6933.22,Rs./Quintal
Gujarat,Pulses,White Peas,February-2025,0.20,Metric Tonnes,3925.00,Rs./Quintal
Gujarat,Pulses,Beans,March-2025,37.67,Metric Tonnes,5254.30,Rs./Quintal
Gujarat,Pulses,Bengal Gram(Gram)(Whole),March-2025,86256.12,Metric Tonnes,5193.46,Rs./Quintal
Gujarat,Pulses,Black Gram(Urd Beans)(Whole),March-2025,960.76,Metric Tonnes,6667.07,Rs./Quintal
Gujarat,Pulses,Green Gram(Moong)(Whole),March-2025,979.11,Metric Tonnes,5508.44,Rs./Quintal
Gujarat,Pulses,Green Peas,March-2025,2.10,Metric Tonnes,7607.14,Rs./Quintal
Gujarat,Pulses,Guar Seed(Cluster Beans Seed),March-2025,742.63,Metric Tonnes,4571.48,Rs./Quintal
Gujarat,Pulses,Kabuli Chana(Chickpeas-White),March-2025,1658.30,Metric Tonnes,5897.05,Rs./Quintal
Gujarat,Pulses,Kulthi(Horse Gram),March-2025,9291.22,Metric Tonnes,5013.10,Rs./Quintal
Gujarat,Pulses,Mataki,March-2025,4.00,Metric Tonnes,4295.13,Rs./Quintal
Gujarat,Pulses,Moath Dal,March-2025,140.70,Metric Tonnes,7765.53,Rs./Quintal
Gujarat,Pulses,Peas(Dry),March-2025,0.10,Metric Tonnes,4375.00,Rs./Quintal
Gujarat,Pulses,Red gram split/Arhar dal/Tur dal,March-2025,1221.00,Metric Tonnes,6732.22,Rs./Quintal
Gujarat,Pulses,Red gram/Arhar/Tur(whole),March-2025,25622.01,Metric Tonnes,6814.49,Rs./Quintal
Gujarat,Pulses,Beans,April-2025,97.08,Metric Tonnes,5036.66,Rs./Quintal
Gujarat,Pulses,Bengal Gram(Gram)(Whole),April-2025,58960.53,Metric Tonnes,5410.59,Rs./Quintal
Gujarat,Pulses,Black Gram(Urd Beans)(Whole),April-2025,706.55,Metric Tonnes,6400.94,Rs./Quintal
Gujarat,Pulses,Cowpea(Lobia/Karamani),April-2025,0.19,Metric Tonnes,5644.74,Rs./Quintal
Gujarat,Pulses,Green Gram(Moong)(Whole),April-2025,597.71,Metric Tonnes,7514.03,Rs./Quintal
Gujarat,Pulses,Green Peas,April-2025,1.40,Metric Tonnes,3305.36,Rs./Quintal
Gujarat,Pulses,Guar Seed(Cluster Beans Seed),April-2025,372.58,Metric Tonnes,4663.86,Rs./Quintal
Gujarat,Pulses,Kabuli Chana(Chickpeas-White),April-2025,10877.84,Metric Tonnes,9168.56,Rs./Quintal
Gujarat,Pulses,Kulthi(Horse Gram),April-2025,5694.32,Metric Tonnes,5314.47,Rs./Quintal
Gujarat,Pulses,Mataki,April-2025,10.00,Metric Tonnes,4471.25,Rs./Quintal
Gujarat,Pulses,Moath Dal,April-2025,35.70,Metric Tonnes,7854.90,Rs./Quintal
Gujarat,Pulses,Peas(Dry),April-2025,0.10,Metric Tonnes,6500.00,Rs./Quintal
Gujarat,Pulses,Red gram split/Arhar dal/Tur dal,April-2025,862.70,Metric Tonnes,6525.73,Rs./Quintal
Gujarat,Pulses,Red gram/Arhar/Tur(whole),April-2025,16998.80,Metric Tonnes,6776.28,Rs./Quintal
Gujarat,Pulses,Alasande Gram,May-2025,248.56,Metric Tonnes,7707.18,Rs./Quintal
Gujarat,Pulses,Beans,May-2025,819.31,Metric Tonnes,7610.40,Rs./Quintal
Gujarat,Pulses,Bengal Gram(Gram)(Whole),May-2025,18780.32,Metric Tonnes,5323.77,Rs./Quintal
Gujarat,Pulses,Black Gram(Urd Beans)(Whole),May-2025,1490.80,Metric Tonnes,7099.36,Rs./Quintal
Gujarat,Pulses,Cowpea(Lobia/Karamani),May-2025,4.04,Metric Tonnes,6460.89,Rs./Quintal
Gujarat,Pulses,Green Gram(Moong)(Whole),May-2025,7579.93,Metric Tonnes,7842.41,Rs./Quintal
Gujarat,Pulses,Green Peas,May-2025,5.30,Metric Tonnes,3328.30,Rs./Quintal
Gujarat,Pulses,Guar Seed(Cluster Beans Seed),May-2025,1005.93,Metric Tonnes,5119.65,Rs./Quintal
Gujarat,Pulses,Kabuli Chana(Chickpeas-White),May-2025,1595.76,Metric Tonnes,7534.74,Rs./Quintal
Gujarat,Pulses,Kulthi(Horse Gram),May-2025,1014.30,Metric Tonnes,5167.63,Rs./Quintal
Gujarat,Pulses,Mataki,May-2025,0.90,Metric Tonnes,4217.78,Rs./Quintal
Gujarat,Pulses,Moath Dal,May-2025,2.00,Metric Tonnes,5522.50,Rs./Quintal
Gujarat,Pulses,Red gram split/Arhar dal/Tur dal,May-2025,149.10,Metric Tonnes,6222.06,Rs./Quintal
Gujarat,Pulses,Red gram/Arhar/Tur(whole),May-2025,7015.35,Metric Tonnes,6329.80,Rs./Quintal
Gujarat,Pulses,White Peas,May-2025,0.10,Metric Tonnes,2000.00,Rs./Quintal
Gujarat,Pulses,Alasande Gram,June-2025,192.76,Metric Tonnes,6648.19,Rs./Quintal
Gujarat,Pulses,Beans,June-2025,702.90,Metric Tonnes,6347.55,Rs./Quintal
Gujarat,Pulses,Bengal Gram(Gram)(Whole),June-2025,10094.86,Metric Tonnes,5377.09,Rs./Quintal
Gujarat,Pulses,Black Gram(Urd Beans)(Whole),June-2025,4406.10,Metric Tonnes,6870.95,Rs./Quintal
Gujarat,Pulses,Cowpea(Lobia/Karamani),June-2025,30.10,Metric Tonnes,5524.15,Rs./Quintal
Gujarat,Pulses,Green Gram(Moong)(Whole),June-2025,16342.81,Metric Tonnes,7106.76,Rs./Quintal
Gujarat,Pulses,Green Peas,June-2025,0.10,Metric Tonnes,3300.00,Rs./Quintal
Gujarat,Pulses,Guar Seed(Cluster Beans Seed),June-2025,1696.48,Metric Tonnes,4733.60,Rs./Quintal
Gujarat,Pulses,Kabuli Chana(Chickpeas-White),June-2025,372.32,Metric Tonnes,5906.06,Rs./Quintal
Gujarat,Pulses,Kulthi(Horse Gram),June-2025,220.77,Metric Tonnes,5175.29,Rs./Quintal
Gujarat,Pulses,Mataki,June-2025,0.50,Metric Tonnes,4020.00,Rs./Quintal
Gujarat,Pulses,Moath Dal,June-2025,4.80,Metric Tonnes,11812.50,Rs./Quintal
Gujarat,Pulses,Red gram split/Arhar dal/Tur dal,June-2025,39.42,Metric Tonnes,5790.28,Rs./Quintal
Gujarat,Pulses,Red gram/Arhar/Tur(whole),June-2025,3878.50,Metric Tonnes,5818.27,Rs./Quintal
Gujarat,Pulses,Alasande Gram,July-2025,67.28,Metric Tonnes,7208.23,Rs./Quintal
Gujarat,Pulses,Beans,July-2025,145.00,Metric Tonnes,6579.96,Rs./Quintal
Gujarat,Pulses,Bengal Gram(Gram)(Whole),July-2025,7442.30,Metric Tonnes,5594.54,Rs./Quintal
Gujarat,Pulses,Black Gram(Urd Beans)(Whole),July-2025,1984.55,Metric Tonnes,6844.55,Rs./Quintal
Gujarat,Pulses,Cowpea(Lobia/Karamani),July-2025,15.90,Metric Tonnes,5921.26,Rs./Quintal
Gujarat,Pulses,Green Gram Dal(Moong Dal),July-2025,149.20,Metric Tonnes,7250.00,Rs./Quintal
Gujarat,Pulses,Green Gram(Moong)(Whole),July-2025,7609.85,Metric Tonnes,7393.28,Rs./Quintal
Gujarat,Pulses,Green Peas,July-2025,1.40,Metric Tonnes,3207.14,Rs./Quintal
Gujarat,Pulses,Guar Seed(Cluster Beans Seed),July-2025,630.16,Metric Tonnes,4613.45,Rs./Quintal
Gujarat,Pulses,Kabuli Chana(Chickpeas-White),July-2025,80.79,Metric Tonnes,5784.48,Rs./Quintal
Gujarat,Pulses,Kulthi(Horse Gram),July-2025,846.47,Metric Tonnes,5591.79,Rs./Quintal
Gujarat,Pulses,Mataki,July-2025,0.70,Metric Tonnes,5267.14,Rs./Quintal
Gujarat,Pulses,Moath Dal,July-2025,0.40,Metric Tonnes,4200.00,Rs./Quintal
Gujarat,Pulses,Red gram split/Arhar dal/Tur dal,July-2025,19.90,Metric Tonnes,5766.91,Rs./Quintal
Gujarat,Pulses,Red gram/Arhar/Tur(whole),July-2025,3775.72,Metric Tonnes,6086.75,Rs./Quintal
Gujarat,Pulses,White Peas,July-2025,0.50,Metric Tonnes,5500.00,Rs./Quintal
Gujarat,Pulses,Alasande Gram,August-2025,0.60,Metric Tonnes,5500.00,Rs./Quintal
Gujarat,Pulses,Beans,August-2025,52.50,Metric Tonnes,5169.36,Rs./Quintal
Gujarat,Pulses,Bengal Gram(Gram)(Whole),August-2025,4725.33,Metric Tonnes,5728.99,Rs./Quintal
Gujarat,Pulses,Black Gram(Urd Beans)(Whole),August-2025,645.36,Metric Tonnes,7140.74,Rs./Quintal
Gujarat,Pulses,Cowpea(Lobia/Karamani),August-2025,0.30,Metric Tonnes,3760.00,Rs./Quintal
Gujarat,Pulses,Green Gram(Moong)(Whole),August-2025,2196.91,Metric Tonnes,7578.83,Rs./Quintal
Gujarat,Pulses,Green Peas,August-2025,0.50,Metric Tonnes,3068.00,Rs./Quintal
Gujarat,Pulses,Guar Seed(Cluster Beans Seed),August-2025,313.51,Metric Tonnes,4539.02,Rs./Quintal
Gujarat,Pulses,Kabuli Chana(Chickpeas-White),August-2025,55.00,Metric Tonnes,6099.87,Rs./Quintal
Gujarat,Pulses,Kulthi(Horse Gram),August-2025,423.59,Metric Tonnes,5580.77,Rs./Quintal
Gujarat,Pulses,Mataki,August-2025,0.20,Metric Tonnes,4965.00,Rs./Quintal
Gujarat,Pulses,Red gram split/Arhar dal/Tur dal,August-2025,11.50,Metric Tonnes,5865.43,Rs./Quintal
Gujarat,Pulses,Red gram/Arhar/Tur(whole),August-2025,2169.04,Metric Tonnes,6121.32,Rs./Quintal
Gujarat,Pulses,White Peas,August-2025,0.20,Metric Tonnes,3137.50,Rs./Quintal
Gujarat,Pulses,Beans,September-2025,63.10,Metric Tonnes,4863.95,Rs./Quintal
Gujarat,Pulses,Bengal Gram(Gram)(Whole),September-2025,5372.30,Metric Tonnes,5427.09,Rs./Quintal
Gujarat,Pulses,Black Gram(Urd Beans)(Whole),September-2025,2336.19,Metric Tonnes,6401.95,Rs./Quintal
Gujarat,Pulses,Cowpea(Lobia/Karamani),September-2025,2.30,Metric Tonnes,4641.09,Rs./Quintal
Gujarat,Pulses,Green Gram(Moong)(Whole),September-2025,1641.75,Metric Tonnes,7645.82,Rs./Quintal
Gujarat,Pulses,Green Peas,September-2025,3.30,Metric Tonnes,3000.00,Rs./Quintal
Gujarat,Pulses,Guar Seed(Cluster Beans Seed),September-2025,224.44,Metric Tonnes,4434.70,Rs./Quintal
Gujarat,Pulses,Kabuli Chana(Chickpeas-White),September-2025,30.92,Metric Tonnes,5469.19,Rs./Quintal
Gujarat,Pulses,Kulthi(Horse Gram),September-2025,588.24,Metric Tonnes,5311.71,Rs./Quintal
Gujarat,Pulses,Mataki,September-2025,0.30,Metric Tonnes,4521.67,Rs./Quintal
Gujarat,Pulses,Red gram split/Arhar dal/Tur dal,September-2025,13.10,Metric Tonnes,5599.85,Rs./Quintal
Gujarat,Pulses,Red gram/Arhar/Tur(whole),September-2025,3373.54,Metric Tonnes,5846.51,Rs./Quintal
Gujarat,Pulses,White Peas,September-2025,0.10,Metric Tonnes,2000.00,Rs./Quintal
Gujarat,Pulses,Beans,October-2025,27.65,Metric Tonnes,4487.09,Rs./Quintal
Gujarat,Pulses,Bengal Gram(Gram)(Whole),October-2025,3968.07,Metric Tonnes,5361.10,Rs./Quintal
Gujarat,Pulses,Black Gram(Urd Beans)(Whole),October-2025,9467.91,Metric Tonnes,6006.92,Rs./Quintal
Gujarat,Pulses,Cowpea(Lobia/Karamani),October-2025,5.60,Metric Tonnes,5630.36,Rs./Quintal
Gujarat,Pulses,Green Gram(Moong)(Whole),October-2025,1873.94,Metric Tonnes,6087.44,Rs./Quintal
Gujarat,Pulses,Guar Seed(Cluster Beans Seed),October-2025,146.47,Metric Tonnes,4318.07,Rs./Quintal
Gujarat,Pulses,Kabuli Chana(Chickpeas-White),October-2025,23.70,Metric Tonnes,5019.32,Rs./Quintal
Gujarat,Pulses,Kulthi(Horse Gram),October-2025,545.41,Metric Tonnes,5206.66,Rs./Quintal
Gujarat,Pulses,Mataki,October-2025,2.70,Metric Tonnes,5888.89,Rs./Quintal
Gujarat,Pulses,Red gram split/Arhar dal/Tur dal,October-2025,5.70,Metric Tonnes,5562.46,Rs./Quintal
Gujarat,Pulses,Red gram/Arhar/Tur(whole),October-2025,2687.71,Metric Tonnes,6144.49,Rs./Quintal
Gujarat,Pulses,White Peas,October-2025,0.10,Metric Tonnes,3625.00,Rs./Quintal
Gujarat,Pulses,Beans,November-2025,26.06,Metric Tonnes,4611.60,Rs./Quintal
Gujarat,Pulses,Bengal Gram(Gram)(Whole),November-2025,7760.38,Metric Tonnes,6076.79,Rs./Quintal
Gujarat,Pulses,Big Gram,November-2025,105.73,Metric Tonnes,5748.18,Rs./Quintal
Gujarat,Pulses,Black Gram Dal(Urd Dal),November-2025,116.14,Metric Tonnes,5366.57,Rs./Quintal
Gujarat,Pulses,Black Gram(Urd Beans)(Whole),November-2025,18712.67,Metric Tonnes,5878.11,Rs./Quintal
Gujarat,Pulses,Cowpea(Lobia/Karamani),November-2025,11.80,Metric Tonnes,5190.89,Rs./Quintal
Gujarat,Pulses,Green Gram(Moong)(Whole),November-2025,2969.35,Metric Tonnes,6172.29,Rs./Quintal
Gujarat,Pulses,Green Peas,November-2025,0.10,Metric Tonnes,3000.00,Rs./Quintal
Gujarat,Pulses,Guar Seed(Cluster Beans Seed),November-2025,2502.52,Metric Tonnes,4034.12,Rs./Quintal
Gujarat,Pulses,Kabuli Chana(Chickpeas-White),November-2025,388.00,Metric Tonnes,6007.57,Rs./Quintal
Gujarat,Pulses,Kulthi(Horse Gram),November-2025,849.16,Metric Tonnes,5201.03,Rs./Quintal
Gujarat,Pulses,Mataki,November-2025,463.00,Metric Tonnes,4353.96,Rs./Quintal
Gujarat,Pulses,Moath Dal,November-2025,10.00,Metric Tonnes,8440.00,Rs./Quintal
Gujarat,Pulses,Peas(Dry),November-2025,18.00,Metric Tonnes,7350.00,Rs./Quintal
Gujarat,Pulses,Red gram split/Arhar dal/Tur dal,November-2025,24.80,Metric Tonnes,5615.32,Rs./Quintal
Gujarat,Pulses,Red gram/Arhar/Tur(whole),November-2025,2268.18,Metric Tonnes,6335.18,Rs./Quintal
Gujarat,Pulses,White Peas,November-2025,31.70,Metric Tonnes,4313.44,Rs./Quintal
Gujarat,Pulses,Beans,December-2025,20.24,Metric Tonnes,4198.27,Rs./Quintal
Gujarat,Pulses,Bengal Gram(Gram)(Whole),December-2025,6565.90,Metric Tonnes,6086.35,Rs./Quintal
Gujarat,Pulses,Black Gram Dal(Urd Dal),December-2025,3.15,Metric Tonnes,4678.57,Rs./Quintal
Gujarat,Pulses,Black Gram(Urd Beans)(Whole),December-2025,8628.32,Metric Tonnes,6023.95,Rs./Quintal
Gujarat,Pulses,Cowpea(Lobia/Karamani),December-2025,6.70,Metric Tonnes,4897.84,Rs./Quintal
Gujarat,Pulses,Green Gram(Moong)(Whole),December-2025,2220.32,Metric Tonnes,7077.44,Rs./Quintal
Gujarat,Pulses,Guar Seed(Cluster Beans Seed),December-2025,8230.94,Metric Tonnes,4648.89,Rs./Quintal
Gujarat,Pulses,Kabuli Chana(Chickpeas-White),December-2025,372.41,Metric Tonnes,5500.02,Rs./Quintal
Gujarat,Pulses,Kulthi(Horse Gram),December-2025,503.88,Metric Tonnes,5105.52,Rs./Quintal
Gujarat,Pulses,Mataki,December-2025,18.20,Metric Tonnes,4711.26,Rs./Quintal
Gujarat,Pulses,Moath Dal,December-2025,1034.70,Metric Tonnes,8649.45,Rs./Quintal
Gujarat,Pulses,Red gram split/Arhar dal/Tur dal,December-2025,27.80,Metric Tonnes,5209.32,Rs./Quintal
Gujarat,Pulses,Red gram/Arhar/Tur(whole),December-2025,1651.59,Metric Tonnes,6037.55,Rs./Quintal
Gujarat,Pulses,White Peas,December-2025,77.70,Metric Tonnes,4289.77,Rs./Quintal
Haryana,Pulses,Bengal Gram(Gram)(Whole),January-2023,93.80,Metric Tonnes,4878.80,Rs./Quintal
Haryana,Pulses,Green Gram(Moong)(Whole),January-2023,3.00,Metric Tonnes,6790.00,Rs./Quintal
Haryana,Pulses,Green Peas,January-2023,39.60,Metric Tonnes,2467.85,Rs./Quintal
Haryana,Pulses,Guar Seed(Cluster Beans Seed),January-2023,5543.00,Metric Tonnes,5908.76,Rs./Quintal
Haryana,Pulses,Bengal Gram(Gram)(Whole),February-2023,2.00,Metric Tonnes,4648.00,Rs./Quintal
Haryana,Pulses,Green Peas,February-2023,58.52,Metric Tonnes,1989.61,Rs./Quintal
Haryana,Pulses,Guar Seed(Cluster Beans Seed),February-2023,6764.20,Metric Tonnes,5701.48,Rs./Quintal
Haryana,Pulses,Bengal Gram(Gram)(Whole),March-2023,25.00,Metric Tonnes,4967.54,Rs./Quintal
Haryana,Pulses,Green Peas,March-2023,9.62,Metric Tonnes,2039.19,Rs./Quintal
Haryana,Pulses,Guar Seed(Cluster Beans Seed),March-2023,3070.20,Metric Tonnes,5534.22,Rs./Quintal
Haryana,Pulses,Bengal Gram(Gram)(Whole),April-2023,179.80,Metric Tonnes,4689.34,Rs./Quintal
Haryana,Pulses,Green Peas,April-2023,4.95,Metric Tonnes,3045.45,Rs./Quintal
Haryana,Pulses,Guar Seed(Cluster Beans Seed),April-2023,9.50,Metric Tonnes,5200.00,Rs./Quintal
Haryana,Pulses,Bengal Gram Dal(Chana Dal),May-2023,9.90,Metric Tonnes,4224.24,Rs./Quintal
Haryana,Pulses,Bengal Gram(Gram)(Whole),May-2023,668.70,Metric Tonnes,4731.23,Rs./Quintal
Haryana,Pulses,Green Peas,May-2023,8.25,Metric Tonnes,2677.58,Rs./Quintal
Haryana,Pulses,Guar Seed(Cluster Beans Seed),May-2023,1491.20,Metric Tonnes,5391.91,Rs./Quintal
Haryana,Pulses,Bengal Gram(Gram)(Whole),June-2023,796.90,Metric Tonnes,4766.37,Rs./Quintal
Haryana,Pulses,Green Gram(Moong)(Whole),June-2023,15.00,Metric Tonnes,6069.00,Rs./Quintal
Haryana,Pulses,Green Peas,June-2023,11.92,Metric Tonnes,2105.54,Rs./Quintal
Haryana,Pulses,Guar Seed(Cluster Beans Seed),June-2023,3958.10,Metric Tonnes,5226.69,Rs./Quintal
Haryana,Pulses,Bengal Gram(Gram)(Whole),July-2023,327.90,Metric Tonnes,4781.68,Rs./Quintal
Haryana,Pulses,Green Gram(Moong)(Whole),July-2023,0.40,Metric Tonnes,6210.00,Rs./Quintal
Haryana,Pulses,Green Peas,July-2023,5.86,Metric Tonnes,2444.54,Rs./Quintal
Haryana,Pulses,Guar Seed(Cluster Beans Seed),July-2023,3736.80,Metric Tonnes,5505.44,Rs./Quintal
Haryana,Pulses,Bengal Gram(Gram)(Whole),August-2023,21.50,Metric Tonnes,5158.94,Rs./Quintal
Haryana,Pulses,Green Gram Dal(Moong Dal),August-2023,4.00,Metric Tonnes,6405.00,Rs./Quintal
Haryana,Pulses,Green Gram(Moong)(Whole),August-2023,3.70,Metric Tonnes,7000.00,Rs./Quintal
Haryana,Pulses,Green Peas,August-2023,14.08,Metric Tonnes,5872.59,Rs./Quintal
Haryana,Pulses,Guar Seed(Cluster Beans Seed),August-2023,6601.60,Metric Tonnes,5866.12,Rs./Quintal
Haryana,Pulses,Bengal Gram(Gram)(Whole),September-2023,56.00,Metric Tonnes,5766.83,Rs./Quintal
Haryana,Pulses,Green Gram Dal(Moong Dal),September-2023,0.20,Metric Tonnes,7895.00,Rs./Quintal
Haryana,Pulses,Green Gram(Moong)(Whole),September-2023,57.50,Metric Tonnes,8054.23,Rs./Quintal
Haryana,Pulses,Green Peas,September-2023,6.95,Metric Tonnes,6820.14,Rs./Quintal
Haryana,Pulses,Guar Seed(Cluster Beans Seed),September-2023,7848.05,Metric Tonnes,5640.56,Rs./Quintal
Haryana,Pulses,Bengal Gram(Gram)(Whole),October-2023,155.70,Metric Tonnes,6124.20,Rs./Quintal
Haryana,Pulses,Black Gram(Urd Beans)(Whole),October-2023,2.00,Metric Tonnes,5500.00,Rs./Quintal
Haryana,Pulses,Green Gram Dal(Moong Dal),October-2023,0.10,Metric Tonnes,7000.00,Rs./Quintal
Haryana,Pulses,Green Gram(Moong)(Whole),October-2023,11.20,Metric Tonnes,8000.00,Rs./Quintal
Haryana,Pulses,Green Peas,October-2023,2.56,Metric Tonnes,5906.25,Rs./Quintal
Haryana,Pulses,Guar Seed(Cluster Beans Seed),October-2023,7549.85,Metric Tonnes,5403.05,Rs./Quintal
Haryana,Pulses,Bengal Gram(Gram)(Whole),November-2023,84.10,Metric Tonnes,6203.62,Rs./Quintal
Haryana,Pulses,Green Gram(Moong)(Whole),November-2023,34.30,Metric Tonnes,7501.62,Rs./Quintal
Haryana,Pulses,Green Peas,November-2023,4.23,Metric Tonnes,4073.29,Rs./Quintal
Haryana,Pulses,Guar Seed(Cluster Beans Seed),November-2023,3965.90,Metric Tonnes,5405.12,Rs./Quintal
Haryana,Pulses,Bengal Gram(Gram)(Whole),December-2023,59.50,Metric Tonnes,6036.10,Rs./Quintal
Haryana,Pulses,Green Gram(Moong)(Whole),December-2023,0.90,Metric Tonnes,7500.00,Rs./Quintal
Haryana,Pulses,Green Peas,December-2023,22.81,Metric Tonnes,1845.55,Rs./Quintal
Haryana,Pulses,Guar Seed(Cluster Beans Seed),December-2023,5983.50,Metric Tonnes,5290.42,Rs./Quintal
Haryana,Pulses,Green Peas,January-2024,113.49,Metric Tonnes,2746.15,Rs./Quintal
Haryana,Pulses,Guar Seed(Cluster Beans Seed),January-2024,3587.40,Metric Tonnes,5293.21,Rs./Quintal
Haryana,Pulses,Green Peas,February-2024,94.49,Metric Tonnes,3190.63,Rs./Quintal
Haryana,Pulses,Guar Seed(Cluster Beans Seed),February-2024,4590.10,Metric Tonnes,5202.94,Rs./Quintal
Haryana,Pulses,Bengal Gram(Gram)(Whole),March-2024,488.85,Metric Tonnes,5523.15,Rs./Quintal
Haryana,Pulses,Chennangi Dal,March-2024,80.00,Metric Tonnes,4450.00,Rs./Quintal
Haryana,Pulses,Green Gram(Moong)(Whole),March-2024,6.00,Metric Tonnes,8500.00,Rs./Quintal
Haryana,Pulses,Green Peas,March-2024,52.18,Metric Tonnes,3224.51,Rs./Quintal
Haryana,Pulses,Guar Seed(Cluster Beans Seed),March-2024,3673.90,Metric Tonnes,5070.23,Rs./Quintal
Haryana,Pulses,Bengal Gram(Gram)(Whole),April-2024,74.70,Metric Tonnes,6200.00,Rs./Quintal
Haryana,Pulses,Green Peas,April-2024,7.73,Metric Tonnes,3191.46,Rs./Quintal
Haryana,Pulses,Guar Seed(Cluster Beans Seed),April-2024,577.00,Metric Tonnes,4912.53,Rs./Quintal
Haryana,Pulses,Bengal Gram(Gram)(Whole),May-2024,370.80,Metric Tonnes,6426.58,Rs./Quintal
Haryana,Pulses,Green Peas,May-2024,5.47,Metric Tonnes,3731.26,Rs./Quintal
Haryana,Pulses,Guar Seed(Cluster Beans Seed),May-2024,2081.07,Metric Tonnes,5228.99,Rs./Quintal
Haryana,Pulses,Peas(Dry),May-2024,3.74,Metric Tonnes,8740.64,Rs./Quintal
Haryana,Pulses,Bengal Gram(Gram)(Whole),June-2024,353.70,Metric Tonnes,6861.86,Rs./Quintal
Haryana,Pulses,Black Gram(Urd Beans)(Whole),June-2024,0.30,Metric Tonnes,6492.00,Rs./Quintal
Haryana,Pulses,Green Peas,June-2024,2.31,Metric Tonnes,4173.16,Rs./Quintal
Haryana,Pulses,Guar Seed(Cluster Beans Seed),June-2024,1813.00,Metric Tonnes,5105.33,Rs./Quintal
Haryana,Pulses,Peas(Dry),June-2024,5.70,Metric Tonnes,9026.32,Rs./Quintal
Haryana,Pulses,Bengal Gram(Gram)(Whole),July-2024,355.50,Metric Tonnes,6749.35,Rs./Quintal
Haryana,Pulses,Green Gram Dal(Moong Dal),July-2024,18.90,Metric Tonnes,7074.60,Rs./Quintal
Haryana,Pulses,Green Gram(Moong)(Whole),July-2024,101.25,Metric Tonnes,6414.71,Rs./Quintal
Haryana,Pulses,Green Peas,July-2024,2.12,Metric Tonnes,5179.25,Rs./Quintal
Haryana,Pulses,Guar Seed(Cluster Beans Seed),July-2024,1150.00,Metric Tonnes,4909.49,Rs./Quintal
Haryana,Pulses,Peas(Dry),July-2024,6.70,Metric Tonnes,9419.40,Rs./Quintal
Haryana,Pulses,Bengal Gram(Gram)(Whole),August-2024,149.20,Metric Tonnes,7043.94,Rs./Quintal
Haryana,Pulses,Green Gram Dal(Moong Dal),August-2024,0.80,Metric Tonnes,7099.00,Rs./Quintal
Haryana,Pulses,Green Gram(Moong)(Whole),August-2024,86.40,Metric Tonnes,6795.53,Rs./Quintal
Haryana,Pulses,Green Peas,August-2024,2.26,Metric Tonnes,4654.87,Rs./Quintal
Haryana,Pulses,Guar Seed(Cluster Beans Seed),August-2024,1428.00,Metric Tonnes,4898.93,Rs./Quintal
Haryana,Pulses,Peas(Dry),August-2024,10.10,Metric Tonnes,6836.63,Rs./Quintal
Haryana,Pulses,Black Gram(Urd Beans)(Whole),September-2024,7.00,Metric Tonnes,7200.00,Rs./Quintal
Haryana,Pulses,Green Gram(Moong)(Whole),September-2024,53.00,Metric Tonnes,6346.78,Rs./Quintal
Haryana,Pulses,Green Peas,September-2024,0.80,Metric Tonnes,4250.00,Rs./Quintal
Haryana,Pulses,Guar Seed(Cluster Beans Seed),September-2024,1840.00,Metric Tonnes,4981.89,Rs./Quintal
Haryana,Pulses,Peas(Dry),September-2024,7.70,Metric Tonnes,7858.44,Rs./Quintal
Haryana,Pulses,Bengal Gram(Gram)(Whole),October-2024,92.50,Metric Tonnes,7383.84,Rs./Quintal
Haryana,Pulses,Green Gram(Moong)(Whole),October-2024,133.40,Metric Tonnes,7401.46,Rs./Quintal
Haryana,Pulses,Green Peas,October-2024,1.31,Metric Tonnes,4473.28,Rs./Quintal
Haryana,Pulses,Guar Seed(Cluster Beans Seed),October-2024,3620.93,Metric Tonnes,5055.56,Rs./Quintal
Haryana,Pulses,Peas(Dry),October-2024,9.00,Metric Tonnes,11422.22,Rs./Quintal
Haryana,Pulses,Bengal Gram(Gram)(Whole),November-2024,109.20,Metric Tonnes,7195.19,Rs./Quintal
Haryana,Pulses,Green Gram(Moong)(Whole),November-2024,2083.10,Metric Tonnes,8668.02,Rs./Quintal
Haryana,Pulses,Green Peas,November-2024,3.34,Metric Tonnes,3590.72,Rs./Quintal
Haryana,Pulses,Guar Seed(Cluster Beans Seed),November-2024,4997.25,Metric Tonnes,4966.54,Rs./Quintal
Haryana,Pulses,Peas(Dry),November-2024,6.70,Metric Tonnes,10977.61,Rs./Quintal
Haryana,Pulses,Bengal Gram(Gram)(Whole),December-2024,101.80,Metric Tonnes,7179.20,Rs./Quintal
Haryana,Pulses,Green Gram(Moong)(Whole),December-2024,9.70,Metric Tonnes,6557.22,Rs./Quintal
Haryana,Pulses,Green Peas,December-2024,7.00,Metric Tonnes,3877.29,Rs./Quintal
Haryana,Pulses,Guar Seed(Cluster Beans Seed),December-2024,5364.23,Metric Tonnes,4902.03,Rs./Quintal
Haryana,Pulses,Peas(Dry),December-2024,17.20,Metric Tonnes,6758.72,Rs./Quintal
Haryana,Pulses,Bengal Gram(Gram)(Whole),January-2025,2.10,Metric Tonnes,5824.10,Rs./Quintal
Haryana,Pulses,Green Peas,January-2025,18.86,Metric Tonnes,2696.45,Rs./Quintal
Haryana,Pulses,Guar Seed(Cluster Beans Seed),January-2025,2713.63,Metric Tonnes,5176.38,Rs./Quintal
Haryana,Pulses,Peas(Dry),January-2025,59.70,Metric Tonnes,3762.14,Rs./Quintal
Haryana,Pulses,Bengal Gram(Gram)(Whole),February-2025,3.50,Metric Tonnes,5656.54,Rs./Quintal
Haryana,Pulses,Green Peas,February-2025,65.83,Metric Tonnes,2013.52,Rs./Quintal
Haryana,Pulses,Guar Seed(Cluster Beans Seed),February-2025,2503.91,Metric Tonnes,5163.31,Rs./Quintal
Haryana,Pulses,Peas(Dry),February-2025,55.00,Metric Tonnes,2553.82,Rs./Quintal
Haryana,Pulses,Bengal Gram(Gram)(Whole),March-2025,468.80,Metric Tonnes,5431.34,Rs./Quintal
Haryana,Pulses,Green Gram(Moong)(Whole),March-2025,7.60,Metric Tonnes,7184.47,Rs./Quintal
Haryana,Pulses,Green Peas,March-2025,20.79,Metric Tonnes,2199.76,Rs./Quintal
Haryana,Pulses,Guar Seed(Cluster Beans Seed),March-2025,5042.48,Metric Tonnes,5139.87,Rs./Quintal
Haryana,Pulses,Peas(Dry),March-2025,21.30,Metric Tonnes,4683.57,Rs./Quintal
Haryana,Pulses,Bengal Gram Dal(Chana Dal),April-2025,21.80,Metric Tonnes,5650.00,Rs./Quintal
Haryana,Pulses,Bengal Gram(Gram)(Whole),April-2025,255.50,Metric Tonnes,5572.63,Rs./Quintal
Haryana,Pulses,Black Gram(Urd Beans)(Whole),April-2025,53.00,Metric Tonnes,5800.00,Rs./Quintal
Haryana,Pulses,Green Peas,April-2025,11.92,Metric Tonnes,2406.88,Rs./Quintal
Haryana,Pulses,Guar Seed(Cluster Beans Seed),April-2025,1065.84,Metric Tonnes,5124.82,Rs./Quintal
Haryana,Pulses,Peas(Dry),April-2025,6.70,Metric Tonnes,7604.48,Rs./Quintal
Haryana,Pulses,Bengal Gram(Gram)(Whole),May-2025,304.30,Metric Tonnes,5563.01,Rs./Quintal
Haryana,Pulses,Green Peas,May-2025,6.36,Metric Tonnes,2727.20,Rs./Quintal
Haryana,Pulses,Guar Seed(Cluster Beans Seed),May-2025,1538.77,Metric Tonnes,5065.82,Rs./Quintal
Haryana,Pulses,Peas(Dry),May-2025,6.12,Metric Tonnes,7695.82,Rs./Quintal
Haryana,Pulses,Bengal Gram(Gram)(Whole),June-2025,802.80,Metric Tonnes,5470.95,Rs./Quintal
Haryana,Pulses,Green Gram Dal(Moong Dal),June-2025,11.90,Metric Tonnes,6421.87,Rs./Quintal
Haryana,Pulses,Green Gram(Moong)(Whole),June-2025,1166.50,Metric Tonnes,5651.74,Rs./Quintal
Haryana,Pulses,Green Peas,June-2025,3.84,Metric Tonnes,2677.08,Rs./Quintal
Haryana,Pulses,Guar Seed(Cluster Beans Seed),June-2025,1627.38,Metric Tonnes,5056.20,Rs./Quintal
Haryana,Pulses,Peas(Dry),June-2025,4.40,Metric Tonnes,7568.18,Rs./Quintal
Haryana,Pulses,Bengal Gram(Gram)(Whole),July-2025,557.50,Metric Tonnes,5658.16,Rs./Quintal
Haryana,Pulses,Green Gram Dal(Moong Dal),July-2025,315.20,Metric Tonnes,5863.12,Rs./Quintal
Haryana,Pulses,Green Gram(Moong)(Whole),July-2025,3992.40,Metric Tonnes,5485.98,Rs./Quintal
Haryana,Pulses,Green Peas,July-2025,1.66,Metric Tonnes,3144.58,Rs./Quintal
Haryana,Pulses,Guar Seed(Cluster Beans Seed),July-2025,1599.35,Metric Tonnes,5133.38,Rs./Quintal
Haryana,Pulses,Peas(Dry),July-2025,5.40,Metric Tonnes,7888.89,Rs./Quintal
Haryana,Pulses,Bengal Gram(Gram)(Whole),August-2025,295.20,Metric Tonnes,5857.42,Rs./Quintal
Haryana,Pulses,Green Gram Dal(Moong Dal),August-2025,174.60,Metric Tonnes,5471.98,Rs./Quintal
Haryana,Pulses,Green Gram(Moong)(Whole),August-2025,710.50,Metric Tonnes,5551.18,Rs./Quintal
Haryana,Pulses,Green Peas,August-2025,0.98,Metric Tonnes,4632.65,Rs./Quintal
Haryana,Pulses,Guar Seed(Cluster Beans Seed),August-2025,1386.06,Metric Tonnes,5029.62,Rs./Quintal
Haryana,Pulses,Peas(Dry),August-2025,5.00,Metric Tonnes,7780.00,Rs./Quintal
Haryana,Pulses,Bengal Gram Dal(Chana Dal),September-2025,12.80,Metric Tonnes,5550.00,Rs./Quintal
Haryana,Pulses,Bengal Gram(Gram)(Whole),September-2025,119.90,Metric Tonnes,5676.94,Rs./Quintal
Haryana,Pulses,Green Gram Dal(Moong Dal),September-2025,142.10,Metric Tonnes,5309.06,Rs./Quintal
Haryana,Pulses,Green Gram(Moong)(Whole),September-2025,955.90,Metric Tonnes,5148.15,Rs./Quintal
Haryana,Pulses,Green Peas,September-2025,1.02,Metric Tonnes,3490.20,Rs./Quintal
Haryana,Pulses,Guar Seed(Cluster Beans Seed),September-2025,1509.66,Metric Tonnes,4860.26,Rs./Quintal
Haryana,Pulses,Peas(Dry),September-2025,5.30,Metric Tonnes,7283.02,Rs./Quintal
Haryana,Pulses,Bengal Gram(Gram)(Whole),October-2025,127.80,Metric Tonnes,5741.21,Rs./Quintal
Haryana,Pulses,Green Gram Dal(Moong Dal),October-2025,65.10,Metric Tonnes,5935.48,Rs./Quintal
Haryana,Pulses,Green Gram(Moong)(Whole),October-2025,421.50,Metric Tonnes,4973.06,Rs./Quintal
Haryana,Pulses,Green Peas,October-2025,0.50,Metric Tonnes,2600.00,Rs./Quintal
Haryana,Pulses,Guar Seed(Cluster Beans Seed),October-2025,423.96,Metric Tonnes,4628.15,Rs./Quintal
Haryana,Pulses,Peas(Dry),October-2025,5.00,Metric Tonnes,7600.00,Rs./Quintal
Haryana,Pulses,Bengal Gram(Gram)(Whole),November-2025,21.22,Metric Tonnes,5445.70,Rs./Quintal
Haryana,Pulses,Green Gram(Moong)(Whole),November-2025,371.80,Metric Tonnes,4843.35,Rs./Quintal
Haryana,Pulses,Green Peas,November-2025,0.20,Metric Tonnes,3500.00,Rs./Quintal
Haryana,Pulses,Guar Seed(Cluster Beans Seed),November-2025,5892.24,Metric Tonnes,4129.69,Rs./Quintal
Haryana,Pulses,Peas(Dry),November-2025,0.80,Metric Tonnes,7250.00,Rs./Quintal
Haryana,Pulses,Bengal Gram(Gram)(Whole),December-2025,235.20,Metric Tonnes,5082.99,Rs./Quintal
Haryana,Pulses,Green Gram(Moong)(Whole),December-2025,248.20,Metric Tonnes,5621.48,Rs./Quintal
Haryana,Pulses,Guar Seed(Cluster Beans Seed),December-2025,5115.14,Metric Tonnes,4318.66,Rs./Quintal
Haryana,Pulses,Peas(Dry),December-2025,4.60,Metric Tonnes,6054.35,Rs./Quintal
Karnataka,Pulses,Alasande Gram,January-2023,591.00,Metric Tonnes,6622.19,Rs./Quintal
Karnataka,Pulses,Avare Dal,January-2023,91.00,Metric Tonnes,9222.85,Rs./Quintal
Karnataka,Pulses,Beans,January-2023,3984.00,Metric Tonnes,2265.59,Rs./Quintal
Karnataka,Pulses,Bengal Gram Dal(Chana Dal),January-2023,2463.00,Metric Tonnes,6412.32,Rs./Quintal
Karnataka,Pulses,Bengal Gram(Gram)(Whole),January-2023,4783.00,Metric Tonnes,4968.47,Rs./Quintal
Karnataka,Pulses,Black Gram Dal(Urd Dal),January-2023,2885.00,Metric Tonnes,10879.22,Rs./Quintal
Karnataka,Pulses,Black Gram(Urd Beans)(Whole),January-2023,894.00,Metric Tonnes,7303.71,Rs./Quintal
Karnataka,Pulses,Chennangi Dal,January-2023,922.00,Metric Tonnes,8173.26,Rs./Quintal
Karnataka,Pulses,Cowpea(Lobia/Karamani),January-2023,266.00,Metric Tonnes,6826.57,Rs./Quintal
Karnataka,Pulses,Green Gram Dal(Moong Dal),January-2023,2763.00,Metric Tonnes,9989.14,Rs./Quintal
Karnataka,Pulses,Green Gram(Moong)(Whole),January-2023,2565.00,Metric Tonnes,8071.18,Rs./Quintal
Karnataka,Pulses,Green Peas,January-2023,1472.00,Metric Tonnes,6556.96,Rs./Quintal
Karnataka,Pulses,Kulthi(Horse Gram),January-2023,1293.00,Metric Tonnes,5377.01,Rs./Quintal
Karnataka,Pulses,Mataki,January-2023,1.00,Metric Tonnes,5720.00,Rs./Quintal
Karnataka,Pulses,Moath Dal,January-2023,102.00,Metric Tonnes,8818.63,Rs./Quintal
Karnataka,Pulses,Red gram split/Arhar dal/Tur dal,January-2023,5241.00,Metric Tonnes,10460.83,Rs./Quintal
Karnataka,Pulses,Red gram/Arhar/Tur(whole),January-2023,43610.00,Metric Tonnes,6993.39,Rs./Quintal
Karnataka,Pulses,Alasande Gram,February-2023,1289.00,Metric Tonnes,6612.59,Rs./Quintal
Karnataka,Pulses,Avare Dal,February-2023,309.00,Metric Tonnes,10417.75,Rs./Quintal
Karnataka,Pulses,Beans,February-2023,4052.00,Metric Tonnes,3082.97,Rs./Quintal
Karnataka,Pulses,Bengal Gram Dal(Chana Dal),February-2023,2188.00,Metric Tonnes,6346.76,Rs./Quintal
Karnataka,Pulses,Bengal Gram(Gram)(Whole),February-2023,38722.00,Metric Tonnes,4758.31,Rs./Quintal
Karnataka,Pulses,Black Gram Dal(Urd Dal),February-2023,3190.00,Metric Tonnes,10533.32,Rs./Quintal
Karnataka,Pulses,Black Gram(Urd Beans)(Whole),February-2023,858.00,Metric Tonnes,7524.84,Rs./Quintal
Karnataka,Pulses,Chennangi Dal,February-2023,812.00,Metric Tonnes,7961.58,Rs./Quintal
Karnataka,Pulses,Cowpea(Lobia/Karamani),February-2023,160.00,Metric Tonnes,6625.13,Rs./Quintal
Karnataka,Pulses,Green Gram Dal(Moong Dal),February-2023,1774.00,Metric Tonnes,10230.86,Rs./Quintal
Karnataka,Pulses,Green Gram(Moong)(Whole),February-2023,1356.00,Metric Tonnes,8342.32,Rs./Quintal
Karnataka,Pulses,Green Peas,February-2023,1604.00,Metric Tonnes,7409.55,Rs./Quintal
Karnataka,Pulses,Kulthi(Horse Gram),February-2023,761.00,Metric Tonnes,5997.19,Rs./Quintal
Karnataka,Pulses,Mataki,February-2023,18.00,Metric Tonnes,10019.72,Rs./Quintal
Karnataka,Pulses,Moath Dal,February-2023,28.00,Metric Tonnes,8900.00,Rs./Quintal
Karnataka,Pulses,Red gram split/Arhar dal/Tur dal,February-2023,7626.00,Metric Tonnes,10482.77,Rs./Quintal
Karnataka,Pulses,Red gram/Arhar/Tur(whole),February-2023,39282.00,Metric Tonnes,7371.03,Rs./Quintal
Karnataka,Pulses,Alasande Gram,March-2023,1830.00,Metric Tonnes,5974.19,Rs./Quintal
Karnataka,Pulses,Avare Dal,March-2023,364.00,Metric Tonnes,10324.14,Rs./Quintal
Karnataka,Pulses,Beans,March-2023,4141.00,Metric Tonnes,4655.54,Rs./Quintal
Karnataka,Pulses,Bengal Gram Dal(Chana Dal),March-2023,3462.00,Metric Tonnes,6466.45,Rs./Quintal
Karnataka,Pulses,Bengal Gram(Gram)(Whole),March-2023,30855.00,Metric Tonnes,4823.03,Rs./Quintal
Karnataka,Pulses,Black Gram Dal(Urd Dal),March-2023,3102.00,Metric Tonnes,10786.46,Rs./Quintal
Karnataka,Pulses,Black Gram(Urd Beans)(Whole),March-2023,934.00,Metric Tonnes,8641.52,Rs./Quintal
Karnataka,Pulses,Bullar,March-2023,5.00,Metric Tonnes,2700.00,Rs./Quintal
Karnataka,Pulses,Chennangi Dal,March-2023,1196.00,Metric Tonnes,7953.51,Rs./Quintal
Karnataka,Pulses,Cowpea(Lobia/Karamani),March-2023,315.00,Metric Tonnes,6361.10,Rs./Quintal
Karnataka,Pulses,Green Gram Dal(Moong Dal),March-2023,2401.00,Metric Tonnes,10242.00,Rs./Quintal
Karnataka,Pulses,Green Gram(Moong)(Whole),March-2023,2205.00,Metric Tonnes,8922.02,Rs./Quintal
Karnataka,Pulses,Green Peas,March-2023,2424.00,Metric Tonnes,5282.86,Rs./Quintal
Karnataka,Pulses,Kulthi(Horse Gram),March-2023,328.00,Metric Tonnes,5818.84,Rs./Quintal
Karnataka,Pulses,Mataki,March-2023,49.00,Metric Tonnes,9286.45,Rs./Quintal
Karnataka,Pulses,Moath Dal,March-2023,12.00,Metric Tonnes,9479.17,Rs./Quintal
Karnataka,Pulses,Red gram split/Arhar dal/Tur dal,March-2023,7023.00,Metric Tonnes,11286.59,Rs./Quintal
Karnataka,Pulses,Red gram/Arhar/Tur(whole),March-2023,19474.00,Metric Tonnes,8021.51,Rs./Quintal
Karnataka,Pulses,Alasande Gram,April-2023,788.00,Metric Tonnes,6463.51,Rs./Quintal
Karnataka,Pulses,Avare Dal,April-2023,198.00,Metric Tonnes,10950.61,Rs./Quintal
Karnataka,Pulses,Beans,April-2023,1546.00,Metric Tonnes,6301.41,Rs./Quintal
Karnataka,Pulses,Bengal Gram Dal(Chana Dal),April-2023,2236.00,Metric Tonnes,6694.90,Rs./Quintal
Karnataka,Pulses,Bengal Gram(Gram)(Whole),April-2023,11746.00,Metric Tonnes,4946.71,Rs./Quintal
Karnataka,Pulses,Black Gram Dal(Urd Dal),April-2023,2138.00,Metric Tonnes,11167.76,Rs./Quintal
Karnataka,Pulses,Black Gram(Urd Beans)(Whole),April-2023,358.00,Metric Tonnes,8730.41,Rs./Quintal
Karnataka,Pulses,Chennangi Dal,April-2023,820.00,Metric Tonnes,8105.30,Rs./Quintal
Karnataka,Pulses,Cowpea(Lobia/Karamani),April-2023,348.00,Metric Tonnes,6843.48,Rs./Quintal
Karnataka,Pulses,Green Gram Dal(Moong Dal),April-2023,1887.00,Metric Tonnes,10804.26,Rs./Quintal
Karnataka,Pulses,Green Gram(Moong)(Whole),April-2023,1407.00,Metric Tonnes,9450.38,Rs./Quintal
Karnataka,Pulses,Green Peas,April-2023,935.00,Metric Tonnes,6253.53,Rs./Quintal
Karnataka,Pulses,Kulthi(Horse Gram),April-2023,246.00,Metric Tonnes,6215.69,Rs./Quintal
Karnataka,Pulses,Mataki,April-2023,27.00,Metric Tonnes,8574.63,Rs./Quintal
Karnataka,Pulses,Moath Dal,April-2023,24.00,Metric Tonnes,8866.67,Rs./Quintal
Karnataka,Pulses,Red gram split/Arhar dal/Tur dal,April-2023,3726.00,Metric Tonnes,11726.26,Rs./Quintal
Karnataka,Pulses,Red gram/Arhar/Tur(whole),April-2023,10249.00,Metric Tonnes,8219.24,Rs./Quintal
Karnataka,Pulses,Alasande Gram,May-2023,559.00,Metric Tonnes,7264.06,Rs./Quintal
Karnataka,Pulses,Avare Dal,May-2023,106.00,Metric Tonnes,10744.53,Rs./Quintal
Karnataka,Pulses,Beans,May-2023,1638.00,Metric Tonnes,6289.51,Rs./Quintal
Karnataka,Pulses,Bengal Gram Dal(Chana Dal),May-2023,2342.00,Metric Tonnes,6513.93,Rs./Quintal
Karnataka,Pulses,Bengal Gram(Gram)(Whole),May-2023,7020.00,Metric Tonnes,5084.39,Rs./Quintal
Karnataka,Pulses,Black Gram Dal(Urd Dal),May-2023,2941.00,Metric Tonnes,11179.35,Rs./Quintal
Karnataka,Pulses,Black Gram(Urd Beans)(Whole),May-2023,395.00,Metric Tonnes,9269.69,Rs./Quintal
Karnataka,Pulses,Chennangi Dal,May-2023,1114.00,Metric Tonnes,7651.26,Rs./Quintal
Karnataka,Pulses,Cowpea(Lobia/Karamani),May-2023,221.00,Metric Tonnes,6882.54,Rs./Quintal
Karnataka,Pulses,Green Gram Dal(Moong Dal),May-2023,1594.00,Metric Tonnes,10708.78,Rs./Quintal
Karnataka,Pulses,Green Gram(Moong)(Whole),May-2023,1330.00,Metric Tonnes,9743.19,Rs./Quintal
Karnataka,Pulses,Green Peas,May-2023,1222.00,Metric Tonnes,7988.34,Rs./Quintal
Karnataka,Pulses,Kulthi(Horse Gram),May-2023,273.00,Metric Tonnes,6341.41,Rs./Quintal
Karnataka,Pulses,Mataki,May-2023,9.00,Metric Tonnes,8462.22,Rs./Quintal
Karnataka,Pulses,Moath Dal,May-2023,13.00,Metric Tonnes,9292.31,Rs./Quintal
Karnataka,Pulses,Red gram split/Arhar dal/Tur dal,May-2023,7137.00,Metric Tonnes,11925.33,Rs./Quintal
Karnataka,Pulses,Red gram/Arhar/Tur(whole),May-2023,9904.00,Metric Tonnes,9176.35,Rs./Quintal
Karnataka,Pulses,Alasande Gram,June-2023,295.00,Metric Tonnes,7895.95,Rs./Quintal
Karnataka,Pulses,Avare Dal,June-2023,99.00,Metric Tonnes,12782.67,Rs./Quintal
Karnataka,Pulses,Beans,June-2023,1485.00,Metric Tonnes,6658.32,Rs./Quintal
Karnataka,Pulses,Bengal Gram Dal(Chana Dal),June-2023,1609.00,Metric Tonnes,6575.86,Rs./Quintal
Karnataka,Pulses,Bengal Gram(Gram)(Whole),June-2023,3859.00,Metric Tonnes,5363.07,Rs./Quintal
Karnataka,Pulses,Black Gram Dal(Urd Dal),June-2023,3223.00,Metric Tonnes,12130.90,Rs./Quintal
Karnataka,Pulses,Black Gram(Urd Beans)(Whole),June-2023,510.00,Metric Tonnes,9576.16,Rs./Quintal
Karnataka,Pulses,Bullar,June-2023,74.00,Metric Tonnes,4743.24,Rs./Quintal
Karnataka,Pulses,Chennangi Dal,June-2023,1128.00,Metric Tonnes,7785.28,Rs./Quintal
Karnataka,Pulses,Cowpea(Lobia/Karamani),June-2023,35.00,Metric Tonnes,6792.94,Rs./Quintal
Karnataka,Pulses,Green Gram Dal(Moong Dal),June-2023,2175.00,Metric Tonnes,10651.15,Rs./Quintal
Karnataka,Pulses,Green Gram(Moong)(Whole),June-2023,1544.00,Metric Tonnes,10086.88,Rs./Quintal
Karnataka,Pulses,Green Peas,June-2023,1085.00,Metric Tonnes,7670.74,Rs./Quintal
Karnataka,Pulses,Kulthi(Horse Gram),June-2023,346.00,Metric Tonnes,6951.90,Rs./Quintal
Karnataka,Pulses,Mataki,June-2023,4.00,Metric Tonnes,7562.75,Rs./Quintal
Karnataka,Pulses,Moath Dal,June-2023,25.00,Metric Tonnes,9122.00,Rs./Quintal
Karnataka,Pulses,Red gram split/Arhar dal/Tur dal,June-2023,4915.00,Metric Tonnes,13607.16,Rs./Quintal
Karnataka,Pulses,Red gram/Arhar/Tur(whole),June-2023,9451.00,Metric Tonnes,9980.17,Rs./Quintal
Karnataka,Pulses,Alasande Gram,July-2023,261.00,Metric Tonnes,8341.13,Rs./Quintal
Karnataka,Pulses,Avare Dal,July-2023,98.00,Metric Tonnes,13761.66,Rs./Quintal
Karnataka,Pulses,Beans,July-2023,1701.00,Metric Tonnes,5698.96,Rs./Quintal
Karnataka,Pulses,Bengal Gram Dal(Chana Dal),July-2023,2061.00,Metric Tonnes,6495.69,Rs./Quintal
Karnataka,Pulses,Bengal Gram(Gram)(Whole),July-2023,3248.00,Metric Tonnes,5466.06,Rs./Quintal
Karnataka,Pulses,Black Gram Dal(Urd Dal),July-2023,1675.00,Metric Tonnes,12073.40,Rs./Quintal
Karnataka,Pulses,Black Gram(Urd Beans)(Whole),July-2023,392.00,Metric Tonnes,9720.26,Rs./Quintal
Karnataka,Pulses,Chennangi Dal,July-2023,780.00,Metric Tonnes,7497.95,Rs./Quintal
Karnataka,Pulses,Cowpea(Lobia/Karamani),July-2023,139.00,Metric Tonnes,7906.42,Rs./Quintal
Karnataka,Pulses,Green Gram Dal(Moong Dal),July-2023,1745.00,Metric Tonnes,10580.33,Rs./Quintal
Karnataka,Pulses,Green Gram(Moong)(Whole),July-2023,1214.00,Metric Tonnes,10382.96,Rs./Quintal
Karnataka,Pulses,Green Peas,July-2023,1409.00,Metric Tonnes,8178.78,Rs./Quintal
Karnataka,Pulses,Kulthi(Horse Gram),July-2023,308.00,Metric Tonnes,7231.94,Rs./Quintal
Karnataka,Pulses,Mataki,July-2023,2.00,Metric Tonnes,5107.50,Rs./Quintal
Karnataka,Pulses,Moath Dal,July-2023,13.00,Metric Tonnes,8826.92,Rs./Quintal
Karnataka,Pulses,Red gram split/Arhar dal/Tur dal,July-2023,2642.00,Metric Tonnes,13480.69,Rs./Quintal
Karnataka,Pulses,Red gram/Arhar/Tur(whole),July-2023,6194.00,Metric Tonnes,9924.59,Rs./Quintal
Karnataka,Pulses,Alasande Gram,August-2023,561.00,Metric Tonnes,9070.18,Rs./Quintal
Karnataka,Pulses,Avare Dal,August-2023,88.00,Metric Tonnes,13700.57,Rs./Quintal
Karnataka,Pulses,Beans,August-2023,2263.00,Metric Tonnes,4027.86,Rs./Quintal
Karnataka,Pulses,Bengal Gram Dal(Chana Dal),August-2023,3461.00,Metric Tonnes,7162.15,Rs./Quintal
Karnataka,Pulses,Bengal Gram(Gram)(Whole),August-2023,2869.00,Metric Tonnes,6083.04,Rs./Quintal
Karnataka,Pulses,Black Gram Dal(Urd Dal),August-2023,2621.00,Metric Tonnes,12153.52,Rs./Quintal
Karnataka,Pulses,Black Gram(Urd Beans)(Whole),August-2023,1082.00,Metric Tonnes,8042.92,Rs./Quintal
Karnataka,Pulses,Chennangi Dal,August-2023,1469.00,Metric Tonnes,7529.14,Rs./Quintal
Karnataka,Pulses,Cowpea(Lobia/Karamani),August-2023,255.00,Metric Tonnes,8560.27,Rs./Quintal
Karnataka,Pulses,Green Gram Dal(Moong Dal),August-2023,2089.00,Metric Tonnes,10542.53,Rs./Quintal
Karnataka,Pulses,Green Gram(Moong)(Whole),August-2023,13401.00,Metric Tonnes,9780.40,Rs./Quintal
Karnataka,Pulses,Green Peas,August-2023,1794.00,Metric Tonnes,8566.42,Rs./Quintal
Karnataka,Pulses,Kulthi(Horse Gram),August-2023,210.00,Metric Tonnes,8038.81,Rs./Quintal
Karnataka,Pulses,Mataki,August-2023,1.00,Metric Tonnes,10508.00,Rs./Quintal
Karnataka,Pulses,Moath Dal,August-2023,38.00,Metric Tonnes,9202.63,Rs./Quintal
Karnataka,Pulses,Red gram split/Arhar dal/Tur dal,August-2023,6046.00,Metric Tonnes,13626.23,Rs./Quintal
Karnataka,Pulses,Red gram/Arhar/Tur(whole),August-2023,3042.00,Metric Tonnes,10815.25,Rs./Quintal
Karnataka,Pulses,Alasande Gram,September-2023,408.00,Metric Tonnes,9049.35,Rs./Quintal
Karnataka,Pulses,Avare Dal,September-2023,73.00,Metric Tonnes,13117.12,Rs./Quintal
Karnataka,Pulses,Beans,September-2023,1863.00,Metric Tonnes,3872.26,Rs./Quintal
Karnataka,Pulses,Bengal Gram Dal(Chana Dal),September-2023,1754.00,Metric Tonnes,7782.96,Rs./Quintal
Karnataka,Pulses,Bengal Gram(Gram)(Whole),September-2023,1566.00,Metric Tonnes,6776.12,Rs./Quintal
Karnataka,Pulses,Black Gram Dal(Urd Dal),September-2023,1663.00,Metric Tonnes,12549.46,Rs./Quintal
Karnataka,Pulses,Black Gram(Urd Beans)(Whole),September-2023,3560.00,Metric Tonnes,8869.96,Rs./Quintal
Karnataka,Pulses,Chennangi Dal,September-2023,475.00,Metric Tonnes,8006.00,Rs./Quintal
Karnataka,Pulses,Cowpea(Lobia/Karamani),September-2023,99.00,Metric Tonnes,8468.76,Rs./Quintal
Karnataka,Pulses,Green Gram Dal(Moong Dal),September-2023,1652.00,Metric Tonnes,10854.15,Rs./Quintal
Karnataka,Pulses,Green Gram(Moong)(Whole),September-2023,14781.00,Metric Tonnes,9821.49,Rs./Quintal
Karnataka,Pulses,Green Peas,September-2023,953.00,Metric Tonnes,9367.89,Rs./Quintal
Karnataka,Pulses,Kulthi(Horse Gram),September-2023,97.00,Metric Tonnes,8824.35,Rs./Quintal
Karnataka,Pulses,Mataki,September-2023,1.00,Metric Tonnes,7200.00,Rs./Quintal
Karnataka,Pulses,Moath Dal,September-2023,11.00,Metric Tonnes,12500.00,Rs./Quintal
Karnataka,Pulses,Red gram split/Arhar dal/Tur dal,September-2023,2902.00,Metric Tonnes,15050.86,Rs./Quintal
Karnataka,Pulses,Red gram/Arhar/Tur(whole),September-2023,1552.00,Metric Tonnes,11722.45,Rs./Quintal
Karnataka,Pulses,Alasande Gram,October-2023,361.00,Metric Tonnes,9711.28,Rs./Quintal
Karnataka,Pulses,Avare Dal,October-2023,80.00,Metric Tonnes,14765.63,Rs./Quintal
Karnataka,Pulses,Beans,October-2023,1788.00,Metric Tonnes,4814.44,Rs./Quintal
Karnataka,Pulses,Bengal Gram Dal(Chana Dal),October-2023,2041.00,Metric Tonnes,8127.18,Rs./Quintal
Karnataka,Pulses,Bengal Gram(Gram)(Whole),October-2023,2289.00,Metric Tonnes,6525.83,Rs./Quintal
Karnataka,Pulses,Black Gram Dal(Urd Dal),October-2023,2681.00,Metric Tonnes,13390.02,Rs./Quintal
Karnataka,Pulses,Black Gram(Urd Beans)(Whole),October-2023,3454.00,Metric Tonnes,8531.02,Rs./Quintal
Karnataka,Pulses,Chennangi Dal,October-2023,1154.00,Metric Tonnes,8109.32,Rs./Quintal
Karnataka,Pulses,Cowpea(Lobia/Karamani),October-2023,82.00,Metric Tonnes,8086.30,Rs./Quintal
Karnataka,Pulses,Green Gram Dal(Moong Dal),October-2023,1124.00,Metric Tonnes,12325.09,Rs./Quintal
Karnataka,Pulses,Green Gram(Moong)(Whole),October-2023,6508.00,Metric Tonnes,8921.49,Rs./Quintal
Karnataka,Pulses,Green Peas,October-2023,955.00,Metric Tonnes,9977.38,Rs./Quintal
Karnataka,Pulses,Kulthi(Horse Gram),October-2023,210.00,Metric Tonnes,8248.61,Rs./Quintal
Karnataka,Pulses,Moath Dal,October-2023,11.00,Metric Tonnes,10100.00,Rs./Quintal
Karnataka,Pulses,Red gram split/Arhar dal/Tur dal,October-2023,3798.00,Metric Tonnes,18396.06,Rs./Quintal
Karnataka,Pulses,Red gram/Arhar/Tur(whole),October-2023,1418.00,Metric Tonnes,11585.73,Rs./Quintal
Karnataka,Pulses,Alasande Gram,November-2023,256.00,Metric Tonnes,9632.28,Rs./Quintal
Karnataka,Pulses,Avare Dal,November-2023,75.00,Metric Tonnes,13686.67,Rs./Quintal
Karnataka,Pulses,Beans,November-2023,1850.00,Metric Tonnes,3879.69,Rs./Quintal
Karnataka,Pulses,Bengal Gram Dal(Chana Dal),November-2023,1760.00,Metric Tonnes,8067.86,Rs./Quintal
Karnataka,Pulses,Bengal Gram(Gram)(Whole),November-2023,1460.00,Metric Tonnes,6936.53,Rs./Quintal
Karnataka,Pulses,Black Gram Dal(Urd Dal),November-2023,2077.00,Metric Tonnes,14290.21,Rs./Quintal
Karnataka,Pulses,Black Gram(Urd Beans)(Whole),November-2023,1303.00,Metric Tonnes,9448.51,Rs./Quintal
Karnataka,Pulses,Chennangi Dal,November-2023,730.00,Metric Tonnes,7864.25,Rs./Quintal
Karnataka,Pulses,Cowpea(Lobia/Karamani),November-2023,72.00,Metric Tonnes,8063.78,Rs./Quintal
Karnataka,Pulses,Green Gram Dal(Moong Dal),November-2023,1304.00,Metric Tonnes,11207.52,Rs./Quintal
Karnataka,Pulses,Green Gram(Moong)(Whole),November-2023,3193.00,Metric Tonnes,8876.07,Rs./Quintal
Karnataka,Pulses,Green Peas,November-2023,986.00,Metric Tonnes,9684.08,Rs./Quintal
Karnataka,Pulses,Kulthi(Horse Gram),November-2023,128.00,Metric Tonnes,7224.27,Rs./Quintal
Karnataka,Pulses,Moath Dal,November-2023,12.00,Metric Tonnes,11079.17,Rs./Quintal
Karnataka,Pulses,Red gram split/Arhar dal/Tur dal,November-2023,3100.00,Metric Tonnes,16099.76,Rs./Quintal
Karnataka,Pulses,Red gram/Arhar/Tur(whole),November-2023,1490.00,Metric Tonnes,10717.99,Rs./Quintal
Karnataka,Pulses,Alasande Gram,December-2023,571.00,Metric Tonnes,8627.25,Rs./Quintal
Karnataka,Pulses,Avare Dal,December-2023,121.00,Metric Tonnes,13707.29,Rs./Quintal
Karnataka,Pulses,Beans,December-2023,2420.00,Metric Tonnes,3106.32,Rs./Quintal
Karnataka,Pulses,Bengal Gram Dal(Chana Dal),December-2023,1487.00,Metric Tonnes,7764.34,Rs./Quintal
Karnataka,Pulses,Bengal Gram(Gram)(Whole),December-2023,1830.00,Metric Tonnes,6290.39,Rs./Quintal
Karnataka,Pulses,Black Gram Dal(Urd Dal),December-2023,2164.00,Metric Tonnes,13705.32,Rs./Quintal
Karnataka,Pulses,Black Gram(Urd Beans)(Whole),December-2023,790.00,Metric Tonnes,9470.28,Rs./Quintal
Karnataka,Pulses,Chennangi Dal,December-2023,1023.00,Metric Tonnes,7935.19,Rs./Quintal
Karnataka,Pulses,Cowpea(Lobia/Karamani),December-2023,129.00,Metric Tonnes,8067.50,Rs./Quintal
Karnataka,Pulses,Green Gram Dal(Moong Dal),December-2023,1390.00,Metric Tonnes,11064.31,Rs./Quintal
Karnataka,Pulses,Green Gram(Moong)(Whole),December-2023,2916.00,Metric Tonnes,9087.00,Rs./Quintal
Karnataka,Pulses,Green Peas,December-2023,851.00,Metric Tonnes,10641.13,Rs./Quintal
Karnataka,Pulses,Kulthi(Horse Gram),December-2023,299.00,Metric Tonnes,7292.13,Rs./Quintal
Karnataka,Pulses,Moath Dal,December-2023,22.00,Metric Tonnes,9343.18,Rs./Quintal
Karnataka,Pulses,Red gram split/Arhar dal/Tur dal,December-2023,3376.00,Metric Tonnes,15308.37,Rs./Quintal
Karnataka,Pulses,Red gram/Arhar/Tur(whole),December-2023,15502.00,Metric Tonnes,9216.84,Rs./Quintal
Karnataka,Pulses,Alasande Gram,January-2024,663.00,Metric Tonnes,7481.24,Rs./Quintal
Karnataka,Pulses,Avare Dal,January-2024,77.00,Metric Tonnes,11270.75,Rs./Quintal
Karnataka,Pulses,Beans,January-2024,2500.00,Metric Tonnes,3018.02,Rs./Quintal
Karnataka,Pulses,Bengal Gram Dal(Chana Dal),January-2024,2274.00,Metric Tonnes,7333.91,Rs./Quintal
Karnataka,Pulses,Bengal Gram(Gram)(Whole),January-2024,9083.00,Metric Tonnes,5938.47,Rs./Quintal
Karnataka,Pulses,Black Gram Dal(Urd Dal),January-2024,2157.00,Metric Tonnes,13168.71,Rs./Quintal
Karnataka,Pulses,Black Gram(Urd Beans)(Whole),January-2024,425.00,Metric Tonnes,9888.01,Rs./Quintal
Karnataka,Pulses,Chennangi Dal,January-2024,1099.00,Metric Tonnes,7753.18,Rs./Quintal
Karnataka,Pulses,Cowpea(Lobia/Karamani),January-2024,123.00,Metric Tonnes,7470.88,Rs./Quintal
Karnataka,Pulses,Green Gram Dal(Moong Dal),January-2024,1507.00,Metric Tonnes,10839.52,Rs./Quintal
Karnataka,Pulses,Green Gram(Moong)(Whole),January-2024,1624.00,Metric Tonnes,9891.81,Rs./Quintal
Karnataka,Pulses,Green Peas,January-2024,665.00,Metric Tonnes,8945.71,Rs./Quintal
Karnataka,Pulses,Kulthi(Horse Gram),January-2024,933.00,Metric Tonnes,6008.37,Rs./Quintal
Karnataka,Pulses,Mataki,January-2024,16.00,Metric Tonnes,8125.00,Rs./Quintal
Karnataka,Pulses,Moath Dal,January-2024,29.00,Metric Tonnes,8963.79,Rs./Quintal
Karnataka,Pulses,Red gram split/Arhar dal/Tur dal,January-2024,5137.00,Metric Tonnes,14332.09,Rs./Quintal
Karnataka,Pulses,Red gram/Arhar/Tur(whole),January-2024,46486.00,Metric Tonnes,9334.60,Rs./Quintal
Karnataka,Pulses,Alasande Gram,February-2024,1043.00,Metric Tonnes,7618.40,Rs./Quintal
Karnataka,Pulses,Avare Dal,February-2024,183.00,Metric Tonnes,9799.78,Rs./Quintal
Karnataka,Pulses,Beans,February-2024,3038.00,Metric Tonnes,3167.59,Rs./Quintal
Karnataka,Pulses,Bengal Gram Dal(Chana Dal),February-2024,1927.00,Metric Tonnes,7694.77,Rs./Quintal
Karnataka,Pulses,Bengal Gram(Gram)(Whole),February-2024,13921.00,Metric Tonnes,6407.92,Rs./Quintal
Karnataka,Pulses,Black Gram Dal(Urd Dal),February-2024,1393.00,Metric Tonnes,13312.47,Rs./Quintal
Karnataka,Pulses,Black Gram(Urd Beans)(Whole),February-2024,591.00,Metric Tonnes,9548.55,Rs./Quintal
Karnataka,Pulses,Bullar,February-2024,15.00,Metric Tonnes,8173.33,Rs./Quintal
Karnataka,Pulses,Chennangi Dal,February-2024,706.00,Metric Tonnes,8037.04,Rs./Quintal
Karnataka,Pulses,Cowpea(Lobia/Karamani),February-2024,304.00,Metric Tonnes,7562.37,Rs./Quintal
Karnataka,Pulses,Green Gram Dal(Moong Dal),February-2024,1436.00,Metric Tonnes,11289.15,Rs./Quintal
Karnataka,Pulses,Green Gram(Moong)(Whole),February-2024,1041.00,Metric Tonnes,10186.75,Rs./Quintal
Karnataka,Pulses,Green Peas,February-2024,741.00,Metric Tonnes,9760.80,Rs./Quintal
Karnataka,Pulses,Kulthi(Horse Gram),February-2024,755.00,Metric Tonnes,6186.88,Rs./Quintal
Karnataka,Pulses,Mataki,February-2024,61.00,Metric Tonnes,6988.93,Rs./Quintal
Karnataka,Pulses,Moath Dal,February-2024,72.00,Metric Tonnes,9431.25,Rs./Quintal
Karnataka,Pulses,Red gram split/Arhar dal/Tur dal,February-2024,3411.00,Metric Tonnes,14799.54,Rs./Quintal
Karnataka,Pulses,Red gram/Arhar/Tur(whole),February-2024,35196.00,Metric Tonnes,10113.91,Rs./Quintal
Karnataka,Pulses,Alasande Gram,March-2024,1472.00,Metric Tonnes,7181.22,Rs./Quintal
Karnataka,Pulses,Avare Dal,March-2024,180.00,Metric Tonnes,10914.63,Rs./Quintal
Karnataka,Pulses,Beans,March-2024,2831.00,Metric Tonnes,4813.23,Rs./Quintal
Karnataka,Pulses,Bengal Gram Dal(Chana Dal),March-2024,1855.00,Metric Tonnes,7591.31,Rs./Quintal
Karnataka,Pulses,Bengal Gram(Gram)(Whole),March-2024,13013.00,Metric Tonnes,6345.97,Rs./Quintal
Karnataka,Pulses,Black Gram Dal(Urd Dal),March-2024,2873.00,Metric Tonnes,13120.21,Rs./Quintal
Karnataka,Pulses,Black Gram(Urd Beans)(Whole),March-2024,653.00,Metric Tonnes,9643.95,Rs./Quintal
Karnataka,Pulses,Chennangi Dal,March-2024,1382.00,Metric Tonnes,7674.24,Rs./Quintal
Karnataka,Pulses,Cowpea(Lobia/Karamani),March-2024,641.00,Metric Tonnes,7014.68,Rs./Quintal
Karnataka,Pulses,Green Gram Dal(Moong Dal),March-2024,2035.00,Metric Tonnes,11356.95,Rs./Quintal
Karnataka,Pulses,Green Gram(Moong)(Whole),March-2024,1633.00,Metric Tonnes,10216.50,Rs./Quintal
Karnataka,Pulses,Green Peas,March-2024,1534.00,Metric Tonnes,8170.31,Rs./Quintal
Karnataka,Pulses,Kulthi(Horse Gram),March-2024,488.00,Metric Tonnes,5894.42,Rs./Quintal
Karnataka,Pulses,Mataki,March-2024,104.00,Metric Tonnes,6061.53,Rs./Quintal
Karnataka,Pulses,Moath Dal,March-2024,29.00,Metric Tonnes,9491.38,Rs./Quintal
Karnataka,Pulses,Red gram split/Arhar dal/Tur dal,March-2024,4777.00,Metric Tonnes,14757.60,Rs./Quintal
Karnataka,Pulses,Red gram/Arhar/Tur(whole),March-2024,17031.00,Metric Tonnes,10119.26,Rs./Quintal
Karnataka,Pulses,Alasande Gram,April-2024,716.00,Metric Tonnes,7364.77,Rs./Quintal
Karnataka,Pulses,Avare Dal,April-2024,96.00,Metric Tonnes,13586.40,Rs./Quintal
Karnataka,Pulses,Beans,April-2024,1170.00,Metric Tonnes,7423.24,Rs./Quintal
Karnataka,Pulses,Bengal Gram Dal(Chana Dal),April-2024,2084.00,Metric Tonnes,7650.79,Rs./Quintal
Karnataka,Pulses,Bengal Gram(Gram)(Whole),April-2024,8302.00,Metric Tonnes,6538.82,Rs./Quintal
Karnataka,Pulses,Black Gram Dal(Urd Dal),April-2024,1914.00,Metric Tonnes,13775.55,Rs./Quintal
Karnataka,Pulses,Black Gram(Urd Beans)(Whole),April-2024,391.00,Metric Tonnes,11388.53,Rs./Quintal
Karnataka,Pulses,Chennangi Dal,April-2024,905.00,Metric Tonnes,7668.23,Rs./Quintal
Karnataka,Pulses,Cowpea(Lobia/Karamani),April-2024,701.00,Metric Tonnes,7052.79,Rs./Quintal
Karnataka,Pulses,Green Gram Dal(Moong Dal),April-2024,1560.00,Metric Tonnes,11540.50,Rs./Quintal
Karnataka,Pulses,Green Gram(Moong)(Whole),April-2024,1181.00,Metric Tonnes,10183.95,Rs./Quintal
Karnataka,Pulses,Green Peas,April-2024,885.00,Metric Tonnes,8308.98,Rs./Quintal
Karnataka,Pulses,Kulthi(Horse Gram),April-2024,299.00,Metric Tonnes,5982.36,Rs./Quintal
Karnataka,Pulses,Mataki,April-2024,71.00,Metric Tonnes,5815.85,Rs./Quintal
Karnataka,Pulses,Moath Dal,April-2024,33.00,Metric Tonnes,8395.45,Rs./Quintal
Karnataka,Pulses,Red gram split/Arhar dal/Tur dal,April-2024,4744.00,Metric Tonnes,15612.89,Rs./Quintal
Karnataka,Pulses,Red gram/Arhar/Tur(whole),April-2024,12387.00,Metric Tonnes,11084.08,Rs./Quintal
Karnataka,Pulses,Alasande Gram,May-2024,545.00,Metric Tonnes,8460.82,Rs./Quintal
Karnataka,Pulses,Avare Dal,May-2024,118.00,Metric Tonnes,12603.86,Rs./Quintal
Karnataka,Pulses,Beans,May-2024,1083.00,Metric Tonnes,12313.72,Rs./Quintal
Karnataka,Pulses,Bengal Gram Dal(Chana Dal),May-2024,2601.00,Metric Tonnes,8000.16,Rs./Quintal
Karnataka,Pulses,Bengal Gram(Gram)(Whole),May-2024,6163.00,Metric Tonnes,6744.22,Rs./Quintal
Karnataka,Pulses,Black Gram Dal(Urd Dal),May-2024,2429.00,Metric Tonnes,14146.61,Rs./Quintal
Karnataka,Pulses,Black Gram(Urd Beans)(Whole),May-2024,692.00,Metric Tonnes,11001.20,Rs./Quintal
Karnataka,Pulses,Chennangi Dal,May-2024,901.00,Metric Tonnes,8070.14,Rs./Quintal
Karnataka,Pulses,Cowpea(Lobia/Karamani),May-2024,504.00,Metric Tonnes,8058.80,Rs./Quintal
Karnataka,Pulses,Green Gram Dal(Moong Dal),May-2024,1739.00,Metric Tonnes,11131.72,Rs./Quintal
Karnataka,Pulses,Green Gram(Moong)(Whole),May-2024,1088.00,Metric Tonnes,9851.87,Rs./Quintal
Karnataka,Pulses,Green Peas,May-2024,1332.00,Metric Tonnes,9082.60,Rs./Quintal
Karnataka,Pulses,Kulthi(Horse Gram),May-2024,508.00,Metric Tonnes,6203.29,Rs./Quintal
Karnataka,Pulses,Mataki,May-2024,28.00,Metric Tonnes,6711.71,Rs./Quintal
Karnataka,Pulses,Moath Dal,May-2024,17.00,Metric Tonnes,8350.00,Rs./Quintal
Karnataka,Pulses,Red gram split/Arhar dal/Tur dal,May-2024,5099.00,Metric Tonnes,16245.97,Rs./Quintal
Karnataka,Pulses,Red gram/Arhar/Tur(whole),May-2024,16059.00,Metric Tonnes,11846.63,Rs./Quintal
Karnataka,Pulses,Alasande Gram,June-2024,564.00,Metric Tonnes,9481.29,Rs./Quintal
Karnataka,Pulses,Avare Dal,June-2024,168.00,Metric Tonnes,14587.71,Rs./Quintal
Karnataka,Pulses,Beans,June-2024,1405.00,Metric Tonnes,7078.25,Rs./Quintal
Karnataka,Pulses,Bengal Gram Dal(Chana Dal),June-2024,2250.00,Metric Tonnes,8311.53,Rs./Quintal
Karnataka,Pulses,Bengal Gram(Gram)(Whole),June-2024,3998.00,Metric Tonnes,7156.03,Rs./Quintal
Karnataka,Pulses,Black Gram Dal(Urd Dal),June-2024,2521.00,Metric Tonnes,14307.83,Rs./Quintal
Karnataka,Pulses,Black Gram(Urd Beans)(Whole),June-2024,616.00,Metric Tonnes,10847.32,Rs./Quintal
Karnataka,Pulses,Chennangi Dal,June-2024,1585.00,Metric Tonnes,8170.38,Rs./Quintal
Karnataka,Pulses,Cowpea(Lobia/Karamani),June-2024,198.00,Metric Tonnes,7955.43,Rs./Quintal
Karnataka,Pulses,Green Gram Dal(Moong Dal),June-2024,1911.00,Metric Tonnes,11123.67,Rs./Quintal
Karnataka,Pulses,Green Gram(Moong)(Whole),June-2024,1231.00,Metric Tonnes,9744.15,Rs./Quintal
Karnataka,Pulses,Green Peas,June-2024,1272.00,Metric Tonnes,9459.65,Rs./Quintal
Karnataka,Pulses,Kulthi(Horse Gram),June-2024,894.00,Metric Tonnes,6407.65,Rs./Quintal
Karnataka,Pulses,Mataki,June-2024,20.00,Metric Tonnes,6871.45,Rs./Quintal
Karnataka,Pulses,Moath Dal,June-2024,172.00,Metric Tonnes,8599.42,Rs./Quintal
Karnataka,Pulses,Red gram split/Arhar dal/Tur dal,June-2024,3758.00,Metric Tonnes,16748.11,Rs./Quintal
Karnataka,Pulses,Red gram/Arhar/Tur(whole),June-2024,7732.00,Metric Tonnes,11718.94,Rs./Quintal
Karnataka,Pulses,Alasande Gram,July-2024,526.00,Metric Tonnes,9714.68,Rs./Quintal
Karnataka,Pulses,Avare Dal,July-2024,152.00,Metric Tonnes,13317.11,Rs./Quintal
Karnataka,Pulses,Beans,July-2024,2361.00,Metric Tonnes,4433.76,Rs./Quintal
Karnataka,Pulses,Bengal Gram Dal(Chana Dal),July-2024,2110.00,Metric Tonnes,8652.15,Rs./Quintal
Karnataka,Pulses,Bengal Gram(Gram)(Whole),July-2024,4124.00,Metric Tonnes,7229.10,Rs./Quintal
Karnataka,Pulses,Black Gram Dal(Urd Dal),July-2024,3201.00,Metric Tonnes,13866.50,Rs./Quintal
Karnataka,Pulses,Black Gram(Urd Beans)(Whole),July-2024,734.00,Metric Tonnes,9565.57,Rs./Quintal
Karnataka,Pulses,Chennangi Dal,July-2024,1470.00,Metric Tonnes,8177.04,Rs./Quintal
Karnataka,Pulses,Cowpea(Lobia/Karamani),July-2024,298.00,Metric Tonnes,7773.96,Rs./Quintal
Karnataka,Pulses,Green Gram Dal(Moong Dal),July-2024,1735.00,Metric Tonnes,11214.31,Rs./Quintal
Karnataka,Pulses,Green Gram(Moong)(Whole),July-2024,1584.00,Metric Tonnes,9180.86,Rs./Quintal
Karnataka,Pulses,Green Peas,July-2024,1460.00,Metric Tonnes,11221.98,Rs./Quintal
Karnataka,Pulses,Kulthi(Horse Gram),July-2024,594.00,Metric Tonnes,6434.88,Rs./Quintal
Karnataka,Pulses,Mataki,July-2024,9.00,Metric Tonnes,6362.11,Rs./Quintal
Karnataka,Pulses,Moath Dal,July-2024,39.00,Metric Tonnes,8742.31,Rs./Quintal
Karnataka,Pulses,Red gram split/Arhar dal/Tur dal,July-2024,4197.00,Metric Tonnes,16703.37,Rs./Quintal
Karnataka,Pulses,Red gram/Arhar/Tur(whole),July-2024,7421.00,Metric Tonnes,11488.69,Rs./Quintal
Karnataka,Pulses,Alasande Gram,August-2024,956.00,Metric Tonnes,7936.87,Rs./Quintal
Karnataka,Pulses,Avare Dal,August-2024,148.00,Metric Tonnes,12806.42,Rs./Quintal
Karnataka,Pulses,Beans,August-2024,2386.00,Metric Tonnes,3245.20,Rs./Quintal
Karnataka,Pulses,Bengal Gram Dal(Chana Dal),August-2024,4199.00,Metric Tonnes,9097.88,Rs./Quintal
Karnataka,Pulses,Bengal Gram(Gram)(Whole),August-2024,6293.00,Metric Tonnes,7529.71,Rs./Quintal
Karnataka,Pulses,Black Gram Dal(Urd Dal),August-2024,2539.00,Metric Tonnes,13439.93,Rs./Quintal
Karnataka,Pulses,Black Gram(Urd Beans)(Whole),August-2024,1114.00,Metric Tonnes,9482.17,Rs./Quintal
Karnataka,Pulses,Chennangi Dal,August-2024,1236.00,Metric Tonnes,7977.99,Rs./Quintal
Karnataka,Pulses,Cowpea(Lobia/Karamani),August-2024,3027.00,Metric Tonnes,7702.27,Rs./Quintal
Karnataka,Pulses,Green Gram Dal(Moong Dal),August-2024,1820.00,Metric Tonnes,10975.92,Rs./Quintal
Karnataka,Pulses,Green Gram(Moong)(Whole),August-2024,69988.00,Metric Tonnes,7083.21,Rs./Quintal
Karnataka,Pulses,Green Peas,August-2024,1233.00,Metric Tonnes,14658.32,Rs./Quintal
Karnataka,Pulses,Kulthi(Horse Gram),August-2024,826.00,Metric Tonnes,6501.94,Rs./Quintal
Karnataka,Pulses,Mataki,August-2024,54.00,Metric Tonnes,6751.24,Rs./Quintal
Karnataka,Pulses,Moath Dal,August-2024,43.00,Metric Tonnes,8850.00,Rs./Quintal
Karnataka,Pulses,Red gram split/Arhar dal/Tur dal,August-2024,5444.00,Metric Tonnes,16077.66,Rs./Quintal
Karnataka,Pulses,Red gram/Arhar/Tur(whole),August-2024,4011.00,Metric Tonnes,10974.61,Rs./Quintal
Karnataka,Pulses,Alasande Gram,September-2024,554.00,Metric Tonnes,8538.19,Rs./Quintal
Karnataka,Pulses,Avare Dal,September-2024,113.00,Metric Tonnes,12435.63,Rs./Quintal
Karnataka,Pulses,Beans,September-2024,2256.00,Metric Tonnes,3899.83,Rs./Quintal
Karnataka,Pulses,Bengal Gram Dal(Chana Dal),September-2024,1560.00,Metric Tonnes,9666.79,Rs./Quintal
Karnataka,Pulses,Bengal Gram(Gram)(Whole),September-2024,3240.00,Metric Tonnes,8045.50,Rs./Quintal
Karnataka,Pulses,Black Gram Dal(Urd Dal),September-2024,2511.00,Metric Tonnes,14180.12,Rs./Quintal
Karnataka,Pulses,Black Gram(Urd Beans)(Whole),September-2024,10830.00,Metric Tonnes,6448.48,Rs./Quintal
Karnataka,Pulses,Bullar,September-2024,2.00,Metric Tonnes,11500.00,Rs./Quintal
Karnataka,Pulses,Chennangi Dal,September-2024,1306.00,Metric Tonnes,8659.92,Rs./Quintal
Karnataka,Pulses,Cowpea(Lobia/Karamani),September-2024,1363.00,Metric Tonnes,7529.09,Rs./Quintal
Karnataka,Pulses,Green Gram Dal(Moong Dal),September-2024,1762.00,Metric Tonnes,11124.40,Rs./Quintal
Karnataka,Pulses,Green Gram(Moong)(Whole),September-2024,47727.00,Metric Tonnes,7267.20,Rs./Quintal
Karnataka,Pulses,Green Peas,September-2024,1034.00,Metric Tonnes,17741.60,Rs./Quintal
Karnataka,Pulses,Kulthi(Horse Gram),September-2024,753.00,Metric Tonnes,5980.41,Rs./Quintal
Karnataka,Pulses,Mataki,September-2024,33.00,Metric Tonnes,6582.58,Rs./Quintal
Karnataka,Pulses,Moath Dal,September-2024,47.00,Metric Tonnes,9019.15,Rs./Quintal
Karnataka,Pulses,Red gram split/Arhar dal/Tur dal,September-2024,4103.00,Metric Tonnes,15864.55,Rs./Quintal
Karnataka,Pulses,Red gram/Arhar/Tur(whole),September-2024,2171.00,Metric Tonnes,10645.57,Rs./Quintal
Karnataka,Pulses,Alasande Gram,October-2024,484.00,Metric Tonnes,8657.34,Rs./Quintal
Karnataka,Pulses,Avare Dal,October-2024,145.00,Metric Tonnes,9677.03,Rs./Quintal
Karnataka,Pulses,Beans,October-2024,1691.00,Metric Tonnes,6639.44,Rs./Quintal
Karnataka,Pulses,Bengal Gram Dal(Chana Dal),October-2024,2354.00,Metric Tonnes,9658.29,Rs./Quintal
Karnataka,Pulses,Bengal Gram(Gram)(Whole),October-2024,3700.00,Metric Tonnes,7444.43,Rs./Quintal
Karnataka,Pulses,Black Gram Dal(Urd Dal),October-2024,2598.00,Metric Tonnes,13302.73,Rs./Quintal
Karnataka,Pulses,Black Gram(Urd Beans)(Whole),October-2024,8415.00,Metric Tonnes,6269.33,Rs./Quintal
Karnataka,Pulses,Bullar,October-2024,1.00,Metric Tonnes,11300.00,Rs./Quintal
Karnataka,Pulses,Chennangi Dal,October-2024,1295.00,Metric Tonnes,8063.05,Rs./Quintal
Karnataka,Pulses,Cowpea(Lobia/Karamani),October-2024,312.00,Metric Tonnes,7349.54,Rs./Quintal
Karnataka,Pulses,Green Gram Dal(Moong Dal),October-2024,1847.00,Metric Tonnes,10893.04,Rs./Quintal
Karnataka,Pulses,Green Gram(Moong)(Whole),October-2024,16008.00,Metric Tonnes,6763.79,Rs./Quintal
Karnataka,Pulses,Green Peas,October-2024,1172.00,Metric Tonnes,16921.93,Rs./Quintal
Karnataka,Pulses,Kulthi(Horse Gram),October-2024,863.00,Metric Tonnes,5925.18,Rs./Quintal
Karnataka,Pulses,Mataki,October-2024,23.00,Metric Tonnes,7622.83,Rs./Quintal
Karnataka,Pulses,Moath Dal,October-2024,59.00,Metric Tonnes,9352.54,Rs./Quintal
Karnataka,Pulses,Red gram split/Arhar dal/Tur dal,October-2024,4806.00,Metric Tonnes,14102.63,Rs./Quintal
Karnataka,Pulses,Red gram/Arhar/Tur(whole),October-2024,1899.00,Metric Tonnes,9905.85,Rs./Quintal
Karnataka,Pulses,Alasande Gram,November-2024,81.00,Metric Tonnes,8435.62,Rs./Quintal
Karnataka,Pulses,Avare Dal,November-2024,34.00,Metric Tonnes,11577.94,Rs./Quintal
Karnataka,Pulses,Beans,November-2024,1796.00,Metric Tonnes,3503.83,Rs./Quintal
Karnataka,Pulses,Bengal Gram Dal(Chana Dal),November-2024,446.00,Metric Tonnes,9573.77,Rs./Quintal
Karnataka,Pulses,Bengal Gram(Gram)(Whole),November-2024,3692.00,Metric Tonnes,6880.56,Rs./Quintal
Karnataka,Pulses,Black Gram Dal(Urd Dal),November-2024,503.00,Metric Tonnes,12806.96,Rs./Quintal
Karnataka,Pulses,Black Gram(Urd Beans)(Whole),November-2024,2180.00,Metric Tonnes,6674.21,Rs./Quintal
Karnataka,Pulses,Bullar,November-2024,1.00,Metric Tonnes,11800.00,Rs./Quintal
Karnataka,Pulses,Chennangi Dal,November-2024,196.00,Metric Tonnes,7855.10,Rs./Quintal
Karnataka,Pulses,Cowpea(Lobia/Karamani),November-2024,298.00,Metric Tonnes,7325.10,Rs./Quintal
Karnataka,Pulses,Green Gram Dal(Moong Dal),November-2024,400.00,Metric Tonnes,10713.20,Rs./Quintal
Karnataka,Pulses,Green Gram(Moong)(Whole),November-2024,7368.00,Metric Tonnes,6963.27,Rs./Quintal
Karnataka,Pulses,Green Peas,November-2024,170.00,Metric Tonnes,16678.51,Rs./Quintal
Karnataka,Pulses,Kulthi(Horse Gram),November-2024,446.00,Metric Tonnes,5591.74,Rs./Quintal
Karnataka,Pulses,Mataki,November-2024,1.00,Metric Tonnes,5823.00,Rs./Quintal
Karnataka,Pulses,Moath Dal,November-2024,55.00,Metric Tonnes,10260.00,Rs./Quintal
Karnataka,Pulses,Red gram split/Arhar dal/Tur dal,November-2024,952.00,Metric Tonnes,13647.32,Rs./Quintal
Karnataka,Pulses,Red gram/Arhar/Tur(whole),November-2024,1963.60,Metric Tonnes,10516.74,Rs./Quintal
Karnataka,Pulses,Alasande Gram,December-2024,670.00,Metric Tonnes,8625.28,Rs./Quintal
Karnataka,Pulses,Avare Dal,December-2024,93.00,Metric Tonnes,11511.83,Rs./Quintal
Karnataka,Pulses,Beans,December-2024,1397.00,Metric Tonnes,4214.33,Rs./Quintal
Karnataka,Pulses,Bengal Gram Dal(Chana Dal),December-2024,1740.00,Metric Tonnes,8801.74,Rs./Quintal
Karnataka,Pulses,Bengal Gram(Gram)(Whole),December-2024,7406.00,Metric Tonnes,6618.96,Rs./Quintal
Karnataka,Pulses,Black Gram Dal(Urd Dal),December-2024,2112.00,Metric Tonnes,13087.58,Rs./Quintal
Karnataka,Pulses,Black Gram(Urd Beans)(Whole),December-2024,1189.00,Metric Tonnes,7598.62,Rs./Quintal
Karnataka,Pulses,Chennangi Dal,December-2024,1020.00,Metric Tonnes,7855.10,Rs./Quintal
Karnataka,Pulses,Cowpea(Lobia/Karamani),December-2024,272.00,Metric Tonnes,7859.77,Rs./Quintal
Karnataka,Pulses,Green Gram Dal(Moong Dal),December-2024,1423.00,Metric Tonnes,10510.96,Rs./Quintal
Karnataka,Pulses,Green Gram(Moong)(Whole),December-2024,2394.00,Metric Tonnes,7544.42,Rs./Quintal
Karnataka,Pulses,Green Peas,December-2024,1044.00,Metric Tonnes,18450.75,Rs./Quintal
Karnataka,Pulses,Kulthi(Horse Gram),December-2024,1251.00,Metric Tonnes,5262.10,Rs./Quintal
Karnataka,Pulses,Mataki,December-2024,3.00,Metric Tonnes,7710.00,Rs./Quintal
Karnataka,Pulses,Moath Dal,December-2024,26.00,Metric Tonnes,7711.54,Rs./Quintal
Karnataka,Pulses,Red gram split/Arhar dal/Tur dal,December-2024,3459.00,Metric Tonnes,14364.21,Rs./Quintal
Karnataka,Pulses,Red gram/Arhar/Tur(whole),December-2024,33585.00,Metric Tonnes,8395.81,Rs./Quintal
Karnataka,Pulses,Alasande Gram,January-2025,1265.00,Metric Tonnes,7637.56,Rs./Quintal
Karnataka,Pulses,Avare Dal,January-2025,92.00,Metric Tonnes,11099.20,Rs./Quintal
Karnataka,Pulses,Beans,January-2025,2501.00,Metric Tonnes,3451.57,Rs./Quintal
Karnataka,Pulses,Bengal Gram Dal(Chana Dal),January-2025,2196.00,Metric Tonnes,8558.41,Rs./Quintal
Karnataka,Pulses,Bengal Gram(Gram)(Whole),January-2025,15448.00,Metric Tonnes,6123.42,Rs./Quintal
Karnataka,Pulses,Black Gram Dal(Urd Dal),January-2025,2543.00,Metric Tonnes,12751.59,Rs./Quintal
Karnataka,Pulses,Black Gram(Urd Beans)(Whole),January-2025,973.00,Metric Tonnes,9398.10,Rs./Quintal
Karnataka,Pulses,Chennangi Dal,January-2025,1025.00,Metric Tonnes,7995.27,Rs./Quintal
Karnataka,Pulses,Cowpea(Lobia/Karamani),January-2025,475.00,Metric Tonnes,7099.71,Rs./Quintal
Karnataka,Pulses,Green Gram Dal(Moong Dal),January-2025,2553.00,Metric Tonnes,10273.44,Rs./Quintal
Karnataka,Pulses,Green Gram(Moong)(Whole),January-2025,1866.00,Metric Tonnes,8354.91,Rs./Quintal
Karnataka,Pulses,Green Peas,January-2025,1164.00,Metric Tonnes,19764.69,Rs./Quintal
Karnataka,Pulses,Kulthi(Horse Gram),January-2025,5124.00,Metric Tonnes,4561.94,Rs./Quintal
Karnataka,Pulses,Mataki,January-2025,15.00,Metric Tonnes,7270.87,Rs./Quintal
Karnataka,Pulses,Moath Dal,January-2025,73.00,Metric Tonnes,7750.00,Rs./Quintal
Karnataka,Pulses,Red gram split/Arhar dal/Tur dal,January-2025,5059.00,Metric Tonnes,13548.29,Rs./Quintal
Karnataka,Pulses,Red gram/Arhar/Tur(whole),January-2025,68054.90,Metric Tonnes,7419.21,Rs./Quintal
Karnataka,Pulses,Alasande Gram,February-2025,1010.00,Metric Tonnes,7308.43,Rs./Quintal
Karnataka,Pulses,Avare Dal,February-2025,72.00,Metric Tonnes,10051.14,Rs./Quintal
Karnataka,Pulses,Beans,February-2025,2741.00,Metric Tonnes,2903.87,Rs./Quintal
Karnataka,Pulses,Bengal Gram Dal(Chana Dal),February-2025,1198.00,Metric Tonnes,7306.84,Rs./Quintal
Karnataka,Pulses,Bengal Gram(Gram)(Whole),February-2025,40718.00,Metric Tonnes,5716.13,Rs./Quintal
Karnataka,Pulses,Black Gram Dal(Urd Dal),February-2025,1177.00,Metric Tonnes,10562.95,Rs./Quintal
Karnataka,Pulses,Black Gram(Urd Beans)(Whole),February-2025,519.00,Metric Tonnes,8316.06,Rs./Quintal
Karnataka,Pulses,Chennangi Dal,February-2025,583.00,Metric Tonnes,7514.24,Rs./Quintal
Karnataka,Pulses,Cowpea(Lobia/Karamani),February-2025,526.00,Metric Tonnes,7165.10,Rs./Quintal
Karnataka,Pulses,Green Gram Dal(Moong Dal),February-2025,852.00,Metric Tonnes,10058.74,Rs./Quintal
Karnataka,Pulses,Green Gram(Moong)(Whole),February-2025,1235.00,Metric Tonnes,7877.99,Rs./Quintal
Karnataka,Pulses,Green Peas,February-2025,558.00,Metric Tonnes,17265.36,Rs./Quintal
Karnataka,Pulses,Kulthi(Horse Gram),February-2025,2521.00,Metric Tonnes,4323.71,Rs./Quintal
Karnataka,Pulses,Mataki,February-2025,56.00,Metric Tonnes,6465.32,Rs./Quintal
Karnataka,Pulses,Moath Dal,February-2025,30.00,Metric Tonnes,8616.67,Rs./Quintal
Karnataka,Pulses,Red gram split/Arhar dal/Tur dal,February-2025,3601.00,Metric Tonnes,10967.92,Rs./Quintal
Karnataka,Pulses,Red gram/Arhar/Tur(whole),February-2025,34849.90,Metric Tonnes,7103.02,Rs./Quintal
Karnataka,Pulses,Alasande Gram,March-2025,447.00,Metric Tonnes,6232.32,Rs./Quintal
Karnataka,Pulses,Avare Dal,March-2025,28.00,Metric Tonnes,5698.68,Rs./Quintal
Karnataka,Pulses,Beans,March-2025,2894.00,Metric Tonnes,3369.54,Rs./Quintal
Karnataka,Pulses,Bengal Gram Dal(Chana Dal),March-2025,59.00,Metric Tonnes,7437.08,Rs./Quintal
Karnataka,Pulses,Bengal Gram(Gram)(Whole),March-2025,4321.00,Metric Tonnes,5622.96,Rs./Quintal
Karnataka,Pulses,Black Gram Dal(Urd Dal),March-2025,72.00,Metric Tonnes,11300.06,Rs./Quintal
Karnataka,Pulses,Black Gram(Urd Beans)(Whole),March-2025,15.10,Metric Tonnes,6208.20,Rs./Quintal
Karnataka,Pulses,Chennangi Dal,March-2025,2.00,Metric Tonnes,6600.00,Rs./Quintal
Karnataka,Pulses,Cowpea(Lobia/Karamani),March-2025,205.00,Metric Tonnes,6708.09,Rs./Quintal
Karnataka,Pulses,Green Gram Dal(Moong Dal),March-2025,35.00,Metric Tonnes,10408.57,Rs./Quintal
Karnataka,Pulses,Green Gram(Moong)(Whole),March-2025,303.10,Metric Tonnes,7280.67,Rs./Quintal
Karnataka,Pulses,Green Peas,March-2025,3.00,Metric Tonnes,8194.67,Rs./Quintal
Karnataka,Pulses,Kulthi(Horse Gram),March-2025,512.00,Metric Tonnes,3870.43,Rs./Quintal
Karnataka,Pulses,Mataki,March-2025,189.00,Metric Tonnes,7176.56,Rs./Quintal
Karnataka,Pulses,Red gram split/Arhar dal/Tur dal,March-2025,101.00,Metric Tonnes,12237.77,Rs./Quintal
Karnataka,Pulses,Red gram/Arhar/Tur(whole),March-2025,5576.60,Metric Tonnes,7050.06,Rs./Quintal
Karnataka,Pulses,Alasande Gram,April-2025,212.00,Metric Tonnes,6507.51,Rs./Quintal
Karnataka,Pulses,Avare Dal,April-2025,16.00,Metric Tonnes,7143.88,Rs./Quintal
Karnataka,Pulses,Beans,April-2025,1137.00,Metric Tonnes,4899.06,Rs./Quintal
Karnataka,Pulses,Bengal Gram Dal(Chana Dal),April-2025,113.00,Metric Tonnes,7149.02,Rs./Quintal
Karnataka,Pulses,Bengal Gram(Gram)(Whole),April-2025,1861.00,Metric Tonnes,5864.49,Rs./Quintal
Karnataka,Pulses,Black Gram Dal(Urd Dal),April-2025,167.40,Metric Tonnes,11489.18,Rs./Quintal
Karnataka,Pulses,Black Gram(Urd Beans)(Whole),April-2025,10.00,Metric Tonnes,7200.00,Rs./Quintal
Karnataka,Pulses,Bullar,April-2025,34.90,Metric Tonnes,5398.90,Rs./Quintal
Karnataka,Pulses,Chennangi Dal,April-2025,5.00,Metric Tonnes,10480.00,Rs./Quintal
Karnataka,Pulses,Cowpea(Lobia/Karamani),April-2025,137.00,Metric Tonnes,6606.24,Rs./Quintal
Karnataka,Pulses,Green Gram Dal(Moong Dal),April-2025,63.00,Metric Tonnes,9247.52,Rs./Quintal
Karnataka,Pulses,Green Gram(Moong)(Whole),April-2025,73.00,Metric Tonnes,7633.01,Rs./Quintal
Karnataka,Pulses,Green Peas,April-2025,39.00,Metric Tonnes,7700.00,Rs./Quintal
Karnataka,Pulses,Kulthi(Horse Gram),April-2025,187.00,Metric Tonnes,4394.51,Rs./Quintal
Karnataka,Pulses,Mataki,April-2025,125.00,Metric Tonnes,8233.26,Rs./Quintal
Karnataka,Pulses,Red gram split/Arhar dal/Tur dal,April-2025,300.00,Metric Tonnes,10508.49,Rs./Quintal
Karnataka,Pulses,Red gram/Arhar/Tur(whole),April-2025,4413.70,Metric Tonnes,6889.28,Rs./Quintal
Karnataka,Pulses,Alasande Gram,May-2025,61.00,Metric Tonnes,5315.95,Rs./Quintal
Karnataka,Pulses,Avare Dal,May-2025,9.00,Metric Tonnes,2733.33,Rs./Quintal
Karnataka,Pulses,Beans,May-2025,1221.00,Metric Tonnes,6368.67,Rs./Quintal
Karnataka,Pulses,Bengal Gram Dal(Chana Dal),May-2025,61.00,Metric Tonnes,7115.46,Rs./Quintal
Karnataka,Pulses,Bengal Gram(Gram)(Whole),May-2025,1321.00,Metric Tonnes,5535.87,Rs./Quintal
Karnataka,Pulses,Black Gram Dal(Urd Dal),May-2025,78.00,Metric Tonnes,10476.37,Rs./Quintal
Karnataka,Pulses,Cowpea(Lobia/Karamani),May-2025,151.00,Metric Tonnes,5951.66,Rs./Quintal
Karnataka,Pulses,Green Gram Dal(Moong Dal),May-2025,40.00,Metric Tonnes,10003.88,Rs./Quintal
Karnataka,Pulses,Green Gram(Moong)(Whole),May-2025,137.80,Metric Tonnes,6769.61,Rs./Quintal
Karnataka,Pulses,Green Peas,May-2025,13.00,Metric Tonnes,7684.62,Rs./Quintal
Karnataka,Pulses,Kulthi(Horse Gram),May-2025,129.00,Metric Tonnes,3601.95,Rs./Quintal
Karnataka,Pulses,Mataki,May-2025,44.00,Metric Tonnes,9161.36,Rs./Quintal
Karnataka,Pulses,Red gram split/Arhar dal/Tur dal,May-2025,164.00,Metric Tonnes,10577.97,Rs./Quintal
Karnataka,Pulses,Red gram/Arhar/Tur(whole),May-2025,1322.90,Metric Tonnes,6757.19,Rs./Quintal
Karnataka,Pulses,Alasande Gram,June-2025,53.00,Metric Tonnes,6084.91,Rs./Quintal
Karnataka,Pulses,Avare Dal,June-2025,3.00,Metric Tonnes,4931.67,Rs./Quintal
Karnataka,Pulses,Beans,June-2025,1506.00,Metric Tonnes,5057.16,Rs./Quintal
Karnataka,Pulses,Bengal Gram Dal(Chana Dal),June-2025,139.00,Metric Tonnes,7295.34,Rs./Quintal
Karnataka,Pulses,Bengal Gram(Gram)(Whole),June-2025,573.30,Metric Tonnes,5692.76,Rs./Quintal
Karnataka,Pulses,Black Gram Dal(Urd Dal),June-2025,77.00,Metric Tonnes,11054.87,Rs./Quintal
Karnataka,Pulses,Black Gram(Urd Beans)(Whole),June-2025,40.00,Metric Tonnes,6502.50,Rs./Quintal
Karnataka,Pulses,Chennangi Dal,June-2025,2.00,Metric Tonnes,6750.00,Rs./Quintal
Karnataka,Pulses,Cowpea(Lobia/Karamani),June-2025,89.00,Metric Tonnes,5517.69,Rs./Quintal
Karnataka,Pulses,Green Gram Dal(Moong Dal),June-2025,45.00,Metric Tonnes,9734.18,Rs./Quintal
Karnataka,Pulses,Green Gram(Moong)(Whole),June-2025,41.10,Metric Tonnes,6631.87,Rs./Quintal
Karnataka,Pulses,Green Peas,June-2025,12.00,Metric Tonnes,8357.50,Rs./Quintal
Karnataka,Pulses,Kulthi(Horse Gram),June-2025,246.00,Metric Tonnes,3576.14,Rs./Quintal
Karnataka,Pulses,Mataki,June-2025,2.00,Metric Tonnes,8755.50,Rs./Quintal
Karnataka,Pulses,Red gram split/Arhar dal/Tur dal,June-2025,262.00,Metric Tonnes,10495.45,Rs./Quintal
Karnataka,Pulses,Red gram/Arhar/Tur(whole),June-2025,178.90,Metric Tonnes,6263.06,Rs./Quintal
Karnataka,Pulses,Alasande Gram,July-2025,326.00,Metric Tonnes,5418.44,Rs./Quintal
Karnataka,Pulses,Avare Dal,July-2025,5.00,Metric Tonnes,4402.20,Rs./Quintal
Karnataka,Pulses,Beans,July-2025,1692.00,Metric Tonnes,4925.92,Rs./Quintal
Karnataka,Pulses,Bengal Gram Dal(Chana Dal),July-2025,94.00,Metric Tonnes,7211.22,Rs./Quintal
Karnataka,Pulses,Bengal Gram(Gram)(Whole),July-2025,458.60,Metric Tonnes,5996.74,Rs./Quintal
Karnataka,Pulses,Black Gram Dal(Urd Dal),July-2025,87.10,Metric Tonnes,10779.37,Rs./Quintal
Karnataka,Pulses,Black Gram(Urd Beans)(Whole),July-2025,3.00,Metric Tonnes,8924.00,Rs./Quintal
Karnataka,Pulses,Cowpea(Lobia/Karamani),July-2025,451.00,Metric Tonnes,5278.66,Rs./Quintal
Karnataka,Pulses,Green Gram Dal(Moong Dal),July-2025,83.00,Metric Tonnes,8742.04,Rs./Quintal
Karnataka,Pulses,Green Gram(Moong)(Whole),July-2025,17.00,Metric Tonnes,6000.00,Rs./Quintal
Karnataka,Pulses,Green Peas,July-2025,14.00,Metric Tonnes,8125.00,Rs./Quintal
Karnataka,Pulses,Kulthi(Horse Gram),July-2025,615.00,Metric Tonnes,3471.28,Rs./Quintal
Karnataka,Pulses,Mataki,July-2025,6.00,Metric Tonnes,10866.67,Rs./Quintal
Karnataka,Pulses,Red gram split/Arhar dal/Tur dal,July-2025,247.00,Metric Tonnes,9927.41,Rs./Quintal
Karnataka,Pulses,Red gram/Arhar/Tur(whole),July-2025,141.30,Metric Tonnes,6067.16,Rs./Quintal
Karnataka,Pulses,Alasande Gram,August-2025,190.00,Metric Tonnes,5489.07,Rs./Quintal
Karnataka,Pulses,Avare Dal,August-2025,3.00,Metric Tonnes,5624.00,Rs./Quintal
Karnataka,Pulses,Beans,August-2025,1829.00,Metric Tonnes,3989.31,Rs./Quintal
Karnataka,Pulses,Bengal Gram Dal(Chana Dal),August-2025,50.00,Metric Tonnes,7698.50,Rs./Quintal
Karnataka,Pulses,Bengal Gram(Gram)(Whole),August-2025,896.00,Metric Tonnes,5924.89,Rs./Quintal
Karnataka,Pulses,Black Gram Dal(Urd Dal),August-2025,126.00,Metric Tonnes,9946.31,Rs./Quintal
Karnataka,Pulses,Black Gram(Urd Beans)(Whole),August-2025,7.00,Metric Tonnes,5571.43,Rs./Quintal
Karnataka,Pulses,Cowpea(Lobia/Karamani),August-2025,154.00,Metric Tonnes,5870.23,Rs./Quintal
Karnataka,Pulses,Green Gram Dal(Moong Dal),August-2025,39.00,Metric Tonnes,9899.36,Rs./Quintal
Karnataka,Pulses,Green Gram(Moong)(Whole),August-2025,406.00,Metric Tonnes,8718.18,Rs./Quintal
Karnataka,Pulses,Green Peas,August-2025,50.00,Metric Tonnes,5731.00,Rs./Quintal
Karnataka,Pulses,Kulthi(Horse Gram),August-2025,98.00,Metric Tonnes,4125.10,Rs./Quintal
Karnataka,Pulses,Red gram split/Arhar dal/Tur dal,August-2025,114.00,Metric Tonnes,10232.89,Rs./Quintal
Karnataka,Pulses,Red gram/Arhar/Tur(whole),August-2025,264.70,Metric Tonnes,6099.82,Rs./Quintal
Karnataka,Pulses,Alasande Gram,September-2025,38.50,Metric Tonnes,5812.35,Rs./Quintal
Karnataka,Pulses,Avare Dal,September-2025,38.20,Metric Tonnes,7119.73,Rs./Quintal
Karnataka,Pulses,Beans,September-2025,1975.47,Metric Tonnes,3171.06,Rs./Quintal
Karnataka,Pulses,Bengal Gram Dal(Chana Dal),September-2025,73.73,Metric Tonnes,7503.12,Rs./Quintal
Karnataka,Pulses,Bengal Gram(Gram)(Whole),September-2025,476.05,Metric Tonnes,6059.23,Rs./Quintal
Karnataka,Pulses,Black Gram Dal(Urd Dal),September-2025,137.01,Metric Tonnes,9770.00,Rs./Quintal
Karnataka,Pulses,Black Gram(Urd Beans)(Whole),September-2025,274.01,Metric Tonnes,7010.15,Rs./Quintal
Karnataka,Pulses,Cowpea(Lobia/Karamani),September-2025,147.56,Metric Tonnes,5598.37,Rs./Quintal
Karnataka,Pulses,Green Gram Dal(Moong Dal),September-2025,29.16,Metric Tonnes,9616.82,Rs./Quintal
Karnataka,Pulses,Green Gram(Moong)(Whole),September-2025,1497.17,Metric Tonnes,6607.65,Rs./Quintal
Karnataka,Pulses,Green Peas,September-2025,20.67,Metric Tonnes,4214.08,Rs./Quintal
Karnataka,Pulses,Kulthi(Horse Gram),September-2025,598.32,Metric Tonnes,3437.40,Rs./Quintal
Karnataka,Pulses,Mataki,September-2025,2.13,Metric Tonnes,11687.69,Rs./Quintal
Karnataka,Pulses,Red gram split/Arhar dal/Tur dal,September-2025,128.71,Metric Tonnes,9030.45,Rs./Quintal
Karnataka,Pulses,Red gram/Arhar/Tur(whole),September-2025,169.74,Metric Tonnes,6254.58,Rs./Quintal
Karnataka,Pulses,Alasande Gram,October-2025,6.90,Metric Tonnes,5738.62,Rs./Quintal
Karnataka,Pulses,Avare Dal,October-2025,0.27,Metric Tonnes,6162.96,Rs./Quintal
Karnataka,Pulses,Beans,October-2025,161.09,Metric Tonnes,4080.21,Rs./Quintal
Karnataka,Pulses,Bengal Gram Dal(Chana Dal),October-2025,18.79,Metric Tonnes,7103.45,Rs./Quintal
Karnataka,Pulses,Bengal Gram(Gram)(Whole),October-2025,125.40,Metric Tonnes,5389.79,Rs./Quintal
Karnataka,Pulses,Black Gram Dal(Urd Dal),October-2025,26.10,Metric Tonnes,10005.24,Rs./Quintal
Karnataka,Pulses,Black Gram(Urd Beans)(Whole),October-2025,0.94,Metric Tonnes,9727.66,Rs./Quintal
Karnataka,Pulses,Cowpea(Lobia/Karamani),October-2025,3.40,Metric Tonnes,6459.92,Rs./Quintal
Karnataka,Pulses,Green Gram Dal(Moong Dal),October-2025,8.33,Metric Tonnes,9372.88,Rs./Quintal
Karnataka,Pulses,Green Gram(Moong)(Whole),October-2025,11.43,Metric Tonnes,5491.69,Rs./Quintal
Karnataka,Pulses,Green Peas,October-2025,10.31,Metric Tonnes,3707.04,Rs./Quintal
Karnataka,Pulses,Kulthi(Horse Gram),October-2025,131.35,Metric Tonnes,3541.79,Rs./Quintal
Karnataka,Pulses,Mataki,October-2025,0.57,Metric Tonnes,10570.26,Rs./Quintal
Karnataka,Pulses,Red gram split/Arhar dal/Tur dal,October-2025,23.86,Metric Tonnes,9082.24,Rs./Quintal
Karnataka,Pulses,Red gram/Arhar/Tur(whole),October-2025,34.45,Metric Tonnes,6501.34,Rs./Quintal
Karnataka,Pulses,Alasande Gram,November-2025,112.66,Metric Tonnes,6772.88,Rs./Quintal
Karnataka,Pulses,Avare Dal,November-2025,0.78,Metric Tonnes,6616.95,Rs./Quintal
Karnataka,Pulses,Beans,November-2025,1262.30,Metric Tonnes,3518.57,Rs./Quintal
Karnataka,Pulses,Bengal Gram Dal(Chana Dal),November-2025,137.27,Metric Tonnes,7209.17,Rs./Quintal
Karnataka,Pulses,Bengal Gram(Gram)(Whole),November-2025,1244.81,Metric Tonnes,5424.33,Rs./Quintal
Karnataka,Pulses,Black Gram Dal(Urd Dal),November-2025,105.66,Metric Tonnes,11140.34,Rs./Quintal
Karnataka,Pulses,Black Gram(Urd Beans)(Whole),November-2025,297.18,Metric Tonnes,5989.03,Rs./Quintal
Karnataka,Pulses,Cowpea(Lobia/Karamani),November-2025,4.94,Metric Tonnes,6454.90,Rs./Quintal
Karnataka,Pulses,Green Gram Dal(Moong Dal),November-2025,7.33,Metric Tonnes,9849.53,Rs./Quintal
Karnataka,Pulses,Green Gram(Moong)(Whole),November-2025,516.09,Metric Tonnes,5456.28,Rs./Quintal
Karnataka,Pulses,Green Peas,November-2025,11.70,Metric Tonnes,9539.06,Rs./Quintal
Karnataka,Pulses,Kulthi(Horse Gram),November-2025,408.62,Metric Tonnes,3447.45,Rs./Quintal
Karnataka,Pulses,Mataki,November-2025,2.90,Metric Tonnes,12000.00,Rs./Quintal
Karnataka,Pulses,Red gram split/Arhar dal/Tur dal,November-2025,238.99,Metric Tonnes,9625.76,Rs./Quintal
Karnataka,Pulses,Red gram/Arhar/Tur(whole),November-2025,761.85,Metric Tonnes,6468.30,Rs./Quintal
Karnataka,Pulses,Alasande Gram,December-2025,750.40,Metric Tonnes,6625.91,Rs./Quintal
Karnataka,Pulses,Avare Dal,December-2025,16.00,Metric Tonnes,4575.54,Rs./Quintal
Karnataka,Pulses,Beans,December-2025,1446.70,Metric Tonnes,3879.97,Rs./Quintal
Karnataka,Pulses,Bengal Gram Dal(Chana Dal),December-2025,99.70,Metric Tonnes,6274.32,Rs./Quintal
Karnataka,Pulses,Bengal Gram(Gram)(Whole),December-2025,1280.20,Metric Tonnes,5327.99,Rs./Quintal
Karnataka,Pulses,Black Gram Dal(Urd Dal),December-2025,135.60,Metric Tonnes,10861.26,Rs./Quintal
Karnataka,Pulses,Black Gram(Urd Beans)(Whole),December-2025,331.10,Metric Tonnes,6049.42,Rs./Quintal
Karnataka,Pulses,Cowpea(Lobia/Karamani),December-2025,45.00,Metric Tonnes,6404.39,Rs./Quintal
Karnataka,Pulses,Green Gram Dal(Moong Dal),December-2025,46.90,Metric Tonnes,9167.78,Rs./Quintal
Karnataka,Pulses,Green Gram(Moong)(Whole),December-2025,1367.70,Metric Tonnes,5199.41,Rs./Quintal
Karnataka,Pulses,Green Peas,December-2025,77.70,Metric Tonnes,10474.47,Rs./Quintal
Karnataka,Pulses,Kulthi(Horse Gram),December-2025,1850.10,Metric Tonnes,3817.00,Rs./Quintal
Karnataka,Pulses,Mataki,December-2025,62.30,Metric Tonnes,10453.26,Rs./Quintal
Karnataka,Pulses,Red gram split/Arhar dal/Tur dal,December-2025,155.00,Metric Tonnes,8580.99,Rs./Quintal
Karnataka,Pulses,Red gram/Arhar/Tur(whole),December-2025,13249.60,Metric Tonnes,6870.01,Rs./Quintal
Keralam,Pulses,Beans,January-2023,61.90,Metric Tonnes,3906.22,Rs./Quintal
Keralam,Pulses,Bengal Gram(Gram)(Whole),January-2023,144.46,Metric Tonnes,6836.04,Rs./Quintal
Keralam,Pulses,Black Gram(Urd Beans)(Whole),January-2023,196.81,Metric Tonnes,10759.97,Rs./Quintal
Keralam,Pulses,Cowpea(Lobia/Karamani),January-2023,26.85,Metric Tonnes,9168.16,Rs./Quintal
Keralam,Pulses,Green Gram(Moong)(Whole),January-2023,163.80,Metric Tonnes,9915.05,Rs./Quintal
Keralam,Pulses,Green Peas,January-2023,28.87,Metric Tonnes,7001.21,Rs./Quintal
Keralam,Pulses,Kabuli Chana(Chickpeas-White),January-2023,15.43,Metric Tonnes,14108.39,Rs./Quintal
Keralam,Pulses,Red gram/Arhar/Tur(whole),January-2023,117.36,Metric Tonnes,10783.40,Rs./Quintal
Keralam,Pulses,Beans,February-2023,61.20,Metric Tonnes,4302.12,Rs./Quintal
Keralam,Pulses,Bengal Gram(Gram)(Whole),February-2023,133.22,Metric Tonnes,6845.39,Rs./Quintal
Keralam,Pulses,Black Gram(Urd Beans)(Whole),February-2023,159.44,Metric Tonnes,10545.44,Rs./Quintal
Keralam,Pulses,Cowpea(Lobia/Karamani),February-2023,26.60,Metric Tonnes,8601.13,Rs./Quintal
Keralam,Pulses,Green Gram(Moong)(Whole),February-2023,158.18,Metric Tonnes,10260.70,Rs./Quintal
Keralam,Pulses,Green Peas,February-2023,27.51,Metric Tonnes,7332.06,Rs./Quintal
Keralam,Pulses,Kabuli Chana(Chickpeas-White),February-2023,15.93,Metric Tonnes,13381.83,Rs./Quintal
Keralam,Pulses,Red gram/Arhar/Tur(whole),February-2023,123.72,Metric Tonnes,10472.72,Rs./Quintal
Keralam,Pulses,Beans,March-2023,70.30,Metric Tonnes,4433.21,Rs./Quintal
Keralam,Pulses,Bengal Gram(Gram)(Whole),March-2023,160.85,Metric Tonnes,6833.49,Rs./Quintal
Keralam,Pulses,Black Gram(Urd Beans)(Whole),March-2023,162.33,Metric Tonnes,10809.59,Rs./Quintal
Keralam,Pulses,Cowpea(Lobia/Karamani),March-2023,30.58,Metric Tonnes,8651.41,Rs./Quintal
Keralam,Pulses,Green Gram(Moong)(Whole),March-2023,189.07,Metric Tonnes,10202.48,Rs./Quintal
Keralam,Pulses,Green Peas,March-2023,25.39,Metric Tonnes,8034.07,Rs./Quintal
Keralam,Pulses,Kabuli Chana(Chickpeas-White),March-2023,17.88,Metric Tonnes,12486.30,Rs./Quintal
Keralam,Pulses,Red gram/Arhar/Tur(whole),March-2023,123.87,Metric Tonnes,10761.02,Rs./Quintal
Keralam,Pulses,White Peas,March-2023,4.20,Metric Tonnes,3107.14,Rs./Quintal
Keralam,Pulses,Beans,April-2023,59.10,Metric Tonnes,6353.98,Rs./Quintal
Keralam,Pulses,Bengal Gram(Gram)(Whole),April-2023,143.34,Metric Tonnes,6596.63,Rs./Quintal
Keralam,Pulses,Black Gram(Urd Beans)(Whole),April-2023,152.39,Metric Tonnes,10783.98,Rs./Quintal
Keralam,Pulses,Cowpea(Lobia/Karamani),April-2023,26.94,Metric Tonnes,8968.54,Rs./Quintal
Keralam,Pulses,Green Gram(Moong)(Whole),April-2023,150.48,Metric Tonnes,10816.01,Rs./Quintal
Keralam,Pulses,Green Peas,April-2023,23.29,Metric Tonnes,8866.25,Rs./Quintal
Keralam,Pulses,Kabuli Chana(Chickpeas-White),April-2023,22.73,Metric Tonnes,12545.42,Rs./Quintal
Keralam,Pulses,Red gram/Arhar/Tur(whole),April-2023,108.17,Metric Tonnes,10906.93,Rs./Quintal
Keralam,Pulses,Beans,May-2023,64.90,Metric Tonnes,6602.00,Rs./Quintal
Keralam,Pulses,Bengal Gram(Gram)(Whole),May-2023,147.63,Metric Tonnes,6459.54,Rs./Quintal
Keralam,Pulses,Black Gram(Urd Beans)(Whole),May-2023,162.48,Metric Tonnes,11038.71,Rs./Quintal
Keralam,Pulses,Cowpea(Lobia/Karamani),May-2023,29.42,Metric Tonnes,9103.67,Rs./Quintal
Keralam,Pulses,Green Gram(Moong)(Whole),May-2023,161.30,Metric Tonnes,10980.93,Rs./Quintal
Keralam,Pulses,Green Peas,May-2023,29.36,Metric Tonnes,8668.26,Rs./Quintal
Keralam,Pulses,Kabuli Chana(Chickpeas-White),May-2023,28.96,Metric Tonnes,12354.97,Rs./Quintal
Keralam,Pulses,Red gram/Arhar/Tur(whole),May-2023,133.78,Metric Tonnes,11111.08,Rs./Quintal
Keralam,Pulses,Beans,June-2023,79.05,Metric Tonnes,7065.28,Rs./Quintal
Keralam,Pulses,Bengal Gram(Gram)(Whole),June-2023,151.78,Metric Tonnes,6557.48,Rs./Quintal
Keralam,Pulses,Black Gram(Urd Beans)(Whole),June-2023,123.67,Metric Tonnes,12120.89,Rs./Quintal
Keralam,Pulses,Cowpea(Lobia/Karamani),June-2023,28.51,Metric Tonnes,9380.31,Rs./Quintal
Keralam,Pulses,Green Gram(Moong)(Whole),June-2023,160.88,Metric Tonnes,10945.71,Rs./Quintal
Keralam,Pulses,Green Peas,June-2023,27.45,Metric Tonnes,8864.30,Rs./Quintal
Keralam,Pulses,Kabuli Chana(Chickpeas-White),June-2023,27.55,Metric Tonnes,12585.03,Rs./Quintal
Keralam,Pulses,Red gram/Arhar/Tur(whole),June-2023,71.60,Metric Tonnes,12856.15,Rs./Quintal
Keralam,Pulses,White Peas,June-2023,1.50,Metric Tonnes,12000.00,Rs./Quintal
Keralam,Pulses,Beans,July-2023,64.50,Metric Tonnes,6529.18,Rs./Quintal
Keralam,Pulses,Bengal Gram(Gram)(Whole),July-2023,149.68,Metric Tonnes,6625.84,Rs./Quintal
Keralam,Pulses,Black Gram(Urd Beans)(Whole),July-2023,121.85,Metric Tonnes,12788.26,Rs./Quintal
Keralam,Pulses,Cowpea(Lobia/Karamani),July-2023,27.96,Metric Tonnes,9805.08,Rs./Quintal
Keralam,Pulses,Green Gram(Moong)(Whole),July-2023,162.11,Metric Tonnes,11071.62,Rs./Quintal
Keralam,Pulses,Green Peas,July-2023,26.95,Metric Tonnes,8577.18,Rs./Quintal
Keralam,Pulses,Kabuli Chana(Chickpeas-White),July-2023,26.78,Metric Tonnes,14070.39,Rs./Quintal
Keralam,Pulses,Red gram/Arhar/Tur(whole),July-2023,72.87,Metric Tonnes,13149.65,Rs./Quintal
Keralam,Pulses,White Peas,July-2023,2.00,Metric Tonnes,14000.00,Rs./Quintal
Keralam,Pulses,Beans,August-2023,75.45,Metric Tonnes,5440.38,Rs./Quintal
Keralam,Pulses,Bengal Gram(Gram)(Whole),August-2023,143.69,Metric Tonnes,6699.13,Rs./Quintal
Keralam,Pulses,Black Gram(Urd Beans)(Whole),August-2023,115.83,Metric Tonnes,13001.99,Rs./Quintal
Keralam,Pulses,Cowpea(Lobia/Karamani),August-2023,27.63,Metric Tonnes,11243.12,Rs./Quintal
Keralam,Pulses,Green Gram(Moong)(Whole),August-2023,143.35,Metric Tonnes,11401.53,Rs./Quintal
Keralam,Pulses,Green Peas,August-2023,24.20,Metric Tonnes,9807.33,Rs./Quintal
Keralam,Pulses,Kabuli Chana(Chickpeas-White),August-2023,24.27,Metric Tonnes,16134.84,Rs./Quintal
Keralam,Pulses,Red gram/Arhar/Tur(whole),August-2023,72.02,Metric Tonnes,13163.43,Rs./Quintal
Keralam,Pulses,Beans,September-2023,66.50,Metric Tonnes,4794.74,Rs./Quintal
Keralam,Pulses,Bengal Gram(Gram)(Whole),September-2023,122.70,Metric Tonnes,6921.15,Rs./Quintal
Keralam,Pulses,Black Gram(Urd Beans)(Whole),September-2023,102.54,Metric Tonnes,12651.26,Rs./Quintal
Keralam,Pulses,Cowpea(Lobia/Karamani),September-2023,24.66,Metric Tonnes,11045.21,Rs./Quintal
Keralam,Pulses,Green Gram(Moong)(Whole),September-2023,136.04,Metric Tonnes,11454.35,Rs./Quintal
Keralam,Pulses,Green Peas,September-2023,23.46,Metric Tonnes,11475.28,Rs./Quintal
Keralam,Pulses,Kabuli Chana(Chickpeas-White),September-2023,23.62,Metric Tonnes,17401.14,Rs./Quintal
Keralam,Pulses,Red gram/Arhar/Tur(whole),September-2023,61.64,Metric Tonnes,15347.01,Rs./Quintal
Keralam,Pulses,Beans,October-2023,78.20,Metric Tonnes,5457.16,Rs./Quintal
Keralam,Pulses,Bengal Gram(Gram)(Whole),October-2023,146.78,Metric Tonnes,6896.61,Rs./Quintal
Keralam,Pulses,Black Gram(Urd Beans)(Whole),October-2023,117.72,Metric Tonnes,13459.73,Rs./Quintal
Keralam,Pulses,Cowpea(Lobia/Karamani),October-2023,25.36,Metric Tonnes,11634.46,Rs./Quintal
Keralam,Pulses,Green Gram(Moong)(Whole),October-2023,170.90,Metric Tonnes,11789.94,Rs./Quintal
Keralam,Pulses,Green Peas,October-2023,23.54,Metric Tonnes,10837.72,Rs./Quintal
Keralam,Pulses,Kabuli Chana(Chickpeas-White),October-2023,23.76,Metric Tonnes,17653.62,Rs./Quintal
Keralam,Pulses,Red gram/Arhar/Tur(whole),October-2023,68.12,Metric Tonnes,16331.18,Rs./Quintal
Keralam,Pulses,Beans,November-2023,62.80,Metric Tonnes,4797.21,Rs./Quintal
Keralam,Pulses,Bengal Gram(Gram)(Whole),November-2023,134.00,Metric Tonnes,6875.37,Rs./Quintal
Keralam,Pulses,Black Gram(Urd Beans)(Whole),November-2023,121.00,Metric Tonnes,13330.58,Rs./Quintal
Keralam,Pulses,Cowpea(Lobia/Karamani),November-2023,23.50,Metric Tonnes,12242.55,Rs./Quintal
Keralam,Pulses,Green Gram(Moong)(Whole),November-2023,152.00,Metric Tonnes,11970.39,Rs./Quintal
Keralam,Pulses,Green Peas,November-2023,23.00,Metric Tonnes,10521.74,Rs./Quintal
Keralam,Pulses,Kabuli Chana(Chickpeas-White),November-2023,23.00,Metric Tonnes,17626.09,Rs./Quintal
Keralam,Pulses,Red gram/Arhar/Tur(whole),November-2023,73.80,Metric Tonnes,17109.76,Rs./Quintal
Keralam,Pulses,Beans,December-2023,69.30,Metric Tonnes,4121.04,Rs./Quintal
Keralam,Pulses,Bengal Gram(Gram)(Whole),December-2023,128.00,Metric Tonnes,6915.16,Rs./Quintal
Keralam,Pulses,Black Gram(Urd Beans)(Whole),December-2023,101.00,Metric Tonnes,12920.79,Rs./Quintal
Keralam,Pulses,Cowpea(Lobia/Karamani),December-2023,25.00,Metric Tonnes,12044.00,Rs./Quintal
Keralam,Pulses,Green Gram(Moong)(Whole),December-2023,134.00,Metric Tonnes,11750.00,Rs./Quintal
Keralam,Pulses,Green Peas,December-2023,25.00,Metric Tonnes,10904.00,Rs./Quintal
Keralam,Pulses,Kabuli Chana(Chickpeas-White),December-2023,25.00,Metric Tonnes,17592.00,Rs./Quintal
Keralam,Pulses,Red gram/Arhar/Tur(whole),December-2023,52.00,Metric Tonnes,14136.54,Rs./Quintal
Keralam,Pulses,Beans,January-2024,70.10,Metric Tonnes,4410.20,Rs./Quintal
Keralam,Pulses,Bengal Gram(Gram)(Whole),January-2024,144.00,Metric Tonnes,6769.44,Rs./Quintal
Keralam,Pulses,Black Gram(Urd Beans)(Whole),January-2024,107.80,Metric Tonnes,13064.19,Rs./Quintal
Keralam,Pulses,Cowpea(Lobia/Karamani),January-2024,24.09,Metric Tonnes,10360.61,Rs./Quintal
Keralam,Pulses,Green Gram(Moong)(Whole),January-2024,163.00,Metric Tonnes,11623.93,Rs./Quintal
Keralam,Pulses,Green Peas,January-2024,24.80,Metric Tonnes,10342.74,Rs./Quintal
Keralam,Pulses,Kabuli Chana(Chickpeas-White),January-2024,24.00,Metric Tonnes,17304.17,Rs./Quintal
Keralam,Pulses,Red gram/Arhar/Tur(whole),January-2024,56.70,Metric Tonnes,13543.21,Rs./Quintal
Keralam,Pulses,Beans,February-2024,74.30,Metric Tonnes,5052.22,Rs./Quintal
Keralam,Pulses,Bengal Gram(Gram)(Whole),February-2024,138.50,Metric Tonnes,7776.90,Rs./Quintal
Keralam,Pulses,Black Gram(Urd Beans)(Whole),February-2024,91.90,Metric Tonnes,13016.32,Rs./Quintal
Keralam,Pulses,Cowpea(Lobia/Karamani),February-2024,22.89,Metric Tonnes,10006.20,Rs./Quintal
Keralam,Pulses,Green Gram(Moong)(Whole),February-2024,151.00,Metric Tonnes,11923.84,Rs./Quintal
Keralam,Pulses,Green Peas,February-2024,22.00,Metric Tonnes,10104.55,Rs./Quintal
Keralam,Pulses,Kabuli Chana(Chickpeas-White),February-2024,22.00,Metric Tonnes,17336.36,Rs./Quintal
Keralam,Pulses,Red gram/Arhar/Tur(whole),February-2024,51.00,Metric Tonnes,13943.14,Rs./Quintal
Keralam,Pulses,Beans,March-2024,65.30,Metric Tonnes,5536.63,Rs./Quintal
Keralam,Pulses,Bengal Gram(Gram)(Whole),March-2024,131.00,Metric Tonnes,7712.98,Rs./Quintal
Keralam,Pulses,Black Gram(Urd Beans)(Whole),March-2024,81.00,Metric Tonnes,13106.17,Rs./Quintal
Keralam,Pulses,Cowpea(Lobia/Karamani),March-2024,20.00,Metric Tonnes,9600.00,Rs./Quintal
Keralam,Pulses,Green Gram(Moong)(Whole),March-2024,137.00,Metric Tonnes,12196.35,Rs./Quintal
Keralam,Pulses,Green Peas,March-2024,20.00,Metric Tonnes,8980.00,Rs./Quintal
Keralam,Pulses,Kabuli Chana(Chickpeas-White),March-2024,20.00,Metric Tonnes,15900.00,Rs./Quintal
Keralam,Pulses,Red gram/Arhar/Tur(whole),March-2024,44.00,Metric Tonnes,13427.27,Rs./Quintal
Keralam,Pulses,Beans,April-2024,61.60,Metric Tonnes,7713.13,Rs./Quintal
Keralam,Pulses,Bengal Gram(Gram)(Whole),April-2024,125.00,Metric Tonnes,7706.40,Rs./Quintal
Keralam,Pulses,Black Gram(Urd Beans)(Whole),April-2024,85.30,Metric Tonnes,12997.06,Rs./Quintal
Keralam,Pulses,Cowpea(Lobia/Karamani),April-2024,23.00,Metric Tonnes,9591.30,Rs./Quintal
Keralam,Pulses,Green Gram(Moong)(Whole),April-2024,141.00,Metric Tonnes,12254.26,Rs./Quintal
Keralam,Pulses,Green Peas,April-2024,23.00,Metric Tonnes,9830.43,Rs./Quintal
Keralam,Pulses,Kabuli Chana(Chickpeas-White),April-2024,23.00,Metric Tonnes,14282.61,Rs./Quintal
Keralam,Pulses,Red gram/Arhar/Tur(whole),April-2024,45.00,Metric Tonnes,13562.22,Rs./Quintal
Keralam,Pulses,Beans,May-2024,59.10,Metric Tonnes,10604.64,Rs./Quintal
Keralam,Pulses,Bengal Gram(Gram)(Whole),May-2024,142.00,Metric Tonnes,7721.83,Rs./Quintal
Keralam,Pulses,Black Gram(Urd Beans)(Whole),May-2024,95.00,Metric Tonnes,13186.32,Rs./Quintal
Keralam,Pulses,Cowpea(Lobia/Karamani),May-2024,26.00,Metric Tonnes,10080.77,Rs./Quintal
Keralam,Pulses,Green Gram(Moong)(Whole),May-2024,161.00,Metric Tonnes,12215.78,Rs./Quintal
Keralam,Pulses,Green Peas,May-2024,26.00,Metric Tonnes,10538.46,Rs./Quintal
Keralam,Pulses,Kabuli Chana(Chickpeas-White),May-2024,26.00,Metric Tonnes,13357.69,Rs./Quintal
Keralam,Pulses,Red gram/Arhar/Tur(whole),May-2024,54.00,Metric Tonnes,13392.59,Rs./Quintal
Keralam,Pulses,Beans,June-2024,29.70,Metric Tonnes,8702.96,Rs./Quintal
Keralam,Pulses,Bengal Gram(Gram)(Whole),June-2024,134.00,Metric Tonnes,7914.93,Rs./Quintal
Keralam,Pulses,Black Gram(Urd Beans)(Whole),June-2024,83.03,Metric Tonnes,13474.05,Rs./Quintal
Keralam,Pulses,Cowpea(Lobia/Karamani),June-2024,30.40,Metric Tonnes,9782.24,Rs./Quintal
Keralam,Pulses,Green Gram(Moong)(Whole),June-2024,136.00,Metric Tonnes,12586.40,Rs./Quintal
Keralam,Pulses,Green Peas,June-2024,24.00,Metric Tonnes,11087.50,Rs./Quintal
Keralam,Pulses,Kabuli Chana(Chickpeas-White),June-2024,24.00,Metric Tonnes,13100.00,Rs./Quintal
Keralam,Pulses,Red gram/Arhar/Tur(whole),June-2024,46.00,Metric Tonnes,13391.30,Rs./Quintal
Keralam,Pulses,Beans,July-2024,72.50,Metric Tonnes,5398.69,Rs./Quintal
Keralam,Pulses,Bengal Gram(Gram)(Whole),July-2024,147.00,Metric Tonnes,8291.16,Rs./Quintal
Keralam,Pulses,Black Gram(Urd Beans)(Whole),July-2024,92.00,Metric Tonnes,13091.30,Rs./Quintal
Keralam,Pulses,Cowpea(Lobia/Karamani),July-2024,45.45,Metric Tonnes,7948.62,Rs./Quintal
Keralam,Pulses,Green Gram(Moong)(Whole),July-2024,152.00,Metric Tonnes,12275.66,Rs./Quintal
Keralam,Pulses,Green Peas,July-2024,17.00,Metric Tonnes,12132.35,Rs./Quintal
Keralam,Pulses,Kabuli Chana(Chickpeas-White),July-2024,26.00,Metric Tonnes,13350.00,Rs./Quintal
Keralam,Pulses,Red gram/Arhar/Tur(whole),July-2024,40.70,Metric Tonnes,13804.91,Rs./Quintal
Keralam,Pulses,Beans,August-2024,38.50,Metric Tonnes,4733.51,Rs./Quintal
Keralam,Pulses,Bengal Gram(Gram)(Whole),August-2024,141.00,Metric Tonnes,8490.07,Rs./Quintal
Keralam,Pulses,Black Gram(Urd Beans)(Whole),August-2024,88.00,Metric Tonnes,13207.95,Rs./Quintal
Keralam,Pulses,Cowpea(Lobia/Karamani),August-2024,41.80,Metric Tonnes,7243.06,Rs./Quintal
Keralam,Pulses,Green Gram(Moong)(Whole),August-2024,150.00,Metric Tonnes,12040.00,Rs./Quintal
Keralam,Pulses,Green Peas,August-2024,9.00,Metric Tonnes,15666.67,Rs./Quintal
Keralam,Pulses,Kabuli Chana(Chickpeas-White),August-2024,21.00,Metric Tonnes,14166.67,Rs./Quintal
Keralam,Pulses,Red gram/Arhar/Tur(whole),August-2024,42.70,Metric Tonnes,13448.71,Rs./Quintal
Keralam,Pulses,Beans,September-2024,53.00,Metric Tonnes,5109.04,Rs./Quintal
Keralam,Pulses,Bengal Gram(Gram)(Whole),September-2024,131.00,Metric Tonnes,8599.24,Rs./Quintal
Keralam,Pulses,Black Gram(Urd Beans)(Whole),September-2024,86.00,Metric Tonnes,13254.65,Rs./Quintal
Keralam,Pulses,Cowpea(Lobia/Karamani),September-2024,61.10,Metric Tonnes,5579.87,Rs./Quintal
Keralam,Pulses,Green Gram(Moong)(Whole),September-2024,148.00,Metric Tonnes,11897.97,Rs./Quintal
Keralam,Pulses,Green Peas,September-2024,7.50,Metric Tonnes,18310.00,Rs./Quintal
Keralam,Pulses,Kabuli Chana(Chickpeas-White),September-2024,22.00,Metric Tonnes,15531.82,Rs./Quintal
Keralam,Pulses,Red gram/Arhar/Tur(whole),September-2024,47.00,Metric Tonnes,13638.30,Rs./Quintal
Keralam,Pulses,Beans,October-2024,52.40,Metric Tonnes,7815.65,Rs./Quintal
Keralam,Pulses,Bengal Gram(Gram)(Whole),October-2024,148.00,Metric Tonnes,8602.70,Rs./Quintal
Keralam,Pulses,Black Gram(Urd Beans)(Whole),October-2024,108.00,Metric Tonnes,13303.70,Rs./Quintal
Keralam,Pulses,Cowpea(Lobia/Karamani),October-2024,89.70,Metric Tonnes,6148.16,Rs./Quintal
Keralam,Pulses,Green Gram(Moong)(Whole),October-2024,159.00,Metric Tonnes,11740.88,Rs./Quintal
Keralam,Pulses,Green Peas,October-2024,8.75,Metric Tonnes,18828.57,Rs./Quintal
Keralam,Pulses,Kabuli Chana(Chickpeas-White),October-2024,23.00,Metric Tonnes,15347.83,Rs./Quintal
Keralam,Pulses,Red gram/Arhar/Tur(whole),October-2024,42.00,Metric Tonnes,13461.90,Rs./Quintal
Keralam,Pulses,Beans,November-2024,60.50,Metric Tonnes,5429.42,Rs./Quintal
Keralam,Pulses,Bengal Gram(Gram)(Whole),November-2024,136.80,Metric Tonnes,8522.51,Rs./Quintal
Keralam,Pulses,Black Gram(Urd Beans)(Whole),November-2024,108.00,Metric Tonnes,13681.48,Rs./Quintal
Keralam,Pulses,Cowpea(Lobia/Karamani),November-2024,94.70,Metric Tonnes,5113.26,Rs./Quintal
Keralam,Pulses,Green Gram(Moong)(Whole),November-2024,153.00,Metric Tonnes,11831.37,Rs./Quintal
Keralam,Pulses,Green Peas,November-2024,8.50,Metric Tonnes,14844.12,Rs./Quintal
Keralam,Pulses,Kabuli Chana(Chickpeas-White),November-2024,21.00,Metric Tonnes,14828.57,Rs./Quintal
Keralam,Pulses,Red gram/Arhar/Tur(whole),November-2024,46.80,Metric Tonnes,14764.10,Rs./Quintal
Keralam,Pulses,Beans,December-2024,43.50,Metric Tonnes,5823.22,Rs./Quintal
Keralam,Pulses,Bengal Gram(Gram)(Whole),December-2024,138.00,Metric Tonnes,8533.33,Rs./Quintal
Keralam,Pulses,Black Gram(Urd Beans)(Whole),December-2024,113.00,Metric Tonnes,13728.32,Rs./Quintal
Keralam,Pulses,Cowpea(Lobia/Karamani),December-2024,108.00,Metric Tonnes,6352.59,Rs./Quintal
Keralam,Pulses,Green Gram(Moong)(Whole),December-2024,145.00,Metric Tonnes,11851.72,Rs./Quintal
Keralam,Pulses,Green Peas,December-2024,6.25,Metric Tonnes,21368.00,Rs./Quintal
Keralam,Pulses,Kabuli Chana(Chickpeas-White),December-2024,25.00,Metric Tonnes,14616.00,Rs./Quintal
Keralam,Pulses,Red gram/Arhar/Tur(whole),December-2024,46.00,Metric Tonnes,14782.61,Rs./Quintal
Keralam,Pulses,Beans,January-2025,64.00,Metric Tonnes,5583.59,Rs./Quintal
Keralam,Pulses,Bengal Gram(Gram)(Whole),January-2025,45.00,Metric Tonnes,8964.44,Rs./Quintal
Keralam,Pulses,Black Gram(Urd Beans)(Whole),January-2025,126.00,Metric Tonnes,13250.79,Rs./Quintal
Keralam,Pulses,Cowpea(Lobia/Karamani),January-2025,104.60,Metric Tonnes,5896.37,Rs./Quintal
Keralam,Pulses,Green Gram(Moong)(Whole),January-2025,59.00,Metric Tonnes,11611.86,Rs./Quintal
Keralam,Pulses,Green Peas,January-2025,6.00,Metric Tonnes,21800.00,Rs./Quintal
Keralam,Pulses,Kabuli Chana(Chickpeas-White),January-2025,24.00,Metric Tonnes,14516.67,Rs./Quintal
Keralam,Pulses,Red gram/Arhar/Tur(whole),January-2025,66.00,Metric Tonnes,13172.73,Rs./Quintal
Keralam,Pulses,Beans,February-2025,64.60,Metric Tonnes,4707.43,Rs./Quintal
Keralam,Pulses,Bengal Gram(Gram)(Whole),February-2025,44.00,Metric Tonnes,8577.27,Rs./Quintal
Keralam,Pulses,Black Gram(Urd Beans)(Whole),February-2025,115.00,Metric Tonnes,12990.43,Rs./Quintal
Keralam,Pulses,Cowpea(Lobia/Karamani),February-2025,92.10,Metric Tonnes,4823.72,Rs./Quintal
Keralam,Pulses,Green Gram(Moong)(Whole),February-2025,66.00,Metric Tonnes,11030.30,Rs./Quintal
Keralam,Pulses,Green Peas,February-2025,11.00,Metric Tonnes,15704.55,Rs./Quintal
Keralam,Pulses,Kabuli Chana(Chickpeas-White),February-2025,22.00,Metric Tonnes,14113.64,Rs./Quintal
Keralam,Pulses,Red gram/Arhar/Tur(whole),February-2025,72.00,Metric Tonnes,13504.17,Rs./Quintal
Keralam,Pulses,Beans,March-2025,54.23,Metric Tonnes,5799.00,Rs./Quintal
Keralam,Pulses,Bengal Gram(Gram)(Whole),March-2025,48.00,Metric Tonnes,8139.58,Rs./Quintal
Keralam,Pulses,Black Gram(Urd Beans)(Whole),March-2025,130.00,Metric Tonnes,12608.46,Rs./Quintal
Keralam,Pulses,Cowpea(Lobia/Karamani),March-2025,90.40,Metric Tonnes,5296.24,Rs./Quintal
Keralam,Pulses,Green Gram(Moong)(Whole),March-2025,73.00,Metric Tonnes,11368.49,Rs./Quintal
Keralam,Pulses,Green Peas,March-2025,18.80,Metric Tonnes,10345.74,Rs./Quintal
Keralam,Pulses,Kabuli Chana(Chickpeas-White),March-2025,25.00,Metric Tonnes,13444.00,Rs./Quintal
Keralam,Pulses,Red gram/Arhar/Tur(whole),March-2025,81.80,Metric Tonnes,13479.46,Rs./Quintal
Keralam,Pulses,Beans,April-2025,71.70,Metric Tonnes,6573.22,Rs./Quintal
Keralam,Pulses,Bengal Gram(Gram)(Whole),April-2025,44.00,Metric Tonnes,8050.00,Rs./Quintal
Keralam,Pulses,Black Gram(Urd Beans)(Whole),April-2025,107.00,Metric Tonnes,12373.83,Rs./Quintal
Keralam,Pulses,Cowpea(Lobia/Karamani),April-2025,89.25,Metric Tonnes,5158.54,Rs./Quintal
Keralam,Pulses,Green Gram(Moong)(Whole),April-2025,64.00,Metric Tonnes,11401.56,Rs./Quintal
Keralam,Pulses,Green Peas,April-2025,11.50,Metric Tonnes,12065.22,Rs./Quintal
Keralam,Pulses,Kabuli Chana(Chickpeas-White),April-2025,23.00,Metric Tonnes,12969.57,Rs./Quintal
Keralam,Pulses,Red gram/Arhar/Tur(whole),April-2025,63.00,Metric Tonnes,13380.95,Rs./Quintal
Keralam,Pulses,Beans,May-2025,67.83,Metric Tonnes,7201.16,Rs./Quintal
Keralam,Pulses,Bengal Gram(Gram)(Whole),May-2025,46.00,Metric Tonnes,7976.09,Rs./Quintal
Keralam,Pulses,Black Gram(Urd Beans)(Whole),May-2025,120.00,Metric Tonnes,12384.17,Rs./Quintal
Keralam,Pulses,Cowpea(Lobia/Karamani),May-2025,91.10,Metric Tonnes,4957.96,Rs./Quintal
Keralam,Pulses,Green Gram(Moong)(Whole),May-2025,69.00,Metric Tonnes,11282.61,Rs./Quintal
Keralam,Pulses,Green Peas,May-2025,12.50,Metric Tonnes,12628.00,Rs./Quintal
Keralam,Pulses,Kabuli Chana(Chickpeas-White),May-2025,25.00,Metric Tonnes,12452.00,Rs./Quintal
Keralam,Pulses,Red gram/Arhar/Tur(whole),May-2025,75.00,Metric Tonnes,13525.33,Rs./Quintal
Keralam,Pulses,Beans,June-2025,84.30,Metric Tonnes,7499.88,Rs./Quintal
Keralam,Pulses,Bengal Gram(Gram)(Whole),June-2025,41.00,Metric Tonnes,8100.00,Rs./Quintal
Keralam,Pulses,Black Gram(Urd Beans)(Whole),June-2025,111.00,Metric Tonnes,12445.95,Rs./Quintal
Keralam,Pulses,Cowpea(Lobia/Karamani),June-2025,49.50,Metric Tonnes,6312.73,Rs./Quintal
Keralam,Pulses,Green Gram(Moong)(Whole),June-2025,64.00,Metric Tonnes,11336.72,Rs./Quintal
Keralam,Pulses,Green Peas,June-2025,12.00,Metric Tonnes,11570.83,Rs./Quintal
Keralam,Pulses,Kabuli Chana(Chickpeas-White),June-2025,24.00,Metric Tonnes,11483.33,Rs./Quintal
Keralam,Pulses,Red gram/Arhar/Tur(whole),June-2025,70.00,Metric Tonnes,13660.00,Rs./Quintal
Keralam,Pulses,Beans,July-2025,77.30,Metric Tonnes,6417.85,Rs./Quintal
Keralam,Pulses,Bengal Gram(Gram)(Whole),July-2025,45.00,Metric Tonnes,8180.00,Rs./Quintal
Keralam,Pulses,Black Gram(Urd Beans)(Whole),July-2025,116.50,Metric Tonnes,12305.58,Rs./Quintal
Keralam,Pulses,Cowpea(Lobia/Karamani),July-2025,46.35,Metric Tonnes,6953.18,Rs./Quintal
Keralam,Pulses,Green Gram(Moong)(Whole),July-2025,68.00,Metric Tonnes,11932.35,Rs./Quintal
Keralam,Pulses,Green Peas,July-2025,12.00,Metric Tonnes,12945.83,Rs./Quintal
Keralam,Pulses,Kabuli Chana(Chickpeas-White),July-2025,24.00,Metric Tonnes,11491.67,Rs./Quintal
Keralam,Pulses,Red gram/Arhar/Tur(whole),July-2025,72.00,Metric Tonnes,13350.00,Rs./Quintal
Keralam,Pulses,Beans,August-2025,69.80,Metric Tonnes,5674.21,Rs./Quintal
Keralam,Pulses,Bengal Gram(Gram)(Whole),August-2025,47.00,Metric Tonnes,8968.09,Rs./Quintal
Keralam,Pulses,Black Gram(Urd Beans)(Whole),August-2025,111.60,Metric Tonnes,12346.59,Rs./Quintal
Keralam,Pulses,Cowpea(Lobia/Karamani),August-2025,44.60,Metric Tonnes,7094.62,Rs./Quintal
Keralam,Pulses,Green Gram(Moong)(Whole),August-2025,69.00,Metric Tonnes,11501.45,Rs./Quintal
Keralam,Pulses,Green Peas,August-2025,11.75,Metric Tonnes,15025.53,Rs./Quintal
Keralam,Pulses,Kabuli Chana(Chickpeas-White),August-2025,23.00,Metric Tonnes,11695.65,Rs./Quintal
Keralam,Pulses,Red gram/Arhar/Tur(whole),August-2025,67.00,Metric Tonnes,13694.03,Rs./Quintal
Keralam,Pulses,Beans,September-2025,58.80,Metric Tonnes,5016.16,Rs./Quintal
Keralam,Pulses,Bengal Gram(Gram)(Whole),September-2025,45.50,Metric Tonnes,8767.03,Rs./Quintal
Keralam,Pulses,Black Gram(Urd Beans)(Whole),September-2025,111.00,Metric Tonnes,12241.44,Rs./Quintal
Keralam,Pulses,Cowpea(Lobia/Karamani),September-2025,47.90,Metric Tonnes,6521.50,Rs./Quintal
Keralam,Pulses,Green Gram(Moong)(Whole),September-2025,71.00,Metric Tonnes,11798.59,Rs./Quintal
Keralam,Pulses,Green Peas,September-2025,13.00,Metric Tonnes,14480.77,Rs./Quintal
Keralam,Pulses,Kabuli Chana(Chickpeas-White),September-2025,26.00,Metric Tonnes,11730.77,Rs./Quintal
Keralam,Pulses,Red gram/Arhar/Tur(whole),September-2025,66.00,Metric Tonnes,13556.06,Rs./Quintal
Keralam,Pulses,Beans,October-2025,59.70,Metric Tonnes,5302.68,Rs./Quintal
Keralam,Pulses,Bengal Gram(Gram)(Whole),October-2025,49.00,Metric Tonnes,8865.31,Rs./Quintal
Keralam,Pulses,Black Gram(Urd Beans)(Whole),October-2025,118.50,Metric Tonnes,12280.17,Rs./Quintal
Keralam,Pulses,Cowpea(Lobia/Karamani),October-2025,47.50,Metric Tonnes,6488.42,Rs./Quintal
Keralam,Pulses,Green Gram(Moong)(Whole),October-2025,70.00,Metric Tonnes,11974.29,Rs./Quintal
Keralam,Pulses,Green Peas,October-2025,13.50,Metric Tonnes,13044.44,Rs./Quintal
Keralam,Pulses,Kabuli Chana(Chickpeas-White),October-2025,24.00,Metric Tonnes,11466.67,Rs./Quintal
Keralam,Pulses,Red gram/Arhar/Tur(whole),October-2025,70.00,Metric Tonnes,13770.00,Rs./Quintal
Keralam,Pulses,Beans,November-2025,12.80,Metric Tonnes,5996.88,Rs./Quintal
Keralam,Pulses,Bengal Gram(Gram)(Whole),November-2025,48.00,Metric Tonnes,8114.58,Rs./Quintal
Keralam,Pulses,Black Gram(Urd Beans)(Whole),November-2025,113.00,Metric Tonnes,11712.39,Rs./Quintal
Keralam,Pulses,Cowpea(Lobia/Karamani),November-2025,32.30,Metric Tonnes,8344.89,Rs./Quintal
Keralam,Pulses,Green Gram Dal(Moong Dal),November-2025,4.00,Metric Tonnes,8950.00,Rs./Quintal
Keralam,Pulses,Green Gram(Moong)(Whole),November-2025,66.00,Metric Tonnes,11439.39,Rs./Quintal
Keralam,Pulses,Green Peas,November-2025,14.50,Metric Tonnes,13672.41,Rs./Quintal
Keralam,Pulses,Kabuli Chana(Chickpeas-White),November-2025,24.00,Metric Tonnes,11137.50,Rs./Quintal
Keralam,Pulses,Red gram/Arhar/Tur(whole),November-2025,68.00,Metric Tonnes,12302.94,Rs./Quintal
Keralam,Pulses,White Peas,November-2025,0.80,Metric Tonnes,5000.00,Rs./Quintal
Keralam,Pulses,Beans,December-2025,6.20,Metric Tonnes,7004.84,Rs./Quintal
Keralam,Pulses,Bengal Gram(Gram)(Whole),December-2025,47.00,Metric Tonnes,8421.28,Rs./Quintal
Keralam,Pulses,Black Gram(Urd Beans)(Whole),December-2025,115.00,Metric Tonnes,11317.39,Rs./Quintal
Keralam,Pulses,Cowpea(Lobia/Karamani),December-2025,25.00,Metric Tonnes,9556.00,Rs./Quintal
Keralam,Pulses,Green Gram(Moong)(Whole),December-2025,73.00,Metric Tonnes,11487.67,Rs./Quintal
Keralam,Pulses,Green Peas,December-2025,14.70,Metric Tonnes,12727.89,Rs./Quintal
Keralam,Pulses,Kabuli Chana(Chickpeas-White),December-2025,25.00,Metric Tonnes,11172.00,Rs./Quintal
Keralam,Pulses,Red gram/Arhar/Tur(whole),December-2025,67.00,Metric Tonnes,11179.10,Rs./Quintal
Keralam,Pulses,White Peas,December-2025,0.60,Metric Tonnes,6000.00,Rs./Quintal
Madhya Pradesh,Pulses,Alasande Gram,January-2023,722.50,Metric Tonnes,4228.80,Rs./Quintal
Madhya Pradesh,Pulses,Beans,January-2023,383.32,Metric Tonnes,3551.38,Rs./Quintal
Madhya Pradesh,Pulses,Bengal Gram Dal(Chana Dal),January-2023,41.17,Metric Tonnes,4615.80,Rs./Quintal
Madhya Pradesh,Pulses,Bengal Gram(Gram)(Whole),January-2023,21179.04,Metric Tonnes,4594.92,Rs./Quintal
Madhya Pradesh,Pulses,Black Gram Dal(Urd Dal),January-2023,1.30,Metric Tonnes,4228.69,Rs./Quintal
Madhya Pradesh,Pulses,Black Gram(Urd Beans)(Whole),January-2023,7484.64,Metric Tonnes,5196.28,Rs./Quintal
Madhya Pradesh,Pulses,Green Gram Dal(Moong Dal),January-2023,23.40,Metric Tonnes,6920.75,Rs./Quintal
Madhya Pradesh,Pulses,Green Gram(Moong)(Whole),January-2023,1539.51,Metric Tonnes,6656.24,Rs./Quintal
Madhya Pradesh,Pulses,Green Peas,January-2023,9692.54,Metric Tonnes,1287.80,Rs./Quintal
Madhya Pradesh,Pulses,Guar Seed(Cluster Beans Seed),January-2023,62.00,Metric Tonnes,4951.16,Rs./Quintal
Madhya Pradesh,Pulses,Kabuli Chana(Chickpeas-White),January-2023,4376.47,Metric Tonnes,9420.84,Rs./Quintal
Madhya Pradesh,Pulses,Kulthi(Horse Gram),January-2023,2037.32,Metric Tonnes,4552.56,Rs./Quintal
Madhya Pradesh,Pulses,Lak(Teora),January-2023,1633.57,Metric Tonnes,3436.85,Rs./Quintal
Madhya Pradesh,Pulses,Lentil(Masur)(Whole),January-2023,12500.99,Metric Tonnes,5962.04,Rs./Quintal
Madhya Pradesh,Pulses,Masur Dal,January-2023,465.96,Metric Tonnes,5662.15,Rs./Quintal
Madhya Pradesh,Pulses,Mataki,January-2023,7.30,Metric Tonnes,3326.64,Rs./Quintal
Madhya Pradesh,Pulses,Peas(Dry),January-2023,6545.12,Metric Tonnes,4069.75,Rs./Quintal
Madhya Pradesh,Pulses,Red gram split/Arhar dal/Tur dal,January-2023,471.45,Metric Tonnes,5272.99,Rs./Quintal
Madhya Pradesh,Pulses,Red gram/Arhar/Tur(whole),January-2023,9651.37,Metric Tonnes,6382.99,Rs./Quintal
Madhya Pradesh,Pulses,White Peas,January-2023,1332.77,Metric Tonnes,3571.38,Rs./Quintal
Madhya Pradesh,Pulses,Alasande Gram,February-2023,704.94,Metric Tonnes,4479.39,Rs./Quintal
Madhya Pradesh,Pulses,Beans,February-2023,880.10,Metric Tonnes,3459.85,Rs./Quintal
Madhya Pradesh,Pulses,Bengal Gram Dal(Chana Dal),February-2023,51.80,Metric Tonnes,4639.68,Rs./Quintal
Madhya Pradesh,Pulses,Bengal Gram(Gram)(Whole),February-2023,36956.17,Metric Tonnes,4768.33,Rs./Quintal
Madhya Pradesh,Pulses,Black Gram Dal(Urd Dal),February-2023,18.40,Metric Tonnes,4422.28,Rs./Quintal
Madhya Pradesh,Pulses,Black Gram(Urd Beans)(Whole),February-2023,6624.36,Metric Tonnes,5325.89,Rs./Quintal
Madhya Pradesh,Pulses,Green Gram Dal(Moong Dal),February-2023,66.60,Metric Tonnes,6788.00,Rs./Quintal
Madhya Pradesh,Pulses,Green Gram(Moong)(Whole),February-2023,1432.27,Metric Tonnes,6886.82,Rs./Quintal
Madhya Pradesh,Pulses,Green Peas,February-2023,6412.77,Metric Tonnes,1285.66,Rs./Quintal
Madhya Pradesh,Pulses,Guar Seed(Cluster Beans Seed),February-2023,28.40,Metric Tonnes,4790.56,Rs./Quintal
Madhya Pradesh,Pulses,Kabuli Chana(Chickpeas-White),February-2023,18492.88,Metric Tonnes,8979.47,Rs./Quintal
Madhya Pradesh,Pulses,Kulthi(Horse Gram),February-2023,2739.51,Metric Tonnes,4460.97,Rs./Quintal
Madhya Pradesh,Pulses,Lak(Teora),February-2023,5408.27,Metric Tonnes,3245.34,Rs./Quintal
Madhya Pradesh,Pulses,Lentil(Masur)(Whole),February-2023,45098.54,Metric Tonnes,5497.34,Rs./Quintal
Madhya Pradesh,Pulses,Masur Dal,February-2023,243.78,Metric Tonnes,5192.46,Rs./Quintal
Madhya Pradesh,Pulses,Mataki,February-2023,7.07,Metric Tonnes,5240.00,Rs./Quintal
Madhya Pradesh,Pulses,Peas(Dry),February-2023,10390.70,Metric Tonnes,3963.28,Rs./Quintal
Madhya Pradesh,Pulses,Red gram split/Arhar dal/Tur dal,February-2023,140.40,Metric Tonnes,6565.50,Rs./Quintal
Madhya Pradesh,Pulses,Red gram/Arhar/Tur(whole),February-2023,18919.08,Metric Tonnes,6916.90,Rs./Quintal
Madhya Pradesh,Pulses,White Peas,February-2023,2748.08,Metric Tonnes,3699.59,Rs./Quintal
Madhya Pradesh,Pulses,Alasande Gram,March-2023,2375.93,Metric Tonnes,4884.54,Rs./Quintal
Madhya Pradesh,Pulses,Beans,March-2023,1784.69,Metric Tonnes,3442.22,Rs./Quintal
Madhya Pradesh,Pulses,Bengal Gram Dal(Chana Dal),March-2023,11.20,Metric Tonnes,4759.73,Rs./Quintal
Madhya Pradesh,Pulses,Bengal Gram(Gram)(Whole),March-2023,81840.02,Metric Tonnes,4922.56,Rs./Quintal
Madhya Pradesh,Pulses,Black Gram Dal(Urd Dal),March-2023,0.30,Metric Tonnes,4000.00,Rs./Quintal
Madhya Pradesh,Pulses,Black Gram(Urd Beans)(Whole),March-2023,3778.49,Metric Tonnes,5578.74,Rs./Quintal
Madhya Pradesh,Pulses,Chennangi(Whole),March-2023,2306.86,Metric Tonnes,4670.68,Rs./Quintal
Madhya Pradesh,Pulses,Green Gram Dal(Moong Dal),March-2023,11.50,Metric Tonnes,7635.70,Rs./Quintal
Madhya Pradesh,Pulses,Green Gram(Moong)(Whole),March-2023,1666.68,Metric Tonnes,7167.42,Rs./Quintal
Madhya Pradesh,Pulses,Green Peas,March-2023,1469.19,Metric Tonnes,2237.13,Rs./Quintal
Madhya Pradesh,Pulses,Kabuli Chana(Chickpeas-White),March-2023,70518.61,Metric Tonnes,9043.52,Rs./Quintal
Madhya Pradesh,Pulses,Kulthi(Horse Gram),March-2023,4991.96,Metric Tonnes,4767.36,Rs./Quintal
Madhya Pradesh,Pulses,Lak(Teora),March-2023,15284.06,Metric Tonnes,3257.88,Rs./Quintal
Madhya Pradesh,Pulses,Lentil(Masur)(Whole),March-2023,105468.04,Metric Tonnes,5493.22,Rs./Quintal
Madhya Pradesh,Pulses,Masur Dal,March-2023,1183.52,Metric Tonnes,3946.20,Rs./Quintal
Madhya Pradesh,Pulses,Mataki,March-2023,25.60,Metric Tonnes,3251.00,Rs./Quintal
Madhya Pradesh,Pulses,Peas(Dry),March-2023,27143.70,Metric Tonnes,4166.40,Rs./Quintal
Madhya Pradesh,Pulses,Red gram split/Arhar dal/Tur dal,March-2023,98.40,Metric Tonnes,6425.47,Rs./Quintal
Madhya Pradesh,Pulses,Red gram/Arhar/Tur(whole),March-2023,10664.54,Metric Tonnes,6156.38,Rs./Quintal
Madhya Pradesh,Pulses,White Peas,March-2023,9229.15,Metric Tonnes,3081.79,Rs./Quintal
Madhya Pradesh,Pulses,Alasande Gram,April-2023,4160.50,Metric Tonnes,3952.38,Rs./Quintal
Madhya Pradesh,Pulses,Beans,April-2023,1070.52,Metric Tonnes,3372.45,Rs./Quintal
Madhya Pradesh,Pulses,Bengal Gram Dal(Chana Dal),April-2023,2.50,Metric Tonnes,4685.00,Rs./Quintal
Madhya Pradesh,Pulses,Bengal Gram(Gram)(Whole),April-2023,140435.19,Metric Tonnes,4942.99,Rs./Quintal
Madhya Pradesh,Pulses,Black Gram Dal(Urd Dal),April-2023,30.90,Metric Tonnes,594.69,Rs./Quintal
Madhya Pradesh,Pulses,Black Gram(Urd Beans)(Whole),April-2023,4149.10,Metric Tonnes,5978.10,Rs./Quintal
Madhya Pradesh,Pulses,Chennangi(Whole),April-2023,2538.90,Metric Tonnes,5174.58,Rs./Quintal
Madhya Pradesh,Pulses,Green Gram Dal(Moong Dal),April-2023,20.50,Metric Tonnes,7305.71,Rs./Quintal
Madhya Pradesh,Pulses,Green Gram(Moong)(Whole),April-2023,2966.27,Metric Tonnes,7409.10,Rs./Quintal
Madhya Pradesh,Pulses,Green Peas,April-2023,758.15,Metric Tonnes,3759.50,Rs./Quintal
Madhya Pradesh,Pulses,Kabuli Chana(Chickpeas-White),April-2023,53684.62,Metric Tonnes,9595.03,Rs./Quintal
Madhya Pradesh,Pulses,Kulthi(Horse Gram),April-2023,7280.66,Metric Tonnes,4749.17,Rs./Quintal
Madhya Pradesh,Pulses,Lak(Teora),April-2023,7267.31,Metric Tonnes,3239.86,Rs./Quintal
Madhya Pradesh,Pulses,Lentil(Masur)(Whole),April-2023,100298.51,Metric Tonnes,5413.28,Rs./Quintal
Madhya Pradesh,Pulses,Masur Dal,April-2023,482.22,Metric Tonnes,5334.38,Rs./Quintal
Madhya Pradesh,Pulses,Mataki,April-2023,190.52,Metric Tonnes,3315.51,Rs./Quintal
Madhya Pradesh,Pulses,Peas(Dry),April-2023,20207.27,Metric Tonnes,4130.55,Rs./Quintal
Madhya Pradesh,Pulses,Red gram split/Arhar dal/Tur dal,April-2023,106.20,Metric Tonnes,6203.47,Rs./Quintal
Madhya Pradesh,Pulses,Red gram/Arhar/Tur(whole),April-2023,8409.66,Metric Tonnes,6889.89,Rs./Quintal
Madhya Pradesh,Pulses,White Peas,April-2023,5135.45,Metric Tonnes,3796.32,Rs./Quintal
Madhya Pradesh,Pulses,Alasande Gram,May-2023,1801.10,Metric Tonnes,4085.55,Rs./Quintal
Madhya Pradesh,Pulses,Beans,May-2023,592.65,Metric Tonnes,3339.87,Rs./Quintal
Madhya Pradesh,Pulses,Bengal Gram(Gram)(Whole),May-2023,75619.49,Metric Tonnes,5005.70,Rs./Quintal
Madhya Pradesh,Pulses,Black Gram(Urd Beans)(Whole),May-2023,14010.03,Metric Tonnes,7447.31,Rs./Quintal
Madhya Pradesh,Pulses,Green Gram Dal(Moong Dal),May-2023,429.90,Metric Tonnes,6992.83,Rs./Quintal
Madhya Pradesh,Pulses,Green Gram(Moong)(Whole),May-2023,35664.53,Metric Tonnes,7184.24,Rs./Quintal
Madhya Pradesh,Pulses,Green Peas,May-2023,452.01,Metric Tonnes,3696.47,Rs./Quintal
Madhya Pradesh,Pulses,Guar Seed(Cluster Beans Seed),May-2023,54.60,Metric Tonnes,4501.61,Rs./Quintal
Madhya Pradesh,Pulses,Kabuli Chana(Chickpeas-White),May-2023,31509.91,Metric Tonnes,9546.22,Rs./Quintal
Madhya Pradesh,Pulses,Kulthi(Horse Gram),May-2023,3954.83,Metric Tonnes,4804.23,Rs./Quintal
Madhya Pradesh,Pulses,Lak(Teora),May-2023,3551.34,Metric Tonnes,3264.43,Rs./Quintal
Madhya Pradesh,Pulses,Lentil(Masur)(Whole),May-2023,74736.60,Metric Tonnes,5385.83,Rs./Quintal
Madhya Pradesh,Pulses,Masur Dal,May-2023,298.78,Metric Tonnes,5180.24,Rs./Quintal
Madhya Pradesh,Pulses,Mataki,May-2023,109.65,Metric Tonnes,3273.33,Rs./Quintal
Madhya Pradesh,Pulses,Peas(Dry),May-2023,17863.65,Metric Tonnes,4055.20,Rs./Quintal
Madhya Pradesh,Pulses,Red gram split/Arhar dal/Tur dal,May-2023,183.50,Metric Tonnes,6490.03,Rs./Quintal
Madhya Pradesh,Pulses,Red gram/Arhar/Tur(whole),May-2023,8061.82,Metric Tonnes,7410.18,Rs./Quintal
Madhya Pradesh,Pulses,White Peas,May-2023,3834.39,Metric Tonnes,3643.29,Rs./Quintal
Madhya Pradesh,Pulses,Alasande Gram,June-2023,1117.90,Metric Tonnes,4489.38,Rs./Quintal
Madhya Pradesh,Pulses,Beans,June-2023,538.71,Metric Tonnes,4255.24,Rs./Quintal
Madhya Pradesh,Pulses,Bengal Gram(Gram)(Whole),June-2023,38204.96,Metric Tonnes,4992.29,Rs./Quintal
Madhya Pradesh,Pulses,Black Gram Dal(Urd Dal),June-2023,55.10,Metric Tonnes,6893.83,Rs./Quintal
Madhya Pradesh,Pulses,Black Gram(Urd Beans)(Whole),June-2023,31442.88,Metric Tonnes,7596.39,Rs./Quintal
Madhya Pradesh,Pulses,Green Gram Dal(Moong Dal),June-2023,211.40,Metric Tonnes,7131.99,Rs./Quintal
Madhya Pradesh,Pulses,Green Gram(Moong)(Whole),June-2023,71174.76,Metric Tonnes,6994.72,Rs./Quintal
Madhya Pradesh,Pulses,Green Peas,June-2023,512.10,Metric Tonnes,3864.56,Rs./Quintal
Madhya Pradesh,Pulses,Guar Seed(Cluster Beans Seed),June-2023,16.10,Metric Tonnes,4526.12,Rs./Quintal
Madhya Pradesh,Pulses,Kabuli Chana(Chickpeas-White),June-2023,14366.41,Metric Tonnes,10646.50,Rs./Quintal
Madhya Pradesh,Pulses,Kulthi(Horse Gram),June-2023,2508.05,Metric Tonnes,4787.43,Rs./Quintal
Madhya Pradesh,Pulses,Lak(Teora),June-2023,3437.83,Metric Tonnes,3393.80,Rs./Quintal
Madhya Pradesh,Pulses,Lentil(Masur)(Whole),June-2023,70740.36,Metric Tonnes,5363.76,Rs./Quintal
Madhya Pradesh,Pulses,Masur Dal,June-2023,481.60,Metric Tonnes,5139.03,Rs./Quintal
Madhya Pradesh,Pulses,Mataki,June-2023,186.47,Metric Tonnes,3346.26,Rs./Quintal
Madhya Pradesh,Pulses,Peas(Dry),June-2023,16787.80,Metric Tonnes,4002.55,Rs./Quintal
Madhya Pradesh,Pulses,Red gram split/Arhar dal/Tur dal,June-2023,302.20,Metric Tonnes,4683.13,Rs./Quintal
Madhya Pradesh,Pulses,Red gram/Arhar/Tur(whole),June-2023,3725.09,Metric Tonnes,7537.07,Rs./Quintal
Madhya Pradesh,Pulses,White Peas,June-2023,2664.62,Metric Tonnes,3804.73,Rs./Quintal
Madhya Pradesh,Pulses,Alasande Gram,July-2023,797.70,Metric Tonnes,4593.63,Rs./Quintal
Madhya Pradesh,Pulses,Beans,July-2023,234.12,Metric Tonnes,5564.47,Rs./Quintal
Madhya Pradesh,Pulses,Bengal Gram Dal(Chana Dal),July-2023,43.06,Metric Tonnes,4850.70,Rs./Quintal
Madhya Pradesh,Pulses,Bengal Gram(Gram)(Whole),July-2023,27702.76,Metric Tonnes,4947.38,Rs./Quintal
Madhya Pradesh,Pulses,Black Gram Dal(Urd Dal),July-2023,0.40,Metric Tonnes,5725.00,Rs./Quintal
Madhya Pradesh,Pulses,Black Gram(Urd Beans)(Whole),July-2023,15716.90,Metric Tonnes,7387.82,Rs./Quintal
Madhya Pradesh,Pulses,Green Gram Dal(Moong Dal),July-2023,178.30,Metric Tonnes,7028.55,Rs./Quintal
Madhya Pradesh,Pulses,Green Gram(Moong)(Whole),July-2023,60688.80,Metric Tonnes,7269.66,Rs./Quintal
Madhya Pradesh,Pulses,Green Peas,July-2023,480.50,Metric Tonnes,3957.52,Rs./Quintal
Madhya Pradesh,Pulses,Kabuli Chana(Chickpeas-White),July-2023,5440.87,Metric Tonnes,11133.21,Rs./Quintal
Madhya Pradesh,Pulses,Kulthi(Horse Gram),July-2023,1746.86,Metric Tonnes,4817.55,Rs./Quintal
Madhya Pradesh,Pulses,Lak(Teora),July-2023,2017.30,Metric Tonnes,3398.43,Rs./Quintal
Madhya Pradesh,Pulses,Lentil(Masur)(Whole),July-2023,41430.25,Metric Tonnes,5474.53,Rs./Quintal
Madhya Pradesh,Pulses,Masur Dal,July-2023,164.30,Metric Tonnes,5245.21,Rs./Quintal
Madhya Pradesh,Pulses,Mataki,July-2023,166.79,Metric Tonnes,3397.91,Rs./Quintal
Madhya Pradesh,Pulses,Peas(Dry),July-2023,11961.04,Metric Tonnes,4226.94,Rs./Quintal
Madhya Pradesh,Pulses,Red gram split/Arhar dal/Tur dal,July-2023,482.60,Metric Tonnes,4722.49,Rs./Quintal
Madhya Pradesh,Pulses,Red gram/Arhar/Tur(whole),July-2023,4168.24,Metric Tonnes,6553.90,Rs./Quintal
Madhya Pradesh,Pulses,White Peas,July-2023,3916.09,Metric Tonnes,3709.01,Rs./Quintal
Madhya Pradesh,Pulses,Alasande Gram,August-2023,886.85,Metric Tonnes,5604.28,Rs./Quintal
Madhya Pradesh,Pulses,Beans,August-2023,254.70,Metric Tonnes,4375.03,Rs./Quintal
Madhya Pradesh,Pulses,Bengal Gram(Gram)(Whole),August-2023,19800.99,Metric Tonnes,5430.98,Rs./Quintal
Madhya Pradesh,Pulses,Black Gram(Urd Beans)(Whole),August-2023,6762.37,Metric Tonnes,7750.86,Rs./Quintal
Madhya Pradesh,Pulses,Green Gram Dal(Moong Dal),August-2023,119.10,Metric Tonnes,7006.94,Rs./Quintal
Madhya Pradesh,Pulses,Green Gram(Moong)(Whole),August-2023,23068.52,Metric Tonnes,7068.50,Rs./Quintal
Madhya Pradesh,Pulses,Green Peas,August-2023,525.60,Metric Tonnes,4143.11,Rs./Quintal
Madhya Pradesh,Pulses,Guar Seed(Cluster Beans Seed),August-2023,2.00,Metric Tonnes,3900.00,Rs./Quintal
Madhya Pradesh,Pulses,Kabuli Chana(Chickpeas-White),August-2023,3613.49,Metric Tonnes,12671.62,Rs./Quintal
Madhya Pradesh,Pulses,Kulthi(Horse Gram),August-2023,977.11,Metric Tonnes,5426.31,Rs./Quintal
Madhya Pradesh,Pulses,Lak(Teora),August-2023,1970.13,Metric Tonnes,3796.54,Rs./Quintal
Madhya Pradesh,Pulses,Lentil(Masur)(Whole),August-2023,25541.25,Metric Tonnes,5847.33,Rs./Quintal
Madhya Pradesh,Pulses,Masur Dal,August-2023,192.44,Metric Tonnes,5540.94,Rs./Quintal
Madhya Pradesh,Pulses,Mataki,August-2023,35.90,Metric Tonnes,3441.78,Rs./Quintal
Madhya Pradesh,Pulses,Peas(Dry),August-2023,12310.64,Metric Tonnes,4776.82,Rs./Quintal
Madhya Pradesh,Pulses,Red gram split/Arhar dal/Tur dal,August-2023,15.70,Metric Tonnes,5886.21,Rs./Quintal
Madhya Pradesh,Pulses,Red gram/Arhar/Tur(whole),August-2023,6334.18,Metric Tonnes,7725.25,Rs./Quintal
Madhya Pradesh,Pulses,White Peas,August-2023,2922.42,Metric Tonnes,4169.58,Rs./Quintal
Madhya Pradesh,Pulses,Alasande Gram,September-2023,482.60,Metric Tonnes,4124.33,Rs./Quintal
Madhya Pradesh,Pulses,Beans,September-2023,66.39,Metric Tonnes,5108.35,Rs./Quintal
Madhya Pradesh,Pulses,Bengal Gram Dal(Chana Dal),September-2023,30.00,Metric Tonnes,6007.80,Rs./Quintal
Madhya Pradesh,Pulses,Bengal Gram(Gram)(Whole),September-2023,7986.53,Metric Tonnes,5949.58,Rs./Quintal
Madhya Pradesh,Pulses,Black Gram Dal(Urd Dal),September-2023,63.00,Metric Tonnes,5709.36,Rs./Quintal
Madhya Pradesh,Pulses,Black Gram(Urd Beans)(Whole),September-2023,14846.72,Metric Tonnes,6536.32,Rs./Quintal
Madhya Pradesh,Pulses,Green Gram Dal(Moong Dal),September-2023,325.60,Metric Tonnes,2847.28,Rs./Quintal
Madhya Pradesh,Pulses,Green Gram(Moong)(Whole),September-2023,3234.35,Metric Tonnes,7983.47,Rs./Quintal
Madhya Pradesh,Pulses,Green Peas,September-2023,993.37,Metric Tonnes,4698.33,Rs./Quintal
Madhya Pradesh,Pulses,Kabuli Chana(Chickpeas-White),September-2023,1404.39,Metric Tonnes,13340.90,Rs./Quintal
Madhya Pradesh,Pulses,Kulthi(Horse Gram),September-2023,431.27,Metric Tonnes,5672.35,Rs./Quintal
Madhya Pradesh,Pulses,Lak(Teora),September-2023,1028.28,Metric Tonnes,4147.64,Rs./Quintal
Madhya Pradesh,Pulses,Lentil(Masur)(Whole),September-2023,10751.61,Metric Tonnes,6034.72,Rs./Quintal
Madhya Pradesh,Pulses,Masur Dal,September-2023,40.10,Metric Tonnes,5984.53,Rs./Quintal
Madhya Pradesh,Pulses,Mataki,September-2023,46.16,Metric Tonnes,4082.07,Rs./Quintal
Madhya Pradesh,Pulses,Peas(Dry),September-2023,5975.57,Metric Tonnes,5051.88,Rs./Quintal
Madhya Pradesh,Pulses,Red gram split/Arhar dal/Tur dal,September-2023,35.00,Metric Tonnes,2676.16,Rs./Quintal
Madhya Pradesh,Pulses,Red gram/Arhar/Tur(whole),September-2023,963.76,Metric Tonnes,7318.04,Rs./Quintal
Madhya Pradesh,Pulses,White Peas,September-2023,1739.60,Metric Tonnes,4408.25,Rs./Quintal
Madhya Pradesh,Pulses,Alasande Gram,October-2023,1025.50,Metric Tonnes,5823.53,Rs./Quintal
Madhya Pradesh,Pulses,Beans,October-2023,154.68,Metric Tonnes,4327.37,Rs./Quintal
Madhya Pradesh,Pulses,Bengal Gram Dal(Chana Dal),October-2023,6.80,Metric Tonnes,4403.68,Rs./Quintal
Madhya Pradesh,Pulses,Bengal Gram(Gram)(Whole),October-2023,18448.36,Metric Tonnes,5910.99,Rs./Quintal
Madhya Pradesh,Pulses,Black Gram Dal(Urd Dal),October-2023,103.95,Metric Tonnes,6323.19,Rs./Quintal
Madhya Pradesh,Pulses,Black Gram(Urd Beans)(Whole),October-2023,50340.87,Metric Tonnes,6621.88,Rs./Quintal
Madhya Pradesh,Pulses,Green Gram Dal(Moong Dal),October-2023,354.10,Metric Tonnes,8958.94,Rs./Quintal
Madhya Pradesh,Pulses,Green Gram(Moong)(Whole),October-2023,5903.52,Metric Tonnes,7464.88,Rs./Quintal
Madhya Pradesh,Pulses,Green Peas,October-2023,80.79,Metric Tonnes,5150.60,Rs./Quintal
Madhya Pradesh,Pulses,Kabuli Chana(Chickpeas-White),October-2023,5425.77,Metric Tonnes,13366.93,Rs./Quintal
Madhya Pradesh,Pulses,Kulthi(Horse Gram),October-2023,1104.58,Metric Tonnes,5613.75,Rs./Quintal
Madhya Pradesh,Pulses,Lak(Teora),October-2023,959.44,Metric Tonnes,4281.37,Rs./Quintal
Madhya Pradesh,Pulses,Lentil(Masur)(Whole),October-2023,24504.81,Metric Tonnes,5924.46,Rs./Quintal
Madhya Pradesh,Pulses,Masur Dal,October-2023,168.44,Metric Tonnes,5700.15,Rs./Quintal
Madhya Pradesh,Pulses,Mataki,October-2023,14.30,Metric Tonnes,4052.45,Rs./Quintal
Madhya Pradesh,Pulses,Peas(Dry),October-2023,11295.28,Metric Tonnes,4708.60,Rs./Quintal
Madhya Pradesh,Pulses,Red gram split/Arhar dal/Tur dal,October-2023,16.60,Metric Tonnes,6887.02,Rs./Quintal
Madhya Pradesh,Pulses,Red gram/Arhar/Tur(whole),October-2023,1659.27,Metric Tonnes,9310.78,Rs./Quintal
Madhya Pradesh,Pulses,White Peas,October-2023,1527.30,Metric Tonnes,4164.82,Rs./Quintal
Madhya Pradesh,Pulses,Alasande Gram,November-2023,647.58,Metric Tonnes,4807.65,Rs./Quintal
Madhya Pradesh,Pulses,Beans,November-2023,80.09,Metric Tonnes,4847.70,Rs./Quintal
Madhya Pradesh,Pulses,Bengal Gram Dal(Chana Dal),November-2023,24.41,Metric Tonnes,14813.97,Rs./Quintal
Madhya Pradesh,Pulses,Bengal Gram(Gram)(Whole),November-2023,14535.53,Metric Tonnes,5900.99,Rs./Quintal
Madhya Pradesh,Pulses,Black Gram Dal(Urd Dal),November-2023,32.14,Metric Tonnes,6402.02,Rs./Quintal
Madhya Pradesh,Pulses,Black Gram(Urd Beans)(Whole),November-2023,15257.85,Metric Tonnes,6920.13,Rs./Quintal
Madhya Pradesh,Pulses,Green Gram Dal(Moong Dal),November-2023,8.90,Metric Tonnes,7101.29,Rs./Quintal
Madhya Pradesh,Pulses,Green Gram(Moong)(Whole),November-2023,2321.88,Metric Tonnes,7399.96,Rs./Quintal
Madhya Pradesh,Pulses,Green Peas,November-2023,6887.70,Metric Tonnes,3259.50,Rs./Quintal
Madhya Pradesh,Pulses,Kabuli Chana(Chickpeas-White),November-2023,3737.92,Metric Tonnes,13345.13,Rs./Quintal
Madhya Pradesh,Pulses,Kulthi(Horse Gram),November-2023,1003.86,Metric Tonnes,5619.96,Rs./Quintal
Madhya Pradesh,Pulses,Lak(Teora),November-2023,831.48,Metric Tonnes,4653.32,Rs./Quintal
Madhya Pradesh,Pulses,Lentil(Masur)(Whole),November-2023,16521.55,Metric Tonnes,5844.27,Rs./Quintal
Madhya Pradesh,Pulses,Masur Dal,November-2023,120.86,Metric Tonnes,5616.72,Rs./Quintal
Madhya Pradesh,Pulses,Mataki,November-2023,14.10,Metric Tonnes,4075.18,Rs./Quintal
Madhya Pradesh,Pulses,Peas(Dry),November-2023,6648.00,Metric Tonnes,5362.81,Rs./Quintal
Madhya Pradesh,Pulses,Red gram split/Arhar dal/Tur dal,November-2023,2.90,Metric Tonnes,5775.86,Rs./Quintal
Madhya Pradesh,Pulses,Red gram/Arhar/Tur(whole),November-2023,1806.14,Metric Tonnes,5594.17,Rs./Quintal
Madhya Pradesh,Pulses,White Peas,November-2023,1832.16,Metric Tonnes,4096.27,Rs./Quintal
Madhya Pradesh,Pulses,Alasande Gram,December-2023,643.40,Metric Tonnes,4824.75,Rs./Quintal
Madhya Pradesh,Pulses,Beans,December-2023,19.25,Metric Tonnes,4590.31,Rs./Quintal
Madhya Pradesh,Pulses,Bengal Gram(Gram)(Whole),December-2023,9814.90,Metric Tonnes,5506.53,Rs./Quintal
Madhya Pradesh,Pulses,Black Gram Dal(Urd Dal),December-2023,3.00,Metric Tonnes,6642.67,Rs./Quintal
Madhya Pradesh,Pulses,Black Gram(Urd Beans)(Whole),December-2023,9899.80,Metric Tonnes,6556.55,Rs./Quintal
Madhya Pradesh,Pulses,Green Gram Dal(Moong Dal),December-2023,7.40,Metric Tonnes,7052.64,Rs./Quintal
Madhya Pradesh,Pulses,Green Gram(Moong)(Whole),December-2023,1269.05,Metric Tonnes,7296.57,Rs./Quintal
Madhya Pradesh,Pulses,Green Peas,December-2023,2060.87,Metric Tonnes,1967.46,Rs./Quintal
Madhya Pradesh,Pulses,Guar Seed(Cluster Beans Seed),December-2023,5.60,Metric Tonnes,4257.14,Rs./Quintal
Madhya Pradesh,Pulses,Kabuli Chana(Chickpeas-White),December-2023,2803.52,Metric Tonnes,12612.66,Rs./Quintal
Madhya Pradesh,Pulses,Kulthi(Horse Gram),December-2023,795.48,Metric Tonnes,5574.48,Rs./Quintal
Madhya Pradesh,Pulses,Lak(Teora),December-2023,407.38,Metric Tonnes,4731.86,Rs./Quintal
Madhya Pradesh,Pulses,Lentil(Masur)(Whole),December-2023,13943.60,Metric Tonnes,5596.10,Rs./Quintal
Madhya Pradesh,Pulses,Masur Dal,December-2023,60.89,Metric Tonnes,5404.28,Rs./Quintal
Madhya Pradesh,Pulses,Mataki,December-2023,2.23,Metric Tonnes,4510.42,Rs./Quintal
Madhya Pradesh,Pulses,Peas(Dry),December-2023,2752.02,Metric Tonnes,5832.75,Rs./Quintal
Madhya Pradesh,Pulses,Red gram split/Arhar dal/Tur dal,December-2023,0.40,Metric Tonnes,7000.00,Rs./Quintal
Madhya Pradesh,Pulses,Red gram/Arhar/Tur(whole),December-2023,1912.70,Metric Tonnes,7736.50,Rs./Quintal
Madhya Pradesh,Pulses,White Peas,December-2023,486.69,Metric Tonnes,4428.49,Rs./Quintal
Madhya Pradesh,Pulses,Bengal Gram(Gram)(Whole),January-2024,5024.89,Metric Tonnes,5180.02,Rs./Quintal
Madhya Pradesh,Pulses,Lak(Teora),January-2024,13.10,Metric Tonnes,3696.18,Rs./Quintal
Madhya Pradesh,Pulses,Lentil(Masur)(Whole),January-2024,12985.32,Metric Tonnes,5702.34,Rs./Quintal
Madhya Pradesh,Pulses,Red gram/Arhar/Tur(whole),January-2024,733.50,Metric Tonnes,7744.20,Rs./Quintal
Madhya Pradesh,Pulses,Bengal Gram(Gram)(Whole),February-2024,12910.01,Metric Tonnes,5371.49,Rs./Quintal
Madhya Pradesh,Pulses,Lak(Teora),February-2024,987.48,Metric Tonnes,3986.97,Rs./Quintal
Madhya Pradesh,Pulses,Lentil(Masur)(Whole),February-2024,47469.88,Metric Tonnes,5497.01,Rs./Quintal
Madhya Pradesh,Pulses,Red gram/Arhar/Tur(whole),February-2024,14211.17,Metric Tonnes,8578.58,Rs./Quintal
Madhya Pradesh,Pulses,buttery,February-2024,71.74,Metric Tonnes,4900.86,Rs./Quintal
Madhya Pradesh,Pulses,Bengal Gram(Gram)(Whole),March-2024,49560.48,Metric Tonnes,5416.41,Rs./Quintal
Madhya Pradesh,Pulses,Kabuli Chana(Chickpeas-White),March-2024,6252.56,Metric Tonnes,9929.49,Rs./Quintal
Madhya Pradesh,Pulses,Lak(Teora),March-2024,1008.44,Metric Tonnes,4488.29,Rs./Quintal
Madhya Pradesh,Pulses,Lentil(Masur)(Whole),March-2024,76073.77,Metric Tonnes,5555.98,Rs./Quintal
Madhya Pradesh,Pulses,Red gram/Arhar/Tur(whole),March-2024,21214.72,Metric Tonnes,9489.89,Rs./Quintal
Madhya Pradesh,Pulses,buttery,March-2024,563.70,Metric Tonnes,4955.25,Rs./Quintal
Madhya Pradesh,Pulses,Bengal Gram(Gram)(Whole),April-2024,73900.68,Metric Tonnes,5650.58,Rs./Quintal
Madhya Pradesh,Pulses,Kabuli Chana(Chickpeas-White),April-2024,3282.96,Metric Tonnes,9765.10,Rs./Quintal
Madhya Pradesh,Pulses,Lak(Teora),April-2024,97.93,Metric Tonnes,5210.56,Rs./Quintal
Madhya Pradesh,Pulses,Lentil(Masur)(Whole),April-2024,47870.24,Metric Tonnes,5580.27,Rs./Quintal
Madhya Pradesh,Pulses,Red gram/Arhar/Tur(whole),April-2024,11063.90,Metric Tonnes,10404.10,Rs./Quintal
Madhya Pradesh,Pulses,buttery,April-2024,212.93,Metric Tonnes,6644.29,Rs./Quintal
Madhya Pradesh,Pulses,Bengal Gram(Gram)(Whole),May-2024,63677.72,Metric Tonnes,6146.41,Rs./Quintal
Madhya Pradesh,Pulses,Kabuli Chana(Chickpeas-White),May-2024,6877.63,Metric Tonnes,9945.49,Rs./Quintal
Madhya Pradesh,Pulses,Lak(Teora),May-2024,206.11,Metric Tonnes,4986.80,Rs./Quintal
Madhya Pradesh,Pulses,Lentil(Masur)(Whole),May-2024,48192.34,Metric Tonnes,5819.33,Rs./Quintal
Madhya Pradesh,Pulses,Red gram/Arhar/Tur(whole),May-2024,15326.41,Metric Tonnes,10683.83,Rs./Quintal
Madhya Pradesh,Pulses,buttery,May-2024,225.23,Metric Tonnes,5983.20,Rs./Quintal
Madhya Pradesh,Pulses,Bengal Gram(Gram)(Whole),June-2024,25496.54,Metric Tonnes,6584.34,Rs./Quintal
Madhya Pradesh,Pulses,Kabuli Chana(Chickpeas-White),June-2024,1882.91,Metric Tonnes,10035.88,Rs./Quintal
Madhya Pradesh,Pulses,Lak(Teora),June-2024,138.40,Metric Tonnes,4471.39,Rs./Quintal
Madhya Pradesh,Pulses,Lentil(Masur)(Whole),June-2024,31207.96,Metric Tonnes,5906.17,Rs./Quintal
Madhya Pradesh,Pulses,Red gram/Arhar/Tur(whole),June-2024,9635.86,Metric Tonnes,11324.40,Rs./Quintal
Madhya Pradesh,Pulses,buttery,June-2024,20.34,Metric Tonnes,6701.68,Rs./Quintal
Madhya Pradesh,Pulses,Bengal Gram(Gram)(Whole),July-2024,18533.12,Metric Tonnes,6444.45,Rs./Quintal
Madhya Pradesh,Pulses,Kabuli Chana(Chickpeas-White),July-2024,293.20,Metric Tonnes,10150.17,Rs./Quintal
Madhya Pradesh,Pulses,Lak(Teora),July-2024,119.54,Metric Tonnes,4274.61,Rs./Quintal
Madhya Pradesh,Pulses,Lentil(Masur)(Whole),July-2024,22035.80,Metric Tonnes,5980.07,Rs./Quintal
Madhya Pradesh,Pulses,Red gram/Arhar/Tur(whole),July-2024,9046.32,Metric Tonnes,11165.59,Rs./Quintal
Madhya Pradesh,Pulses,buttery,July-2024,31.82,Metric Tonnes,6591.79,Rs./Quintal
Madhya Pradesh,Pulses,Bengal Gram(Gram)(Whole),August-2024,43212.01,Metric Tonnes,7015.65,Rs./Quintal
Madhya Pradesh,Pulses,Black Gram(Urd Beans)(Whole),August-2024,7003.63,Metric Tonnes,8120.61,Rs./Quintal
Madhya Pradesh,Pulses,Cowpea(Lobia/Karamani),August-2024,68.54,Metric Tonnes,7053.67,Rs./Quintal
Madhya Pradesh,Pulses,Green Gram Dal(Moong Dal),August-2024,29144.40,Metric Tonnes,5769.83,Rs./Quintal
Madhya Pradesh,Pulses,Green Peas,August-2024,3223.15,Metric Tonnes,6487.58,Rs./Quintal
Madhya Pradesh,Pulses,Kabuli Chana(Chickpeas-White),August-2024,6885.25,Metric Tonnes,12535.24,Rs./Quintal
Madhya Pradesh,Pulses,Lak(Teora),August-2024,678.81,Metric Tonnes,4772.06,Rs./Quintal
Madhya Pradesh,Pulses,Lentil(Masur)(Whole),August-2024,13375.72,Metric Tonnes,5829.98,Rs./Quintal
Madhya Pradesh,Pulses,Red gram/Arhar/Tur(whole),August-2024,6270.34,Metric Tonnes,10356.98,Rs./Quintal
Madhya Pradesh,Pulses,buttery,August-2024,2616.89,Metric Tonnes,6300.83,Rs./Quintal
Madhya Pradesh,Pulses,Bengal Gram Dal(Chana Dal),September-2024,1.35,Metric Tonnes,7094.44,Rs./Quintal
Madhya Pradesh,Pulses,Bengal Gram(Gram)(Whole),September-2024,32379.88,Metric Tonnes,7180.04,Rs./Quintal
Madhya Pradesh,Pulses,Black Gram(Urd Beans)(Whole),September-2024,17722.58,Metric Tonnes,7523.44,Rs./Quintal
Madhya Pradesh,Pulses,Cowpea(Lobia/Karamani),September-2024,0.51,Metric Tonnes,6000.00,Rs./Quintal
Madhya Pradesh,Pulses,Green Gram Dal(Moong Dal),September-2024,21810.27,Metric Tonnes,7342.21,Rs./Quintal
Madhya Pradesh,Pulses,Green Peas,September-2024,3772.13,Metric Tonnes,4572.60,Rs./Quintal
Madhya Pradesh,Pulses,Kabuli Chana(Chickpeas-White),September-2024,6850.68,Metric Tonnes,12844.58,Rs./Quintal
Madhya Pradesh,Pulses,Lak(Teora),September-2024,1052.66,Metric Tonnes,4581.24,Rs./Quintal
Madhya Pradesh,Pulses,Lentil(Masur)(Whole),September-2024,15621.28,Metric Tonnes,5834.47,Rs./Quintal
Madhya Pradesh,Pulses,Red gram/Arhar/Tur(whole),September-2024,6840.14,Metric Tonnes,9773.92,Rs./Quintal
Madhya Pradesh,Pulses,buttery,September-2024,2196.53,Metric Tonnes,6111.56,Rs./Quintal
Madhya Pradesh,Pulses,Beans,October-2024,1.79,Metric Tonnes,13026.00,Rs./Quintal
Madhya Pradesh,Pulses,Bengal Gram Dal(Chana Dal),October-2024,3.75,Metric Tonnes,6623.71,Rs./Quintal
Madhya Pradesh,Pulses,Bengal Gram(Gram)(Whole),October-2024,27544.47,Metric Tonnes,6811.94,Rs./Quintal
Madhya Pradesh,Pulses,Black Gram(Urd Beans)(Whole),October-2024,22656.29,Metric Tonnes,7036.15,Rs./Quintal
Madhya Pradesh,Pulses,Cowpea(Lobia/Karamani),October-2024,29.72,Metric Tonnes,6530.94,Rs./Quintal
Madhya Pradesh,Pulses,Green Gram Dal(Moong Dal),October-2024,9134.31,Metric Tonnes,6819.06,Rs./Quintal
Madhya Pradesh,Pulses,Green Peas,October-2024,3830.29,Metric Tonnes,4284.23,Rs./Quintal
Madhya Pradesh,Pulses,Kabuli Chana(Chickpeas-White),October-2024,6509.97,Metric Tonnes,11897.27,Rs./Quintal
Madhya Pradesh,Pulses,Kulthi(Horse Gram),October-2024,1.00,Metric Tonnes,6246.40,Rs./Quintal
Madhya Pradesh,Pulses,Lak(Teora),October-2024,674.39,Metric Tonnes,4528.64,Rs./Quintal
Madhya Pradesh,Pulses,Lentil(Masur)(Whole),October-2024,18394.91,Metric Tonnes,5919.38,Rs./Quintal
Madhya Pradesh,Pulses,Red gram/Arhar/Tur(whole),October-2024,6049.16,Metric Tonnes,9216.96,Rs./Quintal
Madhya Pradesh,Pulses,buttery,October-2024,1568.06,Metric Tonnes,5741.27,Rs./Quintal
Madhya Pradesh,Pulses,Bengal Gram Dal(Chana Dal),November-2024,1.25,Metric Tonnes,6194.88,Rs./Quintal
Madhya Pradesh,Pulses,Bengal Gram(Gram)(Whole),November-2024,30134.02,Metric Tonnes,6412.45,Rs./Quintal
Madhya Pradesh,Pulses,Black Gram(Urd Beans)(Whole),November-2024,12184.10,Metric Tonnes,6715.21,Rs./Quintal
Madhya Pradesh,Pulses,Cowpea(Lobia/Karamani),November-2024,34.41,Metric Tonnes,7445.20,Rs./Quintal
Madhya Pradesh,Pulses,Green Gram Dal(Moong Dal),November-2024,4636.55,Metric Tonnes,7320.60,Rs./Quintal
Madhya Pradesh,Pulses,Green Peas,November-2024,4774.21,Metric Tonnes,3699.44,Rs./Quintal
Madhya Pradesh,Pulses,Kabuli Chana(Chickpeas-White),November-2024,10257.79,Metric Tonnes,11833.37,Rs./Quintal
Madhya Pradesh,Pulses,Kulthi(Horse Gram),November-2024,14.00,Metric Tonnes,6000.92,Rs./Quintal
Madhya Pradesh,Pulses,Lak(Teora),November-2024,762.82,Metric Tonnes,4671.33,Rs./Quintal
Madhya Pradesh,Pulses,Lentil(Masur)(Whole),November-2024,19673.28,Metric Tonnes,5827.46,Rs./Quintal
Madhya Pradesh,Pulses,Red gram/Arhar/Tur(whole),November-2024,7844.54,Metric Tonnes,9136.68,Rs./Quintal
Madhya Pradesh,Pulses,buttery,November-2024,1983.83,Metric Tonnes,5606.33,Rs./Quintal
Madhya Pradesh,Pulses,Bengal Gram(Gram)(Whole),December-2024,27624.54,Metric Tonnes,6142.29,Rs./Quintal
Madhya Pradesh,Pulses,Black Gram(Urd Beans)(Whole),December-2024,7601.51,Metric Tonnes,6629.57,Rs./Quintal
Madhya Pradesh,Pulses,Cowpea(Lobia/Karamani),December-2024,66.66,Metric Tonnes,6246.35,Rs./Quintal
Madhya Pradesh,Pulses,Green Gram Dal(Moong Dal),December-2024,3232.10,Metric Tonnes,6963.86,Rs./Quintal
Madhya Pradesh,Pulses,Green Peas,December-2024,6010.24,Metric Tonnes,3483.00,Rs./Quintal
Madhya Pradesh,Pulses,Kabuli Chana(Chickpeas-White),December-2024,5949.10,Metric Tonnes,11030.14,Rs./Quintal
Madhya Pradesh,Pulses,Kulthi(Horse Gram),December-2024,13.90,Metric Tonnes,5796.81,Rs./Quintal
Madhya Pradesh,Pulses,Lak(Teora),December-2024,427.59,Metric Tonnes,4148.32,Rs./Quintal
Madhya Pradesh,Pulses,Lentil(Masur)(Whole),December-2024,13963.95,Metric Tonnes,5828.21,Rs./Quintal
Madhya Pradesh,Pulses,Red gram/Arhar/Tur(whole),December-2024,6780.08,Metric Tonnes,8180.90,Rs./Quintal
Madhya Pradesh,Pulses,buttery,December-2024,1339.09,Metric Tonnes,5386.17,Rs./Quintal
Madhya Pradesh,Pulses,Bengal Gram(Gram)(Whole),January-2025,25430.56,Metric Tonnes,5908.52,Rs./Quintal
Madhya Pradesh,Pulses,Black Gram(Urd Beans)(Whole),January-2025,5355.29,Metric Tonnes,6803.35,Rs./Quintal
Madhya Pradesh,Pulses,Cowpea(Lobia/Karamani),January-2025,24.18,Metric Tonnes,5900.00,Rs./Quintal
Madhya Pradesh,Pulses,Green Gram Dal(Moong Dal),January-2025,2581.10,Metric Tonnes,7186.91,Rs./Quintal
Madhya Pradesh,Pulses,Green Peas,January-2025,4822.16,Metric Tonnes,3699.70,Rs./Quintal
Madhya Pradesh,Pulses,Kabuli Chana(Chickpeas-White),January-2025,4295.41,Metric Tonnes,9983.42,Rs./Quintal
Madhya Pradesh,Pulses,Kulthi(Horse Gram),January-2025,16.43,Metric Tonnes,6043.32,Rs./Quintal
Madhya Pradesh,Pulses,Lak(Teora),January-2025,702.41,Metric Tonnes,4278.87,Rs./Quintal
Madhya Pradesh,Pulses,Lentil(Masur)(Whole),January-2025,9890.68,Metric Tonnes,5852.32,Rs./Quintal
Madhya Pradesh,Pulses,Red gram/Arhar/Tur(whole),January-2025,19254.21,Metric Tonnes,7042.01,Rs./Quintal
Madhya Pradesh,Pulses,buttery,January-2025,1304.71,Metric Tonnes,5281.82,Rs./Quintal
Madhya Pradesh,Pulses,Bengal Gram(Gram)(Whole),February-2025,41050.66,Metric Tonnes,5594.37,Rs./Quintal
Madhya Pradesh,Pulses,Black Gram(Urd Beans)(Whole),February-2025,5998.69,Metric Tonnes,6457.06,Rs./Quintal
Madhya Pradesh,Pulses,Cowpea(Lobia/Karamani),February-2025,12.26,Metric Tonnes,7273.73,Rs./Quintal
Madhya Pradesh,Pulses,Green Gram Dal(Moong Dal),February-2025,1672.59,Metric Tonnes,7200.85,Rs./Quintal
Madhya Pradesh,Pulses,Green Peas,February-2025,8332.92,Metric Tonnes,4126.99,Rs./Quintal
Madhya Pradesh,Pulses,Kabuli Chana(Chickpeas-White),February-2025,9458.07,Metric Tonnes,8798.55,Rs./Quintal
Madhya Pradesh,Pulses,Lak(Teora),February-2025,5459.71,Metric Tonnes,4142.03,Rs./Quintal
Madhya Pradesh,Pulses,Lentil(Masur)(Whole),February-2025,36128.86,Metric Tonnes,5783.79,Rs./Quintal
Madhya Pradesh,Pulses,Red gram/Arhar/Tur(whole),February-2025,28650.95,Metric Tonnes,6865.75,Rs./Quintal
Madhya Pradesh,Pulses,buttery,February-2025,4743.54,Metric Tonnes,5446.76,Rs./Quintal
Madhya Pradesh,Pulses,Bengal Gram(Gram)(Whole),March-2025,147246.92,Metric Tonnes,5476.84,Rs./Quintal
Madhya Pradesh,Pulses,Black Gram(Urd Beans)(Whole),March-2025,5360.99,Metric Tonnes,7047.94,Rs./Quintal
Madhya Pradesh,Pulses,Green Gram Dal(Moong Dal),March-2025,3032.18,Metric Tonnes,7050.19,Rs./Quintal
Madhya Pradesh,Pulses,Green Peas,March-2025,20065.63,Metric Tonnes,3349.45,Rs./Quintal
Madhya Pradesh,Pulses,Kabuli Chana(Chickpeas-White),March-2025,64180.43,Metric Tonnes,8552.43,Rs./Quintal
Madhya Pradesh,Pulses,Kulthi(Horse Gram),March-2025,51.45,Metric Tonnes,5590.14,Rs./Quintal
Madhya Pradesh,Pulses,Lak(Teora),March-2025,10909.63,Metric Tonnes,3730.36,Rs./Quintal
Madhya Pradesh,Pulses,Lentil(Masur)(Whole),March-2025,74134.93,Metric Tonnes,5840.23,Rs./Quintal
Madhya Pradesh,Pulses,Peas(Dry),March-2025,219.04,Metric Tonnes,4148.32,Rs./Quintal
Madhya Pradesh,Pulses,Red gram/Arhar/Tur(whole),March-2025,18722.43,Metric Tonnes,6729.24,Rs./Quintal
Madhya Pradesh,Pulses,buttery,March-2025,7569.09,Metric Tonnes,4983.66,Rs./Quintal
Madhya Pradesh,Pulses,Bengal Gram(Gram)(Whole),April-2025,190762.28,Metric Tonnes,5710.18,Rs./Quintal
Madhya Pradesh,Pulses,Black Gram(Urd Beans)(Whole),April-2025,4147.18,Metric Tonnes,6817.74,Rs./Quintal
Madhya Pradesh,Pulses,Cowpea(Lobia/Karamani),April-2025,6.73,Metric Tonnes,6398.44,Rs./Quintal
Madhya Pradesh,Pulses,Green Gram Dal(Moong Dal),April-2025,5258.22,Metric Tonnes,7168.77,Rs./Quintal
Madhya Pradesh,Pulses,Green Peas,April-2025,18553.48,Metric Tonnes,3459.65,Rs./Quintal
Madhya Pradesh,Pulses,Kabuli Chana(Chickpeas-White),April-2025,52976.79,Metric Tonnes,8918.12,Rs./Quintal
Madhya Pradesh,Pulses,Kulthi(Horse Gram),April-2025,7.03,Metric Tonnes,5450.00,Rs./Quintal
Madhya Pradesh,Pulses,Lak(Teora),April-2025,7028.00,Metric Tonnes,3677.01,Rs./Quintal
Madhya Pradesh,Pulses,Lentil(Masur)(Whole),April-2025,35049.91,Metric Tonnes,6020.14,Rs./Quintal
Madhya Pradesh,Pulses,Peas(Dry),April-2025,466.38,Metric Tonnes,3959.38,Rs./Quintal
Madhya Pradesh,Pulses,Red gram/Arhar/Tur(whole),April-2025,16422.10,Metric Tonnes,6631.13,Rs./Quintal
Madhya Pradesh,Pulses,buttery,April-2025,6291.65,Metric Tonnes,4735.34,Rs./Quintal
Madhya Pradesh,Pulses,Bengal Gram(Gram)(Whole),May-2025,122235.81,Metric Tonnes,5627.48,Rs./Quintal
Madhya Pradesh,Pulses,Black Gram(Urd Beans)(Whole),May-2025,21446.06,Metric Tonnes,6660.19,Rs./Quintal
Madhya Pradesh,Pulses,Cowpea(Lobia/Karamani),May-2025,42.04,Metric Tonnes,4664.23,Rs./Quintal
Madhya Pradesh,Pulses,Green Gram Dal(Moong Dal),May-2025,19399.81,Metric Tonnes,7156.55,Rs./Quintal
Madhya Pradesh,Pulses,Green Peas,May-2025,12483.85,Metric Tonnes,3672.59,Rs./Quintal
Madhya Pradesh,Pulses,Kabuli Chana(Chickpeas-White),May-2025,39069.91,Metric Tonnes,8451.09,Rs./Quintal
Madhya Pradesh,Pulses,Lak(Teora),May-2025,5453.79,Metric Tonnes,3575.34,Rs./Quintal
Madhya Pradesh,Pulses,Lentil(Masur)(Whole),May-2025,27400.36,Metric Tonnes,6273.51,Rs./Quintal
Madhya Pradesh,Pulses,Peas(Dry),May-2025,191.50,Metric Tonnes,4841.19,Rs./Quintal
Madhya Pradesh,Pulses,Red gram/Arhar/Tur(whole),May-2025,13916.47,Metric Tonnes,6439.38,Rs./Quintal
Madhya Pradesh,Pulses,buttery,May-2025,4127.30,Metric Tonnes,4542.35,Rs./Quintal
Madhya Pradesh,Pulses,Bengal Gram(Gram)(Whole),June-2025,74035.87,Metric Tonnes,5452.81,Rs./Quintal
Madhya Pradesh,Pulses,Black Gram(Urd Beans)(Whole),June-2025,45760.95,Metric Tonnes,6360.01,Rs./Quintal
Madhya Pradesh,Pulses,Cowpea(Lobia/Karamani),June-2025,0.65,Metric Tonnes,7607.08,Rs./Quintal
Madhya Pradesh,Pulses,Green Gram Dal(Moong Dal),June-2025,39.43,Metric Tonnes,6313.98,Rs./Quintal
Madhya Pradesh,Pulses,Green Gram(Moong)(Whole),June-2025,28904.52,Metric Tonnes,6852.85,Rs./Quintal
Madhya Pradesh,Pulses,Green Peas,June-2025,5751.58,Metric Tonnes,3833.74,Rs./Quintal
Madhya Pradesh,Pulses,Kabuli Chana(Chickpeas-White),June-2025,19987.91,Metric Tonnes,8088.77,Rs./Quintal
Madhya Pradesh,Pulses,Lak(Teora),June-2025,2892.06,Metric Tonnes,3336.26,Rs./Quintal
Madhya Pradesh,Pulses,Lentil(Masur)(Whole),June-2025,17579.93,Metric Tonnes,6165.28,Rs./Quintal
Madhya Pradesh,Pulses,Peas(Dry),June-2025,168.90,Metric Tonnes,4849.21,Rs./Quintal
Madhya Pradesh,Pulses,Red gram/Arhar/Tur(whole),June-2025,11421.46,Metric Tonnes,6194.40,Rs./Quintal
Madhya Pradesh,Pulses,buttery,June-2025,3132.04,Metric Tonnes,3938.77,Rs./Quintal
Madhya Pradesh,Pulses,Bengal Gram(Gram)(Whole),July-2025,61494.02,Metric Tonnes,5702.07,Rs./Quintal
Madhya Pradesh,Pulses,Black Gram(Urd Beans)(Whole),July-2025,34590.97,Metric Tonnes,6348.12,Rs./Quintal
Madhya Pradesh,Pulses,Cowpea(Lobia/Karamani),July-2025,9.56,Metric Tonnes,7523.39,Rs./Quintal
Madhya Pradesh,Pulses,Green Gram Dal(Moong Dal),July-2025,41.57,Metric Tonnes,6675.90,Rs./Quintal
Madhya Pradesh,Pulses,Green Gram(Moong)(Whole),July-2025,35174.40,Metric Tonnes,6997.60,Rs./Quintal
Madhya Pradesh,Pulses,Green Peas,July-2025,5162.04,Metric Tonnes,3294.44,Rs./Quintal
Madhya Pradesh,Pulses,Kabuli Chana(Chickpeas-White),July-2025,13067.50,Metric Tonnes,8540.98,Rs./Quintal
Madhya Pradesh,Pulses,Kulthi(Horse Gram),July-2025,0.75,Metric Tonnes,5876.20,Rs./Quintal
Madhya Pradesh,Pulses,Lak(Teora),July-2025,1746.40,Metric Tonnes,3390.06,Rs./Quintal
Madhya Pradesh,Pulses,Lentil(Masur)(Whole),July-2025,14359.31,Metric Tonnes,6653.61,Rs./Quintal
Madhya Pradesh,Pulses,Peas(Dry),July-2025,219.40,Metric Tonnes,4960.91,Rs./Quintal
Madhya Pradesh,Pulses,Red gram/Arhar/Tur(whole),July-2025,11220.97,Metric Tonnes,6205.94,Rs./Quintal
Madhya Pradesh,Pulses,buttery,July-2025,2166.44,Metric Tonnes,4078.43,Rs./Quintal
Madhya Pradesh,Pulses,Bengal Gram(Gram)(Whole),August-2025,39560.74,Metric Tonnes,5844.56,Rs./Quintal
Madhya Pradesh,Pulses,Black Gram(Urd Beans)(Whole),August-2025,21658.79,Metric Tonnes,6594.79,Rs./Quintal
Madhya Pradesh,Pulses,Cowpea(Lobia/Karamani),August-2025,40.63,Metric Tonnes,5969.03,Rs./Quintal
Madhya Pradesh,Pulses,Green Gram Dal(Moong Dal),August-2025,5.92,Metric Tonnes,6488.75,Rs./Quintal
Madhya Pradesh,Pulses,Green Gram(Moong)(Whole),August-2025,18497.06,Metric Tonnes,6938.88,Rs./Quintal
Madhya Pradesh,Pulses,Green Peas,August-2025,3441.67,Metric Tonnes,4044.62,Rs./Quintal
Madhya Pradesh,Pulses,Kabuli Chana(Chickpeas-White),August-2025,9077.90,Metric Tonnes,8885.08,Rs./Quintal
Madhya Pradesh,Pulses,Kulthi(Horse Gram),August-2025,0.45,Metric Tonnes,5888.67,Rs./Quintal
Madhya Pradesh,Pulses,Lak(Teora),August-2025,1269.95,Metric Tonnes,3320.71,Rs./Quintal
Madhya Pradesh,Pulses,Lentil(Masur)(Whole),August-2025,7775.86,Metric Tonnes,6922.51,Rs./Quintal
Madhya Pradesh,Pulses,Peas(Dry),August-2025,90.80,Metric Tonnes,4993.56,Rs./Quintal
Madhya Pradesh,Pulses,Red gram/Arhar/Tur(whole),August-2025,9808.20,Metric Tonnes,6098.19,Rs./Quintal
Madhya Pradesh,Pulses,buttery,August-2025,2132.17,Metric Tonnes,4038.20,Rs./Quintal
Madhya Pradesh,Pulses,Bengal Gram(Gram)(Whole),September-2025,39288.39,Metric Tonnes,5526.04,Rs./Quintal
Madhya Pradesh,Pulses,Black Gram(Urd Beans)(Whole),September-2025,15709.11,Metric Tonnes,6338.34,Rs./Quintal
Madhya Pradesh,Pulses,Cowpea(Lobia/Karamani),September-2025,10.65,Metric Tonnes,7771.93,Rs./Quintal
Madhya Pradesh,Pulses,Green Gram(Moong)(Whole),September-2025,7358.91,Metric Tonnes,6803.86,Rs./Quintal
Madhya Pradesh,Pulses,Green Peas,September-2025,4545.41,Metric Tonnes,4363.40,Rs./Quintal
Madhya Pradesh,Pulses,Kabuli Chana(Chickpeas-White),September-2025,12453.82,Metric Tonnes,8436.17,Rs./Quintal
Madhya Pradesh,Pulses,Kulthi(Horse Gram),September-2025,0.75,Metric Tonnes,5739.00,Rs./Quintal
Madhya Pradesh,Pulses,Lak(Teora),September-2025,1166.20,Metric Tonnes,3172.60,Rs./Quintal
Madhya Pradesh,Pulses,Lentil(Masur)(Whole),September-2025,7019.44,Metric Tonnes,6511.81,Rs./Quintal
Madhya Pradesh,Pulses,Peas(Dry),September-2025,170.42,Metric Tonnes,4248.32,Rs./Quintal
Madhya Pradesh,Pulses,Red gram/Arhar/Tur(whole),September-2025,11178.97,Metric Tonnes,6042.95,Rs./Quintal
Madhya Pradesh,Pulses,buttery,September-2025,1341.94,Metric Tonnes,3869.27,Rs./Quintal
Madhya Pradesh,Pulses,Bengal Gram(Gram)(Whole),October-2025,44464.68,Metric Tonnes,5387.90,Rs./Quintal
Madhya Pradesh,Pulses,Black Gram(Urd Beans)(Whole),October-2025,11460.23,Metric Tonnes,6031.66,Rs./Quintal
Madhya Pradesh,Pulses,Cowpea(Lobia/Karamani),October-2025,92.99,Metric Tonnes,6394.07,Rs./Quintal
Madhya Pradesh,Pulses,Green Gram(Moong)(Whole),October-2025,4435.42,Metric Tonnes,6884.68,Rs./Quintal
Madhya Pradesh,Pulses,Green Peas,October-2025,4871.69,Metric Tonnes,3471.99,Rs./Quintal
Madhya Pradesh,Pulses,Kabuli Chana(Chickpeas-White),October-2025,13138.32,Metric Tonnes,8230.86,Rs./Quintal
Madhya Pradesh,Pulses,Kulthi(Horse Gram),October-2025,0.30,Metric Tonnes,5781.00,Rs./Quintal
Madhya Pradesh,Pulses,Lak(Teora),October-2025,1604.75,Metric Tonnes,2990.95,Rs./Quintal
Madhya Pradesh,Pulses,Lentil(Masur)(Whole),October-2025,5519.54,Metric Tonnes,6270.68,Rs./Quintal
Madhya Pradesh,Pulses,Peas(Dry),October-2025,260.83,Metric Tonnes,4090.65,Rs./Quintal
Madhya Pradesh,Pulses,Red gram/Arhar/Tur(whole),October-2025,11554.48,Metric Tonnes,6136.96,Rs./Quintal
Madhya Pradesh,Pulses,buttery,October-2025,2437.40,Metric Tonnes,3959.53,Rs./Quintal
Madhya Pradesh,Pulses,Beans,November-2025,1.00,Metric Tonnes,1700.00,Rs./Quintal
Madhya Pradesh,Pulses,Bengal Gram(Gram)(Whole),November-2025,47881.13,Metric Tonnes,5185.73,Rs./Quintal
Madhya Pradesh,Pulses,Black Gram(Urd Beans)(Whole),November-2025,11871.03,Metric Tonnes,6198.71,Rs./Quintal
Madhya Pradesh,Pulses,Cowpea(Lobia/Karamani),November-2025,103.30,Metric Tonnes,7482.65,Rs./Quintal
Madhya Pradesh,Pulses,Green Gram(Moong)(Whole),November-2025,5306.52,Metric Tonnes,5927.57,Rs./Quintal
Madhya Pradesh,Pulses,Green Peas,November-2025,5912.83,Metric Tonnes,3756.34,Rs./Quintal
Madhya Pradesh,Pulses,Kabuli Chana(Chickpeas-White),November-2025,15322.47,Metric Tonnes,7791.94,Rs./Quintal
Madhya Pradesh,Pulses,Kulthi(Horse Gram),November-2025,0.03,Metric Tonnes,5780.00,Rs./Quintal
Madhya Pradesh,Pulses,Lak(Teora),November-2025,3015.15,Metric Tonnes,2971.73,Rs./Quintal
Madhya Pradesh,Pulses,Lentil(Masur)(Whole),November-2025,11582.18,Metric Tonnes,6365.57,Rs./Quintal
Madhya Pradesh,Pulses,Peas(Dry),November-2025,22.20,Metric Tonnes,4497.47,Rs./Quintal
Madhya Pradesh,Pulses,Red gram split/Arhar dal/Tur dal,November-2025,33.22,Metric Tonnes,2470.00,Rs./Quintal
Madhya Pradesh,Pulses,Red gram/Arhar/Tur(whole),November-2025,35263.24,Metric Tonnes,5722.34,Rs./Quintal
Madhya Pradesh,Pulses,buttery,November-2025,3695.65,Metric Tonnes,3731.49,Rs./Quintal
Madhya Pradesh,Pulses,Bengal Gram(Gram)(Whole),December-2025,44255.10,Metric Tonnes,5119.83,Rs./Quintal
Madhya Pradesh,Pulses,Black Gram(Urd Beans)(Whole),December-2025,10676.88,Metric Tonnes,6486.70,Rs./Quintal
Madhya Pradesh,Pulses,Cowpea(Lobia/Karamani),December-2025,2.97,Metric Tonnes,9833.06,Rs./Quintal
Madhya Pradesh,Pulses,Green Gram(Moong)(Whole),December-2025,3148.60,Metric Tonnes,6930.29,Rs./Quintal
Madhya Pradesh,Pulses,Green Peas,December-2025,5557.08,Metric Tonnes,3507.35,Rs./Quintal
Madhya Pradesh,Pulses,Kabuli Chana(Chickpeas-White),December-2025,16452.93,Metric Tonnes,7671.92,Rs./Quintal
Madhya Pradesh,Pulses,Lak(Teora),December-2025,2010.74,Metric Tonnes,2963.14,Rs./Quintal
Madhya Pradesh,Pulses,Lentil(Masur)(Whole),December-2025,8122.01,Metric Tonnes,6153.98,Rs./Quintal
Madhya Pradesh,Pulses,Red gram/Arhar/Tur(whole),December-2025,23871.67,Metric Tonnes,6407.64,Rs./Quintal
Madhya Pradesh,Pulses,buttery,December-2025,2869.02,Metric Tonnes,3510.57,Rs./Quintal
Maharashtra,Pulses,Beans,January-2023,1877.00,Metric Tonnes,2734.28,Rs./Quintal
Maharashtra,Pulses,Bengal Gram Dal(Chana Dal),January-2023,659.00,Metric Tonnes,6414.87,Rs./Quintal
Maharashtra,Pulses,Bengal Gram(Gram)(Whole),January-2023,6320.00,Metric Tonnes,4858.70,Rs./Quintal
Maharashtra,Pulses,Black Gram Dal(Urd Dal),January-2023,1358.00,Metric Tonnes,9500.00,Rs./Quintal
Maharashtra,Pulses,Black Gram(Urd Beans)(Whole),January-2023,1139.00,Metric Tonnes,6018.86,Rs./Quintal
Maharashtra,Pulses,Cowpea(Lobia/Karamani),January-2023,402.00,Metric Tonnes,8020.71,Rs./Quintal
Maharashtra,Pulses,Green Gram Dal(Moong Dal),January-2023,2022.00,Metric Tonnes,10000.00,Rs./Quintal
Maharashtra,Pulses,Green Gram(Moong)(Whole),January-2023,1437.00,Metric Tonnes,6601.53,Rs./Quintal
Maharashtra,Pulses,Green Peas,January-2023,3476.00,Metric Tonnes,5067.62,Rs./Quintal
Maharashtra,Pulses,Kulthi(Horse Gram),January-2023,66.00,Metric Tonnes,6887.88,Rs./Quintal
Maharashtra,Pulses,Lentil(Masur)(Whole),January-2023,359.00,Metric Tonnes,7476.74,Rs./Quintal
Maharashtra,Pulses,Masur Dal,January-2023,991.00,Metric Tonnes,7874.67,Rs./Quintal
Maharashtra,Pulses,Mataki,January-2023,222.00,Metric Tonnes,10913.30,Rs./Quintal
Maharashtra,Pulses,Red gram split/Arhar dal/Tur dal,January-2023,3184.00,Metric Tonnes,10000.00,Rs./Quintal
Maharashtra,Pulses,Red gram/Arhar/Tur(whole),January-2023,70736.06,Metric Tonnes,6739.95,Rs./Quintal
Maharashtra,Pulses,Beans,February-2023,1910.00,Metric Tonnes,2386.70,Rs./Quintal
Maharashtra,Pulses,Bengal Gram Dal(Chana Dal),February-2023,1424.00,Metric Tonnes,6200.00,Rs./Quintal
Maharashtra,Pulses,Bengal Gram(Gram)(Whole),February-2023,110054.00,Metric Tonnes,4795.33,Rs./Quintal
Maharashtra,Pulses,Black Gram Dal(Urd Dal),February-2023,1587.00,Metric Tonnes,9500.00,Rs./Quintal
Maharashtra,Pulses,Black Gram(Urd Beans)(Whole),February-2023,1128.00,Metric Tonnes,6932.36,Rs./Quintal
Maharashtra,Pulses,Cowpea(Lobia/Karamani),February-2023,592.00,Metric Tonnes,8486.45,Rs./Quintal
Maharashtra,Pulses,Green Gram Dal(Moong Dal),February-2023,2531.00,Metric Tonnes,9994.75,Rs./Quintal
Maharashtra,Pulses,Green Gram(Moong)(Whole),February-2023,1112.00,Metric Tonnes,8422.07,Rs./Quintal
Maharashtra,Pulses,Green Peas,February-2023,3474.00,Metric Tonnes,5081.45,Rs./Quintal
Maharashtra,Pulses,Kulthi(Horse Gram),February-2023,10.00,Metric Tonnes,7234.00,Rs./Quintal
Maharashtra,Pulses,Lak(Teora),February-2023,2.00,Metric Tonnes,3000.00,Rs./Quintal
Maharashtra,Pulses,Lentil(Masur)(Whole),February-2023,800.00,Metric Tonnes,7350.44,Rs./Quintal
Maharashtra,Pulses,Masur Dal,February-2023,1440.00,Metric Tonnes,7700.00,Rs./Quintal
Maharashtra,Pulses,Mataki,February-2023,131.00,Metric Tonnes,10991.60,Rs./Quintal
Maharashtra,Pulses,Red gram split/Arhar dal/Tur dal,February-2023,6636.00,Metric Tonnes,10000.00,Rs./Quintal
Maharashtra,Pulses,Red gram/Arhar/Tur(whole),February-2023,111601.00,Metric Tonnes,7213.54,Rs./Quintal
Maharashtra,Pulses,Beans,March-2023,1796.00,Metric Tonnes,3843.16,Rs./Quintal
Maharashtra,Pulses,Bengal Gram Dal(Chana Dal),March-2023,2575.00,Metric Tonnes,6103.69,Rs./Quintal
Maharashtra,Pulses,Bengal Gram(Gram)(Whole),March-2023,214989.00,Metric Tonnes,4687.80,Rs./Quintal
Maharashtra,Pulses,Black Gram Dal(Urd Dal),March-2023,1874.00,Metric Tonnes,9685.97,Rs./Quintal
Maharashtra,Pulses,Black Gram(Urd Beans)(Whole),March-2023,654.00,Metric Tonnes,7268.82,Rs./Quintal
Maharashtra,Pulses,Cowpea(Lobia/Karamani),March-2023,593.00,Metric Tonnes,8287.35,Rs./Quintal
Maharashtra,Pulses,Green Gram Dal(Moong Dal),March-2023,3311.00,Metric Tonnes,10000.00,Rs./Quintal
Maharashtra,Pulses,Green Gram(Moong)(Whole),March-2023,1227.00,Metric Tonnes,8664.48,Rs./Quintal
Maharashtra,Pulses,Green Peas,March-2023,7323.00,Metric Tonnes,6176.17,Rs./Quintal
Maharashtra,Pulses,Kulthi(Horse Gram),March-2023,78.00,Metric Tonnes,6989.74,Rs./Quintal
Maharashtra,Pulses,Lak(Teora),March-2023,18.00,Metric Tonnes,2993.56,Rs./Quintal
Maharashtra,Pulses,Lentil(Masur)(Whole),March-2023,532.00,Metric Tonnes,7231.86,Rs./Quintal
Maharashtra,Pulses,Masur Dal,March-2023,1378.00,Metric Tonnes,7611.32,Rs./Quintal
Maharashtra,Pulses,Mataki,March-2023,167.00,Metric Tonnes,10920.00,Rs./Quintal
Maharashtra,Pulses,Red gram split/Arhar dal/Tur dal,March-2023,5667.00,Metric Tonnes,10167.37,Rs./Quintal
Maharashtra,Pulses,Red gram/Arhar/Tur(whole),March-2023,58756.00,Metric Tonnes,7802.14,Rs./Quintal
Maharashtra,Pulses,Beans,April-2023,2057.00,Metric Tonnes,4011.79,Rs./Quintal
Maharashtra,Pulses,Bengal Gram Dal(Chana Dal),April-2023,1580.00,Metric Tonnes,6167.09,Rs./Quintal
Maharashtra,Pulses,Bengal Gram(Gram)(Whole),April-2023,115338.57,Metric Tonnes,4791.91,Rs./Quintal
Maharashtra,Pulses,Black Gram Dal(Urd Dal),April-2023,2294.00,Metric Tonnes,10026.81,Rs./Quintal
Maharashtra,Pulses,Black Gram(Urd Beans)(Whole),April-2023,532.41,Metric Tonnes,7420.47,Rs./Quintal
Maharashtra,Pulses,Cowpea(Lobia/Karamani),April-2023,572.00,Metric Tonnes,7961.54,Rs./Quintal
Maharashtra,Pulses,Green Gram Dal(Moong Dal),April-2023,1966.00,Metric Tonnes,10000.00,Rs./Quintal
Maharashtra,Pulses,Green Gram(Moong)(Whole),April-2023,1024.08,Metric Tonnes,8849.67,Rs./Quintal
Maharashtra,Pulses,Green Peas,April-2023,4945.00,Metric Tonnes,6446.14,Rs./Quintal
Maharashtra,Pulses,Kulthi(Horse Gram),April-2023,12.00,Metric Tonnes,6637.50,Rs./Quintal
Maharashtra,Pulses,Lak(Teora),April-2023,36.00,Metric Tonnes,2966.53,Rs./Quintal
Maharashtra,Pulses,Lentil(Masur)(Whole),April-2023,459.00,Metric Tonnes,7162.09,Rs./Quintal
Maharashtra,Pulses,Masur Dal,April-2023,1356.00,Metric Tonnes,7500.00,Rs./Quintal
Maharashtra,Pulses,Mataki,April-2023,121.00,Metric Tonnes,10612.81,Rs./Quintal
Maharashtra,Pulses,Red gram split/Arhar dal/Tur dal,April-2023,4191.00,Metric Tonnes,10500.00,Rs./Quintal
Maharashtra,Pulses,Red gram/Arhar/Tur(whole),April-2023,47027.67,Metric Tonnes,8091.33,Rs./Quintal
Maharashtra,Pulses,Beans,May-2023,2296.00,Metric Tonnes,4069.51,Rs./Quintal
Maharashtra,Pulses,Bengal Gram Dal(Chana Dal),May-2023,1184.00,Metric Tonnes,6000.00,Rs./Quintal
Maharashtra,Pulses,Bengal Gram(Gram)(Whole),May-2023,73804.54,Metric Tonnes,4658.61,Rs./Quintal
Maharashtra,Pulses,Black Gram Dal(Urd Dal),May-2023,1756.00,Metric Tonnes,10000.00,Rs./Quintal
Maharashtra,Pulses,Black Gram(Urd Beans)(Whole),May-2023,818.58,Metric Tonnes,7809.15,Rs./Quintal
Maharashtra,Pulses,Cowpea(Lobia/Karamani),May-2023,915.00,Metric Tonnes,7993.11,Rs./Quintal
Maharashtra,Pulses,Green Gram Dal(Moong Dal),May-2023,2834.00,Metric Tonnes,10000.00,Rs./Quintal
Maharashtra,Pulses,Green Gram(Moong)(Whole),May-2023,3577.67,Metric Tonnes,7698.93,Rs./Quintal
Maharashtra,Pulses,Green Peas,May-2023,3484.00,Metric Tonnes,6757.08,Rs./Quintal
Maharashtra,Pulses,Kulthi(Horse Gram),May-2023,23.00,Metric Tonnes,7202.17,Rs./Quintal
Maharashtra,Pulses,Lak(Teora),May-2023,1.00,Metric Tonnes,2900.00,Rs./Quintal
Maharashtra,Pulses,Lentil(Masur)(Whole),May-2023,723.00,Metric Tonnes,7189.49,Rs./Quintal
Maharashtra,Pulses,Masur Dal,May-2023,1833.00,Metric Tonnes,7500.00,Rs./Quintal
Maharashtra,Pulses,Mataki,May-2023,249.00,Metric Tonnes,10682.93,Rs./Quintal
Maharashtra,Pulses,Other Pulses,May-2023,0.58,Metric Tonnes,4770.00,Rs./Quintal
Maharashtra,Pulses,Red gram split/Arhar dal/Tur dal,May-2023,7203.00,Metric Tonnes,10500.00,Rs./Quintal
Maharashtra,Pulses,Red gram/Arhar/Tur(whole),May-2023,52766.75,Metric Tonnes,8700.88,Rs./Quintal
Maharashtra,Pulses,Beans,June-2023,851.00,Metric Tonnes,5797.41,Rs./Quintal
Maharashtra,Pulses,Bengal Gram Dal(Chana Dal),June-2023,1189.00,Metric Tonnes,6282.59,Rs./Quintal
Maharashtra,Pulses,Bengal Gram(Gram)(Whole),June-2023,36042.23,Metric Tonnes,4778.85,Rs./Quintal
Maharashtra,Pulses,Black Gram Dal(Urd Dal),June-2023,1710.00,Metric Tonnes,10583.63,Rs./Quintal
Maharashtra,Pulses,Black Gram(Urd Beans)(Whole),June-2023,1097.00,Metric Tonnes,8237.05,Rs./Quintal
Maharashtra,Pulses,Cowpea(Lobia/Karamani),June-2023,944.00,Metric Tonnes,8457.46,Rs./Quintal
Maharashtra,Pulses,Green Gram Dal(Moong Dal),June-2023,3706.00,Metric Tonnes,10426.61,Rs./Quintal
Maharashtra,Pulses,Green Gram(Moong)(Whole),June-2023,3376.45,Metric Tonnes,8145.39,Rs./Quintal
Maharashtra,Pulses,Green Peas,June-2023,3094.00,Metric Tonnes,7299.79,Rs./Quintal
Maharashtra,Pulses,Kabuli Chana(Chickpeas-White),June-2023,315.80,Metric Tonnes,4714.65,Rs./Quintal
Maharashtra,Pulses,Kulthi(Horse Gram),June-2023,20.00,Metric Tonnes,6764.75,Rs./Quintal
Maharashtra,Pulses,Lentil(Masur)(Whole),June-2023,680.00,Metric Tonnes,7198.24,Rs./Quintal
Maharashtra,Pulses,Masur Dal,June-2023,2065.00,Metric Tonnes,7678.69,Rs./Quintal
Maharashtra,Pulses,Mataki,June-2023,236.00,Metric Tonnes,10643.86,Rs./Quintal
Maharashtra,Pulses,Red gram split/Arhar dal/Tur dal,June-2023,5802.00,Metric Tonnes,11133.23,Rs./Quintal
Maharashtra,Pulses,Red gram/Arhar/Tur(whole),June-2023,37295.38,Metric Tonnes,9534.00,Rs./Quintal
Maharashtra,Pulses,Beans,July-2023,1785.00,Metric Tonnes,5144.53,Rs./Quintal
Maharashtra,Pulses,Bengal Gram Dal(Chana Dal),July-2023,1935.00,Metric Tonnes,6200.00,Rs./Quintal
Maharashtra,Pulses,Bengal Gram(Gram)(Whole),July-2023,17435.73,Metric Tonnes,4921.08,Rs./Quintal
Maharashtra,Pulses,Black Gram Dal(Urd Dal),July-2023,1385.00,Metric Tonnes,10500.00,Rs./Quintal
Maharashtra,Pulses,Black Gram(Urd Beans)(Whole),July-2023,665.10,Metric Tonnes,8520.08,Rs./Quintal
Maharashtra,Pulses,Cowpea(Lobia/Karamani),July-2023,844.00,Metric Tonnes,8980.09,Rs./Quintal
Maharashtra,Pulses,Green Gram Dal(Moong Dal),July-2023,2626.00,Metric Tonnes,11500.00,Rs./Quintal
Maharashtra,Pulses,Green Gram(Moong)(Whole),July-2023,1702.45,Metric Tonnes,9539.57,Rs./Quintal
Maharashtra,Pulses,Green Peas,July-2023,4320.00,Metric Tonnes,7546.50,Rs./Quintal
Maharashtra,Pulses,Kulthi(Horse Gram),July-2023,5.01,Metric Tonnes,7167.66,Rs./Quintal
Maharashtra,Pulses,Lentil(Masur)(Whole),July-2023,778.00,Metric Tonnes,7179.50,Rs./Quintal
Maharashtra,Pulses,Masur Dal,July-2023,1551.00,Metric Tonnes,7500.00,Rs./Quintal
Maharashtra,Pulses,Mataki,July-2023,228.00,Metric Tonnes,10523.47,Rs./Quintal
Maharashtra,Pulses,Other Pulses,July-2023,0.39,Metric Tonnes,6200.00,Rs./Quintal
Maharashtra,Pulses,Red gram split/Arhar dal/Tur dal,July-2023,3724.00,Metric Tonnes,12500.00,Rs./Quintal
Maharashtra,Pulses,Red gram/Arhar/Tur(whole),July-2023,17947.54,Metric Tonnes,9548.42,Rs./Quintal
Maharashtra,Pulses,Beans,August-2023,2956.00,Metric Tonnes,3420.19,Rs./Quintal
Maharashtra,Pulses,Bengal Gram Dal(Chana Dal),August-2023,2015.00,Metric Tonnes,6437.92,Rs./Quintal
Maharashtra,Pulses,Bengal Gram(Gram)(Whole),August-2023,11882.26,Metric Tonnes,5425.42,Rs./Quintal
Maharashtra,Pulses,Black Gram Dal(Urd Dal),August-2023,1909.00,Metric Tonnes,11206.65,Rs./Quintal
Maharashtra,Pulses,Black Gram(Urd Beans)(Whole),August-2023,1046.31,Metric Tonnes,8940.11,Rs./Quintal
Maharashtra,Pulses,Cowpea(Lobia/Karamani),August-2023,940.05,Metric Tonnes,8983.36,Rs./Quintal
Maharashtra,Pulses,Green Gram Dal(Moong Dal),August-2023,3148.00,Metric Tonnes,11344.79,Rs./Quintal
Maharashtra,Pulses,Green Gram(Moong)(Whole),August-2023,1896.30,Metric Tonnes,10347.76,Rs./Quintal
Maharashtra,Pulses,Green Peas,August-2023,5152.00,Metric Tonnes,7371.30,Rs./Quintal
Maharashtra,Pulses,Kulthi(Horse Gram),August-2023,34.00,Metric Tonnes,8470.59,Rs./Quintal
Maharashtra,Pulses,Lentil(Masur)(Whole),August-2023,980.00,Metric Tonnes,7191.33,Rs./Quintal
Maharashtra,Pulses,Masur Dal,August-2023,2710.00,Metric Tonnes,7420.33,Rs./Quintal
Maharashtra,Pulses,Mataki,August-2023,222.00,Metric Tonnes,10367.12,Rs./Quintal
Maharashtra,Pulses,Other Pulses,August-2023,1.00,Metric Tonnes,4280.00,Rs./Quintal
Maharashtra,Pulses,Red gram split/Arhar dal/Tur dal,August-2023,5845.00,Metric Tonnes,12816.34,Rs./Quintal
Maharashtra,Pulses,Red gram/Arhar/Tur(whole),August-2023,12131.66,Metric Tonnes,10140.30,Rs./Quintal
Maharashtra,Pulses,Beans,September-2023,2431.00,Metric Tonnes,2767.57,Rs./Quintal
Maharashtra,Pulses,Bengal Gram Dal(Chana Dal),September-2023,1809.00,Metric Tonnes,6926.15,Rs./Quintal
Maharashtra,Pulses,Bengal Gram(Gram)(Whole),September-2023,6833.61,Metric Tonnes,5833.12,Rs./Quintal
Maharashtra,Pulses,Black Gram Dal(Urd Dal),September-2023,1410.00,Metric Tonnes,11731.21,Rs./Quintal
Maharashtra,Pulses,Black Gram(Urd Beans)(Whole),September-2023,6871.76,Metric Tonnes,8938.70,Rs./Quintal
Maharashtra,Pulses,Cowpea(Lobia/Karamani),September-2023,711.04,Metric Tonnes,9147.58,Rs./Quintal
Maharashtra,Pulses,Green Gram Dal(Moong Dal),September-2023,2762.00,Metric Tonnes,11488.05,Rs./Quintal
Maharashtra,Pulses,Green Gram(Moong)(Whole),September-2023,4999.74,Metric Tonnes,10833.29,Rs./Quintal
Maharashtra,Pulses,Green Peas,September-2023,3119.00,Metric Tonnes,7435.28,Rs./Quintal
Maharashtra,Pulses,Kulthi(Horse Gram),September-2023,12.00,Metric Tonnes,9500.00,Rs./Quintal
Maharashtra,Pulses,Lentil(Masur)(Whole),September-2023,673.00,Metric Tonnes,7372.29,Rs./Quintal
Maharashtra,Pulses,Masur Dal,September-2023,1900.00,Metric Tonnes,8051.05,Rs./Quintal
Maharashtra,Pulses,Mataki,September-2023,25.00,Metric Tonnes,10872.00,Rs./Quintal
Maharashtra,Pulses,Other Pulses,September-2023,2.00,Metric Tonnes,4312.50,Rs./Quintal
Maharashtra,Pulses,Red gram split/Arhar dal/Tur dal,September-2023,4883.00,Metric Tonnes,13514.34,Rs./Quintal
Maharashtra,Pulses,Red gram/Arhar/Tur(whole),September-2023,7094.44,Metric Tonnes,11070.23,Rs./Quintal
Maharashtra,Pulses,Beans,October-2023,2611.00,Metric Tonnes,3950.99,Rs./Quintal
Maharashtra,Pulses,Bengal Gram Dal(Chana Dal),October-2023,1770.00,Metric Tonnes,7800.00,Rs./Quintal
Maharashtra,Pulses,Bengal Gram(Gram)(Whole),October-2023,8770.37,Metric Tonnes,5906.25,Rs./Quintal
Maharashtra,Pulses,Black Gram Dal(Urd Dal),October-2023,2021.00,Metric Tonnes,12000.00,Rs./Quintal
Maharashtra,Pulses,Black Gram(Urd Beans)(Whole),October-2023,9301.14,Metric Tonnes,8630.82,Rs./Quintal
Maharashtra,Pulses,Cowpea(Lobia/Karamani),October-2023,779.02,Metric Tonnes,8990.99,Rs./Quintal
Maharashtra,Pulses,Green Gram Dal(Moong Dal),October-2023,2609.00,Metric Tonnes,12000.00,Rs./Quintal
Maharashtra,Pulses,Green Gram(Moong)(Whole),October-2023,3018.81,Metric Tonnes,9832.76,Rs./Quintal
Maharashtra,Pulses,Green Peas,October-2023,2824.00,Metric Tonnes,8425.04,Rs./Quintal
Maharashtra,Pulses,Kulthi(Horse Gram),October-2023,14.06,Metric Tonnes,9261.02,Rs./Quintal
Maharashtra,Pulses,Lentil(Masur)(Whole),October-2023,548.00,Metric Tonnes,7504.11,Rs./Quintal
Maharashtra,Pulses,Masur Dal,October-2023,1356.00,Metric Tonnes,8000.00,Rs./Quintal
Maharashtra,Pulses,Mataki,October-2023,113.00,Metric Tonnes,10457.96,Rs./Quintal
Maharashtra,Pulses,Red gram split/Arhar dal/Tur dal,October-2023,5079.00,Metric Tonnes,13500.00,Rs./Quintal
Maharashtra,Pulses,Red gram/Arhar/Tur(whole),October-2023,5952.51,Metric Tonnes,10783.81,Rs./Quintal
Maharashtra,Pulses,Beans,November-2023,1460.00,Metric Tonnes,3676.99,Rs./Quintal
Maharashtra,Pulses,Bengal Gram Dal(Chana Dal),November-2023,1080.00,Metric Tonnes,7773.15,Rs./Quintal
Maharashtra,Pulses,Bengal Gram(Gram)(Whole),November-2023,8201.97,Metric Tonnes,5852.63,Rs./Quintal
Maharashtra,Pulses,Black Gram Dal(Urd Dal),November-2023,1390.00,Metric Tonnes,12025.18,Rs./Quintal
Maharashtra,Pulses,Black Gram(Urd Beans)(Whole),November-2023,4369.57,Metric Tonnes,8363.84,Rs./Quintal
Maharashtra,Pulses,Cowpea(Lobia/Karamani),November-2023,860.00,Metric Tonnes,9001.40,Rs./Quintal
Maharashtra,Pulses,Green Gram Dal(Moong Dal),November-2023,2266.00,Metric Tonnes,12000.00,Rs./Quintal
Maharashtra,Pulses,Green Gram(Moong)(Whole),November-2023,1604.66,Metric Tonnes,10081.04,Rs./Quintal
Maharashtra,Pulses,Green Peas,November-2023,3209.00,Metric Tonnes,8250.62,Rs./Quintal
Maharashtra,Pulses,Kulthi(Horse Gram),November-2023,15.24,Metric Tonnes,9238.19,Rs./Quintal
Maharashtra,Pulses,Lentil(Masur)(Whole),November-2023,522.00,Metric Tonnes,7461.59,Rs./Quintal
Maharashtra,Pulses,Masur Dal,November-2023,1307.00,Metric Tonnes,7972.84,Rs./Quintal
Maharashtra,Pulses,Mataki,November-2023,164.00,Metric Tonnes,10425.00,Rs./Quintal
Maharashtra,Pulses,Red gram split/Arhar dal/Tur dal,November-2023,3270.00,Metric Tonnes,13533.94,Rs./Quintal
Maharashtra,Pulses,Red gram/Arhar/Tur(whole),November-2023,2656.14,Metric Tonnes,10423.13,Rs./Quintal
Maharashtra,Pulses,Beans,December-2023,1851.00,Metric Tonnes,4032.91,Rs./Quintal
Maharashtra,Pulses,Bengal Gram Dal(Chana Dal),December-2023,909.00,Metric Tonnes,7296.92,Rs./Quintal
Maharashtra,Pulses,Bengal Gram(Gram)(Whole),December-2023,4828.00,Metric Tonnes,5987.07,Rs./Quintal
Maharashtra,Pulses,Black Gram Dal(Urd Dal),December-2023,1114.00,Metric Tonnes,12500.00,Rs./Quintal
Maharashtra,Pulses,Black Gram(Urd Beans)(Whole),December-2023,1266.00,Metric Tonnes,9228.48,Rs./Quintal
Maharashtra,Pulses,Cowpea(Lobia/Karamani),December-2023,691.00,Metric Tonnes,9484.52,Rs./Quintal
Maharashtra,Pulses,Green Gram Dal(Moong Dal),December-2023,2173.00,Metric Tonnes,12000.00,Rs./Quintal
Maharashtra,Pulses,Green Gram(Moong)(Whole),December-2023,1338.00,Metric Tonnes,10741.66,Rs./Quintal
Maharashtra,Pulses,Green Peas,December-2023,2899.00,Metric Tonnes,7237.59,Rs./Quintal
Maharashtra,Pulses,Kulthi(Horse Gram),December-2023,28.00,Metric Tonnes,9757.32,Rs./Quintal
Maharashtra,Pulses,Lentil(Masur)(Whole),December-2023,552.00,Metric Tonnes,7107.43,Rs./Quintal
Maharashtra,Pulses,Masur Dal,December-2023,1543.00,Metric Tonnes,7500.00,Rs./Quintal
Maharashtra,Pulses,Mataki,December-2023,78.00,Metric Tonnes,9833.33,Rs./Quintal
Maharashtra,Pulses,Red gram split/Arhar dal/Tur dal,December-2023,4125.00,Metric Tonnes,14500.00,Rs./Quintal
Maharashtra,Pulses,Red gram/Arhar/Tur(whole),December-2023,11359.00,Metric Tonnes,8793.94,Rs./Quintal
Maharashtra,Pulses,Beans,January-2024,1974.00,Metric Tonnes,3487.94,Rs./Quintal
Maharashtra,Pulses,Bengal Gram Dal(Chana Dal),January-2024,1580.00,Metric Tonnes,7403.42,Rs./Quintal
Maharashtra,Pulses,Bengal Gram(Gram)(Whole),January-2024,6068.00,Metric Tonnes,5954.50,Rs./Quintal
Maharashtra,Pulses,Black Gram Dal(Urd Dal),January-2024,1972.00,Metric Tonnes,12000.00,Rs./Quintal
Maharashtra,Pulses,Black Gram(Urd Beans)(Whole),January-2024,739.00,Metric Tonnes,8909.82,Rs./Quintal
Maharashtra,Pulses,Cowpea(Lobia/Karamani),January-2024,663.00,Metric Tonnes,9495.70,Rs./Quintal
Maharashtra,Pulses,Green Gram Dal(Moong Dal),January-2024,3119.00,Metric Tonnes,10420.01,Rs./Quintal
Maharashtra,Pulses,Green Gram(Moong)(Whole),January-2024,1220.00,Metric Tonnes,10013.66,Rs./Quintal
Maharashtra,Pulses,Green Peas,January-2024,3593.00,Metric Tonnes,7710.09,Rs./Quintal
Maharashtra,Pulses,Kulthi(Horse Gram),January-2024,115.00,Metric Tonnes,8737.83,Rs./Quintal
Maharashtra,Pulses,Lentil(Masur)(Whole),January-2024,751.00,Metric Tonnes,7022.77,Rs./Quintal
Maharashtra,Pulses,Masur Dal,January-2024,1657.00,Metric Tonnes,8047.80,Rs./Quintal
Maharashtra,Pulses,Mataki,January-2024,103.00,Metric Tonnes,9213.59,Rs./Quintal
Maharashtra,Pulses,Red gram split/Arhar dal/Tur dal,January-2024,6040.00,Metric Tonnes,13500.00,Rs./Quintal
Maharashtra,Pulses,Red gram/Arhar/Tur(whole),January-2024,82240.00,Metric Tonnes,8979.50,Rs./Quintal
Maharashtra,Pulses,Beans,February-2024,1815.70,Metric Tonnes,3008.78,Rs./Quintal
Maharashtra,Pulses,Bengal Gram Dal(Chana Dal),February-2024,1881.60,Metric Tonnes,7527.93,Rs./Quintal
Maharashtra,Pulses,Bengal Gram(Gram)(Whole),February-2024,86556.60,Metric Tonnes,5785.00,Rs./Quintal
Maharashtra,Pulses,Black Gram Dal(Urd Dal),February-2024,1785.30,Metric Tonnes,12612.64,Rs./Quintal
Maharashtra,Pulses,Black Gram(Urd Beans)(Whole),February-2024,689.80,Metric Tonnes,9662.49,Rs./Quintal
Maharashtra,Pulses,Cowpea(Lobia/Karamani),February-2024,811.20,Metric Tonnes,9814.73,Rs./Quintal
Maharashtra,Pulses,Green Gram Dal(Moong Dal),February-2024,2648.90,Metric Tonnes,11597.93,Rs./Quintal
Maharashtra,Pulses,Green Gram(Moong)(Whole),February-2024,1148.60,Metric Tonnes,10687.19,Rs./Quintal
Maharashtra,Pulses,Green Peas,February-2024,2827.90,Metric Tonnes,7855.34,Rs./Quintal
Maharashtra,Pulses,Kulthi(Horse Gram),February-2024,55.00,Metric Tonnes,8394.55,Rs./Quintal
Maharashtra,Pulses,Lentil(Masur)(Whole),February-2024,582.30,Metric Tonnes,7130.83,Rs./Quintal
Maharashtra,Pulses,Masur Dal,February-2024,1917.90,Metric Tonnes,7576.48,Rs./Quintal
Maharashtra,Pulses,Mataki,February-2024,19.40,Metric Tonnes,9615.48,Rs./Quintal
Maharashtra,Pulses,Red gram split/Arhar dal/Tur dal,February-2024,6407.70,Metric Tonnes,14252.98,Rs./Quintal
Maharashtra,Pulses,Red gram/Arhar/Tur(whole),February-2024,118438.80,Metric Tonnes,9530.61,Rs./Quintal
Maharashtra,Pulses,Beans,March-2024,2241.70,Metric Tonnes,3440.36,Rs./Quintal
Maharashtra,Pulses,Bengal Gram Dal(Chana Dal),March-2024,1899.70,Metric Tonnes,7621.76,Rs./Quintal
Maharashtra,Pulses,Bengal Gram(Gram)(Whole),March-2024,182858.42,Metric Tonnes,5535.83,Rs./Quintal
Maharashtra,Pulses,Black Gram Dal(Urd Dal),March-2024,1755.00,Metric Tonnes,12632.93,Rs./Quintal
Maharashtra,Pulses,Black Gram(Urd Beans)(Whole),March-2024,555.00,Metric Tonnes,9864.70,Rs./Quintal
Maharashtra,Pulses,Cowpea(Lobia/Karamani),March-2024,609.30,Metric Tonnes,11008.51,Rs./Quintal
Maharashtra,Pulses,Green Gram Dal(Moong Dal),March-2024,3198.90,Metric Tonnes,12362.82,Rs./Quintal
Maharashtra,Pulses,Green Gram(Moong)(Whole),March-2024,1075.10,Metric Tonnes,11027.93,Rs./Quintal
Maharashtra,Pulses,Green Peas,March-2024,4512.30,Metric Tonnes,7836.57,Rs./Quintal
Maharashtra,Pulses,Kulthi(Horse Gram),March-2024,28.00,Metric Tonnes,7847.50,Rs./Quintal
Maharashtra,Pulses,Lentil(Masur)(Whole),March-2024,592.70,Metric Tonnes,7068.88,Rs./Quintal
Maharashtra,Pulses,Masur Dal,March-2024,1941.40,Metric Tonnes,8063.30,Rs./Quintal
Maharashtra,Pulses,Mataki,March-2024,209.40,Metric Tonnes,8540.19,Rs./Quintal
Maharashtra,Pulses,Red gram split/Arhar dal/Tur dal,March-2024,5164.10,Metric Tonnes,14679.64,Rs./Quintal
Maharashtra,Pulses,Red gram/Arhar/Tur(whole),March-2024,60053.14,Metric Tonnes,9628.52,Rs./Quintal
Maharashtra,Pulses,Beans,April-2024,1290.30,Metric Tonnes,5194.53,Rs./Quintal
Maharashtra,Pulses,Bengal Gram Dal(Chana Dal),April-2024,1372.50,Metric Tonnes,7800.00,Rs./Quintal
Maharashtra,Pulses,Bengal Gram(Gram)(Whole),April-2024,66748.89,Metric Tonnes,5790.83,Rs./Quintal
Maharashtra,Pulses,Black Gram Dal(Urd Dal),April-2024,924.20,Metric Tonnes,13500.00,Rs./Quintal
Maharashtra,Pulses,Black Gram(Urd Beans)(Whole),April-2024,495.34,Metric Tonnes,9526.65,Rs./Quintal
Maharashtra,Pulses,Cowpea(Lobia/Karamani),April-2024,491.52,Metric Tonnes,11768.67,Rs./Quintal
Maharashtra,Pulses,Green Gram Dal(Moong Dal),April-2024,1250.80,Metric Tonnes,13000.00,Rs./Quintal
Maharashtra,Pulses,Green Gram(Moong)(Whole),April-2024,1107.34,Metric Tonnes,10816.39,Rs./Quintal
Maharashtra,Pulses,Green Peas,April-2024,2002.70,Metric Tonnes,7423.56,Rs./Quintal
Maharashtra,Pulses,Kulthi(Horse Gram),April-2024,51.52,Metric Tonnes,7596.47,Rs./Quintal
Maharashtra,Pulses,Lentil(Masur)(Whole),April-2024,451.90,Metric Tonnes,7359.46,Rs./Quintal
Maharashtra,Pulses,Masur Dal,April-2024,911.70,Metric Tonnes,10700.18,Rs./Quintal
Maharashtra,Pulses,Mataki,April-2024,206.60,Metric Tonnes,8999.30,Rs./Quintal
Maharashtra,Pulses,Red gram split/Arhar dal/Tur dal,April-2024,3493.80,Metric Tonnes,14500.00,Rs./Quintal
Maharashtra,Pulses,Red gram/Arhar/Tur(whole),April-2024,35226.05,Metric Tonnes,10532.20,Rs./Quintal
Maharashtra,Pulses,Beans,May-2024,1134.90,Metric Tonnes,7356.10,Rs./Quintal
Maharashtra,Pulses,Bengal Gram Dal(Chana Dal),May-2024,1586.90,Metric Tonnes,7800.00,Rs./Quintal
Maharashtra,Pulses,Bengal Gram(Gram)(Whole),May-2024,76678.73,Metric Tonnes,6073.47,Rs./Quintal
Maharashtra,Pulses,Black Gram Dal(Urd Dal),May-2024,1309.20,Metric Tonnes,13188.80,Rs./Quintal
Maharashtra,Pulses,Black Gram(Urd Beans)(Whole),May-2024,1074.52,Metric Tonnes,8859.20,Rs./Quintal
Maharashtra,Pulses,Cowpea(Lobia/Karamani),May-2024,663.50,Metric Tonnes,11633.65,Rs./Quintal
Maharashtra,Pulses,Green Gram Dal(Moong Dal),May-2024,2393.40,Metric Tonnes,12684.18,Rs./Quintal
Maharashtra,Pulses,Green Gram(Moong)(Whole),May-2024,4907.81,Metric Tonnes,8329.20,Rs./Quintal
Maharashtra,Pulses,Green Peas,May-2024,1957.10,Metric Tonnes,7650.67,Rs./Quintal
Maharashtra,Pulses,Kulthi(Horse Gram),May-2024,14.80,Metric Tonnes,7230.36,Rs./Quintal
Maharashtra,Pulses,Lentil(Masur)(Whole),May-2024,656.30,Metric Tonnes,7447.74,Rs./Quintal
Maharashtra,Pulses,Masur Dal,May-2024,1450.00,Metric Tonnes,10071.31,Rs./Quintal
Maharashtra,Pulses,Mataki,May-2024,130.90,Metric Tonnes,9332.77,Rs./Quintal
Maharashtra,Pulses,Red gram split/Arhar dal/Tur dal,May-2024,4627.90,Metric Tonnes,14500.00,Rs./Quintal
Maharashtra,Pulses,Red gram/Arhar/Tur(whole),May-2024,46775.99,Metric Tonnes,11211.39,Rs./Quintal
Maharashtra,Pulses,Beans,June-2024,582.10,Metric Tonnes,8092.51,Rs./Quintal
Maharashtra,Pulses,Bengal Gram Dal(Chana Dal),June-2024,367.60,Metric Tonnes,7816.12,Rs./Quintal
Maharashtra,Pulses,Bengal Gram(Gram)(Whole),June-2024,26015.84,Metric Tonnes,6381.28,Rs./Quintal
Maharashtra,Pulses,Black Gram Dal(Urd Dal),June-2024,503.00,Metric Tonnes,12450.46,Rs./Quintal
Maharashtra,Pulses,Black Gram(Urd Beans)(Whole),June-2024,531.38,Metric Tonnes,9060.98,Rs./Quintal
Maharashtra,Pulses,Cowpea(Lobia/Karamani),June-2024,289.90,Metric Tonnes,11526.82,Rs./Quintal
Maharashtra,Pulses,Green Gram Dal(Moong Dal),June-2024,923.90,Metric Tonnes,11739.78,Rs./Quintal
Maharashtra,Pulses,Green Gram(Moong)(Whole),June-2024,2663.38,Metric Tonnes,7539.35,Rs./Quintal
Maharashtra,Pulses,Green Peas,June-2024,1125.20,Metric Tonnes,8253.12,Rs./Quintal
Maharashtra,Pulses,Kulthi(Horse Gram),June-2024,33.20,Metric Tonnes,7762.33,Rs./Quintal
Maharashtra,Pulses,Lentil(Masur)(Whole),June-2024,349.10,Metric Tonnes,7564.74,Rs./Quintal
Maharashtra,Pulses,Masur Dal,June-2024,640.10,Metric Tonnes,8974.82,Rs./Quintal
Maharashtra,Pulses,Mataki,June-2024,56.80,Metric Tonnes,9458.39,Rs./Quintal
Maharashtra,Pulses,Red gram split/Arhar dal/Tur dal,June-2024,1076.60,Metric Tonnes,14500.00,Rs./Quintal
Maharashtra,Pulses,Red gram/Arhar/Tur(whole),June-2024,21711.44,Metric Tonnes,11316.76,Rs./Quintal
Maharashtra,Pulses,Beans,July-2024,1850.70,Metric Tonnes,5058.53,Rs./Quintal
Maharashtra,Pulses,Bengal Gram Dal(Chana Dal),July-2024,1699.40,Metric Tonnes,8550.00,Rs./Quintal
Maharashtra,Pulses,Bengal Gram(Gram)(Whole),July-2024,15622.28,Metric Tonnes,6371.99,Rs./Quintal
Maharashtra,Pulses,Black Gram Dal(Urd Dal),July-2024,900.50,Metric Tonnes,11800.00,Rs./Quintal
Maharashtra,Pulses,Black Gram(Urd Beans)(Whole),July-2024,1045.19,Metric Tonnes,7270.16,Rs./Quintal
Maharashtra,Pulses,Cowpea(Lobia/Karamani),July-2024,672.72,Metric Tonnes,11440.94,Rs./Quintal
Maharashtra,Pulses,Green Gram Dal(Moong Dal),July-2024,2108.00,Metric Tonnes,10500.00,Rs./Quintal
Maharashtra,Pulses,Green Gram(Moong)(Whole),July-2024,1403.06,Metric Tonnes,9539.25,Rs./Quintal
Maharashtra,Pulses,Green Peas,July-2024,2193.10,Metric Tonnes,9367.11,Rs./Quintal
Maharashtra,Pulses,Kulthi(Horse Gram),July-2024,0.80,Metric Tonnes,8415.00,Rs./Quintal
Maharashtra,Pulses,Lentil(Masur)(Whole),July-2024,547.50,Metric Tonnes,7358.21,Rs./Quintal
Maharashtra,Pulses,Masur Dal,July-2024,1284.50,Metric Tonnes,8800.00,Rs./Quintal
Maharashtra,Pulses,Mataki,July-2024,31.34,Metric Tonnes,9252.72,Rs./Quintal
Maharashtra,Pulses,Red gram split/Arhar dal/Tur dal,July-2024,3176.50,Metric Tonnes,14500.00,Rs./Quintal
Maharashtra,Pulses,Red gram/Arhar/Tur(whole),July-2024,12911.96,Metric Tonnes,10759.26,Rs./Quintal
Maharashtra,Pulses,Beans,August-2024,3119.20,Metric Tonnes,3544.07,Rs./Quintal
Maharashtra,Pulses,Bengal Gram Dal(Chana Dal),August-2024,1859.80,Metric Tonnes,8815.84,Rs./Quintal
Maharashtra,Pulses,Bengal Gram(Gram)(Whole),August-2024,13145.47,Metric Tonnes,7310.64,Rs./Quintal
Maharashtra,Pulses,Black Gram Dal(Urd Dal),August-2024,1296.70,Metric Tonnes,12435.41,Rs./Quintal
Maharashtra,Pulses,Black Gram(Urd Beans)(Whole),August-2024,7114.98,Metric Tonnes,8214.80,Rs./Quintal
Maharashtra,Pulses,Cowpea(Lobia/Karamani),August-2024,947.70,Metric Tonnes,10465.07,Rs./Quintal
Maharashtra,Pulses,Green Gram Dal(Moong Dal),August-2024,2472.30,Metric Tonnes,10655.08,Rs./Quintal
Maharashtra,Pulses,Green Gram(Moong)(Whole),August-2024,6601.03,Metric Tonnes,7984.95,Rs./Quintal
Maharashtra,Pulses,Green Peas,August-2024,2543.30,Metric Tonnes,9013.76,Rs./Quintal
Maharashtra,Pulses,Kulthi(Horse Gram),August-2024,19.20,Metric Tonnes,7959.66,Rs./Quintal
Maharashtra,Pulses,Lentil(Masur)(Whole),August-2024,578.40,Metric Tonnes,7175.00,Rs./Quintal
Maharashtra,Pulses,Masur Dal,August-2024,2083.10,Metric Tonnes,8023.16,Rs./Quintal
Maharashtra,Pulses,Mataki,August-2024,107.30,Metric Tonnes,9811.32,Rs./Quintal
Maharashtra,Pulses,Red gram split/Arhar dal/Tur dal,August-2024,4762.30,Metric Tonnes,14215.68,Rs./Quintal
Maharashtra,Pulses,Red gram/Arhar/Tur(whole),August-2024,8882.20,Metric Tonnes,10250.96,Rs./Quintal
Maharashtra,Pulses,Beans,September-2024,3680.00,Metric Tonnes,3790.49,Rs./Quintal
Maharashtra,Pulses,Bengal Gram Dal(Chana Dal),September-2024,1738.30,Metric Tonnes,8900.00,Rs./Quintal
Maharashtra,Pulses,Bengal Gram(Gram)(Whole),September-2024,8777.08,Metric Tonnes,7356.81,Rs./Quintal
Maharashtra,Pulses,Black Gram Dal(Urd Dal),September-2024,1758.40,Metric Tonnes,12844.16,Rs./Quintal
Maharashtra,Pulses,Black Gram(Urd Beans)(Whole),September-2024,40691.09,Metric Tonnes,7404.38,Rs./Quintal
Maharashtra,Pulses,Cowpea(Lobia/Karamani),September-2024,897.71,Metric Tonnes,9608.72,Rs./Quintal
Maharashtra,Pulses,Green Gram Dal(Moong Dal),September-2024,2959.00,Metric Tonnes,10852.02,Rs./Quintal
Maharashtra,Pulses,Green Gram(Moong)(Whole),September-2024,16287.29,Metric Tonnes,7744.41,Rs./Quintal
Maharashtra,Pulses,Green Peas,September-2024,3374.70,Metric Tonnes,10255.15,Rs./Quintal
Maharashtra,Pulses,Kulthi(Horse Gram),September-2024,19.23,Metric Tonnes,8124.00,Rs./Quintal
Maharashtra,Pulses,Lentil(Masur)(Whole),September-2024,757.20,Metric Tonnes,7045.84,Rs./Quintal
Maharashtra,Pulses,Masur Dal,September-2024,2496.00,Metric Tonnes,7647.37,Rs./Quintal
Maharashtra,Pulses,Mataki,September-2024,89.41,Metric Tonnes,9700.11,Rs./Quintal
Maharashtra,Pulses,Red gram split/Arhar dal/Tur dal,September-2024,4734.00,Metric Tonnes,14901.42,Rs./Quintal
Maharashtra,Pulses,Red gram/Arhar/Tur(whole),September-2024,7136.61,Metric Tonnes,10000.68,Rs./Quintal
Maharashtra,Pulses,Beans,October-2024,3326.90,Metric Tonnes,5010.90,Rs./Quintal
Maharashtra,Pulses,Bengal Gram Dal(Chana Dal),October-2024,1243.50,Metric Tonnes,8887.54,Rs./Quintal
Maharashtra,Pulses,Bengal Gram(Gram)(Whole),October-2024,7842.11,Metric Tonnes,7005.31,Rs./Quintal
Maharashtra,Pulses,Black Gram Dal(Urd Dal),October-2024,931.70,Metric Tonnes,12708.59,Rs./Quintal
Maharashtra,Pulses,Black Gram(Urd Beans)(Whole),October-2024,22437.06,Metric Tonnes,7395.82,Rs./Quintal
Maharashtra,Pulses,Cowpea(Lobia/Karamani),October-2024,640.50,Metric Tonnes,9693.93,Rs./Quintal
Maharashtra,Pulses,Green Gram Dal(Moong Dal),October-2024,1825.60,Metric Tonnes,10649.26,Rs./Quintal
Maharashtra,Pulses,Green Gram(Moong)(Whole),October-2024,4016.90,Metric Tonnes,7811.34,Rs./Quintal
Maharashtra,Pulses,Green Peas,October-2024,1913.30,Metric Tonnes,8063.14,Rs./Quintal
Maharashtra,Pulses,Kulthi(Horse Gram),October-2024,37.40,Metric Tonnes,8265.51,Rs./Quintal
Maharashtra,Pulses,Lentil(Masur)(Whole),October-2024,530.90,Metric Tonnes,7150.37,Rs./Quintal
Maharashtra,Pulses,Masur Dal,October-2024,1225.30,Metric Tonnes,7478.56,Rs./Quintal
Maharashtra,Pulses,Mataki,October-2024,183.70,Metric Tonnes,9443.28,Rs./Quintal
Maharashtra,Pulses,Red gram split/Arhar dal/Tur dal,October-2024,2546.90,Metric Tonnes,14626.06,Rs./Quintal
Maharashtra,Pulses,Red gram/Arhar/Tur(whole),October-2024,6509.65,Metric Tonnes,9407.40,Rs./Quintal
Maharashtra,Pulses,Beans,November-2024,4364.60,Metric Tonnes,3728.74,Rs./Quintal
Maharashtra,Pulses,Bengal Gram Dal(Chana Dal),November-2024,837.30,Metric Tonnes,8710.38,Rs./Quintal
Maharashtra,Pulses,Bengal Gram(Gram)(Whole),November-2024,10760.55,Metric Tonnes,6531.62,Rs./Quintal
Maharashtra,Pulses,Black Gram Dal(Urd Dal),November-2024,1520.90,Metric Tonnes,12043.85,Rs./Quintal
Maharashtra,Pulses,Black Gram(Urd Beans)(Whole),November-2024,9445.32,Metric Tonnes,7087.22,Rs./Quintal
Maharashtra,Pulses,Cowpea(Lobia/Karamani),November-2024,1096.92,Metric Tonnes,9398.18,Rs./Quintal
Maharashtra,Pulses,Green Gram Dal(Moong Dal),November-2024,2443.40,Metric Tonnes,9220.84,Rs./Quintal
Maharashtra,Pulses,Green Gram(Moong)(Whole),November-2024,3196.94,Metric Tonnes,7923.99,Rs./Quintal
Maharashtra,Pulses,Green Peas,November-2024,1873.60,Metric Tonnes,5927.51,Rs./Quintal
Maharashtra,Pulses,Kulthi(Horse Gram),November-2024,35.80,Metric Tonnes,7412.57,Rs./Quintal
Maharashtra,Pulses,Lentil(Masur)(Whole),November-2024,563.40,Metric Tonnes,7392.36,Rs./Quintal
Maharashtra,Pulses,Masur Dal,November-2024,2075.90,Metric Tonnes,7111.92,Rs./Quintal
Maharashtra,Pulses,Mataki,November-2024,132.70,Metric Tonnes,8959.61,Rs./Quintal
Maharashtra,Pulses,Red gram split/Arhar dal/Tur dal,November-2024,4708.70,Metric Tonnes,12903.60,Rs./Quintal
Maharashtra,Pulses,Red gram/Arhar/Tur(whole),November-2024,3909.29,Metric Tonnes,9578.76,Rs./Quintal
Maharashtra,Pulses,Beans,December-2024,2607.40,Metric Tonnes,3592.09,Rs./Quintal
Maharashtra,Pulses,Bengal Gram Dal(Chana Dal),December-2024,1591.40,Metric Tonnes,8091.88,Rs./Quintal
Maharashtra,Pulses,Bengal Gram(Gram)(Whole),December-2024,13103.56,Metric Tonnes,6152.54,Rs./Quintal
Maharashtra,Pulses,Black Gram Dal(Urd Dal),December-2024,1546.10,Metric Tonnes,10468.10,Rs./Quintal
Maharashtra,Pulses,Black Gram(Urd Beans)(Whole),December-2024,4095.42,Metric Tonnes,6925.62,Rs./Quintal
Maharashtra,Pulses,Cowpea(Lobia/Karamani),December-2024,844.30,Metric Tonnes,7785.29,Rs./Quintal
Maharashtra,Pulses,Green Gram Dal(Moong Dal),December-2024,2913.40,Metric Tonnes,9191.58,Rs./Quintal
Maharashtra,Pulses,Green Gram(Moong)(Whole),December-2024,2079.25,Metric Tonnes,8105.36,Rs./Quintal
Maharashtra,Pulses,Green Peas,December-2024,4184.10,Metric Tonnes,5709.15,Rs./Quintal
Maharashtra,Pulses,Kulthi(Horse Gram),December-2024,110.40,Metric Tonnes,6951.44,Rs./Quintal
Maharashtra,Pulses,Lentil(Masur)(Whole),December-2024,715.90,Metric Tonnes,7014.48,Rs./Quintal
Maharashtra,Pulses,Masur Dal,December-2024,2428.00,Metric Tonnes,7200.00,Rs./Quintal
Maharashtra,Pulses,Mataki,December-2024,258.60,Metric Tonnes,8197.87,Rs./Quintal
Maharashtra,Pulses,Red gram split/Arhar dal/Tur dal,December-2024,4440.40,Metric Tonnes,12000.00,Rs./Quintal
Maharashtra,Pulses,Red gram/Arhar/Tur(whole),December-2024,26725.58,Metric Tonnes,7817.27,Rs./Quintal
Maharashtra,Pulses,Beans,January-2025,2454.10,Metric Tonnes,3377.15,Rs./Quintal
Maharashtra,Pulses,Bengal Gram Dal(Chana Dal),January-2025,1403.50,Metric Tonnes,8206.98,Rs./Quintal
Maharashtra,Pulses,Bengal Gram(Gram)(Whole),January-2025,6571.02,Metric Tonnes,6334.88,Rs./Quintal
Maharashtra,Pulses,Black Gram Dal(Urd Dal),January-2025,1735.60,Metric Tonnes,11076.37,Rs./Quintal
Maharashtra,Pulses,Black Gram(Urd Beans)(Whole),January-2025,1955.29,Metric Tonnes,6841.67,Rs./Quintal
Maharashtra,Pulses,Cowpea(Lobia/Karamani),January-2025,686.00,Metric Tonnes,8453.34,Rs./Quintal
Maharashtra,Pulses,Green Gram Dal(Moong Dal),January-2025,2842.90,Metric Tonnes,9987.01,Rs./Quintal
Maharashtra,Pulses,Green Gram(Moong)(Whole),January-2025,1564.33,Metric Tonnes,8899.19,Rs./Quintal
Maharashtra,Pulses,Green Peas,January-2025,2881.50,Metric Tonnes,5256.64,Rs./Quintal
Maharashtra,Pulses,Kulthi(Horse Gram),January-2025,60.40,Metric Tonnes,7042.75,Rs./Quintal
Maharashtra,Pulses,Lentil(Masur)(Whole),January-2025,654.50,Metric Tonnes,7440.50,Rs./Quintal
Maharashtra,Pulses,Masur Dal,January-2025,1782.00,Metric Tonnes,7377.02,Rs./Quintal
Maharashtra,Pulses,Mataki,January-2025,281.90,Metric Tonnes,8003.99,Rs./Quintal
Maharashtra,Pulses,Red gram split/Arhar dal/Tur dal,January-2025,6520.40,Metric Tonnes,12000.00,Rs./Quintal
Maharashtra,Pulses,Red gram/Arhar/Tur(whole),January-2025,95880.55,Metric Tonnes,7217.11,Rs./Quintal
Maharashtra,Pulses,Beans,February-2025,2264.90,Metric Tonnes,2804.56,Rs./Quintal
Maharashtra,Pulses,Bengal Gram Dal(Chana Dal),February-2025,1624.90,Metric Tonnes,8445.63,Rs./Quintal
Maharashtra,Pulses,Bengal Gram(Gram)(Whole),February-2025,101641.26,Metric Tonnes,5713.12,Rs./Quintal
Maharashtra,Pulses,Black Gram Dal(Urd Dal),February-2025,1518.50,Metric Tonnes,12000.00,Rs./Quintal
Maharashtra,Pulses,Black Gram(Urd Beans)(Whole),February-2025,611.77,Metric Tonnes,7265.05,Rs./Quintal
Maharashtra,Pulses,Cowpea(Lobia/Karamani),February-2025,589.30,Metric Tonnes,10271.92,Rs./Quintal
Maharashtra,Pulses,Green Gram Dal(Moong Dal),February-2025,2237.40,Metric Tonnes,11211.08,Rs./Quintal
Maharashtra,Pulses,Green Gram(Moong)(Whole),February-2025,1270.81,Metric Tonnes,9775.06,Rs./Quintal
Maharashtra,Pulses,Green Peas,February-2025,2688.60,Metric Tonnes,8041.53,Rs./Quintal
Maharashtra,Pulses,Kulthi(Horse Gram),February-2025,44.18,Metric Tonnes,6853.81,Rs./Quintal
Maharashtra,Pulses,Lentil(Masur)(Whole),February-2025,468.50,Metric Tonnes,8049.19,Rs./Quintal
Maharashtra,Pulses,Masur Dal,February-2025,1479.10,Metric Tonnes,7756.74,Rs./Quintal
Maharashtra,Pulses,Mataki,February-2025,249.70,Metric Tonnes,7968.68,Rs./Quintal
Maharashtra,Pulses,Red gram split/Arhar dal/Tur dal,February-2025,5528.10,Metric Tonnes,11999.95,Rs./Quintal
Maharashtra,Pulses,Red gram/Arhar/Tur(whole),February-2025,118963.37,Metric Tonnes,7115.30,Rs./Quintal
Maharashtra,Pulses,Beans,March-2025,2135.30,Metric Tonnes,3844.35,Rs./Quintal
Maharashtra,Pulses,Bengal Gram Dal(Chana Dal),March-2025,2301.50,Metric Tonnes,8469.13,Rs./Quintal
Maharashtra,Pulses,Bengal Gram(Gram)(Whole),March-2025,158238.88,Metric Tonnes,5469.39,Rs./Quintal
Maharashtra,Pulses,Black Gram Dal(Urd Dal),March-2025,2104.00,Metric Tonnes,11981.30,Rs./Quintal
Maharashtra,Pulses,Black Gram(Urd Beans)(Whole),March-2025,684.05,Metric Tonnes,8460.90,Rs./Quintal
Maharashtra,Pulses,Cowpea(Lobia/Karamani),March-2025,492.20,Metric Tonnes,10208.76,Rs./Quintal
Maharashtra,Pulses,Green Gram Dal(Moong Dal),March-2025,2551.30,Metric Tonnes,11257.85,Rs./Quintal
Maharashtra,Pulses,Green Gram(Moong)(Whole),March-2025,1570.79,Metric Tonnes,9608.68,Rs./Quintal
Maharashtra,Pulses,Green Peas,March-2025,5695.60,Metric Tonnes,15356.19,Rs./Quintal
Maharashtra,Pulses,Kulthi(Horse Gram),March-2025,35.28,Metric Tonnes,5972.68,Rs./Quintal
Maharashtra,Pulses,Lentil(Masur)(Whole),March-2025,596.90,Metric Tonnes,8060.70,Rs./Quintal
Maharashtra,Pulses,Masur Dal,March-2025,2022.80,Metric Tonnes,7700.00,Rs./Quintal
Maharashtra,Pulses,Mataki,March-2025,289.30,Metric Tonnes,8030.22,Rs./Quintal
Maharashtra,Pulses,Red gram split/Arhar dal/Tur dal,March-2025,4902.70,Metric Tonnes,12000.00,Rs./Quintal
Maharashtra,Pulses,Red gram/Arhar/Tur(whole),March-2025,84681.88,Metric Tonnes,7115.29,Rs./Quintal
Maharashtra,Pulses,Beans,April-2025,2028.90,Metric Tonnes,4633.27,Rs./Quintal
Maharashtra,Pulses,Bengal Gram Dal(Chana Dal),April-2025,1567.90,Metric Tonnes,8508.04,Rs./Quintal
Maharashtra,Pulses,Bengal Gram(Gram)(Whole),April-2025,84244.17,Metric Tonnes,5742.03,Rs./Quintal
Maharashtra,Pulses,Black Gram Dal(Urd Dal),April-2025,1814.90,Metric Tonnes,12000.00,Rs./Quintal
Maharashtra,Pulses,Black Gram(Urd Beans)(Whole),April-2025,932.99,Metric Tonnes,8820.56,Rs./Quintal
Maharashtra,Pulses,Cowpea(Lobia/Karamani),April-2025,964.70,Metric Tonnes,10249.06,Rs./Quintal
Maharashtra,Pulses,Green Gram Dal(Moong Dal),April-2025,2977.30,Metric Tonnes,11247.75,Rs./Quintal
Maharashtra,Pulses,Green Gram(Moong)(Whole),April-2025,1859.19,Metric Tonnes,9533.13,Rs./Quintal
Maharashtra,Pulses,Green Peas,April-2025,4266.00,Metric Tonnes,17876.24,Rs./Quintal
Maharashtra,Pulses,Kulthi(Horse Gram),April-2025,114.02,Metric Tonnes,6466.43,Rs./Quintal
Maharashtra,Pulses,Lentil(Masur)(Whole),April-2025,668.20,Metric Tonnes,7989.08,Rs./Quintal
Maharashtra,Pulses,Masur Dal,April-2025,1112.20,Metric Tonnes,7700.00,Rs./Quintal
Maharashtra,Pulses,Mataki,April-2025,180.80,Metric Tonnes,8088.30,Rs./Quintal
Maharashtra,Pulses,Red gram split/Arhar dal/Tur dal,April-2025,4793.40,Metric Tonnes,12000.00,Rs./Quintal
Maharashtra,Pulses,Red gram/Arhar/Tur(whole),April-2025,64221.82,Metric Tonnes,6986.34,Rs./Quintal
Maharashtra,Pulses,Beans,May-2025,1310.40,Metric Tonnes,6884.11,Rs./Quintal
Maharashtra,Pulses,Bengal Gram Dal(Chana Dal),May-2025,2107.10,Metric Tonnes,8435.90,Rs./Quintal
Maharashtra,Pulses,Bengal Gram(Gram)(Whole),May-2025,58480.77,Metric Tonnes,5611.07,Rs./Quintal
Maharashtra,Pulses,Black Gram Dal(Urd Dal),May-2025,1304.60,Metric Tonnes,11740.76,Rs./Quintal
Maharashtra,Pulses,Black Gram(Urd Beans)(Whole),May-2025,1193.68,Metric Tonnes,7505.41,Rs./Quintal
Maharashtra,Pulses,Cowpea(Lobia/Karamani),May-2025,1327.14,Metric Tonnes,5453.06,Rs./Quintal
Maharashtra,Pulses,Green Gram Dal(Moong Dal),May-2025,2567.30,Metric Tonnes,11140.08,Rs./Quintal
Maharashtra,Pulses,Green Gram(Moong)(Whole),May-2025,4142.87,Metric Tonnes,7757.42,Rs./Quintal
Maharashtra,Pulses,Green Peas,May-2025,4311.70,Metric Tonnes,16729.71,Rs./Quintal
Maharashtra,Pulses,Kulthi(Horse Gram),May-2025,159.40,Metric Tonnes,6989.26,Rs./Quintal
Maharashtra,Pulses,Lentil(Masur)(Whole),May-2025,373.40,Metric Tonnes,7458.32,Rs./Quintal
Maharashtra,Pulses,Masur Dal,May-2025,1533.30,Metric Tonnes,7682.55,Rs./Quintal
Maharashtra,Pulses,Mataki,May-2025,285.60,Metric Tonnes,7959.83,Rs./Quintal
Maharashtra,Pulses,Red gram split/Arhar dal/Tur dal,May-2025,4873.40,Metric Tonnes,11668.69,Rs./Quintal
Maharashtra,Pulses,Red gram/Arhar/Tur(whole),May-2025,62431.72,Metric Tonnes,6731.02,Rs./Quintal
Maharashtra,Pulses,Beans,June-2025,1382.60,Metric Tonnes,6910.92,Rs./Quintal
Maharashtra,Pulses,Bengal Gram Dal(Chana Dal),June-2025,1798.20,Metric Tonnes,7640.35,Rs./Quintal
Maharashtra,Pulses,Bengal Gram(Gram)(Whole),June-2025,51573.13,Metric Tonnes,5485.63,Rs./Quintal
Maharashtra,Pulses,Black Gram Dal(Urd Dal),June-2025,1167.80,Metric Tonnes,9948.60,Rs./Quintal
Maharashtra,Pulses,Black Gram(Urd Beans)(Whole),June-2025,1399.77,Metric Tonnes,7080.47,Rs./Quintal
Maharashtra,Pulses,Cowpea(Lobia/Karamani),June-2025,909.40,Metric Tonnes,8759.35,Rs./Quintal
Maharashtra,Pulses,Green Gram Dal(Moong Dal),June-2025,2955.80,Metric Tonnes,9998.89,Rs./Quintal
Maharashtra,Pulses,Green Gram(Moong)(Whole),June-2025,7489.94,Metric Tonnes,6991.48,Rs./Quintal
Maharashtra,Pulses,Green Peas,June-2025,3054.50,Metric Tonnes,11078.88,Rs./Quintal
Maharashtra,Pulses,Kulthi(Horse Gram),June-2025,211.11,Metric Tonnes,7221.52,Rs./Quintal
Maharashtra,Pulses,Lentil(Masur)(Whole),June-2025,721.30,Metric Tonnes,7448.09,Rs./Quintal
Maharashtra,Pulses,Masur Dal,June-2025,1850.90,Metric Tonnes,7953.19,Rs./Quintal
Maharashtra,Pulses,Mataki,June-2025,363.80,Metric Tonnes,7981.15,Rs./Quintal
Maharashtra,Pulses,Red gram split/Arhar dal/Tur dal,June-2025,4838.40,Metric Tonnes,9000.00,Rs./Quintal
Maharashtra,Pulses,Red gram/Arhar/Tur(whole),June-2025,61282.35,Metric Tonnes,6372.99,Rs./Quintal
Maharashtra,Pulses,Beans,July-2025,1630.00,Metric Tonnes,5573.03,Rs./Quintal
Maharashtra,Pulses,Bengal Gram Dal(Chana Dal),July-2025,2035.90,Metric Tonnes,7661.46,Rs./Quintal
Maharashtra,Pulses,Bengal Gram(Gram)(Whole),July-2025,31991.45,Metric Tonnes,5782.36,Rs./Quintal
Maharashtra,Pulses,Black Gram Dal(Urd Dal),July-2025,1497.80,Metric Tonnes,10007.88,Rs./Quintal
Maharashtra,Pulses,Black Gram(Urd Beans)(Whole),July-2025,886.99,Metric Tonnes,7618.13,Rs./Quintal
Maharashtra,Pulses,Cowpea(Lobia/Karamani),July-2025,755.30,Metric Tonnes,8883.65,Rs./Quintal
Maharashtra,Pulses,Green Gram Dal(Moong Dal),July-2025,3220.40,Metric Tonnes,10018.62,Rs./Quintal
Maharashtra,Pulses,Green Gram(Moong)(Whole),July-2025,2368.04,Metric Tonnes,8435.25,Rs./Quintal
Maharashtra,Pulses,Green Peas,July-2025,3993.50,Metric Tonnes,10254.57,Rs./Quintal
Maharashtra,Pulses,Kulthi(Horse Gram),July-2025,200.60,Metric Tonnes,7242.28,Rs./Quintal
Maharashtra,Pulses,Lentil(Masur)(Whole),July-2025,938.20,Metric Tonnes,7497.64,Rs./Quintal
Maharashtra,Pulses,Masur Dal,July-2025,1358.80,Metric Tonnes,8287.67,Rs./Quintal
Maharashtra,Pulses,Mataki,July-2025,292.30,Metric Tonnes,7986.56,Rs./Quintal
Maharashtra,Pulses,Red gram split/Arhar dal/Tur dal,July-2025,4534.30,Metric Tonnes,9039.14,Rs./Quintal
Maharashtra,Pulses,Red gram/Arhar/Tur(whole),July-2025,50793.37,Metric Tonnes,6316.76,Rs./Quintal
Maharashtra,Pulses,Beans,August-2025,3070.00,Metric Tonnes,3989.70,Rs./Quintal
Maharashtra,Pulses,Bengal Gram Dal(Chana Dal),August-2025,2545.40,Metric Tonnes,7800.00,Rs./Quintal
Maharashtra,Pulses,Bengal Gram(Gram)(Whole),August-2025,17764.03,Metric Tonnes,5873.69,Rs./Quintal
Maharashtra,Pulses,Black Gram Dal(Urd Dal),August-2025,1565.70,Metric Tonnes,10400.00,Rs./Quintal
Maharashtra,Pulses,Black Gram(Urd Beans)(Whole),August-2025,3867.69,Metric Tonnes,6566.86,Rs./Quintal
Maharashtra,Pulses,Cowpea(Lobia/Karamani),August-2025,903.72,Metric Tonnes,9473.34,Rs./Quintal
Maharashtra,Pulses,Green Gram Dal(Moong Dal),August-2025,3206.00,Metric Tonnes,10509.58,Rs./Quintal
Maharashtra,Pulses,Green Gram(Moong)(Whole),August-2025,6334.50,Metric Tonnes,8544.79,Rs./Quintal
Maharashtra,Pulses,Green Peas,August-2025,3950.80,Metric Tonnes,9523.22,Rs./Quintal
Maharashtra,Pulses,Kulthi(Horse Gram),August-2025,170.30,Metric Tonnes,7247.36,Rs./Quintal
Maharashtra,Pulses,Lentil(Masur)(Whole),August-2025,817.20,Metric Tonnes,7524.88,Rs./Quintal
Maharashtra,Pulses,Masur Dal,August-2025,1680.50,Metric Tonnes,8200.00,Rs./Quintal
Maharashtra,Pulses,Mataki,August-2025,267.30,Metric Tonnes,8020.64,Rs./Quintal
Maharashtra,Pulses,Red gram split/Arhar dal/Tur dal,August-2025,5397.80,Metric Tonnes,10700.00,Rs./Quintal
Maharashtra,Pulses,Red gram/Arhar/Tur(whole),August-2025,39490.10,Metric Tonnes,6205.25,Rs./Quintal
Maharashtra,Pulses,Beans,September-2025,3746.30,Metric Tonnes,4267.02,Rs./Quintal
Maharashtra,Pulses,Bengal Gram Dal(Chana Dal),September-2025,1918.10,Metric Tonnes,7800.00,Rs./Quintal
Maharashtra,Pulses,Bengal Gram(Gram)(Whole),September-2025,11191.97,Metric Tonnes,5631.96,Rs./Quintal
Maharashtra,Pulses,Black Gram Dal(Urd Dal),September-2025,1813.60,Metric Tonnes,10400.00,Rs./Quintal
Maharashtra,Pulses,Black Gram(Urd Beans)(Whole),September-2025,27302.99,Metric Tonnes,5662.54,Rs./Quintal
Maharashtra,Pulses,Cowpea(Lobia/Karamani),September-2025,938.83,Metric Tonnes,9480.49,Rs./Quintal
Maharashtra,Pulses,Green Gram Dal(Moong Dal),September-2025,3180.80,Metric Tonnes,10506.07,Rs./Quintal
Maharashtra,Pulses,Green Gram(Moong)(Whole),September-2025,6597.04,Metric Tonnes,7833.26,Rs./Quintal
Maharashtra,Pulses,Green Peas,September-2025,3742.80,Metric Tonnes,9795.87,Rs./Quintal
Maharashtra,Pulses,Kulthi(Horse Gram),September-2025,129.72,Metric Tonnes,7254.74,Rs./Quintal
Maharashtra,Pulses,Lentil(Masur)(Whole),September-2025,750.40,Metric Tonnes,7527.05,Rs./Quintal
Maharashtra,Pulses,Masur Dal,September-2025,1736.80,Metric Tonnes,8200.00,Rs./Quintal
Maharashtra,Pulses,Mataki,September-2025,233.60,Metric Tonnes,8022.51,Rs./Quintal
Maharashtra,Pulses,Red gram split/Arhar dal/Tur dal,September-2025,4215.00,Metric Tonnes,10700.00,Rs./Quintal
Maharashtra,Pulses,Red gram/Arhar/Tur(whole),September-2025,35781.51,Metric Tonnes,6042.72,Rs./Quintal
Maharashtra,Pulses,Beans,October-2025,3380.60,Metric Tonnes,4317.72,Rs./Quintal
Maharashtra,Pulses,Bengal Gram Dal(Chana Dal),October-2025,1943.10,Metric Tonnes,7800.00,Rs./Quintal
Maharashtra,Pulses,Bengal Gram(Gram)(Whole),October-2025,10547.81,Metric Tonnes,5617.03,Rs./Quintal
Maharashtra,Pulses,Black Gram Dal(Urd Dal),October-2025,1304.90,Metric Tonnes,10400.00,Rs./Quintal
Maharashtra,Pulses,Black Gram(Urd Beans)(Whole),October-2025,11030.97,Metric Tonnes,5096.92,Rs./Quintal
Maharashtra,Pulses,Cowpea(Lobia/Karamani),October-2025,666.20,Metric Tonnes,9482.79,Rs./Quintal
Maharashtra,Pulses,Green Gram Dal(Moong Dal),October-2025,2753.80,Metric Tonnes,10500.00,Rs./Quintal
Maharashtra,Pulses,Green Gram(Moong)(Whole),October-2025,2045.87,Metric Tonnes,8096.03,Rs./Quintal
Maharashtra,Pulses,Green Peas,October-2025,3132.70,Metric Tonnes,8669.32,Rs./Quintal
Maharashtra,Pulses,Kulthi(Horse Gram),October-2025,171.53,Metric Tonnes,5408.27,Rs./Quintal
Maharashtra,Pulses,Lentil(Masur)(Whole),October-2025,736.00,Metric Tonnes,7440.34,Rs./Quintal
Maharashtra,Pulses,Masur Dal,October-2025,2010.70,Metric Tonnes,8200.00,Rs./Quintal
Maharashtra,Pulses,Mataki,October-2025,251.50,Metric Tonnes,10050.89,Rs./Quintal
Maharashtra,Pulses,Red gram split/Arhar dal/Tur dal,October-2025,4641.30,Metric Tonnes,10699.89,Rs./Quintal
Maharashtra,Pulses,Red gram/Arhar/Tur(whole),October-2025,18836.10,Metric Tonnes,6447.50,Rs./Quintal
Maharashtra,Pulses,Beans,November-2025,2400.80,Metric Tonnes,4644.61,Rs./Quintal
Maharashtra,Pulses,Bengal Gram Dal(Chana Dal),November-2025,1033.30,Metric Tonnes,7693.69,Rs./Quintal
Maharashtra,Pulses,Bengal Gram(Gram)(Whole),November-2025,13094.49,Metric Tonnes,5327.34,Rs./Quintal
Maharashtra,Pulses,Black Gram Dal(Urd Dal),November-2025,1348.60,Metric Tonnes,10371.53,Rs./Quintal
Maharashtra,Pulses,Black Gram(Urd Beans)(Whole),November-2025,5327.29,Metric Tonnes,5494.87,Rs./Quintal
Maharashtra,Pulses,Cowpea(Lobia/Karamani),November-2025,734.40,Metric Tonnes,9518.78,Rs./Quintal
Maharashtra,Pulses,Green Gram Dal(Moong Dal),November-2025,2176.60,Metric Tonnes,10523.80,Rs./Quintal
Maharashtra,Pulses,Green Gram(Moong)(Whole),November-2025,1300.70,Metric Tonnes,8596.97,Rs./Quintal
Maharashtra,Pulses,Green Peas,November-2025,2662.00,Metric Tonnes,8073.52,Rs./Quintal
Maharashtra,Pulses,Kulthi(Horse Gram),November-2025,138.20,Metric Tonnes,4595.09,Rs./Quintal
Maharashtra,Pulses,Lentil(Masur)(Whole),November-2025,673.40,Metric Tonnes,7584.47,Rs./Quintal
Maharashtra,Pulses,Masur Dal,November-2025,1301.90,Metric Tonnes,8046.34,Rs./Quintal
Maharashtra,Pulses,Mataki,November-2025,259.00,Metric Tonnes,10656.80,Rs./Quintal
Maharashtra,Pulses,Red gram split/Arhar dal/Tur dal,November-2025,3592.50,Metric Tonnes,10652.32,Rs./Quintal
Maharashtra,Pulses,Red gram/Arhar/Tur(whole),November-2025,14477.99,Metric Tonnes,6566.56,Rs./Quintal
Maharashtra,Pulses,Beans,December-2025,2777.90,Metric Tonnes,3743.63,Rs./Quintal
Maharashtra,Pulses,Bengal Gram Dal(Chana Dal),December-2025,1761.20,Metric Tonnes,7154.79,Rs./Quintal
Maharashtra,Pulses,Bengal Gram(Gram)(Whole),December-2025,11950.32,Metric Tonnes,5209.94,Rs./Quintal
Maharashtra,Pulses,Black Gram Dal(Urd Dal),December-2025,1536.10,Metric Tonnes,10250.00,Rs./Quintal
Maharashtra,Pulses,Black Gram(Urd Beans)(Whole),December-2025,2989.18,Metric Tonnes,5549.79,Rs./Quintal
Maharashtra,Pulses,Cowpea(Lobia/Karamani),December-2025,1240.20,Metric Tonnes,9596.73,Rs./Quintal
Maharashtra,Pulses,Green Gram Dal(Moong Dal),December-2025,3519.00,Metric Tonnes,10800.00,Rs./Quintal
Maharashtra,Pulses,Green Gram(Moong)(Whole),December-2025,1806.44,Metric Tonnes,9274.42,Rs./Quintal
Maharashtra,Pulses,Green Peas,December-2025,3385.30,Metric Tonnes,6350.21,Rs./Quintal
Maharashtra,Pulses,Kulthi(Horse Gram),December-2025,122.50,Metric Tonnes,4576.90,Rs./Quintal
Maharashtra,Pulses,Lentil(Masur)(Whole),December-2025,760.10,Metric Tonnes,8324.85,Rs./Quintal
Maharashtra,Pulses,Masur Dal,December-2025,1884.90,Metric Tonnes,7468.59,Rs./Quintal
Maharashtra,Pulses,Mataki,December-2025,305.20,Metric Tonnes,10256.58,Rs./Quintal
Maharashtra,Pulses,Red gram split/Arhar dal/Tur dal,December-2025,4711.20,Metric Tonnes,10000.00,Rs./Quintal
Maharashtra,Pulses,Red gram/Arhar/Tur(whole),December-2025,16143.18,Metric Tonnes,6611.03,Rs./Quintal
Manipur,Pulses,Bengal Gram Dal(Chana Dal),January-2023,102.00,Metric Tonnes,9635.49,Rs./Quintal
Manipur,Pulses,Bengal Gram(Gram)(Whole),January-2023,117.10,Metric Tonnes,6820.28,Rs./Quintal
Manipur,Pulses,Black Gram Dal(Urd Dal),January-2023,25.20,Metric Tonnes,12660.71,Rs./Quintal
Manipur,Pulses,Black Gram(Urd Beans)(Whole),January-2023,94.20,Metric Tonnes,11500.00,Rs./Quintal
Manipur,Pulses,Green Gram Dal(Moong Dal),January-2023,107.80,Metric Tonnes,11462.85,Rs./Quintal
Manipur,Pulses,Masur Dal,January-2023,120.10,Metric Tonnes,10664.65,Rs./Quintal
Manipur,Pulses,Red gram split/Arhar dal/Tur dal,January-2023,118.90,Metric Tonnes,11529.06,Rs./Quintal
Manipur,Pulses,Bengal Gram Dal(Chana Dal),February-2023,106.60,Metric Tonnes,9617.82,Rs./Quintal
Manipur,Pulses,Bengal Gram(Gram)(Whole),February-2023,122.00,Metric Tonnes,6805.53,Rs./Quintal
Manipur,Pulses,Black Gram Dal(Urd Dal),February-2023,25.10,Metric Tonnes,12658.37,Rs./Quintal
Manipur,Pulses,Black Gram(Urd Beans)(Whole),February-2023,100.40,Metric Tonnes,11500.00,Rs./Quintal
Manipur,Pulses,Green Gram Dal(Moong Dal),February-2023,114.00,Metric Tonnes,11465.00,Rs./Quintal
Manipur,Pulses,Masur Dal,February-2023,126.10,Metric Tonnes,10602.70,Rs./Quintal
Manipur,Pulses,Red gram split/Arhar dal/Tur dal,February-2023,117.80,Metric Tonnes,11525.47,Rs./Quintal
Manipur,Pulses,Bengal Gram Dal(Chana Dal),March-2023,101.50,Metric Tonnes,9620.10,Rs./Quintal
Manipur,Pulses,Bengal Gram(Gram)(Whole),March-2023,116.00,Metric Tonnes,7023.15,Rs./Quintal
Manipur,Pulses,Black Gram Dal(Urd Dal),March-2023,22.60,Metric Tonnes,12655.97,Rs./Quintal
Manipur,Pulses,Black Gram(Urd Beans)(Whole),March-2023,95.20,Metric Tonnes,11500.00,Rs./Quintal
Manipur,Pulses,Green Gram Dal(Moong Dal),March-2023,107.20,Metric Tonnes,11463.90,Rs./Quintal
Manipur,Pulses,Masur Dal,March-2023,118.50,Metric Tonnes,10309.37,Rs./Quintal
Manipur,Pulses,Red gram split/Arhar dal/Tur dal,March-2023,116.00,Metric Tonnes,11524.44,Rs./Quintal
Manipur,Pulses,Bengal Gram Dal(Chana Dal),April-2023,102.40,Metric Tonnes,9631.64,Rs./Quintal
Manipur,Pulses,Bengal Gram(Gram)(Whole),April-2023,116.40,Metric Tonnes,6808.68,Rs./Quintal
Manipur,Pulses,Black Gram Dal(Urd Dal),April-2023,23.80,Metric Tonnes,12657.56,Rs./Quintal
Manipur,Pulses,Black Gram(Urd Beans)(Whole),April-2023,95.00,Metric Tonnes,11500.00,Rs./Quintal
Manipur,Pulses,Green Gram Dal(Moong Dal),April-2023,107.80,Metric Tonnes,11463.68,Rs./Quintal
Manipur,Pulses,Masur Dal,April-2023,118.90,Metric Tonnes,10368.08,Rs./Quintal
Manipur,Pulses,Red gram split/Arhar dal/Tur dal,April-2023,116.10,Metric Tonnes,11526.27,Rs./Quintal
Manipur,Pulses,Bengal Gram Dal(Chana Dal),May-2023,11.40,Metric Tonnes,9628.95,Rs./Quintal
Manipur,Pulses,Bengal Gram(Gram)(Whole),May-2023,12.90,Metric Tonnes,6794.57,Rs./Quintal
Manipur,Pulses,Black Gram Dal(Urd Dal),May-2023,2.50,Metric Tonnes,12660.00,Rs./Quintal
Manipur,Pulses,Black Gram(Urd Beans)(Whole),May-2023,10.60,Metric Tonnes,11500.00,Rs./Quintal
Manipur,Pulses,Green Gram Dal(Moong Dal),May-2023,11.70,Metric Tonnes,11476.07,Rs./Quintal
Manipur,Pulses,Masur Dal,May-2023,13.00,Metric Tonnes,10315.77,Rs./Quintal
Manipur,Pulses,Red gram split/Arhar dal/Tur dal,May-2023,12.90,Metric Tonnes,11524.42,Rs./Quintal
Manipur,Pulses,Bengal Gram Dal(Chana Dal),July-2023,35.90,Metric Tonnes,9623.12,Rs./Quintal
Manipur,Pulses,Bengal Gram(Gram)(Whole),July-2023,42.50,Metric Tonnes,6835.18,Rs./Quintal
Manipur,Pulses,Black Gram Dal(Urd Dal),July-2023,8.90,Metric Tonnes,12657.30,Rs./Quintal
Manipur,Pulses,Black Gram(Urd Beans)(Whole),July-2023,33.90,Metric Tonnes,11500.00,Rs./Quintal
Manipur,Pulses,Green Gram Dal(Moong Dal),July-2023,37.30,Metric Tonnes,11515.01,Rs./Quintal
Manipur,Pulses,Masur Dal,July-2023,42.80,Metric Tonnes,10320.56,Rs./Quintal
Manipur,Pulses,Red gram split/Arhar dal/Tur dal,July-2023,42.70,Metric Tonnes,11701.17,Rs./Quintal
Manipur,Pulses,Bengal Gram Dal(Chana Dal),August-2023,85.80,Metric Tonnes,9633.39,Rs./Quintal
Manipur,Pulses,Bengal Gram(Gram)(Whole),August-2023,94.80,Metric Tonnes,6843.04,Rs./Quintal
Manipur,Pulses,Black Gram Dal(Urd Dal),August-2023,20.10,Metric Tonnes,12666.67,Rs./Quintal
Manipur,Pulses,Black Gram(Urd Beans)(Whole),August-2023,75.30,Metric Tonnes,11500.00,Rs./Quintal
Manipur,Pulses,Green Gram Dal(Moong Dal),August-2023,83.50,Metric Tonnes,11524.61,Rs./Quintal
Manipur,Pulses,Masur Dal,August-2023,95.70,Metric Tonnes,10322.78,Rs./Quintal
Manipur,Pulses,Red gram split/Arhar dal/Tur dal,August-2023,96.20,Metric Tonnes,11715.90,Rs./Quintal
Manipur,Pulses,Bengal Gram Dal(Chana Dal),September-2023,60.70,Metric Tonnes,9690.53,Rs./Quintal
Manipur,Pulses,Bengal Gram(Gram)(Whole),September-2023,69.60,Metric Tonnes,6867.24,Rs./Quintal
Manipur,Pulses,Black Gram Dal(Urd Dal),September-2023,13.50,Metric Tonnes,12927.78,Rs./Quintal
Manipur,Pulses,Black Gram(Urd Beans)(Whole),September-2023,56.80,Metric Tonnes,11737.68,Rs./Quintal
Manipur,Pulses,Green Gram Dal(Moong Dal),September-2023,62.00,Metric Tonnes,12051.61,Rs./Quintal
Manipur,Pulses,Masur Dal,September-2023,69.80,Metric Tonnes,10335.82,Rs./Quintal
Manipur,Pulses,Red gram split/Arhar dal/Tur dal,September-2023,70.30,Metric Tonnes,12159.67,Rs./Quintal
Manipur,Pulses,Bengal Gram Dal(Chana Dal),October-2023,97.90,Metric Tonnes,10524.57,Rs./Quintal
Manipur,Pulses,Bengal Gram(Gram)(Whole),October-2023,115.80,Metric Tonnes,7546.29,Rs./Quintal
Manipur,Pulses,Black Gram Dal(Urd Dal),October-2023,25.30,Metric Tonnes,14013.83,Rs./Quintal
Manipur,Pulses,Black Gram(Urd Beans)(Whole),October-2023,93.00,Metric Tonnes,14103.23,Rs./Quintal
Manipur,Pulses,Green Gram Dal(Moong Dal),October-2023,101.60,Metric Tonnes,16249.02,Rs./Quintal
Manipur,Pulses,Masur Dal,October-2023,112.80,Metric Tonnes,10201.82,Rs./Quintal
Manipur,Pulses,Red gram split/Arhar dal/Tur dal,October-2023,116.70,Metric Tonnes,16359.90,Rs./Quintal
Manipur,Pulses,Bengal Gram Dal(Chana Dal),November-2023,86.10,Metric Tonnes,10527.76,Rs./Quintal
Manipur,Pulses,Bengal Gram(Gram)(Whole),November-2023,98.50,Metric Tonnes,7548.83,Rs./Quintal
Manipur,Pulses,Black Gram Dal(Urd Dal),November-2023,21.90,Metric Tonnes,13665.53,Rs./Quintal
Manipur,Pulses,Black Gram(Urd Beans)(Whole),November-2023,79.10,Metric Tonnes,13500.00,Rs./Quintal
Manipur,Pulses,Green Gram Dal(Moong Dal),November-2023,89.50,Metric Tonnes,15519.55,Rs./Quintal
Manipur,Pulses,Masur Dal,November-2023,101.50,Metric Tonnes,10162.22,Rs./Quintal
Manipur,Pulses,Red gram split/Arhar dal/Tur dal,November-2023,99.10,Metric Tonnes,17452.32,Rs./Quintal
Manipur,Pulses,Bengal Gram Dal(Chana Dal),December-2023,78.20,Metric Tonnes,10531.78,Rs./Quintal
Manipur,Pulses,Bengal Gram(Gram)(Whole),December-2023,95.40,Metric Tonnes,7547.90,Rs./Quintal
Manipur,Pulses,Black Gram Dal(Urd Dal),December-2023,17.90,Metric Tonnes,13652.23,Rs./Quintal
Manipur,Pulses,Black Gram(Urd Beans)(Whole),December-2023,75.70,Metric Tonnes,13500.00,Rs./Quintal
Manipur,Pulses,Green Gram Dal(Moong Dal),December-2023,85.40,Metric Tonnes,16249.71,Rs./Quintal
Manipur,Pulses,Masur Dal,December-2023,96.60,Metric Tonnes,10173.71,Rs./Quintal
Manipur,Pulses,Red gram split/Arhar dal/Tur dal,December-2023,99.00,Metric Tonnes,17376.01,Rs./Quintal
Manipur,Pulses,Bengal Gram Dal(Chana Dal),February-2024,104.00,Metric Tonnes,10530.24,Rs./Quintal
Manipur,Pulses,Bengal Gram(Gram)(Whole),February-2024,118.10,Metric Tonnes,7547.12,Rs./Quintal
Manipur,Pulses,Black Gram Dal(Urd Dal),February-2024,20.50,Metric Tonnes,13652.44,Rs./Quintal
Manipur,Pulses,Black Gram(Urd Beans)(Whole),February-2024,89.50,Metric Tonnes,13184.92,Rs./Quintal
Manipur,Pulses,Green Gram Dal(Moong Dal),February-2024,106.10,Metric Tonnes,15520.74,Rs./Quintal
Manipur,Pulses,Masur Dal,February-2024,117.60,Metric Tonnes,10335.46,Rs./Quintal
Manipur,Pulses,Red gram split/Arhar dal/Tur dal,February-2024,112.80,Metric Tonnes,17443.71,Rs./Quintal
Manipur,Pulses,Bengal Gram Dal(Chana Dal),March-2024,78.40,Metric Tonnes,10529.53,Rs./Quintal
Manipur,Pulses,Bengal Gram(Gram)(Whole),March-2024,88.00,Metric Tonnes,7544.38,Rs./Quintal
Manipur,Pulses,Black Gram Dal(Urd Dal),March-2024,15.60,Metric Tonnes,13641.03,Rs./Quintal
Manipur,Pulses,Black Gram(Urd Beans)(Whole),March-2024,71.30,Metric Tonnes,13500.00,Rs./Quintal
Manipur,Pulses,Green Gram Dal(Moong Dal),March-2024,79.50,Metric Tonnes,15521.07,Rs./Quintal
Manipur,Pulses,Masur Dal,March-2024,87.30,Metric Tonnes,10346.79,Rs./Quintal
Manipur,Pulses,Red gram split/Arhar dal/Tur dal,March-2024,88.40,Metric Tonnes,17534.22,Rs./Quintal
Manipur,Pulses,Bengal Gram Dal(Chana Dal),April-2024,87.00,Metric Tonnes,10527.53,Rs./Quintal
Manipur,Pulses,Bengal Gram(Gram)(Whole),April-2024,97.70,Metric Tonnes,7543.09,Rs./Quintal
Manipur,Pulses,Black Gram Dal(Urd Dal),April-2024,17.40,Metric Tonnes,13659.48,Rs./Quintal
Manipur,Pulses,Black Gram(Urd Beans)(Whole),April-2024,79.60,Metric Tonnes,13500.00,Rs./Quintal
Manipur,Pulses,Green Gram Dal(Moong Dal),April-2024,88.90,Metric Tonnes,15521.09,Rs./Quintal
Manipur,Pulses,Masur Dal,April-2024,96.40,Metric Tonnes,10355.81,Rs./Quintal
Manipur,Pulses,Red gram split/Arhar dal/Tur dal,April-2024,97.40,Metric Tonnes,17530.54,Rs./Quintal
Manipur,Pulses,Bengal Gram Dal(Chana Dal),May-2024,78.60,Metric Tonnes,10529.96,Rs./Quintal
Manipur,Pulses,Bengal Gram(Gram)(Whole),May-2024,89.20,Metric Tonnes,7549.44,Rs./Quintal
Manipur,Pulses,Black Gram Dal(Urd Dal),May-2024,14.70,Metric Tonnes,13637.76,Rs./Quintal
Manipur,Pulses,Black Gram(Urd Beans)(Whole),May-2024,69.90,Metric Tonnes,13500.00,Rs./Quintal
Manipur,Pulses,Green Gram Dal(Moong Dal),May-2024,80.50,Metric Tonnes,15521.12,Rs./Quintal
Manipur,Pulses,Masur Dal,May-2024,87.40,Metric Tonnes,10411.90,Rs./Quintal
Manipur,Pulses,Red gram split/Arhar dal/Tur dal,May-2024,86.80,Metric Tonnes,17533.12,Rs./Quintal
Manipur,Pulses,Bengal Gram Dal(Chana Dal),June-2024,65.50,Metric Tonnes,10531.76,Rs./Quintal
Manipur,Pulses,Bengal Gram(Gram)(Whole),June-2024,66.40,Metric Tonnes,7668.15,Rs./Quintal
Manipur,Pulses,Black Gram Dal(Urd Dal),June-2024,13.20,Metric Tonnes,14200.76,Rs./Quintal
Manipur,Pulses,Black Gram(Urd Beans)(Whole),June-2024,53.80,Metric Tonnes,13500.00,Rs./Quintal
Manipur,Pulses,Green Gram Dal(Moong Dal),June-2024,66.10,Metric Tonnes,15518.15,Rs./Quintal
Manipur,Pulses,Masur Dal,June-2024,66.20,Metric Tonnes,10402.57,Rs./Quintal
Manipur,Pulses,Red gram split/Arhar dal/Tur dal,June-2024,71.10,Metric Tonnes,17663.15,Rs./Quintal
Manipur,Pulses,Bengal Gram Dal(Chana Dal),July-2024,77.39,Metric Tonnes,10528.27,Rs./Quintal
Manipur,Pulses,Bengal Gram(Gram)(Whole),July-2024,104.17,Metric Tonnes,7684.63,Rs./Quintal
Manipur,Pulses,Black Gram Dal(Urd Dal),July-2024,15.70,Metric Tonnes,14442.68,Rs./Quintal
Manipur,Pulses,Black Gram(Urd Beans)(Whole),July-2024,76.93,Metric Tonnes,13500.75,Rs./Quintal
Manipur,Pulses,Green Gram Dal(Moong Dal),July-2024,95.60,Metric Tonnes,15506.96,Rs./Quintal
Manipur,Pulses,Masur Dal,July-2024,91.07,Metric Tonnes,10432.11,Rs./Quintal
Manipur,Pulses,Red gram split/Arhar dal/Tur dal,July-2024,82.26,Metric Tonnes,17678.52,Rs./Quintal
Manipur,Pulses,Bengal Gram Dal(Chana Dal),August-2024,93.49,Metric Tonnes,10529.39,Rs./Quintal
Manipur,Pulses,Bengal Gram(Gram)(Whole),August-2024,107.03,Metric Tonnes,7700.57,Rs./Quintal
Manipur,Pulses,Black Gram Dal(Urd Dal),August-2024,18.00,Metric Tonnes,13697.22,Rs./Quintal
Manipur,Pulses,Black Gram(Urd Beans)(Whole),August-2024,81.76,Metric Tonnes,13501.41,Rs./Quintal
Manipur,Pulses,Green Gram Dal(Moong Dal),August-2024,98.80,Metric Tonnes,15430.16,Rs./Quintal
Manipur,Pulses,Masur Dal,August-2024,105.33,Metric Tonnes,10354.81,Rs./Quintal
Manipur,Pulses,Red gram split/Arhar dal/Tur dal,August-2024,103.69,Metric Tonnes,17601.14,Rs./Quintal
Manipur,Pulses,Bengal Gram Dal(Chana Dal),September-2024,63.67,Metric Tonnes,10539.54,Rs./Quintal
Manipur,Pulses,Bengal Gram(Gram)(Whole),September-2024,78.39,Metric Tonnes,7708.73,Rs./Quintal
Manipur,Pulses,Black Gram Dal(Urd Dal),September-2024,13.70,Metric Tonnes,13636.86,Rs./Quintal
Manipur,Pulses,Black Gram(Urd Beans)(Whole),September-2024,55.92,Metric Tonnes,13501.88,Rs./Quintal
Manipur,Pulses,Green Gram Dal(Moong Dal),September-2024,71.72,Metric Tonnes,15412.93,Rs./Quintal
Manipur,Pulses,Masur Dal,September-2024,76.58,Metric Tonnes,10333.44,Rs./Quintal
Manipur,Pulses,Red gram split/Arhar dal/Tur dal,September-2024,77.46,Metric Tonnes,17609.09,Rs./Quintal
Manipur,Pulses,Bengal Gram Dal(Chana Dal),October-2024,96.82,Metric Tonnes,10535.48,Rs./Quintal
Manipur,Pulses,Bengal Gram(Gram)(Whole),October-2024,108.16,Metric Tonnes,7697.58,Rs./Quintal
Manipur,Pulses,Black Gram Dal(Urd Dal),October-2024,17.80,Metric Tonnes,13636.24,Rs./Quintal
Manipur,Pulses,Black Gram(Urd Beans)(Whole),October-2024,82.11,Metric Tonnes,13501.55,Rs./Quintal
Manipur,Pulses,Green Gram Dal(Moong Dal),October-2024,99.21,Metric Tonnes,15424.43,Rs./Quintal
Manipur,Pulses,Masur Dal,October-2024,103.60,Metric Tonnes,10355.45,Rs./Quintal
Manipur,Pulses,Red gram split/Arhar dal/Tur dal,October-2024,101.28,Metric Tonnes,17600.96,Rs./Quintal
Manipur,Pulses,Bengal Gram Dal(Chana Dal),November-2024,40.49,Metric Tonnes,10536.74,Rs./Quintal
Manipur,Pulses,Bengal Gram(Gram)(Whole),November-2024,45.44,Metric Tonnes,7715.67,Rs./Quintal
Manipur,Pulses,Black Gram Dal(Urd Dal),November-2024,7.40,Metric Tonnes,13641.89,Rs./Quintal
Manipur,Pulses,Black Gram(Urd Beans)(Whole),November-2024,35.44,Metric Tonnes,13501.69,Rs./Quintal
Manipur,Pulses,Green Gram Dal(Moong Dal),November-2024,42.05,Metric Tonnes,15433.12,Rs./Quintal
Manipur,Pulses,Masur Dal,November-2024,43.76,Metric Tonnes,10368.60,Rs./Quintal
Manipur,Pulses,Red gram split/Arhar dal/Tur dal,November-2024,45.05,Metric Tonnes,18096.39,Rs./Quintal
Manipur,Pulses,Bengal Gram Dal(Chana Dal),December-2024,91.25,Metric Tonnes,10539.15,Rs./Quintal
Manipur,Pulses,Bengal Gram(Gram)(Whole),December-2024,99.54,Metric Tonnes,7865.23,Rs./Quintal
Manipur,Pulses,Black Gram Dal(Urd Dal),December-2024,18.30,Metric Tonnes,12991.80,Rs./Quintal
Manipur,Pulses,Black Gram(Urd Beans)(Whole),December-2024,78.32,Metric Tonnes,13497.64,Rs./Quintal
Manipur,Pulses,Green Gram Dal(Moong Dal),December-2024,92.36,Metric Tonnes,15318.64,Rs./Quintal
Manipur,Pulses,Masur Dal,December-2024,97.10,Metric Tonnes,10414.52,Rs./Quintal
Manipur,Pulses,Red gram split/Arhar dal/Tur dal,December-2024,103.77,Metric Tonnes,18904.67,Rs./Quintal
Manipur,Pulses,Bengal Gram Dal(Chana Dal),January-2025,99.24,Metric Tonnes,10539.15,Rs./Quintal
Manipur,Pulses,Bengal Gram(Gram)(Whole),January-2025,109.37,Metric Tonnes,7864.98,Rs./Quintal
Manipur,Pulses,Black Gram Dal(Urd Dal),January-2025,20.40,Metric Tonnes,12981.62,Rs./Quintal
Manipur,Pulses,Black Gram(Urd Beans)(Whole),January-2025,83.34,Metric Tonnes,13495.14,Rs./Quintal
Manipur,Pulses,Green Gram Dal(Moong Dal),January-2025,98.98,Metric Tonnes,15320.77,Rs./Quintal
Manipur,Pulses,Masur Dal,January-2025,104.56,Metric Tonnes,10402.59,Rs./Quintal
Manipur,Pulses,Red gram split/Arhar dal/Tur dal,January-2025,110.65,Metric Tonnes,18858.22,Rs./Quintal
Manipur,Pulses,Bengal Gram Dal(Chana Dal),February-2025,94.72,Metric Tonnes,10539.54,Rs./Quintal
Manipur,Pulses,Bengal Gram(Gram)(Whole),February-2025,101.76,Metric Tonnes,7878.39,Rs./Quintal
Manipur,Pulses,Black Gram Dal(Urd Dal),February-2025,21.00,Metric Tonnes,12982.14,Rs./Quintal
Manipur,Pulses,Black Gram(Urd Beans)(Whole),February-2025,82.42,Metric Tonnes,13495.27,Rs./Quintal
Manipur,Pulses,Green Gram Dal(Moong Dal),February-2025,97.84,Metric Tonnes,15322.47,Rs./Quintal
Manipur,Pulses,Masur Dal,February-2025,101.51,Metric Tonnes,10411.61,Rs./Quintal
Manipur,Pulses,Red gram split/Arhar dal/Tur dal,February-2025,107.69,Metric Tonnes,18873.50,Rs./Quintal
Manipur,Pulses,Bengal Gram Dal(Chana Dal),March-2025,90.91,Metric Tonnes,10532.97,Rs./Quintal
Manipur,Pulses,Bengal Gram(Gram)(Whole),March-2025,100.44,Metric Tonnes,7847.97,Rs./Quintal
Manipur,Pulses,Black Gram Dal(Urd Dal),March-2025,19.60,Metric Tonnes,12721.94,Rs./Quintal
Manipur,Pulses,Black Gram(Urd Beans)(Whole),March-2025,78.31,Metric Tonnes,13495.12,Rs./Quintal
Manipur,Pulses,Green Gram Dal(Moong Dal),March-2025,92.72,Metric Tonnes,15284.73,Rs./Quintal
Manipur,Pulses,Masur Dal,March-2025,98.07,Metric Tonnes,10376.54,Rs./Quintal
Manipur,Pulses,Red gram split/Arhar dal/Tur dal,March-2025,100.64,Metric Tonnes,18802.17,Rs./Quintal
Manipur,Pulses,Bengal Gram Dal(Chana Dal),April-2025,83.49,Metric Tonnes,10539.86,Rs./Quintal
Manipur,Pulses,Bengal Gram(Gram)(Whole),April-2025,92.62,Metric Tonnes,7876.43,Rs./Quintal
Manipur,Pulses,Black Gram Dal(Urd Dal),April-2025,19.30,Metric Tonnes,12559.59,Rs./Quintal
Manipur,Pulses,Black Gram(Urd Beans)(Whole),April-2025,70.56,Metric Tonnes,13496.17,Rs./Quintal
Manipur,Pulses,Green Gram Dal(Moong Dal),April-2025,84.29,Metric Tonnes,15245.43,Rs./Quintal
Manipur,Pulses,Masur Dal,April-2025,87.18,Metric Tonnes,10335.91,Rs./Quintal
Manipur,Pulses,Red gram split/Arhar dal/Tur dal,April-2025,93.36,Metric Tonnes,18807.04,Rs./Quintal
Manipur,Pulses,Bengal Gram Dal(Chana Dal),May-2025,80.50,Metric Tonnes,10558.82,Rs./Quintal
Manipur,Pulses,Bengal Gram(Gram)(Whole),May-2025,90.14,Metric Tonnes,7905.70,Rs./Quintal
Manipur,Pulses,Black Gram Dal(Urd Dal),May-2025,17.60,Metric Tonnes,12657.67,Rs./Quintal
Manipur,Pulses,Black Gram(Urd Beans)(Whole),May-2025,69.35,Metric Tonnes,13496.21,Rs./Quintal
Manipur,Pulses,Green Gram Dal(Moong Dal),May-2025,82.10,Metric Tonnes,15218.64,Rs./Quintal
Manipur,Pulses,Masur Dal,May-2025,88.43,Metric Tonnes,10375.13,Rs./Quintal
Manipur,Pulses,Red gram split/Arhar dal/Tur dal,May-2025,90.71,Metric Tonnes,18949.54,Rs./Quintal
Manipur,Pulses,Bengal Gram Dal(Chana Dal),June-2025,43.56,Metric Tonnes,10610.77,Rs./Quintal
Manipur,Pulses,Bengal Gram(Gram)(Whole),June-2025,47.53,Metric Tonnes,7871.71,Rs./Quintal
Manipur,Pulses,Black Gram Dal(Urd Dal),June-2025,7.10,Metric Tonnes,13669.01,Rs./Quintal
Manipur,Pulses,Black Gram(Urd Beans)(Whole),June-2025,37.56,Metric Tonnes,13496.81,Rs./Quintal
Manipur,Pulses,Green Gram Dal(Moong Dal),June-2025,44.85,Metric Tonnes,15341.97,Rs./Quintal
Manipur,Pulses,Masur Dal,June-2025,45.55,Metric Tonnes,10493.14,Rs./Quintal
Manipur,Pulses,Red gram split/Arhar dal/Tur dal,June-2025,48.29,Metric Tonnes,18959.15,Rs./Quintal
Manipur,Pulses,Bengal Gram Dal(Chana Dal),July-2025,82.49,Metric Tonnes,10636.47,Rs./Quintal
Manipur,Pulses,Bengal Gram(Gram)(Whole),July-2025,89.93,Metric Tonnes,7972.23,Rs./Quintal
Manipur,Pulses,Black Gram Dal(Urd Dal),July-2025,21.70,Metric Tonnes,13222.35,Rs./Quintal
Manipur,Pulses,Black Gram(Urd Beans)(Whole),July-2025,67.94,Metric Tonnes,13496.25,Rs./Quintal
Manipur,Pulses,Green Gram Dal(Moong Dal),July-2025,87.09,Metric Tonnes,15053.82,Rs./Quintal
Manipur,Pulses,Masur Dal,July-2025,89.84,Metric Tonnes,10369.55,Rs./Quintal
Manipur,Pulses,Red gram split/Arhar dal/Tur dal,July-2025,97.00,Metric Tonnes,16006.19,Rs./Quintal
Manipur,Pulses,Bengal Gram Dal(Chana Dal),August-2025,74.30,Metric Tonnes,10608.68,Rs./Quintal
Manipur,Pulses,Bengal Gram(Gram)(Whole),August-2025,81.24,Metric Tonnes,7873.15,Rs./Quintal
Manipur,Pulses,Black Gram Dal(Urd Dal),August-2025,24.20,Metric Tonnes,13992.77,Rs./Quintal
Manipur,Pulses,Black Gram(Urd Beans)(Whole),August-2025,56.45,Metric Tonnes,13507.62,Rs./Quintal
Manipur,Pulses,Green Gram Dal(Moong Dal),August-2025,80.05,Metric Tonnes,15460.49,Rs./Quintal
Manipur,Pulses,Masur Dal,August-2025,83.43,Metric Tonnes,10486.07,Rs./Quintal
Manipur,Pulses,Red gram split/Arhar dal/Tur dal,August-2025,85.12,Metric Tonnes,15743.01,Rs./Quintal
Manipur,Pulses,Bengal Gram Dal(Chana Dal),September-2025,62.08,Metric Tonnes,10622.02,Rs./Quintal
Manipur,Pulses,Bengal Gram(Gram)(Whole),September-2025,71.75,Metric Tonnes,7863.94,Rs./Quintal
Manipur,Pulses,Black Gram Dal(Urd Dal),September-2025,17.30,Metric Tonnes,13897.40,Rs./Quintal
Manipur,Pulses,Black Gram(Urd Beans)(Whole),September-2025,54.49,Metric Tonnes,13502.25,Rs./Quintal
Manipur,Pulses,Green Gram Dal(Moong Dal),September-2025,71.38,Metric Tonnes,15527.67,Rs./Quintal
Manipur,Pulses,Masur Dal,September-2025,69.84,Metric Tonnes,10540.45,Rs./Quintal
Manipur,Pulses,Red gram split/Arhar dal/Tur dal,September-2025,72.08,Metric Tonnes,15769.56,Rs./Quintal
Manipur,Pulses,Bengal Gram Dal(Chana Dal),October-2025,69.99,Metric Tonnes,10623.27,Rs./Quintal
Manipur,Pulses,Bengal Gram(Gram)(Whole),October-2025,77.04,Metric Tonnes,7864.29,Rs./Quintal
Manipur,Pulses,Black Gram Dal(Urd Dal),October-2025,21.40,Metric Tonnes,13811.92,Rs./Quintal
Manipur,Pulses,Black Gram(Urd Beans)(Whole),October-2025,57.26,Metric Tonnes,13502.01,Rs./Quintal
Manipur,Pulses,Green Gram Dal(Moong Dal),October-2025,70.91,Metric Tonnes,15524.78,Rs./Quintal
Manipur,Pulses,Masur Dal,October-2025,74.31,Metric Tonnes,10528.70,Rs./Quintal
Manipur,Pulses,Red gram split/Arhar dal/Tur dal,October-2025,83.97,Metric Tonnes,15435.30,Rs./Quintal
Manipur,Pulses,Bengal Gram Dal(Chana Dal),November-2025,61.64,Metric Tonnes,10642.12,Rs./Quintal
Manipur,Pulses,Bengal Gram(Gram)(Whole),November-2025,66.54,Metric Tonnes,7881.57,Rs./Quintal
Manipur,Pulses,Black Gram Dal(Urd Dal),November-2025,50.30,Metric Tonnes,13586.98,Rs./Quintal
Manipur,Pulses,Black Gram(Urd Beans)(Whole),November-2025,20.57,Metric Tonnes,13549.47,Rs./Quintal
Manipur,Pulses,Green Gram Dal(Moong Dal),November-2025,67.56,Metric Tonnes,14243.19,Rs./Quintal
Manipur,Pulses,Masur Dal,November-2025,72.57,Metric Tonnes,10521.12,Rs./Quintal
Manipur,Pulses,Red gram split/Arhar dal/Tur dal,November-2025,78.26,Metric Tonnes,14183.75,Rs./Quintal
Manipur,Pulses,Bengal Gram Dal(Chana Dal),December-2025,52.80,Metric Tonnes,10599.91,Rs./Quintal
Manipur,Pulses,Bengal Gram(Gram)(Whole),December-2025,60.64,Metric Tonnes,7883.00,Rs./Quintal
Manipur,Pulses,Black Gram Dal(Urd Dal),December-2025,56.80,Metric Tonnes,13511.44,Rs./Quintal
Manipur,Pulses,Black Gram(Urd Beans)(Whole),December-2025,4.49,Metric Tonnes,13727.73,Rs./Quintal
Manipur,Pulses,Green Gram Dal(Moong Dal),December-2025,61.97,Metric Tonnes,13798.93,Rs./Quintal
Manipur,Pulses,Green Gram(Moong)(Whole),December-2025,1.00,Metric Tonnes,14125.00,Rs./Quintal
Manipur,Pulses,Masur Dal,December-2025,59.33,Metric Tonnes,10532.19,Rs./Quintal
Manipur,Pulses,Red gram split/Arhar dal/Tur dal,December-2025,68.47,Metric Tonnes,13811.63,Rs./Quintal
Meghalaya,Pulses,Beans,January-2023,1.40,Metric Tonnes,34000.00,Rs./Quintal
Meghalaya,Pulses,Beans,May-2023,1.20,Metric Tonnes,52000.00,Rs./Quintal
Meghalaya,Pulses,Beans,June-2023,1.80,Metric Tonnes,54000.00,Rs./Quintal
Meghalaya,Pulses,Beans,July-2023,1.20,Metric Tonnes,58000.00,Rs./Quintal
Meghalaya,Pulses,Beans,August-2023,2.80,Metric Tonnes,89000.00,Rs./Quintal
Meghalaya,Pulses,Beans,September-2023,2.80,Metric Tonnes,82000.00,Rs./Quintal
Meghalaya,Pulses,Beans,October-2023,1.50,Metric Tonnes,88400.00,Rs./Quintal
Meghalaya,Pulses,Beans,May-2024,0.80,Metric Tonnes,4400.00,Rs./Quintal
Meghalaya,Pulses,Beans,June-2024,1.60,Metric Tonnes,4400.00,Rs./Quintal
Meghalaya,Pulses,Beans,July-2024,1.20,Metric Tonnes,4400.00,Rs./Quintal
NCT of Delhi,Pulses,Green Gram(Moong)(Whole),January-2023,0.20,Metric Tonnes,2500.00,Rs./Quintal
NCT of Delhi,Pulses,Red gram/Arhar/Tur(whole),January-2023,5.50,Metric Tonnes,5921.47,Rs./Quintal
NCT of Delhi,Pulses,Red gram/Arhar/Tur(whole),February-2023,12.10,Metric Tonnes,5253.06,Rs./Quintal
NCT of Delhi,Pulses,Red gram/Arhar/Tur(whole),March-2023,1.60,Metric Tonnes,4625.00,Rs./Quintal
NCT of Delhi,Pulses,Green Gram(Moong)(Whole),April-2023,0.20,Metric Tonnes,5200.00,Rs./Quintal
NCT of Delhi,Pulses,Red gram/Arhar/Tur(whole),April-2023,0.50,Metric Tonnes,5110.00,Rs./Quintal
NCT of Delhi,Pulses,Black Gram(Urd Beans)(Whole),May-2023,3.00,Metric Tonnes,5000.00,Rs./Quintal
NCT of Delhi,Pulses,Green Gram(Moong)(Whole),May-2023,0.50,Metric Tonnes,5980.00,Rs./Quintal
NCT of Delhi,Pulses,Red gram/Arhar/Tur(whole),May-2023,0.40,Metric Tonnes,6300.00,Rs./Quintal
NCT of Delhi,Pulses,Bengal Gram(Gram)(Whole),June-2023,3.80,Metric Tonnes,5360.53,Rs./Quintal
NCT of Delhi,Pulses,Green Gram Dal(Moong Dal),June-2023,13.60,Metric Tonnes,6176.94,Rs./Quintal
NCT of Delhi,Pulses,Green Gram(Moong)(Whole),June-2023,48.30,Metric Tonnes,6068.00,Rs./Quintal
NCT of Delhi,Pulses,Red gram/Arhar/Tur(whole),June-2023,0.60,Metric Tonnes,8133.33,Rs./Quintal
NCT of Delhi,Pulses,Bengal Gram(Gram)(Whole),July-2023,3.10,Metric Tonnes,4858.06,Rs./Quintal
NCT of Delhi,Pulses,Green Gram Dal(Moong Dal),July-2023,55.50,Metric Tonnes,5725.66,Rs./Quintal
NCT of Delhi,Pulses,Green Gram(Moong)(Whole),July-2023,149.10,Metric Tonnes,5780.33,Rs./Quintal
NCT of Delhi,Pulses,Red gram/Arhar/Tur(whole),July-2023,0.90,Metric Tonnes,5950.00,Rs./Quintal
NCT of Delhi,Pulses,Bengal Gram(Gram)(Whole),August-2023,26.30,Metric Tonnes,8333.84,Rs./Quintal
NCT of Delhi,Pulses,Black Gram(Urd Beans)(Whole),August-2023,0.70,Metric Tonnes,5821.00,Rs./Quintal
NCT of Delhi,Pulses,Green Gram(Moong)(Whole),August-2023,116.20,Metric Tonnes,6352.29,Rs./Quintal
NCT of Delhi,Pulses,Guar Seed(Cluster Beans Seed),August-2023,0.10,Metric Tonnes,3700.00,Rs./Quintal
NCT of Delhi,Pulses,Bengal Gram(Gram)(Whole),September-2023,1.30,Metric Tonnes,6046.15,Rs./Quintal
NCT of Delhi,Pulses,Green Gram Dal(Moong Dal),September-2023,1.30,Metric Tonnes,7951.00,Rs./Quintal
NCT of Delhi,Pulses,Green Gram(Moong)(Whole),September-2023,3.40,Metric Tonnes,6403.03,Rs./Quintal
NCT of Delhi,Pulses,Masur Dal,September-2023,0.20,Metric Tonnes,5600.00,Rs./Quintal
NCT of Delhi,Pulses,Bengal Gram(Gram)(Whole),October-2023,1.50,Metric Tonnes,4500.00,Rs./Quintal
NCT of Delhi,Pulses,Red gram/Arhar/Tur(whole),October-2023,0.50,Metric Tonnes,7500.00,Rs./Quintal
NCT of Delhi,Pulses,Bengal Gram(Gram)(Whole),November-2023,17.60,Metric Tonnes,7212.00,Rs./Quintal
NCT of Delhi,Pulses,Green Gram(Moong)(Whole),November-2023,0.50,Metric Tonnes,9800.00,Rs./Quintal
NCT of Delhi,Pulses,Red gram/Arhar/Tur(whole),November-2023,0.20,Metric Tonnes,8655.00,Rs./Quintal
NCT of Delhi,Pulses,Bengal Gram(Gram)(Whole),December-2023,0.20,Metric Tonnes,6500.00,Rs./Quintal
NCT of Delhi,Pulses,Green Gram(Moong)(Whole),December-2023,0.10,Metric Tonnes,7500.00,Rs./Quintal
NCT of Delhi,Pulses,Red gram/Arhar/Tur(whole),December-2023,62.40,Metric Tonnes,6331.58,Rs./Quintal
NCT of Delhi,Pulses,Red gram/Arhar/Tur(whole),January-2024,3.30,Metric Tonnes,7934.94,Rs./Quintal
NCT of Delhi,Pulses,Green Gram(Moong)(Whole),February-2024,14.10,Metric Tonnes,7209.75,Rs./Quintal
NCT of Delhi,Pulses,Red gram/Arhar/Tur(whole),February-2024,7.50,Metric Tonnes,8534.15,Rs./Quintal
NCT of Delhi,Pulses,Green Gram(Moong)(Whole),March-2024,0.80,Metric Tonnes,7250.00,Rs./Quintal
NCT of Delhi,Pulses,Red gram/Arhar/Tur(whole),March-2024,1.00,Metric Tonnes,7000.00,Rs./Quintal
NCT of Delhi,Pulses,Red gram/Arhar/Tur(whole),May-2024,0.20,Metric Tonnes,8501.00,Rs./Quintal
NCT of Delhi,Pulses,Green Gram(Moong)(Whole),June-2024,18.00,Metric Tonnes,7491.13,Rs./Quintal
NCT of Delhi,Pulses,Bengal Gram(Gram)(Whole),July-2024,22.80,Metric Tonnes,8825.72,Rs./Quintal
NCT of Delhi,Pulses,Black Gram(Urd Beans)(Whole),July-2024,1.10,Metric Tonnes,11200.00,Rs./Quintal
NCT of Delhi,Pulses,Green Gram(Moong)(Whole),July-2024,54.40,Metric Tonnes,6514.79,Rs./Quintal
NCT of Delhi,Pulses,Peas(Dry),July-2024,1.80,Metric Tonnes,5100.00,Rs./Quintal
NCT of Delhi,Pulses,Red gram/Arhar/Tur(whole),July-2024,0.80,Metric Tonnes,7251.00,Rs./Quintal
NCT of Delhi,Pulses,Bengal Gram(Gram)(Whole),August-2024,36.40,Metric Tonnes,9470.00,Rs./Quintal
NCT of Delhi,Pulses,Black Gram(Urd Beans)(Whole),August-2024,2.20,Metric Tonnes,11210.00,Rs./Quintal
NCT of Delhi,Pulses,Green Gram(Moong)(Whole),August-2024,7.70,Metric Tonnes,7099.48,Rs./Quintal
NCT of Delhi,Pulses,Peas(Dry),August-2024,4.30,Metric Tonnes,5100.00,Rs./Quintal
NCT of Delhi,Pulses,Bengal Gram(Gram)(Whole),September-2024,62.00,Metric Tonnes,8499.01,Rs./Quintal
NCT of Delhi,Pulses,Black Gram(Urd Beans)(Whole),September-2024,10.80,Metric Tonnes,10975.00,Rs./Quintal
NCT of Delhi,Pulses,Green Gram(Moong)(Whole),September-2024,3.40,Metric Tonnes,10210.00,Rs./Quintal
NCT of Delhi,Pulses,Bengal Gram(Gram)(Whole),October-2024,1.50,Metric Tonnes,6000.00,Rs./Quintal
NCT of Delhi,Pulses,Green Gram(Moong)(Whole),October-2024,1.00,Metric Tonnes,5410.00,Rs./Quintal
NCT of Delhi,Pulses,Bengal Gram(Gram)(Whole),November-2024,55.00,Metric Tonnes,8700.00,Rs./Quintal
NCT of Delhi,Pulses,Green Gram(Moong)(Whole),November-2024,121.60,Metric Tonnes,12001.32,Rs./Quintal
NCT of Delhi,Pulses,Peas(Dry),November-2024,2.50,Metric Tonnes,6650.00,Rs./Quintal
NCT of Delhi,Pulses,Black Gram(Urd Beans)(Whole),December-2024,35.60,Metric Tonnes,11700.00,Rs./Quintal
NCT of Delhi,Pulses,Green Gram(Moong)(Whole),December-2024,10.30,Metric Tonnes,11700.00,Rs./Quintal
NCT of Delhi,Pulses,Peas(Dry),December-2024,0.30,Metric Tonnes,7200.00,Rs./Quintal
NCT of Delhi,Pulses,Red gram/Arhar/Tur(whole),December-2024,12.80,Metric Tonnes,7485.38,Rs./Quintal
NCT of Delhi,Pulses,Bengal Gram(Gram)(Whole),January-2025,29.10,Metric Tonnes,9076.29,Rs./Quintal
NCT of Delhi,Pulses,Black Gram(Urd Beans)(Whole),January-2025,11.00,Metric Tonnes,10472.53,Rs./Quintal
NCT of Delhi,Pulses,Green Gram(Moong)(Whole),January-2025,12.00,Metric Tonnes,10813.33,Rs./Quintal
NCT of Delhi,Pulses,Peas(Dry),January-2025,5.50,Metric Tonnes,4974.55,Rs./Quintal
NCT of Delhi,Pulses,Red gram/Arhar/Tur(whole),January-2025,1.30,Metric Tonnes,12000.00,Rs./Quintal
NCT of Delhi,Pulses,Bengal Gram(Gram)(Whole),February-2025,0.90,Metric Tonnes,6509.00,Rs./Quintal
NCT of Delhi,Pulses,Bengal Gram(Gram)(Whole),March-2025,12.50,Metric Tonnes,6160.00,Rs./Quintal
NCT of Delhi,Pulses,Black Gram(Urd Beans)(Whole),March-2025,3.50,Metric Tonnes,9200.00,Rs./Quintal
NCT of Delhi,Pulses,Green Gram(Moong)(Whole),March-2025,6.30,Metric Tonnes,8050.00,Rs./Quintal
NCT of Delhi,Pulses,Peas(Dry),March-2025,0.60,Metric Tonnes,10575.00,Rs./Quintal
NCT of Delhi,Pulses,Bengal Gram(Gram)(Whole),April-2025,99.40,Metric Tonnes,7515.64,Rs./Quintal
NCT of Delhi,Pulses,Black Gram(Urd Beans)(Whole),April-2025,2.70,Metric Tonnes,9575.00,Rs./Quintal
NCT of Delhi,Pulses,Green Gram(Moong)(Whole),April-2025,1.60,Metric Tonnes,9725.00,Rs./Quintal
NCT of Delhi,Pulses,Peas(Dry),April-2025,7.60,Metric Tonnes,4675.00,Rs./Quintal
NCT of Delhi,Pulses,Bengal Gram(Gram)(Whole),May-2025,87.30,Metric Tonnes,7091.48,Rs./Quintal
NCT of Delhi,Pulses,Black Gram(Urd Beans)(Whole),May-2025,2.70,Metric Tonnes,14304.00,Rs./Quintal
NCT of Delhi,Pulses,Green Gram(Moong)(Whole),May-2025,25.20,Metric Tonnes,11395.08,Rs./Quintal
NCT of Delhi,Pulses,Peas(Dry),May-2025,15.70,Metric Tonnes,6157.15,Rs./Quintal
NCT of Delhi,Pulses,Red gram/Arhar/Tur(whole),May-2025,96.20,Metric Tonnes,6582.29,Rs./Quintal
NCT of Delhi,Pulses,Bengal Gram(Gram)(Whole),June-2025,30.50,Metric Tonnes,8930.00,Rs./Quintal
NCT of Delhi,Pulses,Black Gram(Urd Beans)(Whole),June-2025,3.80,Metric Tonnes,12724.00,Rs./Quintal
NCT of Delhi,Pulses,Green Gram(Moong)(Whole),June-2025,27.00,Metric Tonnes,10354.26,Rs./Quintal
NCT of Delhi,Pulses,Peas(Dry),June-2025,9.80,Metric Tonnes,3474.29,Rs./Quintal
NCT of Delhi,Pulses,Red gram/Arhar/Tur(whole),June-2025,45.30,Metric Tonnes,12233.00,Rs./Quintal
NCT of Delhi,Pulses,Bengal Gram(Gram)(Whole),July-2025,128.90,Metric Tonnes,7741.75,Rs./Quintal
NCT of Delhi,Pulses,Black Gram(Urd Beans)(Whole),July-2025,10.50,Metric Tonnes,8671.77,Rs./Quintal
NCT of Delhi,Pulses,Green Gram(Moong)(Whole),July-2025,27.90,Metric Tonnes,6842.19,Rs./Quintal
NCT of Delhi,Pulses,Peas(Dry),July-2025,22.60,Metric Tonnes,4523.45,Rs./Quintal
NCT of Delhi,Pulses,Red gram/Arhar/Tur(whole),July-2025,14.60,Metric Tonnes,6996.16,Rs./Quintal
NCT of Delhi,Pulses,Bengal Gram(Gram)(Whole),August-2025,29.50,Metric Tonnes,8238.53,Rs./Quintal
NCT of Delhi,Pulses,Black Gram(Urd Beans)(Whole),August-2025,2.50,Metric Tonnes,13161.00,Rs./Quintal
NCT of Delhi,Pulses,Green Gram(Moong)(Whole),August-2025,9.70,Metric Tonnes,10674.00,Rs./Quintal
NCT of Delhi,Pulses,Peas(Dry),August-2025,6.00,Metric Tonnes,5904.00,Rs./Quintal
NCT of Delhi,Pulses,Red gram/Arhar/Tur(whole),August-2025,4.30,Metric Tonnes,11966.00,Rs./Quintal
NCT of Delhi,Pulses,Bengal Gram(Gram)(Whole),September-2025,102.00,Metric Tonnes,8753.49,Rs./Quintal
NCT of Delhi,Pulses,Black Gram(Urd Beans)(Whole),September-2025,16.80,Metric Tonnes,11910.90,Rs./Quintal
NCT of Delhi,Pulses,Green Gram(Moong)(Whole),September-2025,28.70,Metric Tonnes,11344.47,Rs./Quintal
NCT of Delhi,Pulses,Peas(Dry),September-2025,26.20,Metric Tonnes,4325.52,Rs./Quintal
NCT of Delhi,Pulses,Red gram/Arhar/Tur(whole),September-2025,29.40,Metric Tonnes,12057.82,Rs./Quintal
NCT of Delhi,Pulses,Bengal Gram(Gram)(Whole),October-2025,10.50,Metric Tonnes,6037.14,Rs./Quintal
NCT of Delhi,Pulses,Bengal Gram(Gram)(Whole),November-2025,100.80,Metric Tonnes,7587.41,Rs./Quintal
NCT of Delhi,Pulses,Black Gram(Urd Beans)(Whole),November-2025,7.50,Metric Tonnes,9076.80,Rs./Quintal
NCT of Delhi,Pulses,Green Gram(Moong)(Whole),November-2025,42.80,Metric Tonnes,9280.00,Rs./Quintal
NCT of Delhi,Pulses,Peas(Dry),November-2025,19.60,Metric Tonnes,4270.00,Rs./Quintal
NCT of Delhi,Pulses,Red gram/Arhar/Tur(whole),November-2025,2.40,Metric Tonnes,14980.00,Rs./Quintal
NCT of Delhi,Pulses,Bengal Gram(Gram)(Whole),December-2025,86.60,Metric Tonnes,8000.27,Rs./Quintal
NCT of Delhi,Pulses,Black Gram(Urd Beans)(Whole),December-2025,9.70,Metric Tonnes,10560.00,Rs./Quintal
NCT of Delhi,Pulses,Green Gram(Moong)(Whole),December-2025,6.70,Metric Tonnes,9840.00,Rs./Quintal
NCT of Delhi,Pulses,Peas(Dry),December-2025,34.90,Metric Tonnes,4890.00,Rs./Quintal
NCT of Delhi,Pulses,Red gram/Arhar/Tur(whole),December-2025,31.80,Metric Tonnes,7184.41,Rs./Quintal
Nagaland,Pulses,Beans,January-2023,267.00,Metric Tonnes,5676.78,Rs./Quintal
Nagaland,Pulses,Beans,February-2023,254.00,Metric Tonnes,5420.47,Rs./Quintal
Nagaland,Pulses,Beans,March-2023,346.30,Metric Tonnes,5224.60,Rs./Quintal
Nagaland,Pulses,Beans,April-2023,304.50,Metric Tonnes,5024.07,Rs./Quintal
Nagaland,Pulses,Beans,May-2023,337.70,Metric Tonnes,4986.20,Rs./Quintal
Nagaland,Pulses,Beans,June-2023,373.20,Metric Tonnes,5331.43,Rs./Quintal
Nagaland,Pulses,Beans,July-2023,413.30,Metric Tonnes,5914.52,Rs./Quintal
Nagaland,Pulses,Beans,August-2023,348.10,Metric Tonnes,6605.88,Rs./Quintal
Nagaland,Pulses,Beans,September-2023,251.80,Metric Tonnes,6991.66,Rs./Quintal
Nagaland,Pulses,Beans,October-2023,86.38,Metric Tonnes,6935.49,Rs./Quintal
Nagaland,Pulses,Beans,November-2023,127.98,Metric Tonnes,5636.43,Rs./Quintal
Nagaland,Pulses,Beans,December-2023,108.62,Metric Tonnes,5964.37,Rs./Quintal
Nagaland,Pulses,Beans,January-2024,88.26,Metric Tonnes,4732.95,Rs./Quintal
Nagaland,Pulses,Green Peas,January-2024,243.00,Metric Tonnes,60.00,Rs./Quintal
Nagaland,Pulses,Beans,February-2024,83.12,Metric Tonnes,4618.14,Rs./Quintal
Nagaland,Pulses,Beans,March-2024,93.39,Metric Tonnes,4877.02,Rs./Quintal
Nagaland,Pulses,Beans,April-2024,65.32,Metric Tonnes,4763.85,Rs./Quintal
Nagaland,Pulses,Beans,May-2024,43.73,Metric Tonnes,5592.80,Rs./Quintal
Nagaland,Pulses,Green Peas,May-2024,2.90,Metric Tonnes,4006.90,Rs./Quintal
Nagaland,Pulses,Beans,June-2024,31.57,Metric Tonnes,6224.11,Rs./Quintal
Nagaland,Pulses,Green Peas,June-2024,0.50,Metric Tonnes,4040.00,Rs./Quintal
Nagaland,Pulses,Beans,July-2024,38.10,Metric Tonnes,7367.66,Rs./Quintal
Nagaland,Pulses,Beans,August-2024,33.91,Metric Tonnes,7835.21,Rs./Quintal
Nagaland,Pulses,Beans,September-2024,26.08,Metric Tonnes,7144.48,Rs./Quintal
Nagaland,Pulses,Beans,October-2024,22.46,Metric Tonnes,7729.74,Rs./Quintal
Nagaland,Pulses,Beans,November-2024,28.23,Metric Tonnes,7180.55,Rs./Quintal
Nagaland,Pulses,Beans,December-2024,26.41,Metric Tonnes,7319.73,Rs./Quintal
Nagaland,Pulses,Beans,January-2025,27.57,Metric Tonnes,6471.35,Rs./Quintal
Nagaland,Pulses,Beans,February-2025,27.24,Metric Tonnes,5576.95,Rs./Quintal
Nagaland,Pulses,Beans,March-2025,31.16,Metric Tonnes,5629.65,Rs./Quintal
Nagaland,Pulses,Beans,April-2025,27.12,Metric Tonnes,5890.01,Rs./Quintal
Nagaland,Pulses,Beans,May-2025,37.69,Metric Tonnes,5215.57,Rs./Quintal
Nagaland,Pulses,Beans,June-2025,32.61,Metric Tonnes,5798.99,Rs./Quintal
Nagaland,Pulses,Beans,July-2025,31.55,Metric Tonnes,5562.73,Rs./Quintal
Nagaland,Pulses,Beans,August-2025,39.53,Metric Tonnes,5752.09,Rs./Quintal
Nagaland,Pulses,Beans,September-2025,29.59,Metric Tonnes,5737.24,Rs./Quintal
Nagaland,Pulses,Beans,October-2025,32.05,Metric Tonnes,6715.60,Rs./Quintal
Nagaland,Pulses,Beans,November-2025,6.55,Metric Tonnes,5550.38,Rs./Quintal
Odisha,Pulses,Beans,January-2023,56.90,Metric Tonnes,3506.98,Rs./Quintal
Odisha,Pulses,Black Gram Dal(Urd Dal),January-2023,9.30,Metric Tonnes,5463.92,Rs./Quintal
Odisha,Pulses,Black Gram(Urd Beans)(Whole),January-2023,16.80,Metric Tonnes,8079.76,Rs./Quintal
Odisha,Pulses,Cowpea(Lobia/Karamani),January-2023,7.78,Metric Tonnes,5208.00,Rs./Quintal
Odisha,Pulses,Green Gram Dal(Moong Dal),January-2023,14.20,Metric Tonnes,7800.00,Rs./Quintal
Odisha,Pulses,Green Gram(Moong)(Whole),January-2023,4.76,Metric Tonnes,7891.34,Rs./Quintal
Odisha,Pulses,Green Peas,January-2023,26.20,Metric Tonnes,4190.84,Rs./Quintal
Odisha,Pulses,Kulthi(Horse Gram),January-2023,1.20,Metric Tonnes,5166.67,Rs./Quintal
Odisha,Pulses,Red gram split/Arhar dal/Tur dal,January-2023,0.82,Metric Tonnes,7500.00,Rs./Quintal
Odisha,Pulses,Beans,February-2023,43.04,Metric Tonnes,3709.32,Rs./Quintal
Odisha,Pulses,Black Gram Dal(Urd Dal),February-2023,6.45,Metric Tonnes,6539.60,Rs./Quintal
Odisha,Pulses,Black Gram(Urd Beans)(Whole),February-2023,104.10,Metric Tonnes,6672.96,Rs./Quintal
Odisha,Pulses,Cowpea(Lobia/Karamani),February-2023,96.56,Metric Tonnes,5208.00,Rs./Quintal
Odisha,Pulses,Green Gram Dal(Moong Dal),February-2023,1.00,Metric Tonnes,7800.00,Rs./Quintal
Odisha,Pulses,Green Gram(Moong)(Whole),February-2023,102.87,Metric Tonnes,7805.13,Rs./Quintal
Odisha,Pulses,Green Peas,February-2023,27.90,Metric Tonnes,3491.04,Rs./Quintal
Odisha,Pulses,Kulthi(Horse Gram),February-2023,0.80,Metric Tonnes,5375.00,Rs./Quintal
Odisha,Pulses,Red gram/Arhar/Tur(whole),February-2023,0.20,Metric Tonnes,7500.00,Rs./Quintal
Odisha,Pulses,Beans,March-2023,36.42,Metric Tonnes,3642.50,Rs./Quintal
Odisha,Pulses,Black Gram(Urd Beans)(Whole),March-2023,34.66,Metric Tonnes,7041.40,Rs./Quintal
Odisha,Pulses,Cowpea(Lobia/Karamani),March-2023,15.62,Metric Tonnes,5208.00,Rs./Quintal
Odisha,Pulses,Green Gram(Moong)(Whole),March-2023,54.80,Metric Tonnes,7802.55,Rs./Quintal
Odisha,Pulses,Green Peas,March-2023,2.40,Metric Tonnes,4333.33,Rs./Quintal
Odisha,Pulses,Kulthi(Horse Gram),March-2023,0.40,Metric Tonnes,5500.00,Rs./Quintal
Odisha,Pulses,Peas(Dry),March-2023,4.00,Metric Tonnes,3000.00,Rs./Quintal
Odisha,Pulses,Red gram/Arhar/Tur(whole),March-2023,0.10,Metric Tonnes,7500.00,Rs./Quintal
Odisha,Pulses,Beans,April-2023,86.03,Metric Tonnes,3797.44,Rs./Quintal
Odisha,Pulses,Black Gram(Urd Beans)(Whole),April-2023,4.30,Metric Tonnes,8639.53,Rs./Quintal
Odisha,Pulses,Green Gram(Moong)(Whole),April-2023,1.30,Metric Tonnes,8000.00,Rs./Quintal
Odisha,Pulses,Green Peas,April-2023,0.40,Metric Tonnes,4000.00,Rs./Quintal
Odisha,Pulses,Kulthi(Horse Gram),April-2023,1.10,Metric Tonnes,5545.45,Rs./Quintal
Odisha,Pulses,Peas(Dry),April-2023,4.50,Metric Tonnes,2500.00,Rs./Quintal
Odisha,Pulses,Beans,May-2023,144.97,Metric Tonnes,3586.62,Rs./Quintal
Odisha,Pulses,Black Gram(Urd Beans)(Whole),May-2023,12.10,Metric Tonnes,8417.36,Rs./Quintal
Odisha,Pulses,Green Gram(Moong)(Whole),May-2023,7.40,Metric Tonnes,8662.16,Rs./Quintal
Odisha,Pulses,Kulthi(Horse Gram),May-2023,0.70,Metric Tonnes,5428.57,Rs./Quintal
Odisha,Pulses,Red gram/Arhar/Tur(whole),May-2023,0.30,Metric Tonnes,8166.67,Rs./Quintal
Odisha,Pulses,Beans,June-2023,74.37,Metric Tonnes,3478.90,Rs./Quintal
Odisha,Pulses,Black Gram(Urd Beans)(Whole),June-2023,15.60,Metric Tonnes,8903.85,Rs./Quintal
Odisha,Pulses,Green Gram(Moong)(Whole),June-2023,0.70,Metric Tonnes,8000.00,Rs./Quintal
Odisha,Pulses,Red gram/Arhar/Tur(whole),June-2023,1.00,Metric Tonnes,8200.00,Rs./Quintal
Odisha,Pulses,Beans,July-2023,9.90,Metric Tonnes,4722.53,Rs./Quintal
Odisha,Pulses,Black Gram(Urd Beans)(Whole),July-2023,15.40,Metric Tonnes,7733.77,Rs./Quintal
Odisha,Pulses,Green Gram(Moong)(Whole),July-2023,0.50,Metric Tonnes,7500.00,Rs./Quintal
Odisha,Pulses,Beans,August-2023,15.13,Metric Tonnes,4460.94,Rs./Quintal
Odisha,Pulses,Black Gram(Urd Beans)(Whole),August-2023,2.10,Metric Tonnes,12000.00,Rs./Quintal
Odisha,Pulses,Beans,September-2023,61.20,Metric Tonnes,3818.20,Rs./Quintal
Odisha,Pulses,Black Gram(Urd Beans)(Whole),September-2023,3.60,Metric Tonnes,10000.00,Rs./Quintal
Odisha,Pulses,Green Gram(Moong)(Whole),September-2023,1.40,Metric Tonnes,7935.71,Rs./Quintal
Odisha,Pulses,Beans,October-2023,47.21,Metric Tonnes,4129.59,Rs./Quintal
Odisha,Pulses,Black Gram(Urd Beans)(Whole),October-2023,4.10,Metric Tonnes,8280.49,Rs./Quintal
Odisha,Pulses,Green Gram(Moong)(Whole),October-2023,3.00,Metric Tonnes,8770.00,Rs./Quintal
Odisha,Pulses,Beans,November-2023,57.04,Metric Tonnes,4200.46,Rs./Quintal
Odisha,Pulses,Black Gram(Urd Beans)(Whole),November-2023,2.00,Metric Tonnes,7750.00,Rs./Quintal
Odisha,Pulses,Green Gram(Moong)(Whole),November-2023,1.40,Metric Tonnes,8900.00,Rs./Quintal
Odisha,Pulses,Green Peas,November-2023,0.10,Metric Tonnes,10500.00,Rs./Quintal
Odisha,Pulses,Beans,December-2023,41.19,Metric Tonnes,4454.58,Rs./Quintal
Odisha,Pulses,Black Gram(Urd Beans)(Whole),December-2023,4.10,Metric Tonnes,8573.17,Rs./Quintal
Odisha,Pulses,Green Gram(Moong)(Whole),December-2023,1.50,Metric Tonnes,9000.00,Rs./Quintal
Odisha,Pulses,Green Peas,December-2023,3.20,Metric Tonnes,6606.25,Rs./Quintal
Odisha,Pulses,Kulthi(Horse Gram),December-2023,0.50,Metric Tonnes,6000.00,Rs./Quintal
Odisha,Pulses,Beans,January-2024,30.18,Metric Tonnes,4788.37,Rs./Quintal
Odisha,Pulses,Black Gram(Urd Beans)(Whole),January-2024,0.70,Metric Tonnes,7500.00,Rs./Quintal
Odisha,Pulses,Green Gram(Moong)(Whole),January-2024,0.70,Metric Tonnes,8600.00,Rs./Quintal
Odisha,Pulses,Green Peas,January-2024,0.20,Metric Tonnes,4500.00,Rs./Quintal
Odisha,Pulses,Kulthi(Horse Gram),January-2024,1.80,Metric Tonnes,6011.11,Rs./Quintal
Odisha,Pulses,Beans,February-2024,46.77,Metric Tonnes,4785.89,Rs./Quintal
Odisha,Pulses,Black Gram(Urd Beans)(Whole),February-2024,2.30,Metric Tonnes,8173.91,Rs./Quintal
Odisha,Pulses,Green Gram(Moong)(Whole),February-2024,1.90,Metric Tonnes,8936.84,Rs./Quintal
Odisha,Pulses,Green Peas,February-2024,0.40,Metric Tonnes,6250.00,Rs./Quintal
Odisha,Pulses,Kulthi(Horse Gram),February-2024,0.90,Metric Tonnes,7000.00,Rs./Quintal
Odisha,Pulses,Beans,March-2024,52.24,Metric Tonnes,4076.86,Rs./Quintal
Odisha,Pulses,Black Gram(Urd Beans)(Whole),March-2024,9.70,Metric Tonnes,7500.00,Rs./Quintal
Odisha,Pulses,Green Gram(Moong)(Whole),March-2024,1.80,Metric Tonnes,9250.00,Rs./Quintal
Odisha,Pulses,Kulthi(Horse Gram),March-2024,0.70,Metric Tonnes,6371.43,Rs./Quintal
Odisha,Pulses,Beans,April-2024,20.34,Metric Tonnes,3771.68,Rs./Quintal
Odisha,Pulses,Green Gram(Moong)(Whole),April-2024,2.00,Metric Tonnes,8610.00,Rs./Quintal
Odisha,Pulses,Red gram/Arhar/Tur(whole),April-2024,0.20,Metric Tonnes,8500.00,Rs./Quintal
Odisha,Pulses,Beans,May-2024,14.82,Metric Tonnes,3981.75,Rs./Quintal
Odisha,Pulses,Green Gram(Moong)(Whole),May-2024,3.00,Metric Tonnes,8558.00,Rs./Quintal
Odisha,Pulses,Kulthi(Horse Gram),May-2024,0.10,Metric Tonnes,6000.00,Rs./Quintal
Odisha,Pulses,Beans,June-2024,36.23,Metric Tonnes,4988.52,Rs./Quintal
Odisha,Pulses,Beans,July-2024,80.60,Metric Tonnes,6192.43,Rs./Quintal
Odisha,Pulses,Bengal Gram(Gram)(Whole),July-2024,0.10,Metric Tonnes,7200.00,Rs./Quintal
Odisha,Pulses,Beans,August-2024,46.50,Metric Tonnes,6336.99,Rs./Quintal
Odisha,Pulses,Beans,September-2024,29.90,Metric Tonnes,6785.95,Rs./Quintal
Odisha,Pulses,Beans,October-2024,95.58,Metric Tonnes,5816.44,Rs./Quintal
Odisha,Pulses,Beans,November-2024,99.09,Metric Tonnes,5161.56,Rs./Quintal
Odisha,Pulses,Beans,December-2024,87.97,Metric Tonnes,5136.05,Rs./Quintal
Odisha,Pulses,Kulthi(Horse Gram),December-2024,1.10,Metric Tonnes,5818.18,Rs./Quintal
Odisha,Pulses,Beans,January-2025,43.71,Metric Tonnes,4840.24,Rs./Quintal
Odisha,Pulses,Green Peas,January-2025,1.10,Metric Tonnes,6827.27,Rs./Quintal
Odisha,Pulses,Kulthi(Horse Gram),January-2025,1.30,Metric Tonnes,5384.62,Rs./Quintal
Odisha,Pulses,Beans,February-2025,27.97,Metric Tonnes,4876.98,Rs./Quintal
Odisha,Pulses,Green Peas,February-2025,0.50,Metric Tonnes,7780.00,Rs./Quintal
Odisha,Pulses,Kulthi(Horse Gram),February-2025,0.50,Metric Tonnes,5200.00,Rs./Quintal
Odisha,Pulses,Beans,March-2025,19.10,Metric Tonnes,5335.55,Rs./Quintal
Odisha,Pulses,Green Peas,March-2025,11.10,Metric Tonnes,3405.41,Rs./Quintal
Odisha,Pulses,Kulthi(Horse Gram),March-2025,0.50,Metric Tonnes,6000.00,Rs./Quintal
Odisha,Pulses,Red gram/Arhar/Tur(whole),March-2025,0.20,Metric Tonnes,8200.00,Rs./Quintal
Odisha,Pulses,Beans,April-2025,10.97,Metric Tonnes,5257.70,Rs./Quintal
Odisha,Pulses,Bengal Gram(Gram)(Whole),April-2025,0.10,Metric Tonnes,7500.00,Rs./Quintal
Odisha,Pulses,Beans,May-2025,23.34,Metric Tonnes,5204.03,Rs./Quintal
Odisha,Pulses,Beans,June-2025,72.34,Metric Tonnes,4149.36,Rs./Quintal
Odisha,Pulses,Bengal Gram(Gram)(Whole),June-2025,0.10,Metric Tonnes,7800.00,Rs./Quintal
Odisha,Pulses,Kulthi(Horse Gram),June-2025,0.20,Metric Tonnes,6000.00,Rs./Quintal
Odisha,Pulses,Beans,July-2025,135.81,Metric Tonnes,4278.96,Rs./Quintal
Odisha,Pulses,Beans,August-2025,158.32,Metric Tonnes,4240.48,Rs./Quintal
Odisha,Pulses,Beans,September-2025,137.92,Metric Tonnes,4258.72,Rs./Quintal
Odisha,Pulses,Beans,October-2025,109.25,Metric Tonnes,4347.70,Rs./Quintal
Odisha,Pulses,Red gram/Arhar/Tur(whole),October-2025,0.30,Metric Tonnes,8833.33,Rs./Quintal
Odisha,Pulses,Beans,November-2025,0.51,Metric Tonnes,9290.20,Rs./Quintal
Pondicherry,Pulses,Black Gram(Urd Beans)(Whole),January-2023,11.20,Metric Tonnes,5032.28,Rs./Quintal
Pondicherry,Pulses,Green Gram(Moong)(Whole),January-2023,0.50,Metric Tonnes,7003.00,Rs./Quintal
Pondicherry,Pulses,Thinai(Italian Millet),January-2023,0.88,Metric Tonnes,3662.52,Rs./Quintal
Pondicherry,Pulses,Black Gram(Urd Beans)(Whole),February-2023,466.35,Metric Tonnes,6181.31,Rs./Quintal
Pondicherry,Pulses,Green Gram(Moong)(Whole),February-2023,7.20,Metric Tonnes,6968.07,Rs./Quintal
Pondicherry,Pulses,Karamani,February-2023,234.13,Metric Tonnes,7418.50,Rs./Quintal
Pondicherry,Pulses,Thinai(Italian Millet),February-2023,0.40,Metric Tonnes,3644.25,Rs./Quintal
Pondicherry,Pulses,Black Gram(Urd Beans)(Whole),March-2023,722.12,Metric Tonnes,6752.01,Rs./Quintal
Pondicherry,Pulses,Green Gram(Moong)(Whole),March-2023,35.40,Metric Tonnes,7076.38,Rs./Quintal
Pondicherry,Pulses,Karamani,March-2023,582.35,Metric Tonnes,7300.18,Rs./Quintal
Pondicherry,Pulses,Thinai(Italian Millet),March-2023,0.80,Metric Tonnes,3729.38,Rs./Quintal
Pondicherry,Pulses,Black Gram(Urd Beans)(Whole),April-2023,288.75,Metric Tonnes,7095.80,Rs./Quintal
Pondicherry,Pulses,Green Gram(Moong)(Whole),April-2023,139.20,Metric Tonnes,6269.61,Rs./Quintal
Pondicherry,Pulses,Karamani,April-2023,79.00,Metric Tonnes,7283.18,Rs./Quintal
Pondicherry,Pulses,Thinai(Italian Millet),April-2023,0.80,Metric Tonnes,3595.00,Rs./Quintal
Pondicherry,Pulses,Black Gram(Urd Beans)(Whole),May-2023,93.09,Metric Tonnes,6651.97,Rs./Quintal
Pondicherry,Pulses,Green Gram(Moong)(Whole),May-2023,24.60,Metric Tonnes,5997.84,Rs./Quintal
Pondicherry,Pulses,Karamani,May-2023,23.10,Metric Tonnes,7352.20,Rs./Quintal
Pondicherry,Pulses,Thinai(Italian Millet),May-2023,1.53,Metric Tonnes,3760.44,Rs./Quintal
Pondicherry,Pulses,Black Gram(Urd Beans)(Whole),June-2023,21.43,Metric Tonnes,7501.29,Rs./Quintal
Pondicherry,Pulses,Green Gram(Moong)(Whole),June-2023,3.10,Metric Tonnes,6156.35,Rs./Quintal
Pondicherry,Pulses,Karamani,June-2023,3.92,Metric Tonnes,6101.17,Rs./Quintal
Pondicherry,Pulses,Thinai(Italian Millet),June-2023,3.30,Metric Tonnes,4040.39,Rs./Quintal
Pondicherry,Pulses,Black Gram(Urd Beans)(Whole),July-2023,16.26,Metric Tonnes,6211.65,Rs./Quintal
Pondicherry,Pulses,Green Gram(Moong)(Whole),July-2023,0.90,Metric Tonnes,6058.11,Rs./Quintal
Pondicherry,Pulses,Karamani,July-2023,1.64,Metric Tonnes,7520.28,Rs./Quintal
Pondicherry,Pulses,Thinai(Italian Millet),July-2023,11.50,Metric Tonnes,4082.26,Rs./Quintal
Pondicherry,Pulses,Black Gram(Urd Beans)(Whole),August-2023,8.29,Metric Tonnes,6014.55,Rs./Quintal
Pondicherry,Pulses,Green Gram(Moong)(Whole),August-2023,1.10,Metric Tonnes,5658.73,Rs./Quintal
Pondicherry,Pulses,Karamani,August-2023,0.42,Metric Tonnes,6821.43,Rs./Quintal
Pondicherry,Pulses,Thinai(Italian Millet),August-2023,3.30,Metric Tonnes,4586.64,Rs./Quintal
Pondicherry,Pulses,Black Gram(Urd Beans)(Whole),September-2023,5.10,Metric Tonnes,6834.43,Rs./Quintal
Pondicherry,Pulses,Green Gram(Moong)(Whole),September-2023,0.30,Metric Tonnes,7165.33,Rs./Quintal
Pondicherry,Pulses,Karamani,September-2023,0.40,Metric Tonnes,6832.00,Rs./Quintal
Pondicherry,Pulses,Thinai(Italian Millet),September-2023,4.20,Metric Tonnes,5762.52,Rs./Quintal
Pondicherry,Pulses,Black Gram(Urd Beans)(Whole),October-2023,12.60,Metric Tonnes,7022.02,Rs./Quintal
Pondicherry,Pulses,Green Gram(Moong)(Whole),October-2023,0.60,Metric Tonnes,6984.50,Rs./Quintal
Pondicherry,Pulses,Karamani,October-2023,1.00,Metric Tonnes,6699.00,Rs./Quintal
Pondicherry,Pulses,Thinai(Italian Millet),October-2023,6.86,Metric Tonnes,5610.27,Rs./Quintal
Pondicherry,Pulses,Black Gram(Urd Beans)(Whole),November-2023,2.32,Metric Tonnes,6969.89,Rs./Quintal
Pondicherry,Pulses,Green Gram(Moong)(Whole),November-2023,0.40,Metric Tonnes,6529.75,Rs./Quintal
Pondicherry,Pulses,Karamani,November-2023,0.40,Metric Tonnes,6866.25,Rs./Quintal
Pondicherry,Pulses,Thinai(Italian Millet),November-2023,0.30,Metric Tonnes,6385.00,Rs./Quintal
Pondicherry,Pulses,Black Gram(Urd Beans)(Whole),December-2023,1.30,Metric Tonnes,8188.00,Rs./Quintal
Pondicherry,Pulses,Green Gram(Moong)(Whole),December-2023,0.10,Metric Tonnes,5269.00,Rs./Quintal
Pondicherry,Pulses,Karamani,December-2023,0.10,Metric Tonnes,4500.00,Rs./Quintal
Pondicherry,Pulses,Black Gram(Urd Beans)(Whole),February-2024,121.38,Metric Tonnes,7256.68,Rs./Quintal
Pondicherry,Pulses,Black Gram(Urd Beans)(Whole),March-2024,917.55,Metric Tonnes,8159.75,Rs./Quintal
Pondicherry,Pulses,Black Gram(Urd Beans)(Whole),April-2024,16.05,Metric Tonnes,8524.96,Rs./Quintal
Pondicherry,Pulses,Black Gram(Urd Beans)(Whole),May-2024,3.54,Metric Tonnes,9268.50,Rs./Quintal
Pondicherry,Pulses,Black Gram(Urd Beans)(Whole),June-2024,16.03,Metric Tonnes,7672.54,Rs./Quintal
Pondicherry,Pulses,Black Gram(Urd Beans)(Whole),July-2024,27.79,Metric Tonnes,7929.24,Rs./Quintal
Pondicherry,Pulses,Karamani,July-2024,1.61,Metric Tonnes,5381.36,Rs./Quintal
Pondicherry,Pulses,Black Gram(Urd Beans)(Whole),August-2024,10.80,Metric Tonnes,7510.56,Rs./Quintal
Pondicherry,Pulses,Karamani,August-2024,0.20,Metric Tonnes,3244.00,Rs./Quintal
Pondicherry,Pulses,Black Gram(Urd Beans)(Whole),September-2024,20.40,Metric Tonnes,6121.87,Rs./Quintal
Pondicherry,Pulses,Karamani,September-2024,0.30,Metric Tonnes,3179.00,Rs./Quintal
Pondicherry,Pulses,Black Gram(Urd Beans)(Whole),October-2024,9.70,Metric Tonnes,6022.00,Rs./Quintal
Pondicherry,Pulses,Black Gram(Urd Beans)(Whole),November-2024,0.50,Metric Tonnes,5721.00,Rs./Quintal
Pondicherry,Pulses,Black Gram(Urd Beans)(Whole),December-2024,0.10,Metric Tonnes,6100.00,Rs./Quintal
Pondicherry,Pulses,Karamani,June-2025,0.22,Metric Tonnes,3924.45,Rs./Quintal
Pondicherry,Pulses,Karamani,July-2025,0.20,Metric Tonnes,4799.00,Rs./Quintal
Pondicherry,Pulses,Karamani,August-2025,0.01,Metric Tonnes,1169.00,Rs./Quintal
Pondicherry,Pulses,Karamani,September-2025,0.20,Metric Tonnes,3754.50,Rs./Quintal
Pondicherry,Pulses,Black Gram(Urd Beans)(Whole),November-2025,0.20,Metric Tonnes,6700.00,Rs./Quintal
Pondicherry,Pulses,Thinai(Italian Millet),November-2025,0.90,Metric Tonnes,2996.67,Rs./Quintal
Pondicherry,Pulses,Black Gram(Urd Beans)(Whole),December-2025,2.50,Metric Tonnes,6577.28,Rs./Quintal
Pondicherry,Pulses,Green Gram(Moong)(Whole),December-2025,0.20,Metric Tonnes,6144.00,Rs./Quintal
Pondicherry,Pulses,Thinai(Italian Millet),December-2025,0.10,Metric Tonnes,3347.00,Rs./Quintal
Punjab,Pulses,Beans,January-2023,0.05,Metric Tonnes,2200.00,Rs./Quintal
Punjab,Pulses,Bengal Gram(Gram)(Whole),January-2023,1.00,Metric Tonnes,1400.00,Rs./Quintal
Punjab,Pulses,Green Peas,January-2023,666.00,Metric Tonnes,2524.92,Rs./Quintal
Punjab,Pulses,Beans,February-2023,2.83,Metric Tonnes,3156.94,Rs./Quintal
Punjab,Pulses,Green Peas,February-2023,862.50,Metric Tonnes,2040.41,Rs./Quintal
Punjab,Pulses,Beans,March-2023,6.38,Metric Tonnes,3891.87,Rs./Quintal
Punjab,Pulses,Green Peas,March-2023,568.50,Metric Tonnes,2624.50,Rs./Quintal
Punjab,Pulses,Beans,April-2023,14.39,Metric Tonnes,2311.65,Rs./Quintal
Punjab,Pulses,Green Peas,April-2023,144.00,Metric Tonnes,2758.82,Rs./Quintal
Punjab,Pulses,Beans,May-2023,0.86,Metric Tonnes,3173.26,Rs./Quintal
Punjab,Pulses,Green Peas,May-2023,121.60,Metric Tonnes,3577.43,Rs./Quintal
Punjab,Pulses,Beans,June-2023,3.16,Metric Tonnes,3040.35,Rs./Quintal
Punjab,Pulses,Cowpea(Lobia/Karamani),June-2023,17.00,Metric Tonnes,1252.94,Rs./Quintal
Punjab,Pulses,Green Peas,June-2023,221.20,Metric Tonnes,2910.22,Rs./Quintal
Punjab,Pulses,Beans,July-2023,5.33,Metric Tonnes,4501.22,Rs./Quintal
Punjab,Pulses,Green Gram(Moong)(Whole),July-2023,7859.00,Metric Tonnes,6629.06,Rs./Quintal
Punjab,Pulses,Green Peas,July-2023,101.55,Metric Tonnes,6149.38,Rs./Quintal
Punjab,Pulses,Beans,August-2023,7.28,Metric Tonnes,4873.94,Rs./Quintal
Punjab,Pulses,Green Gram(Moong)(Whole),August-2023,620.00,Metric Tonnes,6305.50,Rs./Quintal
Punjab,Pulses,Green Peas,August-2023,84.65,Metric Tonnes,6847.57,Rs./Quintal
Punjab,Pulses,Beans,September-2023,13.07,Metric Tonnes,4761.44,Rs./Quintal
Punjab,Pulses,Green Gram(Moong)(Whole),September-2023,69.40,Metric Tonnes,6835.73,Rs./Quintal
Punjab,Pulses,Green Peas,September-2023,88.40,Metric Tonnes,11808.82,Rs./Quintal
Punjab,Pulses,Beans,October-2023,17.85,Metric Tonnes,3981.18,Rs./Quintal
Punjab,Pulses,Green Peas,October-2023,77.00,Metric Tonnes,11974.03,Rs./Quintal
Punjab,Pulses,Beans,November-2023,9.25,Metric Tonnes,2878.21,Rs./Quintal
Punjab,Pulses,Cowpea(Lobia/Karamani),November-2023,2.00,Metric Tonnes,2900.00,Rs./Quintal
Punjab,Pulses,Green Peas,November-2023,214.60,Metric Tonnes,6002.05,Rs./Quintal
Punjab,Pulses,Beans,December-2023,4.86,Metric Tonnes,2047.06,Rs./Quintal
Punjab,Pulses,Cowpea(Lobia/Karamani),December-2023,2.00,Metric Tonnes,1800.00,Rs./Quintal
Punjab,Pulses,Green Peas,December-2023,1311.18,Metric Tonnes,2652.80,Rs./Quintal
Punjab,Pulses,Beans,January-2024,4.55,Metric Tonnes,2277.38,Rs./Quintal
Punjab,Pulses,Green Peas,January-2024,1211.70,Metric Tonnes,1856.21,Rs./Quintal
Punjab,Pulses,Beans,February-2024,5.40,Metric Tonnes,3104.06,Rs./Quintal
Punjab,Pulses,Green Peas,February-2024,359.00,Metric Tonnes,1946.63,Rs./Quintal
Punjab,Pulses,Beans,March-2024,4.40,Metric Tonnes,3374.18,Rs./Quintal
Punjab,Pulses,Green Peas,March-2024,43.50,Metric Tonnes,3474.48,Rs./Quintal
Punjab,Pulses,Beans,April-2024,5.50,Metric Tonnes,2732.76,Rs./Quintal
Punjab,Pulses,Green Peas,April-2024,181.15,Metric Tonnes,4751.37,Rs./Quintal
Punjab,Pulses,Beans,May-2024,1.50,Metric Tonnes,3663.67,Rs./Quintal
Punjab,Pulses,Green Peas,May-2024,92.00,Metric Tonnes,3961.41,Rs./Quintal
Punjab,Pulses,Beans,June-2024,0.31,Metric Tonnes,3419.35,Rs./Quintal
Punjab,Pulses,Green Gram(Moong)(Whole),June-2024,15.77,Metric Tonnes,7632.18,Rs./Quintal
Punjab,Pulses,Green Peas,June-2024,21.05,Metric Tonnes,3925.89,Rs./Quintal
Punjab,Pulses,Beans,July-2024,6.43,Metric Tonnes,3702.15,Rs./Quintal
Punjab,Pulses,Green Gram(Moong)(Whole),July-2024,5260.79,Metric Tonnes,6784.99,Rs./Quintal
Punjab,Pulses,Green Peas,July-2024,22.40,Metric Tonnes,4947.77,Rs./Quintal
Punjab,Pulses,Beans,August-2024,6.78,Metric Tonnes,4156.53,Rs./Quintal
Punjab,Pulses,Green Gram(Moong)(Whole),August-2024,104.00,Metric Tonnes,6838.94,Rs./Quintal
Punjab,Pulses,Green Peas,August-2024,74.45,Metric Tonnes,6145.60,Rs./Quintal
Punjab,Pulses,Beans,September-2024,24.06,Metric Tonnes,3668.75,Rs./Quintal
Punjab,Pulses,Green Peas,September-2024,20.25,Metric Tonnes,4325.19,Rs./Quintal
Punjab,Pulses,Beans,October-2024,8.56,Metric Tonnes,4567.76,Rs./Quintal
Punjab,Pulses,Green Gram(Moong)(Whole),October-2024,1.00,Metric Tonnes,7800.00,Rs./Quintal
Punjab,Pulses,Green Peas,October-2024,1442.50,Metric Tonnes,2567.14,Rs./Quintal
Punjab,Pulses,Beans,November-2024,1.80,Metric Tonnes,3134.44,Rs./Quintal
Punjab,Pulses,Green Peas,November-2024,91.20,Metric Tonnes,7302.96,Rs./Quintal
Punjab,Pulses,Beans,December-2024,5.40,Metric Tonnes,2280.07,Rs./Quintal
Punjab,Pulses,Green Peas,December-2024,164.30,Metric Tonnes,5542.60,Rs./Quintal
Punjab,Pulses,Green Peas,January-2025,475.50,Metric Tonnes,3306.10,Rs./Quintal
Punjab,Pulses,Green Peas,February-2025,646.50,Metric Tonnes,2721.50,Rs./Quintal
Punjab,Pulses,Green Peas,March-2025,592.00,Metric Tonnes,2121.11,Rs./Quintal
Punjab,Pulses,Beans,April-2025,6.00,Metric Tonnes,5500.00,Rs./Quintal
Punjab,Pulses,Green Peas,April-2025,105.00,Metric Tonnes,3110.48,Rs./Quintal
Punjab,Pulses,Green Gram(Moong)(Whole),May-2025,0.32,Metric Tonnes,6523.00,Rs./Quintal
Punjab,Pulses,Green Peas,May-2025,21.50,Metric Tonnes,4379.07,Rs./Quintal
Punjab,Pulses,Kabuli Chana(Chickpeas-White),May-2025,0.17,Metric Tonnes,1100.00,Rs./Quintal
Punjab,Pulses,Beans,June-2025,0.06,Metric Tonnes,3916.67,Rs./Quintal
Punjab,Pulses,Green Gram(Moong)(Whole),June-2025,2145.60,Metric Tonnes,6654.30,Rs./Quintal
Punjab,Pulses,Green Peas,June-2025,49.70,Metric Tonnes,6679.07,Rs./Quintal
Punjab,Pulses,Beans,July-2025,1.01,Metric Tonnes,3504.95,Rs./Quintal
Punjab,Pulses,Green Gram(Moong)(Whole),July-2025,2050.00,Metric Tonnes,5906.46,Rs./Quintal
Punjab,Pulses,Green Peas,July-2025,104.35,Metric Tonnes,6526.07,Rs./Quintal
Punjab,Pulses,Beans,August-2025,0.26,Metric Tonnes,5153.85,Rs./Quintal
Punjab,Pulses,Green Gram(Moong)(Whole),August-2025,379.50,Metric Tonnes,5770.65,Rs./Quintal
Punjab,Pulses,Green Peas,August-2025,128.20,Metric Tonnes,7738.30,Rs./Quintal
Punjab,Pulses,Beans,September-2025,0.07,Metric Tonnes,5357.14,Rs./Quintal
Punjab,Pulses,Bengal Gram(Gram)(Whole),September-2025,3.50,Metric Tonnes,5205.71,Rs./Quintal
Punjab,Pulses,Green Gram(Moong)(Whole),September-2025,32.20,Metric Tonnes,5187.97,Rs./Quintal
Punjab,Pulses,Green Peas,September-2025,181.10,Metric Tonnes,10314.58,Rs./Quintal
Punjab,Pulses,Bengal Gram(Gram)(Whole),October-2025,0.30,Metric Tonnes,5200.00,Rs./Quintal
Punjab,Pulses,Green Gram(Moong)(Whole),October-2025,6.00,Metric Tonnes,4578.33,Rs./Quintal
Punjab,Pulses,Green Peas,October-2025,2071.60,Metric Tonnes,3168.16,Rs./Quintal
Punjab,Pulses,Beans,November-2025,1.20,Metric Tonnes,6583.33,Rs./Quintal
Punjab,Pulses,Bengal Gram(Gram)(Whole),November-2025,2.00,Metric Tonnes,4960.00,Rs./Quintal
Punjab,Pulses,Green Gram(Moong)(Whole),November-2025,0.50,Metric Tonnes,5000.00,Rs./Quintal
Punjab,Pulses,Green Peas,November-2025,151.30,Metric Tonnes,6668.57,Rs./Quintal
Punjab,Pulses,Bengal Gram(Gram)(Whole),December-2025,0.20,Metric Tonnes,3950.00,Rs./Quintal
Punjab,Pulses,Green Gram(Moong)(Whole),December-2025,0.20,Metric Tonnes,4805.00,Rs./Quintal
Punjab,Pulses,Green Peas,December-2025,278.00,Metric Tonnes,4289.21,Rs./Quintal
Rajasthan,Pulses,Bengal Gram(Gram)(Whole),January-2023,2406.76,Metric Tonnes,4450.97,Rs./Quintal
Rajasthan,Pulses,Black Gram(Urd Beans)(Whole),January-2023,2124.82,Metric Tonnes,5654.90,Rs./Quintal
Rajasthan,Pulses,Cowpea(Lobia/Karamani),January-2023,27.90,Metric Tonnes,5508.23,Rs./Quintal
Rajasthan,Pulses,Green Gram(Moong)(Whole),January-2023,5413.80,Metric Tonnes,7109.57,Rs./Quintal
Rajasthan,Pulses,Green Peas,January-2023,1888.20,Metric Tonnes,1657.60,Rs./Quintal
Rajasthan,Pulses,Guar Seed(Cluster Beans Seed),January-2023,3624.60,Metric Tonnes,5750.06,Rs./Quintal
Rajasthan,Pulses,Lentil(Masur)(Whole),January-2023,69.40,Metric Tonnes,5640.88,Rs./Quintal
Rajasthan,Pulses,Mataki,January-2023,156.70,Metric Tonnes,5605.94,Rs./Quintal
Rajasthan,Pulses,Moath Dal,January-2023,1477.27,Metric Tonnes,6133.19,Rs./Quintal
Rajasthan,Pulses,Red gram split/Arhar dal/Tur dal,January-2023,0.10,Metric Tonnes,5200.00,Rs./Quintal
Rajasthan,Pulses,Red gram/Arhar/Tur(whole),January-2023,136.50,Metric Tonnes,5612.38,Rs./Quintal
Rajasthan,Pulses,Bengal Gram(Gram)(Whole),February-2023,2913.48,Metric Tonnes,4524.96,Rs./Quintal
Rajasthan,Pulses,Black Gram(Urd Beans)(Whole),February-2023,1765.69,Metric Tonnes,5754.94,Rs./Quintal
Rajasthan,Pulses,Cowpea(Lobia/Karamani),February-2023,176.40,Metric Tonnes,6394.76,Rs./Quintal
Rajasthan,Pulses,Green Gram(Moong)(Whole),February-2023,2893.04,Metric Tonnes,7301.82,Rs./Quintal
Rajasthan,Pulses,Green Peas,February-2023,1724.00,Metric Tonnes,1502.56,Rs./Quintal
Rajasthan,Pulses,Guar Seed(Cluster Beans Seed),February-2023,2236.00,Metric Tonnes,5464.49,Rs./Quintal
Rajasthan,Pulses,Lentil(Masur)(Whole),February-2023,1416.00,Metric Tonnes,4956.76,Rs./Quintal
Rajasthan,Pulses,Mataki,February-2023,78.60,Metric Tonnes,5440.49,Rs./Quintal
Rajasthan,Pulses,Moath Dal,February-2023,910.50,Metric Tonnes,6097.62,Rs./Quintal
Rajasthan,Pulses,Red gram/Arhar/Tur(whole),February-2023,120.90,Metric Tonnes,4972.09,Rs./Quintal
Rajasthan,Pulses,Bengal Gram Dal(Chana Dal),March-2023,0.50,Metric Tonnes,4705.00,Rs./Quintal
Rajasthan,Pulses,Bengal Gram(Gram)(Whole),March-2023,18664.71,Metric Tonnes,4608.07,Rs./Quintal
Rajasthan,Pulses,Black Gram(Urd Beans)(Whole),March-2023,1129.80,Metric Tonnes,5894.38,Rs./Quintal
Rajasthan,Pulses,Cowpea(Lobia/Karamani),March-2023,10.20,Metric Tonnes,5333.81,Rs./Quintal
Rajasthan,Pulses,Green Gram Dal(Moong Dal),March-2023,4.50,Metric Tonnes,6200.00,Rs./Quintal
Rajasthan,Pulses,Green Gram(Moong)(Whole),March-2023,793.20,Metric Tonnes,7421.83,Rs./Quintal
Rajasthan,Pulses,Green Peas,March-2023,529.90,Metric Tonnes,1503.88,Rs./Quintal
Rajasthan,Pulses,Guar Seed(Cluster Beans Seed),March-2023,1332.30,Metric Tonnes,5265.15,Rs./Quintal
Rajasthan,Pulses,Kulthi(Horse Gram),March-2023,0.70,Metric Tonnes,4650.00,Rs./Quintal
Rajasthan,Pulses,Lentil(Masur)(Whole),March-2023,1686.70,Metric Tonnes,5420.50,Rs./Quintal
Rajasthan,Pulses,Mataki,March-2023,173.20,Metric Tonnes,5568.87,Rs./Quintal
Rajasthan,Pulses,Moath Dal,March-2023,233.93,Metric Tonnes,5819.72,Rs./Quintal
Rajasthan,Pulses,Red gram/Arhar/Tur(whole),March-2023,532.40,Metric Tonnes,4537.44,Rs./Quintal
Rajasthan,Pulses,Bengal Gram Dal(Chana Dal),April-2023,20.00,Metric Tonnes,4401.00,Rs./Quintal
Rajasthan,Pulses,Bengal Gram(Gram)(Whole),April-2023,55784.84,Metric Tonnes,4526.17,Rs./Quintal
Rajasthan,Pulses,Black Gram(Urd Beans)(Whole),April-2023,705.80,Metric Tonnes,6088.26,Rs./Quintal
Rajasthan,Pulses,Green Gram(Moong)(Whole),April-2023,792.30,Metric Tonnes,6309.01,Rs./Quintal
Rajasthan,Pulses,Green Peas,April-2023,6.70,Metric Tonnes,2022.19,Rs./Quintal
Rajasthan,Pulses,Guar Seed(Cluster Beans Seed),April-2023,1324.90,Metric Tonnes,5222.47,Rs./Quintal
Rajasthan,Pulses,Kulthi(Horse Gram),April-2023,75.20,Metric Tonnes,4536.27,Rs./Quintal
Rajasthan,Pulses,Lentil(Masur)(Whole),April-2023,1002.00,Metric Tonnes,5345.43,Rs./Quintal
Rajasthan,Pulses,Mataki,April-2023,361.10,Metric Tonnes,6019.92,Rs./Quintal
Rajasthan,Pulses,Moath Dal,April-2023,1429.60,Metric Tonnes,6089.16,Rs./Quintal
Rajasthan,Pulses,Red gram/Arhar/Tur(whole),April-2023,1167.85,Metric Tonnes,4789.88,Rs./Quintal
Rajasthan,Pulses,Bengal Gram(Gram)(Whole),May-2023,23147.79,Metric Tonnes,4517.75,Rs./Quintal
Rajasthan,Pulses,Black Gram(Urd Beans)(Whole),May-2023,926.50,Metric Tonnes,6457.20,Rs./Quintal
Rajasthan,Pulses,Cowpea(Lobia/Karamani),May-2023,2.20,Metric Tonnes,4561.86,Rs./Quintal
Rajasthan,Pulses,Green Gram(Moong)(Whole),May-2023,749.12,Metric Tonnes,7213.38,Rs./Quintal
Rajasthan,Pulses,Green Peas,May-2023,22.40,Metric Tonnes,2566.88,Rs./Quintal
Rajasthan,Pulses,Guar Seed(Cluster Beans Seed),May-2023,1253.55,Metric Tonnes,5213.34,Rs./Quintal
Rajasthan,Pulses,Kulthi(Horse Gram),May-2023,24.30,Metric Tonnes,4525.00,Rs./Quintal
Rajasthan,Pulses,Lentil(Masur)(Whole),May-2023,1728.71,Metric Tonnes,5456.94,Rs./Quintal
Rajasthan,Pulses,Mataki,May-2023,427.10,Metric Tonnes,5673.87,Rs./Quintal
Rajasthan,Pulses,Moath Dal,May-2023,1283.89,Metric Tonnes,6279.03,Rs./Quintal
Rajasthan,Pulses,Red gram/Arhar/Tur(whole),May-2023,278.41,Metric Tonnes,4522.86,Rs./Quintal
Rajasthan,Pulses,Alasande Gram,June-2023,1.80,Metric Tonnes,5000.00,Rs./Quintal
Rajasthan,Pulses,Bengal Gram(Gram)(Whole),June-2023,13464.90,Metric Tonnes,4528.45,Rs./Quintal
Rajasthan,Pulses,Black Gram(Urd Beans)(Whole),June-2023,801.10,Metric Tonnes,6748.19,Rs./Quintal
Rajasthan,Pulses,Cowpea(Lobia/Karamani),June-2023,19.40,Metric Tonnes,4253.59,Rs./Quintal
Rajasthan,Pulses,Green Gram(Moong)(Whole),June-2023,2914.41,Metric Tonnes,7189.16,Rs./Quintal
Rajasthan,Pulses,Green Peas,June-2023,23.40,Metric Tonnes,1999.88,Rs./Quintal
Rajasthan,Pulses,Guar Seed(Cluster Beans Seed),June-2023,1131.30,Metric Tonnes,4951.75,Rs./Quintal
Rajasthan,Pulses,Lentil(Masur)(Whole),June-2023,775.20,Metric Tonnes,5290.57,Rs./Quintal
Rajasthan,Pulses,Mataki,June-2023,232.10,Metric Tonnes,5587.12,Rs./Quintal
Rajasthan,Pulses,Moath Dal,June-2023,852.50,Metric Tonnes,6223.26,Rs./Quintal
Rajasthan,Pulses,Peas(Dry),June-2023,0.80,Metric Tonnes,2391.25,Rs./Quintal
Rajasthan,Pulses,Red gram/Arhar/Tur(whole),June-2023,191.35,Metric Tonnes,4624.47,Rs./Quintal
Rajasthan,Pulses,Bengal Gram(Gram)(Whole),July-2023,8580.49,Metric Tonnes,4592.03,Rs./Quintal
Rajasthan,Pulses,Black Gram(Urd Beans)(Whole),July-2023,1381.21,Metric Tonnes,6487.59,Rs./Quintal
Rajasthan,Pulses,Cowpea(Lobia/Karamani),July-2023,12.00,Metric Tonnes,4950.56,Rs./Quintal
Rajasthan,Pulses,Green Gram Dal(Moong Dal),July-2023,0.10,Metric Tonnes,7300.00,Rs./Quintal
Rajasthan,Pulses,Green Gram(Moong)(Whole),July-2023,843.60,Metric Tonnes,6653.89,Rs./Quintal
Rajasthan,Pulses,Green Peas,July-2023,17.90,Metric Tonnes,2654.24,Rs./Quintal
Rajasthan,Pulses,Guar Seed(Cluster Beans Seed),July-2023,1755.80,Metric Tonnes,5208.28,Rs./Quintal
Rajasthan,Pulses,Lentil(Masur)(Whole),July-2023,396.00,Metric Tonnes,5430.45,Rs./Quintal
Rajasthan,Pulses,Mataki,July-2023,110.90,Metric Tonnes,6436.30,Rs./Quintal
Rajasthan,Pulses,Moath Dal,July-2023,962.30,Metric Tonnes,6132.66,Rs./Quintal
Rajasthan,Pulses,Red gram split/Arhar dal/Tur dal,July-2023,1.00,Metric Tonnes,7150.00,Rs./Quintal
Rajasthan,Pulses,Red gram/Arhar/Tur(whole),July-2023,172.20,Metric Tonnes,4790.99,Rs./Quintal
Rajasthan,Pulses,Bengal Gram(Gram)(Whole),August-2023,5708.10,Metric Tonnes,5211.81,Rs./Quintal
Rajasthan,Pulses,Black Gram(Urd Beans)(Whole),August-2023,777.20,Metric Tonnes,7272.97,Rs./Quintal
Rajasthan,Pulses,Cowpea(Lobia/Karamani),August-2023,18.70,Metric Tonnes,5502.97,Rs./Quintal
Rajasthan,Pulses,Green Gram(Moong)(Whole),August-2023,3522.70,Metric Tonnes,7181.91,Rs./Quintal
Rajasthan,Pulses,Green Peas,August-2023,5.30,Metric Tonnes,2852.81,Rs./Quintal
Rajasthan,Pulses,Guar Seed(Cluster Beans Seed),August-2023,2173.20,Metric Tonnes,5782.89,Rs./Quintal
Rajasthan,Pulses,Kabuli Chana(Chickpeas-White),August-2023,43.00,Metric Tonnes,5385.70,Rs./Quintal
Rajasthan,Pulses,Lentil(Masur)(Whole),August-2023,437.90,Metric Tonnes,5878.39,Rs./Quintal
Rajasthan,Pulses,Mataki,August-2023,137.90,Metric Tonnes,6385.47,Rs./Quintal
Rajasthan,Pulses,Moath Dal,August-2023,751.60,Metric Tonnes,6313.67,Rs./Quintal
Rajasthan,Pulses,Peas(Dry),August-2023,0.20,Metric Tonnes,2650.00,Rs./Quintal
Rajasthan,Pulses,Red gram/Arhar/Tur(whole),August-2023,170.20,Metric Tonnes,2514.31,Rs./Quintal
Rajasthan,Pulses,Bengal Gram(Gram)(Whole),September-2023,2665.40,Metric Tonnes,6171.16,Rs./Quintal
Rajasthan,Pulses,Black Gram(Urd Beans)(Whole),September-2023,22660.10,Metric Tonnes,7732.56,Rs./Quintal
Rajasthan,Pulses,Cowpea(Lobia/Karamani),September-2023,145.10,Metric Tonnes,7466.04,Rs./Quintal
Rajasthan,Pulses,Green Gram Dal(Moong Dal),September-2023,10.00,Metric Tonnes,7151.00,Rs./Quintal
Rajasthan,Pulses,Green Gram(Moong)(Whole),September-2023,56646.16,Metric Tonnes,7991.83,Rs./Quintal
Rajasthan,Pulses,Green Peas,September-2023,2.10,Metric Tonnes,3185.86,Rs./Quintal
Rajasthan,Pulses,Guar Seed(Cluster Beans Seed),September-2023,4634.90,Metric Tonnes,5577.93,Rs./Quintal
Rajasthan,Pulses,Kulthi(Horse Gram),September-2023,1.40,Metric Tonnes,5800.00,Rs./Quintal
Rajasthan,Pulses,Lentil(Masur)(Whole),September-2023,282.30,Metric Tonnes,5939.49,Rs./Quintal
Rajasthan,Pulses,Mataki,September-2023,113.30,Metric Tonnes,6055.27,Rs./Quintal
Rajasthan,Pulses,Moath Dal,September-2023,2917.70,Metric Tonnes,6776.94,Rs./Quintal
Rajasthan,Pulses,Peas(Dry),September-2023,0.50,Metric Tonnes,2400.00,Rs./Quintal
Rajasthan,Pulses,Red gram/Arhar/Tur(whole),September-2023,42.50,Metric Tonnes,4733.68,Rs./Quintal
Rajasthan,Pulses,Bengal Gram(Gram)(Whole),October-2023,5258.80,Metric Tonnes,4071.09,Rs./Quintal
Rajasthan,Pulses,Black Gram(Urd Beans)(Whole),October-2023,16742.41,Metric Tonnes,7691.57,Rs./Quintal
Rajasthan,Pulses,Cowpea(Lobia/Karamani),October-2023,146.90,Metric Tonnes,6902.03,Rs./Quintal
Rajasthan,Pulses,Green Gram Dal(Moong Dal),October-2023,172.30,Metric Tonnes,7391.56,Rs./Quintal
Rajasthan,Pulses,Green Gram(Moong)(Whole),October-2023,42021.86,Metric Tonnes,7396.43,Rs./Quintal
Rajasthan,Pulses,Green Peas,October-2023,4.40,Metric Tonnes,2323.34,Rs./Quintal
Rajasthan,Pulses,Guar Seed(Cluster Beans Seed),October-2023,17779.40,Metric Tonnes,5255.49,Rs./Quintal
Rajasthan,Pulses,Lentil(Masur)(Whole),October-2023,318.70,Metric Tonnes,5552.78,Rs./Quintal
Rajasthan,Pulses,Mataki,October-2023,92.60,Metric Tonnes,5922.55,Rs./Quintal
Rajasthan,Pulses,Moath Dal,October-2023,4628.61,Metric Tonnes,6313.51,Rs./Quintal
Rajasthan,Pulses,Red gram/Arhar/Tur(whole),October-2023,108.41,Metric Tonnes,2462.22,Rs./Quintal
Rajasthan,Pulses,Bengal Gram(Gram)(Whole),November-2023,1981.50,Metric Tonnes,5736.81,Rs./Quintal
Rajasthan,Pulses,Black Gram(Urd Beans)(Whole),November-2023,5648.30,Metric Tonnes,8170.39,Rs./Quintal
Rajasthan,Pulses,Cowpea(Lobia/Karamani),November-2023,64.50,Metric Tonnes,7079.26,Rs./Quintal
Rajasthan,Pulses,Green Gram Dal(Moong Dal),November-2023,9.00,Metric Tonnes,7320.00,Rs./Quintal
Rajasthan,Pulses,Green Gram(Moong)(Whole),November-2023,25428.50,Metric Tonnes,7416.09,Rs./Quintal
Rajasthan,Pulses,Green Peas,November-2023,303.50,Metric Tonnes,2618.14,Rs./Quintal
Rajasthan,Pulses,Guar Seed(Cluster Beans Seed),November-2023,7961.80,Metric Tonnes,5277.80,Rs./Quintal
Rajasthan,Pulses,Lentil(Masur)(Whole),November-2023,215.10,Metric Tonnes,5529.06,Rs./Quintal
Rajasthan,Pulses,Masur Dal,November-2023,0.10,Metric Tonnes,5500.00,Rs./Quintal
Rajasthan,Pulses,Mataki,November-2023,68.70,Metric Tonnes,5456.88,Rs./Quintal
Rajasthan,Pulses,Moath Dal,November-2023,2091.80,Metric Tonnes,5994.14,Rs./Quintal
Rajasthan,Pulses,Red gram/Arhar/Tur(whole),November-2023,99.60,Metric Tonnes,6777.59,Rs./Quintal
Rajasthan,Pulses,Bengal Gram(Gram)(Whole),December-2023,1714.90,Metric Tonnes,5434.39,Rs./Quintal
Rajasthan,Pulses,Black Gram(Urd Beans)(Whole),December-2023,2998.40,Metric Tonnes,7583.81,Rs./Quintal
Rajasthan,Pulses,Cowpea(Lobia/Karamani),December-2023,23.50,Metric Tonnes,4997.69,Rs./Quintal
Rajasthan,Pulses,Green Gram Dal(Moong Dal),December-2023,5.00,Metric Tonnes,7351.00,Rs./Quintal
Rajasthan,Pulses,Green Gram(Moong)(Whole),December-2023,17793.94,Metric Tonnes,7401.54,Rs./Quintal
Rajasthan,Pulses,Green Peas,December-2023,2284.10,Metric Tonnes,1480.19,Rs./Quintal
Rajasthan,Pulses,Guar Seed(Cluster Beans Seed),December-2023,7008.78,Metric Tonnes,5097.83,Rs./Quintal
Rajasthan,Pulses,Lentil(Masur)(Whole),December-2023,184.10,Metric Tonnes,5257.88,Rs./Quintal
Rajasthan,Pulses,Mataki,December-2023,68.60,Metric Tonnes,5427.35,Rs./Quintal
Rajasthan,Pulses,Moath Dal,December-2023,2306.60,Metric Tonnes,5779.53,Rs./Quintal
Rajasthan,Pulses,Peas(Dry),December-2023,0.50,Metric Tonnes,3001.00,Rs./Quintal
Rajasthan,Pulses,Red gram/Arhar/Tur(whole),December-2023,103.92,Metric Tonnes,6294.20,Rs./Quintal
Rajasthan,Pulses,Bengal Gram(Gram)(Whole),January-2024,1211.40,Metric Tonnes,5214.03,Rs./Quintal
Rajasthan,Pulses,Black Gram(Urd Beans)(Whole),January-2024,1759.20,Metric Tonnes,7603.65,Rs./Quintal
Rajasthan,Pulses,Cowpea(Lobia/Karamani),January-2024,12.20,Metric Tonnes,4665.91,Rs./Quintal
Rajasthan,Pulses,Green Gram Dal(Moong Dal),January-2024,6.00,Metric Tonnes,7000.00,Rs./Quintal
Rajasthan,Pulses,Green Gram(Moong)(Whole),January-2024,15855.03,Metric Tonnes,7326.41,Rs./Quintal
Rajasthan,Pulses,Green Peas,January-2024,1984.10,Metric Tonnes,1763.52,Rs./Quintal
Rajasthan,Pulses,Guar Seed(Cluster Beans Seed),January-2024,3550.59,Metric Tonnes,5036.13,Rs./Quintal
Rajasthan,Pulses,Lentil(Masur)(Whole),January-2024,81.80,Metric Tonnes,5373.78,Rs./Quintal
Rajasthan,Pulses,Mataki,January-2024,39.30,Metric Tonnes,5239.00,Rs./Quintal
Rajasthan,Pulses,Moath Dal,January-2024,2747.90,Metric Tonnes,5837.24,Rs./Quintal
Rajasthan,Pulses,Peas(Dry),January-2024,0.10,Metric Tonnes,1800.00,Rs./Quintal
Rajasthan,Pulses,Red gram/Arhar/Tur(whole),January-2024,53.10,Metric Tonnes,7412.81,Rs./Quintal
Rajasthan,Pulses,Bengal Gram(Gram)(Whole),February-2024,2456.80,Metric Tonnes,5386.78,Rs./Quintal
Rajasthan,Pulses,Black Gram(Urd Beans)(Whole),February-2024,1769.05,Metric Tonnes,7731.14,Rs./Quintal
Rajasthan,Pulses,Cowpea(Lobia/Karamani),February-2024,18.80,Metric Tonnes,7050.89,Rs./Quintal
Rajasthan,Pulses,Green Gram(Moong)(Whole),February-2024,8344.81,Metric Tonnes,7848.13,Rs./Quintal
Rajasthan,Pulses,Green Peas,February-2024,1150.80,Metric Tonnes,2075.77,Rs./Quintal
Rajasthan,Pulses,Guar Seed(Cluster Beans Seed),February-2024,3257.65,Metric Tonnes,4928.61,Rs./Quintal
Rajasthan,Pulses,Lentil(Masur)(Whole),February-2024,3610.90,Metric Tonnes,5598.81,Rs./Quintal
Rajasthan,Pulses,Mataki,February-2024,68.20,Metric Tonnes,4942.87,Rs./Quintal
Rajasthan,Pulses,Moath Dal,February-2024,2300.10,Metric Tonnes,5803.00,Rs./Quintal
Rajasthan,Pulses,Red gram/Arhar/Tur(whole),February-2024,174.50,Metric Tonnes,5066.71,Rs./Quintal
Rajasthan,Pulses,Bengal Gram(Gram)(Whole),March-2024,102740.01,Metric Tonnes,5239.88,Rs./Quintal
Rajasthan,Pulses,Black Gram(Urd Beans)(Whole),March-2024,1719.60,Metric Tonnes,6546.96,Rs./Quintal
Rajasthan,Pulses,Cowpea(Lobia/Karamani),March-2024,5.00,Metric Tonnes,5307.64,Rs./Quintal
Rajasthan,Pulses,Green Gram Dal(Moong Dal),March-2024,3.00,Metric Tonnes,6500.00,Rs./Quintal
Rajasthan,Pulses,Green Gram(Moong)(Whole),March-2024,3951.43,Metric Tonnes,8055.13,Rs./Quintal
Rajasthan,Pulses,Green Peas,March-2024,1624.00,Metric Tonnes,3011.19,Rs./Quintal
Rajasthan,Pulses,Guar Seed(Cluster Beans Seed),March-2024,2560.70,Metric Tonnes,4816.33,Rs./Quintal
Rajasthan,Pulses,Kulthi(Horse Gram),March-2024,130.60,Metric Tonnes,5359.65,Rs./Quintal
Rajasthan,Pulses,Lentil(Masur)(Whole),March-2024,4643.35,Metric Tonnes,5842.67,Rs./Quintal
Rajasthan,Pulses,Mataki,March-2024,630.60,Metric Tonnes,5711.85,Rs./Quintal
Rajasthan,Pulses,Moath Dal,March-2024,2327.80,Metric Tonnes,5614.84,Rs./Quintal
Rajasthan,Pulses,Peas(Dry),March-2024,2.50,Metric Tonnes,2460.00,Rs./Quintal
Rajasthan,Pulses,Red gram/Arhar/Tur(whole),March-2024,42.80,Metric Tonnes,5196.37,Rs./Quintal
Rajasthan,Pulses,Alasande Gram,April-2024,0.40,Metric Tonnes,5100.00,Rs./Quintal
Rajasthan,Pulses,Bengal Gram(Gram)(Whole),April-2024,139946.34,Metric Tonnes,5539.79,Rs./Quintal
Rajasthan,Pulses,Black Gram(Urd Beans)(Whole),April-2024,578.33,Metric Tonnes,7978.37,Rs./Quintal
Rajasthan,Pulses,Green Gram(Moong)(Whole),April-2024,2899.58,Metric Tonnes,7925.18,Rs./Quintal
Rajasthan,Pulses,Green Peas,April-2024,1011.80,Metric Tonnes,4045.12,Rs./Quintal
Rajasthan,Pulses,Guar Seed(Cluster Beans Seed),April-2024,2060.75,Metric Tonnes,5084.09,Rs./Quintal
Rajasthan,Pulses,Kulthi(Horse Gram),April-2024,32.10,Metric Tonnes,5438.86,Rs./Quintal
Rajasthan,Pulses,Lentil(Masur)(Whole),April-2024,1780.95,Metric Tonnes,5753.52,Rs./Quintal
Rajasthan,Pulses,Mataki,April-2024,426.00,Metric Tonnes,4988.58,Rs./Quintal
Rajasthan,Pulses,Moath Dal,April-2024,1584.80,Metric Tonnes,6037.76,Rs./Quintal
Rajasthan,Pulses,Red gram/Arhar/Tur(whole),April-2024,140.70,Metric Tonnes,5710.29,Rs./Quintal
Rajasthan,Pulses,Alasande Gram,May-2024,1.10,Metric Tonnes,6550.00,Rs./Quintal
Rajasthan,Pulses,Bengal Gram(Gram)(Whole),May-2024,37335.05,Metric Tonnes,6165.83,Rs./Quintal
Rajasthan,Pulses,Black Gram(Urd Beans)(Whole),May-2024,860.30,Metric Tonnes,8118.62,Rs./Quintal
Rajasthan,Pulses,Cowpea(Lobia/Karamani),May-2024,4.10,Metric Tonnes,4287.71,Rs./Quintal
Rajasthan,Pulses,Green Gram(Moong)(Whole),May-2024,1017.94,Metric Tonnes,7678.05,Rs./Quintal
Rajasthan,Pulses,Green Peas,May-2024,998.00,Metric Tonnes,6018.05,Rs./Quintal
Rajasthan,Pulses,Guar Seed(Cluster Beans Seed),May-2024,3083.05,Metric Tonnes,5173.60,Rs./Quintal
Rajasthan,Pulses,Kulthi(Horse Gram),May-2024,11.20,Metric Tonnes,6218.97,Rs./Quintal
Rajasthan,Pulses,Lentil(Masur)(Whole),May-2024,1578.30,Metric Tonnes,5925.35,Rs./Quintal
Rajasthan,Pulses,Masur Dal,May-2024,1.40,Metric Tonnes,5850.00,Rs./Quintal
Rajasthan,Pulses,Mataki,May-2024,340.00,Metric Tonnes,5213.02,Rs./Quintal
Rajasthan,Pulses,Moath Dal,May-2024,1043.80,Metric Tonnes,6019.58,Rs./Quintal
Rajasthan,Pulses,Red gram/Arhar/Tur(whole),May-2024,21.50,Metric Tonnes,8479.21,Rs./Quintal
Rajasthan,Pulses,Alasande Gram,June-2024,0.60,Metric Tonnes,6750.00,Rs./Quintal
Rajasthan,Pulses,Bengal Gram(Gram)(Whole),June-2024,14027.30,Metric Tonnes,6543.02,Rs./Quintal
Rajasthan,Pulses,Black Gram(Urd Beans)(Whole),June-2024,2000.75,Metric Tonnes,8156.58,Rs./Quintal
Rajasthan,Pulses,Cowpea(Lobia/Karamani),June-2024,40.60,Metric Tonnes,4597.87,Rs./Quintal
Rajasthan,Pulses,Green Gram(Moong)(Whole),June-2024,7312.32,Metric Tonnes,7488.63,Rs./Quintal
Rajasthan,Pulses,Green Peas,June-2024,576.70,Metric Tonnes,6128.79,Rs./Quintal
Rajasthan,Pulses,Guar Seed(Cluster Beans Seed),June-2024,3067.90,Metric Tonnes,5126.41,Rs./Quintal
Rajasthan,Pulses,Kulthi(Horse Gram),June-2024,0.90,Metric Tonnes,6700.00,Rs./Quintal
Rajasthan,Pulses,Lentil(Masur)(Whole),June-2024,740.80,Metric Tonnes,6037.33,Rs./Quintal
Rajasthan,Pulses,Masur Dal,June-2024,0.50,Metric Tonnes,5950.00,Rs./Quintal
Rajasthan,Pulses,Mataki,June-2024,215.50,Metric Tonnes,5237.79,Rs./Quintal
Rajasthan,Pulses,Moath Dal,June-2024,1030.50,Metric Tonnes,6345.50,Rs./Quintal
Rajasthan,Pulses,Peas(Dry),June-2024,1.00,Metric Tonnes,3150.00,Rs./Quintal
Rajasthan,Pulses,Red gram/Arhar/Tur(whole),June-2024,6.10,Metric Tonnes,8579.34,Rs./Quintal
Rajasthan,Pulses,Alasande Gram,July-2024,2.50,Metric Tonnes,6668.00,Rs./Quintal
Rajasthan,Pulses,Bengal Gram(Gram)(Whole),July-2024,6351.26,Metric Tonnes,6460.22,Rs./Quintal
Rajasthan,Pulses,Black Gram(Urd Beans)(Whole),July-2024,1336.40,Metric Tonnes,8004.69,Rs./Quintal
Rajasthan,Pulses,Cowpea(Lobia/Karamani),July-2024,9.90,Metric Tonnes,4210.08,Rs./Quintal
Rajasthan,Pulses,Green Gram Dal(Moong Dal),July-2024,137.00,Metric Tonnes,7135.53,Rs./Quintal
Rajasthan,Pulses,Green Gram(Moong)(Whole),July-2024,3079.85,Metric Tonnes,7354.80,Rs./Quintal
Rajasthan,Pulses,Green Peas,July-2024,775.90,Metric Tonnes,10577.23,Rs./Quintal
Rajasthan,Pulses,Guar Seed(Cluster Beans Seed),July-2024,2774.40,Metric Tonnes,5116.02,Rs./Quintal
Rajasthan,Pulses,Kulthi(Horse Gram),July-2024,1.50,Metric Tonnes,6450.00,Rs./Quintal
Rajasthan,Pulses,Lentil(Masur)(Whole),July-2024,402.60,Metric Tonnes,6032.15,Rs./Quintal
Rajasthan,Pulses,Masur Dal,July-2024,0.40,Metric Tonnes,5617.50,Rs./Quintal
Rajasthan,Pulses,Mataki,July-2024,80.50,Metric Tonnes,5237.71,Rs./Quintal
Rajasthan,Pulses,Moath Dal,July-2024,716.65,Metric Tonnes,6266.98,Rs./Quintal
Rajasthan,Pulses,Red gram/Arhar/Tur(whole),July-2024,41.70,Metric Tonnes,5818.73,Rs./Quintal
Rajasthan,Pulses,Alasande Gram,August-2024,8.50,Metric Tonnes,7122.88,Rs./Quintal
Rajasthan,Pulses,Bengal Gram(Gram)(Whole),August-2024,2949.25,Metric Tonnes,6919.83,Rs./Quintal
Rajasthan,Pulses,Black Gram(Urd Beans)(Whole),August-2024,717.60,Metric Tonnes,7755.48,Rs./Quintal
Rajasthan,Pulses,Cowpea(Lobia/Karamani),August-2024,7.40,Metric Tonnes,4037.91,Rs./Quintal
Rajasthan,Pulses,Green Gram Dal(Moong Dal),August-2024,81.00,Metric Tonnes,7295.38,Rs./Quintal
Rajasthan,Pulses,Green Gram(Moong)(Whole),August-2024,3437.45,Metric Tonnes,7303.25,Rs./Quintal
Rajasthan,Pulses,Green Peas,August-2024,786.90,Metric Tonnes,10219.92,Rs./Quintal
Rajasthan,Pulses,Guar Seed(Cluster Beans Seed),August-2024,1042.70,Metric Tonnes,4991.36,Rs./Quintal
Rajasthan,Pulses,Lentil(Masur)(Whole),August-2024,252.80,Metric Tonnes,5887.50,Rs./Quintal
Rajasthan,Pulses,Masur Dal,August-2024,0.20,Metric Tonnes,5700.00,Rs./Quintal
Rajasthan,Pulses,Mataki,August-2024,83.80,Metric Tonnes,5229.41,Rs./Quintal
Rajasthan,Pulses,Moath Dal,August-2024,696.18,Metric Tonnes,6227.92,Rs./Quintal
Rajasthan,Pulses,Red gram/Arhar/Tur(whole),August-2024,1.00,Metric Tonnes,5680.00,Rs./Quintal
Rajasthan,Pulses,Alasande Gram,September-2024,7.30,Metric Tonnes,7361.99,Rs./Quintal
Rajasthan,Pulses,Bengal Gram(Gram)(Whole),September-2024,2131.60,Metric Tonnes,6959.26,Rs./Quintal
Rajasthan,Pulses,Black Gram(Urd Beans)(Whole),September-2024,5384.00,Metric Tonnes,7297.65,Rs./Quintal
Rajasthan,Pulses,Cowpea(Lobia/Karamani),September-2024,167.30,Metric Tonnes,6911.86,Rs./Quintal
Rajasthan,Pulses,Green Gram Dal(Moong Dal),September-2024,501.00,Metric Tonnes,6993.80,Rs./Quintal
Rajasthan,Pulses,Green Gram(Moong)(Whole),September-2024,43727.75,Metric Tonnes,6915.54,Rs./Quintal
Rajasthan,Pulses,Green Peas,September-2024,750.80,Metric Tonnes,11121.99,Rs./Quintal
Rajasthan,Pulses,Guar Seed(Cluster Beans Seed),September-2024,3310.65,Metric Tonnes,4918.78,Rs./Quintal
Rajasthan,Pulses,Lentil(Masur)(Whole),September-2024,300.00,Metric Tonnes,5902.68,Rs./Quintal
Rajasthan,Pulses,Mataki,September-2024,87.10,Metric Tonnes,5430.21,Rs./Quintal
Rajasthan,Pulses,Moath Dal,September-2024,1849.59,Metric Tonnes,5787.30,Rs./Quintal
Rajasthan,Pulses,Peas(Dry),September-2024,0.10,Metric Tonnes,4555.00,Rs./Quintal
Rajasthan,Pulses,Red gram/Arhar/Tur(whole),September-2024,37.50,Metric Tonnes,6791.49,Rs./Quintal
Rajasthan,Pulses,Alasande Gram,October-2024,2.00,Metric Tonnes,6850.00,Rs./Quintal
Rajasthan,Pulses,Bengal Gram(Gram)(Whole),October-2024,3044.00,Metric Tonnes,6665.80,Rs./Quintal
Rajasthan,Pulses,Black Gram(Urd Beans)(Whole),October-2024,22354.50,Metric Tonnes,7138.17,Rs./Quintal
Rajasthan,Pulses,Cowpea(Lobia/Karamani),October-2024,1496.90,Metric Tonnes,6873.81,Rs./Quintal
Rajasthan,Pulses,Green Gram Dal(Moong Dal),October-2024,1706.00,Metric Tonnes,6816.61,Rs./Quintal
Rajasthan,Pulses,Green Gram(Moong)(Whole),October-2024,97185.79,Metric Tonnes,6747.81,Rs./Quintal
Rajasthan,Pulses,Green Peas,October-2024,958.20,Metric Tonnes,9633.54,Rs./Quintal
Rajasthan,Pulses,Guar Seed(Cluster Beans Seed),October-2024,15629.70,Metric Tonnes,5130.34,Rs./Quintal
Rajasthan,Pulses,Kulthi(Horse Gram),October-2024,0.50,Metric Tonnes,7050.00,Rs./Quintal
Rajasthan,Pulses,Lentil(Masur)(Whole),October-2024,300.70,Metric Tonnes,5986.64,Rs./Quintal
Rajasthan,Pulses,Mataki,October-2024,124.55,Metric Tonnes,5661.36,Rs./Quintal
Rajasthan,Pulses,Moath Dal,October-2024,9149.10,Metric Tonnes,4892.94,Rs./Quintal
Rajasthan,Pulses,Peas(Dry),October-2024,0.20,Metric Tonnes,2400.00,Rs./Quintal
Rajasthan,Pulses,Red gram/Arhar/Tur(whole),October-2024,1.40,Metric Tonnes,6162.36,Rs./Quintal
Rajasthan,Pulses,Alasande Gram,November-2024,2.20,Metric Tonnes,6209.09,Rs./Quintal
Rajasthan,Pulses,Bengal Gram(Gram)(Whole),November-2024,2944.10,Metric Tonnes,6064.47,Rs./Quintal
Rajasthan,Pulses,Black Gram(Urd Beans)(Whole),November-2024,12294.40,Metric Tonnes,6903.20,Rs./Quintal
Rajasthan,Pulses,Cowpea(Lobia/Karamani),November-2024,591.15,Metric Tonnes,6485.81,Rs./Quintal
Rajasthan,Pulses,Green Gram Dal(Moong Dal),November-2024,979.00,Metric Tonnes,6335.77,Rs./Quintal
Rajasthan,Pulses,Green Gram(Moong)(Whole),November-2024,50705.40,Metric Tonnes,6731.30,Rs./Quintal
Rajasthan,Pulses,Green Peas,November-2024,1686.60,Metric Tonnes,7306.83,Rs./Quintal
Rajasthan,Pulses,Guar Seed(Cluster Beans Seed),November-2024,38408.58,Metric Tonnes,4829.59,Rs./Quintal
Rajasthan,Pulses,Lentil(Masur)(Whole),November-2024,446.70,Metric Tonnes,5833.29,Rs./Quintal
Rajasthan,Pulses,Mataki,November-2024,140.35,Metric Tonnes,5581.77,Rs./Quintal
Rajasthan,Pulses,Moath Dal,November-2024,9347.69,Metric Tonnes,4680.15,Rs./Quintal
Rajasthan,Pulses,Red gram/Arhar/Tur(whole),November-2024,72.50,Metric Tonnes,5730.24,Rs./Quintal
Rajasthan,Pulses,Bengal Gram(Gram)(Whole),December-2024,2420.50,Metric Tonnes,6006.21,Rs./Quintal
Rajasthan,Pulses,Black Gram(Urd Beans)(Whole),December-2024,11489.90,Metric Tonnes,6920.67,Rs./Quintal
Rajasthan,Pulses,Cowpea(Lobia/Karamani),December-2024,587.40,Metric Tonnes,6305.30,Rs./Quintal
Rajasthan,Pulses,Green Gram Dal(Moong Dal),December-2024,542.00,Metric Tonnes,6778.42,Rs./Quintal
Rajasthan,Pulses,Green Gram(Moong)(Whole),December-2024,39840.92,Metric Tonnes,6702.44,Rs./Quintal
Rajasthan,Pulses,Green Peas,December-2024,2320.60,Metric Tonnes,5405.03,Rs./Quintal
Rajasthan,Pulses,Guar Seed(Cluster Beans Seed),December-2024,36632.85,Metric Tonnes,4826.65,Rs./Quintal
Rajasthan,Pulses,Lentil(Masur)(Whole),December-2024,253.30,Metric Tonnes,5805.35,Rs./Quintal
Rajasthan,Pulses,Mataki,December-2024,92.85,Metric Tonnes,5387.07,Rs./Quintal
Rajasthan,Pulses,Moath Dal,December-2024,5461.10,Metric Tonnes,4661.09,Rs./Quintal
Rajasthan,Pulses,Peas(Dry),December-2024,0.10,Metric Tonnes,4000.00,Rs./Quintal
Rajasthan,Pulses,Red gram/Arhar/Tur(whole),December-2024,162.70,Metric Tonnes,7052.56,Rs./Quintal
Rajasthan,Pulses,Bengal Gram(Gram)(Whole),January-2025,1399.15,Metric Tonnes,5687.97,Rs./Quintal
Rajasthan,Pulses,Black Gram(Urd Beans)(Whole),January-2025,6257.85,Metric Tonnes,6746.85,Rs./Quintal
Rajasthan,Pulses,Cowpea(Lobia/Karamani),January-2025,223.30,Metric Tonnes,6696.47,Rs./Quintal
Rajasthan,Pulses,Green Gram Dal(Moong Dal),January-2025,119.20,Metric Tonnes,7332.13,Rs./Quintal
Rajasthan,Pulses,Green Gram(Moong)(Whole),January-2025,21574.27,Metric Tonnes,7086.49,Rs./Quintal
Rajasthan,Pulses,Green Peas,January-2025,4443.40,Metric Tonnes,2974.91,Rs./Quintal
Rajasthan,Pulses,Guar Seed(Cluster Beans Seed),January-2025,20308.80,Metric Tonnes,5041.82,Rs./Quintal
Rajasthan,Pulses,Lentil(Masur)(Whole),January-2025,100.30,Metric Tonnes,5846.26,Rs./Quintal
Rajasthan,Pulses,Mataki,January-2025,11.10,Metric Tonnes,4886.34,Rs./Quintal
Rajasthan,Pulses,Moath Dal,January-2025,4410.65,Metric Tonnes,4786.72,Rs./Quintal
Rajasthan,Pulses,Red gram/Arhar/Tur(whole),January-2025,10.40,Metric Tonnes,7196.94,Rs./Quintal
Rajasthan,Pulses,Bengal Gram(Gram)(Whole),February-2025,1009.19,Metric Tonnes,5366.05,Rs./Quintal
Rajasthan,Pulses,Black Gram(Urd Beans)(Whole),February-2025,5128.50,Metric Tonnes,6632.56,Rs./Quintal
Rajasthan,Pulses,Cowpea(Lobia/Karamani),February-2025,153.75,Metric Tonnes,5520.72,Rs./Quintal
Rajasthan,Pulses,Green Gram Dal(Moong Dal),February-2025,22.00,Metric Tonnes,7068.55,Rs./Quintal
Rajasthan,Pulses,Green Gram(Moong)(Whole),February-2025,8886.60,Metric Tonnes,7129.83,Rs./Quintal
Rajasthan,Pulses,Green Peas,February-2025,4019.30,Metric Tonnes,2083.71,Rs./Quintal
Rajasthan,Pulses,Guar Seed(Cluster Beans Seed),February-2025,8884.40,Metric Tonnes,4967.86,Rs./Quintal
Rajasthan,Pulses,Kulthi(Horse Gram),February-2025,16.50,Metric Tonnes,5350.00,Rs./Quintal
Rajasthan,Pulses,Lentil(Masur)(Whole),February-2025,832.40,Metric Tonnes,5913.39,Rs./Quintal
Rajasthan,Pulses,Mataki,February-2025,56.40,Metric Tonnes,4586.68,Rs./Quintal
Rajasthan,Pulses,Moath Dal,February-2025,2787.20,Metric Tonnes,4785.67,Rs./Quintal
Rajasthan,Pulses,Red gram/Arhar/Tur(whole),February-2025,47.40,Metric Tonnes,6310.20,Rs./Quintal
Rajasthan,Pulses,Bengal Gram(Gram)(Whole),March-2025,80858.40,Metric Tonnes,5045.03,Rs./Quintal
Rajasthan,Pulses,Black Gram(Urd Beans)(Whole),March-2025,8985.75,Metric Tonnes,6556.56,Rs./Quintal
Rajasthan,Pulses,Cowpea(Lobia/Karamani),March-2025,106.90,Metric Tonnes,5019.00,Rs./Quintal
Rajasthan,Pulses,Green Gram(Moong)(Whole),March-2025,8154.70,Metric Tonnes,7183.43,Rs./Quintal
Rajasthan,Pulses,Green Peas,March-2025,2798.40,Metric Tonnes,2407.12,Rs./Quintal
Rajasthan,Pulses,Guar Seed(Cluster Beans Seed),March-2025,5896.25,Metric Tonnes,4887.22,Rs./Quintal
Rajasthan,Pulses,Kulthi(Horse Gram),March-2025,3154.30,Metric Tonnes,4971.58,Rs./Quintal
Rajasthan,Pulses,Lentil(Masur)(Whole),March-2025,6243.95,Metric Tonnes,5791.16,Rs./Quintal
Rajasthan,Pulses,Mataki,March-2025,532.35,Metric Tonnes,4938.57,Rs./Quintal
Rajasthan,Pulses,Moath Dal,March-2025,2911.30,Metric Tonnes,4674.88,Rs./Quintal
Rajasthan,Pulses,Red gram/Arhar/Tur(whole),March-2025,2545.60,Metric Tonnes,5650.77,Rs./Quintal
Rajasthan,Pulses,Alasande Gram,April-2025,4.10,Metric Tonnes,5395.61,Rs./Quintal
Rajasthan,Pulses,Bengal Gram(Gram)(Whole),April-2025,178922.55,Metric Tonnes,5304.09,Rs./Quintal
Rajasthan,Pulses,Black Gram(Urd Beans)(Whole),April-2025,3283.90,Metric Tonnes,5613.76,Rs./Quintal
Rajasthan,Pulses,Cowpea(Lobia/Karamani),April-2025,45.90,Metric Tonnes,6032.65,Rs./Quintal
Rajasthan,Pulses,Green Gram(Moong)(Whole),April-2025,2695.30,Metric Tonnes,7097.87,Rs./Quintal
Rajasthan,Pulses,Green Peas,April-2025,1332.80,Metric Tonnes,3723.90,Rs./Quintal
Rajasthan,Pulses,Guar Seed(Cluster Beans Seed),April-2025,6782.20,Metric Tonnes,4947.71,Rs./Quintal
Rajasthan,Pulses,Kulthi(Horse Gram),April-2025,1656.00,Metric Tonnes,5281.87,Rs./Quintal
Rajasthan,Pulses,Lentil(Masur)(Whole),April-2025,1496.80,Metric Tonnes,6015.23,Rs./Quintal
Rajasthan,Pulses,Mataki,April-2025,553.10,Metric Tonnes,4939.36,Rs./Quintal
Rajasthan,Pulses,Moath Dal,April-2025,2488.50,Metric Tonnes,4725.06,Rs./Quintal
Rajasthan,Pulses,Red gram/Arhar/Tur(whole),April-2025,285.00,Metric Tonnes,5652.57,Rs./Quintal
Rajasthan,Pulses,Alasande Gram,May-2025,20.40,Metric Tonnes,5399.90,Rs./Quintal
Rajasthan,Pulses,Bengal Gram(Gram)(Whole),May-2025,50859.75,Metric Tonnes,5286.90,Rs./Quintal
Rajasthan,Pulses,Black Gram(Urd Beans)(Whole),May-2025,3007.30,Metric Tonnes,5904.25,Rs./Quintal
Rajasthan,Pulses,Cowpea(Lobia/Karamani),May-2025,28.80,Metric Tonnes,5215.31,Rs./Quintal
Rajasthan,Pulses,Green Gram(Moong)(Whole),May-2025,1572.45,Metric Tonnes,6775.94,Rs./Quintal
Rajasthan,Pulses,Green Peas,May-2025,121.80,Metric Tonnes,6396.71,Rs./Quintal
Rajasthan,Pulses,Guar Seed(Cluster Beans Seed),May-2025,9273.30,Metric Tonnes,4889.30,Rs./Quintal
Rajasthan,Pulses,Kulthi(Horse Gram),May-2025,418.30,Metric Tonnes,5349.26,Rs./Quintal
Rajasthan,Pulses,Lentil(Masur)(Whole),May-2025,878.50,Metric Tonnes,6309.48,Rs./Quintal
Rajasthan,Pulses,Mataki,May-2025,390.00,Metric Tonnes,4868.95,Rs./Quintal
Rajasthan,Pulses,Moath Dal,May-2025,3569.70,Metric Tonnes,4777.99,Rs./Quintal
Rajasthan,Pulses,Peas(Dry),May-2025,0.10,Metric Tonnes,3101.00,Rs./Quintal
Rajasthan,Pulses,Red gram/Arhar/Tur(whole),May-2025,73.00,Metric Tonnes,5341.80,Rs./Quintal
Rajasthan,Pulses,Alasande Gram,June-2025,8.90,Metric Tonnes,5362.25,Rs./Quintal
Rajasthan,Pulses,Bengal Gram(Gram)(Whole),June-2025,21629.00,Metric Tonnes,5210.97,Rs./Quintal
Rajasthan,Pulses,Black Gram(Urd Beans)(Whole),June-2025,1716.00,Metric Tonnes,5735.17,Rs./Quintal
Rajasthan,Pulses,Cowpea(Lobia/Karamani),June-2025,61.90,Metric Tonnes,5173.83,Rs./Quintal
Rajasthan,Pulses,Green Gram(Moong)(Whole),June-2025,3370.60,Metric Tonnes,6561.66,Rs./Quintal
Rajasthan,Pulses,Green Peas,June-2025,366.70,Metric Tonnes,6620.30,Rs./Quintal
Rajasthan,Pulses,Guar Seed(Cluster Beans Seed),June-2025,4547.65,Metric Tonnes,4784.68,Rs./Quintal
Rajasthan,Pulses,Kulthi(Horse Gram),June-2025,55.60,Metric Tonnes,5356.97,Rs./Quintal
Rajasthan,Pulses,Lentil(Masur)(Whole),June-2025,350.50,Metric Tonnes,6275.28,Rs./Quintal
Rajasthan,Pulses,Mataki,June-2025,142.00,Metric Tonnes,4727.46,Rs./Quintal
Rajasthan,Pulses,Moath Dal,June-2025,2922.00,Metric Tonnes,4894.61,Rs./Quintal
Rajasthan,Pulses,Peas(Dry),June-2025,1.20,Metric Tonnes,2750.00,Rs./Quintal
Rajasthan,Pulses,Red gram/Arhar/Tur(whole),June-2025,27.40,Metric Tonnes,5294.64,Rs./Quintal
Rajasthan,Pulses,Alasande Gram,July-2025,8.80,Metric Tonnes,5472.73,Rs./Quintal
Rajasthan,Pulses,Bengal Gram(Gram)(Whole),July-2025,10613.50,Metric Tonnes,5523.03,Rs./Quintal
Rajasthan,Pulses,Black Gram(Urd Beans)(Whole),July-2025,1274.10,Metric Tonnes,5681.17,Rs./Quintal
Rajasthan,Pulses,Cowpea(Lobia/Karamani),July-2025,15.70,Metric Tonnes,6364.65,Rs./Quintal
Rajasthan,Pulses,Green Gram Dal(Moong Dal),July-2025,87.00,Metric Tonnes,5648.39,Rs./Quintal
Rajasthan,Pulses,Green Gram(Moong)(Whole),July-2025,1833.30,Metric Tonnes,6223.82,Rs./Quintal
Rajasthan,Pulses,Green Peas,July-2025,667.70,Metric Tonnes,9353.33,Rs./Quintal
Rajasthan,Pulses,Guar Seed(Cluster Beans Seed),July-2025,3776.55,Metric Tonnes,4901.05,Rs./Quintal
Rajasthan,Pulses,Kulthi(Horse Gram),July-2025,7.70,Metric Tonnes,5463.64,Rs./Quintal
Rajasthan,Pulses,Lentil(Masur)(Whole),July-2025,346.70,Metric Tonnes,7091.73,Rs./Quintal
Rajasthan,Pulses,Mataki,July-2025,95.00,Metric Tonnes,4820.35,Rs./Quintal
Rajasthan,Pulses,Moath Dal,July-2025,3152.70,Metric Tonnes,5225.64,Rs./Quintal
Rajasthan,Pulses,Peas(Dry),July-2025,10.20,Metric Tonnes,3032.14,Rs./Quintal
Rajasthan,Pulses,Red gram/Arhar/Tur(whole),July-2025,13.90,Metric Tonnes,5912.28,Rs./Quintal
Rajasthan,Pulses,Alasande Gram,August-2025,30.60,Metric Tonnes,5781.05,Rs./Quintal
Rajasthan,Pulses,Bengal Gram(Gram)(Whole),August-2025,5941.55,Metric Tonnes,5658.58,Rs./Quintal
Rajasthan,Pulses,Black Gram(Urd Beans)(Whole),August-2025,635.40,Metric Tonnes,5784.83,Rs./Quintal
Rajasthan,Pulses,Cowpea(Lobia/Karamani),August-2025,52.40,Metric Tonnes,5419.85,Rs./Quintal
Rajasthan,Pulses,Green Gram Dal(Moong Dal),August-2025,50.00,Metric Tonnes,5185.00,Rs./Quintal
Rajasthan,Pulses,Green Gram(Moong)(Whole),August-2025,1526.10,Metric Tonnes,6092.18,Rs./Quintal
Rajasthan,Pulses,Green Peas,August-2025,690.60,Metric Tonnes,8023.51,Rs./Quintal
Rajasthan,Pulses,Guar Seed(Cluster Beans Seed),August-2025,3239.25,Metric Tonnes,4903.10,Rs./Quintal
Rajasthan,Pulses,Kulthi(Horse Gram),August-2025,2.30,Metric Tonnes,5725.00,Rs./Quintal
Rajasthan,Pulses,Lentil(Masur)(Whole),August-2025,135.40,Metric Tonnes,7354.20,Rs./Quintal
Rajasthan,Pulses,Mataki,August-2025,51.60,Metric Tonnes,4792.17,Rs./Quintal
Rajasthan,Pulses,Moath Dal,August-2025,2317.00,Metric Tonnes,5294.85,Rs./Quintal
Rajasthan,Pulses,Peas(Dry),August-2025,0.20,Metric Tonnes,3299.00,Rs./Quintal
Rajasthan,Pulses,Red gram/Arhar/Tur(whole),August-2025,7.65,Metric Tonnes,5155.56,Rs./Quintal
Rajasthan,Pulses,Alasande Gram,September-2025,1.00,Metric Tonnes,5700.00,Rs./Quintal
Rajasthan,Pulses,Bengal Gram(Gram)(Whole),September-2025,4116.29,Metric Tonnes,5361.38,Rs./Quintal
Rajasthan,Pulses,Black Gram(Urd Beans)(Whole),September-2025,2912.25,Metric Tonnes,5527.02,Rs./Quintal
Rajasthan,Pulses,Cowpea(Lobia/Karamani),September-2025,485.80,Metric Tonnes,4550.66,Rs./Quintal
Rajasthan,Pulses,Green Gram Dal(Moong Dal),September-2025,1051.00,Metric Tonnes,5721.37,Rs./Quintal
Rajasthan,Pulses,Green Gram(Moong)(Whole),September-2025,30353.16,Metric Tonnes,6403.03,Rs./Quintal
Rajasthan,Pulses,Green Peas,September-2025,1010.90,Metric Tonnes,10109.06,Rs./Quintal
Rajasthan,Pulses,Guar Seed(Cluster Beans Seed),September-2025,3172.95,Metric Tonnes,4704.60,Rs./Quintal
Rajasthan,Pulses,Kulthi(Horse Gram),September-2025,4.10,Metric Tonnes,5535.37,Rs./Quintal
Rajasthan,Pulses,Lentil(Masur)(Whole),September-2025,136.10,Metric Tonnes,6689.85,Rs./Quintal
Rajasthan,Pulses,Mataki,September-2025,96.70,Metric Tonnes,4684.15,Rs./Quintal
Rajasthan,Pulses,Moath Dal,September-2025,2169.50,Metric Tonnes,5190.35,Rs./Quintal
Rajasthan,Pulses,Peas(Dry),September-2025,1.50,Metric Tonnes,2773.13,Rs./Quintal
Rajasthan,Pulses,Red gram/Arhar/Tur(whole),September-2025,2.70,Metric Tonnes,4388.11,Rs./Quintal
Rajasthan,Pulses,Alasande Gram,October-2025,1.90,Metric Tonnes,5300.00,Rs./Quintal
Rajasthan,Pulses,Bengal Gram(Gram)(Whole),October-2025,3163.55,Metric Tonnes,5173.88,Rs./Quintal
Rajasthan,Pulses,Black Gram(Urd Beans)(Whole),October-2025,6212.00,Metric Tonnes,5550.08,Rs./Quintal
Rajasthan,Pulses,Cowpea(Lobia/Karamani),October-2025,1356.00,Metric Tonnes,4536.93,Rs./Quintal
Rajasthan,Pulses,Green Gram Dal(Moong Dal),October-2025,5002.00,Metric Tonnes,6306.09,Rs./Quintal
Rajasthan,Pulses,Green Gram(Moong)(Whole),October-2025,110239.42,Metric Tonnes,6469.55,Rs./Quintal
Rajasthan,Pulses,Green Peas,October-2025,665.90,Metric Tonnes,11954.26,Rs./Quintal
Rajasthan,Pulses,Guar Seed(Cluster Beans Seed),October-2025,9799.45,Metric Tonnes,4362.84,Rs./Quintal
Rajasthan,Pulses,Kulthi(Horse Gram),October-2025,6.60,Metric Tonnes,5350.00,Rs./Quintal
Rajasthan,Pulses,Lentil(Masur)(Whole),October-2025,51.00,Metric Tonnes,6412.07,Rs./Quintal
Rajasthan,Pulses,Mataki,October-2025,87.60,Metric Tonnes,4609.69,Rs./Quintal
Rajasthan,Pulses,Moath Dal,October-2025,42107.20,Metric Tonnes,4441.41,Rs./Quintal
Rajasthan,Pulses,Peas(Dry),October-2025,4.50,Metric Tonnes,3123.40,Rs./Quintal
Rajasthan,Pulses,Red gram/Arhar/Tur(whole),October-2025,1.00,Metric Tonnes,4950.00,Rs./Quintal
Rajasthan,Pulses,Alasande Gram,November-2025,2.10,Metric Tonnes,5157.14,Rs./Quintal
Rajasthan,Pulses,Bengal Gram(Gram)(Whole),November-2025,7525.79,Metric Tonnes,5145.84,Rs./Quintal
Rajasthan,Pulses,Big Gram,November-2025,43.92,Metric Tonnes,5047.11,Rs./Quintal
Rajasthan,Pulses,Black Gram(Urd Beans)(Whole),November-2025,6385.80,Metric Tonnes,5854.31,Rs./Quintal
Rajasthan,Pulses,Cowpea(Lobia/Karamani),November-2025,969.70,Metric Tonnes,4288.09,Rs./Quintal
Rajasthan,Pulses,Green Gram Dal(Moong Dal),November-2025,1884.40,Metric Tonnes,5728.34,Rs./Quintal
Rajasthan,Pulses,Green Gram(Moong)(Whole),November-2025,105473.02,Metric Tonnes,6483.55,Rs./Quintal
Rajasthan,Pulses,Green Peas,November-2025,244.00,Metric Tonnes,7593.77,Rs./Quintal
Rajasthan,Pulses,Guar Seed(Cluster Beans Seed),November-2025,24190.10,Metric Tonnes,4255.28,Rs./Quintal
Rajasthan,Pulses,Lentil(Masur)(Whole),November-2025,148.65,Metric Tonnes,7026.38,Rs./Quintal
Rajasthan,Pulses,Masur Dal,November-2025,0.10,Metric Tonnes,7400.00,Rs./Quintal
Rajasthan,Pulses,Mataki,November-2025,26.19,Metric Tonnes,5431.69,Rs./Quintal
Rajasthan,Pulses,Moath Dal,November-2025,10382.38,Metric Tonnes,4320.67,Rs./Quintal
Rajasthan,Pulses,Red gram/Arhar/Tur(whole),November-2025,106.40,Metric Tonnes,5141.57,Rs./Quintal
Rajasthan,Pulses,Bengal Gram Dal(Chana Dal),December-2025,5.00,Metric Tonnes,4875.00,Rs./Quintal
Rajasthan,Pulses,Bengal Gram(Gram)(Whole),December-2025,6676.84,Metric Tonnes,5057.22,Rs./Quintal
Rajasthan,Pulses,Big Gram,December-2025,52.40,Metric Tonnes,4848.05,Rs./Quintal
Rajasthan,Pulses,Black Gram(Urd Beans)(Whole),December-2025,6956.44,Metric Tonnes,5719.87,Rs./Quintal
Rajasthan,Pulses,Cowpea(Lobia/Karamani),December-2025,876.05,Metric Tonnes,4746.99,Rs./Quintal
Rajasthan,Pulses,Green Gram Dal(Moong Dal),December-2025,314.00,Metric Tonnes,4991.34,Rs./Quintal
Rajasthan,Pulses,Green Gram(Moong)(Whole),December-2025,84154.72,Metric Tonnes,6549.34,Rs./Quintal
Rajasthan,Pulses,Green Peas,December-2025,919.10,Metric Tonnes,3947.50,Rs./Quintal
Rajasthan,Pulses,Guar Seed(Cluster Beans Seed),December-2025,18797.63,Metric Tonnes,4595.79,Rs./Quintal
Rajasthan,Pulses,Lentil(Masur)(Whole),December-2025,190.70,Metric Tonnes,6781.38,Rs./Quintal
Rajasthan,Pulses,Masur Dal,December-2025,1.00,Metric Tonnes,6974.00,Rs./Quintal
Rajasthan,Pulses,Mataki,December-2025,13.55,Metric Tonnes,5245.27,Rs./Quintal
Rajasthan,Pulses,Moath Dal,December-2025,10029.08,Metric Tonnes,4361.72,Rs./Quintal
Rajasthan,Pulses,Red gram/Arhar/Tur(whole),December-2025,151.44,Metric Tonnes,5100.10,Rs./Quintal
Tamil Nadu,Pulses,Black Gram Dal(Urd Dal),January-2023,564.91,Metric Tonnes,6048.00,Rs./Quintal
Tamil Nadu,Pulses,Black Gram(Urd Beans)(Whole),January-2023,22460.42,Metric Tonnes,6836.99,Rs./Quintal
Tamil Nadu,Pulses,Cowpea(Lobia/Karamani),January-2023,16.94,Metric Tonnes,7608.73,Rs./Quintal
Tamil Nadu,Pulses,Green Gram Dal(Moong Dal),January-2023,1.07,Metric Tonnes,8919.34,Rs./Quintal
Tamil Nadu,Pulses,Green Gram(Moong)(Whole),January-2023,132.03,Metric Tonnes,6413.31,Rs./Quintal
Tamil Nadu,Pulses,Kulthi(Horse Gram),January-2023,1.54,Metric Tonnes,3216.04,Rs./Quintal
Tamil Nadu,Pulses,Red gram/Arhar/Tur(whole),January-2023,0.60,Metric Tonnes,4409.33,Rs./Quintal
Tamil Nadu,Pulses,Thinai(Italian Millet),January-2023,76.30,Metric Tonnes,3309.21,Rs./Quintal
Tamil Nadu,Pulses,Avare Dal,February-2023,0.50,Metric Tonnes,8713.00,Rs./Quintal
Tamil Nadu,Pulses,Bengal Gram(Gram)(Whole),February-2023,14.85,Metric Tonnes,7075.72,Rs./Quintal
Tamil Nadu,Pulses,Black Gram Dal(Urd Dal),February-2023,91.75,Metric Tonnes,6234.14,Rs./Quintal
Tamil Nadu,Pulses,Black Gram(Urd Beans)(Whole),February-2023,14452.66,Metric Tonnes,7043.92,Rs./Quintal
Tamil Nadu,Pulses,Cowpea(Lobia/Karamani),February-2023,53.72,Metric Tonnes,7562.38,Rs./Quintal
Tamil Nadu,Pulses,Green Gram Dal(Moong Dal),February-2023,1.79,Metric Tonnes,6473.15,Rs./Quintal
Tamil Nadu,Pulses,Green Gram(Moong)(Whole),February-2023,741.45,Metric Tonnes,2692.31,Rs./Quintal
Tamil Nadu,Pulses,Karamani,February-2023,679.25,Metric Tonnes,8911.61,Rs./Quintal
Tamil Nadu,Pulses,Kulthi(Horse Gram),February-2023,17.27,Metric Tonnes,5283.60,Rs./Quintal
Tamil Nadu,Pulses,Red gram/Arhar/Tur(whole),February-2023,17.10,Metric Tonnes,4821.90,Rs./Quintal
Tamil Nadu,Pulses,Thinai(Italian Millet),February-2023,24.15,Metric Tonnes,3095.33,Rs./Quintal
Tamil Nadu,Pulses,Avare Dal,March-2023,0.27,Metric Tonnes,8029.00,Rs./Quintal
Tamil Nadu,Pulses,Bengal Gram(Gram)(Whole),March-2023,19.45,Metric Tonnes,4868.70,Rs./Quintal
Tamil Nadu,Pulses,Black Gram Dal(Urd Dal),March-2023,534.68,Metric Tonnes,7144.94,Rs./Quintal
Tamil Nadu,Pulses,Black Gram(Urd Beans)(Whole),March-2023,2760.04,Metric Tonnes,7127.38,Rs./Quintal
Tamil Nadu,Pulses,Cowpea(Lobia/Karamani),March-2023,11.45,Metric Tonnes,6994.82,Rs./Quintal
Tamil Nadu,Pulses,Green Gram Dal(Moong Dal),March-2023,8.56,Metric Tonnes,6154.05,Rs./Quintal
Tamil Nadu,Pulses,Green Gram(Moong)(Whole),March-2023,50.02,Metric Tonnes,7004.29,Rs./Quintal
Tamil Nadu,Pulses,Karamani,March-2023,0.10,Metric Tonnes,6599.00,Rs./Quintal
Tamil Nadu,Pulses,Kulthi(Horse Gram),March-2023,96.03,Metric Tonnes,5674.39,Rs./Quintal
Tamil Nadu,Pulses,Red gram/Arhar/Tur(whole),March-2023,1.34,Metric Tonnes,4295.56,Rs./Quintal
Tamil Nadu,Pulses,Thinai(Italian Millet),March-2023,11.50,Metric Tonnes,3964.13,Rs./Quintal
Tamil Nadu,Pulses,Bengal Gram(Gram)(Whole),April-2023,8.31,Metric Tonnes,4668.00,Rs./Quintal
Tamil Nadu,Pulses,Black Gram Dal(Urd Dal),April-2023,33.59,Metric Tonnes,4436.63,Rs./Quintal
Tamil Nadu,Pulses,Black Gram(Urd Beans)(Whole),April-2023,1075.70,Metric Tonnes,7306.15,Rs./Quintal
Tamil Nadu,Pulses,Cowpea(Lobia/Karamani),April-2023,5.82,Metric Tonnes,7753.34,Rs./Quintal
Tamil Nadu,Pulses,Green Gram Dal(Moong Dal),April-2023,0.90,Metric Tonnes,5018.04,Rs./Quintal
Tamil Nadu,Pulses,Green Gram(Moong)(Whole),April-2023,26.56,Metric Tonnes,6951.35,Rs./Quintal
Tamil Nadu,Pulses,Karamani,April-2023,196.09,Metric Tonnes,8411.81,Rs./Quintal
Tamil Nadu,Pulses,Kulthi(Horse Gram),April-2023,4.75,Metric Tonnes,5419.03,Rs./Quintal
Tamil Nadu,Pulses,Red gram/Arhar/Tur(whole),April-2023,0.21,Metric Tonnes,2874.71,Rs./Quintal
Tamil Nadu,Pulses,Thinai(Italian Millet),April-2023,9.40,Metric Tonnes,3818.97,Rs./Quintal
Tamil Nadu,Pulses,Black Gram Dal(Urd Dal),May-2023,19.46,Metric Tonnes,6846.30,Rs./Quintal
Tamil Nadu,Pulses,Black Gram(Urd Beans)(Whole),May-2023,1069.85,Metric Tonnes,7317.74,Rs./Quintal
Tamil Nadu,Pulses,Cowpea(Lobia/Karamani),May-2023,0.05,Metric Tonnes,6604.40,Rs./Quintal
Tamil Nadu,Pulses,Green Gram(Moong)(Whole),May-2023,19.19,Metric Tonnes,6547.25,Rs./Quintal
Tamil Nadu,Pulses,Kabuli Chana(Chickpeas-White),May-2023,8.40,Metric Tonnes,4800.00,Rs./Quintal
Tamil Nadu,Pulses,Karamani,May-2023,33.28,Metric Tonnes,8163.46,Rs./Quintal
Tamil Nadu,Pulses,Kulthi(Horse Gram),May-2023,1.08,Metric Tonnes,5294.55,Rs./Quintal
Tamil Nadu,Pulses,Thinai(Italian Millet),May-2023,15.90,Metric Tonnes,3705.99,Rs./Quintal
Tamil Nadu,Pulses,Bengal Gram(Gram)(Whole),June-2023,65.90,Metric Tonnes,6500.00,Rs./Quintal
Tamil Nadu,Pulses,Black Gram(Urd Beans)(Whole),June-2023,481.77,Metric Tonnes,7791.40,Rs./Quintal
Tamil Nadu,Pulses,Cowpea(Lobia/Karamani),June-2023,0.12,Metric Tonnes,5887.33,Rs./Quintal
Tamil Nadu,Pulses,Green Gram(Moong)(Whole),June-2023,7.45,Metric Tonnes,6140.05,Rs./Quintal
Tamil Nadu,Pulses,Karamani,June-2023,0.50,Metric Tonnes,7810.00,Rs./Quintal
Tamil Nadu,Pulses,Kulthi(Horse Gram),June-2023,91.23,Metric Tonnes,5309.13,Rs./Quintal
Tamil Nadu,Pulses,Red gram/Arhar/Tur(whole),June-2023,0.01,Metric Tonnes,3250.00,Rs./Quintal
Tamil Nadu,Pulses,Thinai(Italian Millet),June-2023,8.60,Metric Tonnes,3418.27,Rs./Quintal
Tamil Nadu,Pulses,Bengal Gram(Gram)(Whole),July-2023,12.21,Metric Tonnes,4669.70,Rs./Quintal
Tamil Nadu,Pulses,Black Gram Dal(Urd Dal),July-2023,1.50,Metric Tonnes,4561.45,Rs./Quintal
Tamil Nadu,Pulses,Black Gram(Urd Beans)(Whole),July-2023,250.80,Metric Tonnes,7433.05,Rs./Quintal
Tamil Nadu,Pulses,Green Gram(Moong)(Whole),July-2023,5.20,Metric Tonnes,5550.54,Rs./Quintal
Tamil Nadu,Pulses,Kulthi(Horse Gram),July-2023,2.00,Metric Tonnes,6596.31,Rs./Quintal
Tamil Nadu,Pulses,Thinai(Italian Millet),July-2023,8.20,Metric Tonnes,4114.18,Rs./Quintal
Tamil Nadu,Pulses,Bengal Gram(Gram)(Whole),August-2023,41.15,Metric Tonnes,4979.85,Rs./Quintal
Tamil Nadu,Pulses,Black Gram Dal(Urd Dal),August-2023,16.40,Metric Tonnes,2391.84,Rs./Quintal
Tamil Nadu,Pulses,Black Gram(Urd Beans)(Whole),August-2023,214.55,Metric Tonnes,7567.47,Rs./Quintal
Tamil Nadu,Pulses,Cowpea(Lobia/Karamani),August-2023,2.00,Metric Tonnes,9150.00,Rs./Quintal
Tamil Nadu,Pulses,Green Gram(Moong)(Whole),August-2023,5.50,Metric Tonnes,6026.82,Rs./Quintal
Tamil Nadu,Pulses,Kulthi(Horse Gram),August-2023,1.39,Metric Tonnes,7665.12,Rs./Quintal
Tamil Nadu,Pulses,Red gram/Arhar/Tur(whole),August-2023,1.61,Metric Tonnes,6840.00,Rs./Quintal
Tamil Nadu,Pulses,Thinai(Italian Millet),August-2023,37.00,Metric Tonnes,5054.20,Rs./Quintal
Tamil Nadu,Pulses,Bengal Gram(Gram)(Whole),September-2023,39.32,Metric Tonnes,5639.18,Rs./Quintal
Tamil Nadu,Pulses,Black Gram Dal(Urd Dal),September-2023,13.12,Metric Tonnes,7547.67,Rs./Quintal
Tamil Nadu,Pulses,Black Gram(Urd Beans)(Whole),September-2023,117.81,Metric Tonnes,8256.16,Rs./Quintal
Tamil Nadu,Pulses,Cowpea(Lobia/Karamani),September-2023,4.25,Metric Tonnes,8342.47,Rs./Quintal
Tamil Nadu,Pulses,Green Gram(Moong)(Whole),September-2023,6.67,Metric Tonnes,5875.91,Rs./Quintal
Tamil Nadu,Pulses,Karamani,September-2023,0.10,Metric Tonnes,3009.00,Rs./Quintal
Tamil Nadu,Pulses,Kulthi(Horse Gram),September-2023,183.30,Metric Tonnes,4663.49,Rs./Quintal
Tamil Nadu,Pulses,Red gram/Arhar/Tur(whole),September-2023,0.16,Metric Tonnes,7375.19,Rs./Quintal
Tamil Nadu,Pulses,Thinai(Italian Millet),September-2023,95.31,Metric Tonnes,5447.02,Rs./Quintal
Tamil Nadu,Pulses,Bengal Gram Dal(Chana Dal),October-2023,6.22,Metric Tonnes,6689.00,Rs./Quintal
Tamil Nadu,Pulses,Bengal Gram(Gram)(Whole),October-2023,48.15,Metric Tonnes,5748.12,Rs./Quintal
Tamil Nadu,Pulses,Black Gram Dal(Urd Dal),October-2023,225.52,Metric Tonnes,9111.97,Rs./Quintal
Tamil Nadu,Pulses,Black Gram(Urd Beans)(Whole),October-2023,327.58,Metric Tonnes,8484.32,Rs./Quintal
Tamil Nadu,Pulses,Cowpea(Lobia/Karamani),October-2023,46.35,Metric Tonnes,4327.35,Rs./Quintal
Tamil Nadu,Pulses,Green Gram Dal(Moong Dal),October-2023,5.00,Metric Tonnes,4323.00,Rs./Quintal
Tamil Nadu,Pulses,Green Gram(Moong)(Whole),October-2023,38.61,Metric Tonnes,7486.28,Rs./Quintal
Tamil Nadu,Pulses,Karamani,October-2023,1.00,Metric Tonnes,4489.00,Rs./Quintal
Tamil Nadu,Pulses,Kulthi(Horse Gram),October-2023,25.03,Metric Tonnes,7004.60,Rs./Quintal
Tamil Nadu,Pulses,Thinai(Italian Millet),October-2023,116.26,Metric Tonnes,5269.61,Rs./Quintal
Tamil Nadu,Pulses,Bengal Gram(Gram)(Whole),November-2023,43.18,Metric Tonnes,5698.43,Rs./Quintal
Tamil Nadu,Pulses,Black Gram Dal(Urd Dal),November-2023,160.07,Metric Tonnes,8385.23,Rs./Quintal
Tamil Nadu,Pulses,Black Gram(Urd Beans)(Whole),November-2023,183.77,Metric Tonnes,9047.22,Rs./Quintal
Tamil Nadu,Pulses,Cowpea(Lobia/Karamani),November-2023,70.21,Metric Tonnes,5213.55,Rs./Quintal
Tamil Nadu,Pulses,Green Gram Dal(Moong Dal),November-2023,6.03,Metric Tonnes,6043.43,Rs./Quintal
Tamil Nadu,Pulses,Green Gram(Moong)(Whole),November-2023,15.91,Metric Tonnes,5815.10,Rs./Quintal
Tamil Nadu,Pulses,Karamani,November-2023,4.06,Metric Tonnes,7413.94,Rs./Quintal
Tamil Nadu,Pulses,Kulthi(Horse Gram),November-2023,2.20,Metric Tonnes,5969.10,Rs./Quintal
Tamil Nadu,Pulses,Red gram/Arhar/Tur(whole),November-2023,0.10,Metric Tonnes,4800.00,Rs./Quintal
Tamil Nadu,Pulses,Thinai(Italian Millet),November-2023,32.28,Metric Tonnes,6207.70,Rs./Quintal
Tamil Nadu,Pulses,Bengal Gram(Gram)(Whole),December-2023,2.35,Metric Tonnes,5682.00,Rs./Quintal
Tamil Nadu,Pulses,Black Gram Dal(Urd Dal),December-2023,19.12,Metric Tonnes,7203.19,Rs./Quintal
Tamil Nadu,Pulses,Black Gram(Urd Beans)(Whole),December-2023,187.01,Metric Tonnes,8977.54,Rs./Quintal
Tamil Nadu,Pulses,Cowpea(Lobia/Karamani),December-2023,45.17,Metric Tonnes,4904.96,Rs./Quintal
Tamil Nadu,Pulses,Green Gram Dal(Moong Dal),December-2023,1.00,Metric Tonnes,7069.00,Rs./Quintal
Tamil Nadu,Pulses,Green Gram(Moong)(Whole),December-2023,7.50,Metric Tonnes,5819.03,Rs./Quintal
Tamil Nadu,Pulses,Kulthi(Horse Gram),December-2023,0.85,Metric Tonnes,7644.28,Rs./Quintal
Tamil Nadu,Pulses,Thinai(Italian Millet),December-2023,27.80,Metric Tonnes,7091.45,Rs./Quintal
Tamil Nadu,Pulses,Bengal Gram(Gram)(Whole),January-2024,16.56,Metric Tonnes,5869.32,Rs./Quintal
Tamil Nadu,Pulses,Black Gram(Urd Beans)(Whole),January-2024,27506.71,Metric Tonnes,9175.29,Rs./Quintal
Tamil Nadu,Pulses,Cowpea(Lobia/Karamani),January-2024,5.81,Metric Tonnes,6087.59,Rs./Quintal
Tamil Nadu,Pulses,Green Gram(Moong)(Whole),January-2024,55.64,Metric Tonnes,7313.96,Rs./Quintal
Tamil Nadu,Pulses,Karamani,January-2024,1.00,Metric Tonnes,5555.00,Rs./Quintal
Tamil Nadu,Pulses,Kulthi(Horse Gram),January-2024,1.20,Metric Tonnes,7254.36,Rs./Quintal
Tamil Nadu,Pulses,Red gram/Arhar/Tur(whole),January-2024,0.04,Metric Tonnes,6387.00,Rs./Quintal
Tamil Nadu,Pulses,Thinai(Italian Millet),January-2024,12.50,Metric Tonnes,7011.72,Rs./Quintal
Tamil Nadu,Pulses,Bengal Gram(Gram)(Whole),February-2024,5.00,Metric Tonnes,5600.00,Rs./Quintal
Tamil Nadu,Pulses,Black Gram(Urd Beans)(Whole),February-2024,22405.46,Metric Tonnes,9667.86,Rs./Quintal
Tamil Nadu,Pulses,Cowpea(Lobia/Karamani),February-2024,17.06,Metric Tonnes,5017.72,Rs./Quintal
Tamil Nadu,Pulses,Green Gram(Moong)(Whole),February-2024,260.54,Metric Tonnes,8429.36,Rs./Quintal
Tamil Nadu,Pulses,Karamani,February-2024,13.00,Metric Tonnes,5252.31,Rs./Quintal
Tamil Nadu,Pulses,Kulthi(Horse Gram),February-2024,11.99,Metric Tonnes,5782.91,Rs./Quintal
Tamil Nadu,Pulses,Red gram/Arhar/Tur(whole),February-2024,0.11,Metric Tonnes,5898.73,Rs./Quintal
Tamil Nadu,Pulses,Thinai(Italian Millet),February-2024,15.89,Metric Tonnes,6611.24,Rs./Quintal
Tamil Nadu,Pulses,Black Gram(Urd Beans)(Whole),March-2024,3627.38,Metric Tonnes,8911.46,Rs./Quintal
Tamil Nadu,Pulses,Cowpea(Lobia/Karamani),March-2024,9.07,Metric Tonnes,5526.60,Rs./Quintal
Tamil Nadu,Pulses,Green Gram(Moong)(Whole),March-2024,57.09,Metric Tonnes,7895.59,Rs./Quintal
Tamil Nadu,Pulses,Karamani,March-2024,10.00,Metric Tonnes,4401.00,Rs./Quintal
Tamil Nadu,Pulses,Kulthi(Horse Gram),March-2024,9.76,Metric Tonnes,5463.67,Rs./Quintal
Tamil Nadu,Pulses,Moath Dal,March-2024,0.28,Metric Tonnes,3540.57,Rs./Quintal
Tamil Nadu,Pulses,Thinai(Italian Millet),March-2024,11.59,Metric Tonnes,6288.24,Rs./Quintal
Tamil Nadu,Pulses,Black Gram Dal(Urd Dal),April-2024,555.23,Metric Tonnes,9507.83,Rs./Quintal
Tamil Nadu,Pulses,Black Gram(Urd Beans)(Whole),April-2024,1306.91,Metric Tonnes,9220.35,Rs./Quintal
Tamil Nadu,Pulses,Cowpea(Lobia/Karamani),April-2024,1.56,Metric Tonnes,4971.22,Rs./Quintal
Tamil Nadu,Pulses,Green Gram(Moong)(Whole),April-2024,1301.83,Metric Tonnes,7978.57,Rs./Quintal
Tamil Nadu,Pulses,Kulthi(Horse Gram),April-2024,23.21,Metric Tonnes,5139.85,Rs./Quintal
Tamil Nadu,Pulses,Moath Dal,April-2024,0.13,Metric Tonnes,2273.08,Rs./Quintal
Tamil Nadu,Pulses,Red gram/Arhar/Tur(whole),April-2024,0.03,Metric Tonnes,4130.00,Rs./Quintal
Tamil Nadu,Pulses,Thinai(Italian Millet),April-2024,7.50,Metric Tonnes,5469.60,Rs./Quintal
Tamil Nadu,Pulses,Bengal Gram(Gram)(Whole),May-2024,31.73,Metric Tonnes,6002.83,Rs./Quintal
Tamil Nadu,Pulses,Black Gram Dal(Urd Dal),May-2024,566.61,Metric Tonnes,9351.78,Rs./Quintal
Tamil Nadu,Pulses,Black Gram(Urd Beans)(Whole),May-2024,857.11,Metric Tonnes,9341.34,Rs./Quintal
Tamil Nadu,Pulses,Cowpea(Lobia/Karamani),May-2024,1.04,Metric Tonnes,3547.99,Rs./Quintal
Tamil Nadu,Pulses,Green Gram Dal(Moong Dal),May-2024,7.60,Metric Tonnes,6344.33,Rs./Quintal
Tamil Nadu,Pulses,Green Gram(Moong)(Whole),May-2024,2610.77,Metric Tonnes,8030.97,Rs./Quintal
Tamil Nadu,Pulses,Karamani,May-2024,1.32,Metric Tonnes,4433.93,Rs./Quintal
Tamil Nadu,Pulses,Kulthi(Horse Gram),May-2024,146.62,Metric Tonnes,4637.89,Rs./Quintal
Tamil Nadu,Pulses,Moath Dal,May-2024,0.14,Metric Tonnes,1940.00,Rs./Quintal
Tamil Nadu,Pulses,Red gram/Arhar/Tur(whole),May-2024,1.00,Metric Tonnes,7000.00,Rs./Quintal
Tamil Nadu,Pulses,Thinai(Italian Millet),May-2024,21.75,Metric Tonnes,4963.19,Rs./Quintal
Tamil Nadu,Pulses,Beans,June-2024,167.73,Metric Tonnes,121.90,Rs./Quintal
Tamil Nadu,Pulses,Black Gram Dal(Urd Dal),June-2024,94.05,Metric Tonnes,8810.27,Rs./Quintal
Tamil Nadu,Pulses,Black Gram(Urd Beans)(Whole),June-2024,299.71,Metric Tonnes,9308.07,Rs./Quintal
Tamil Nadu,Pulses,Cowpea(Lobia/Karamani),June-2024,0.01,Metric Tonnes,6506.00,Rs./Quintal
Tamil Nadu,Pulses,Green Gram Dal(Moong Dal),June-2024,5.00,Metric Tonnes,9499.00,Rs./Quintal
Tamil Nadu,Pulses,Green Gram(Moong)(Whole),June-2024,6.95,Metric Tonnes,6920.43,Rs./Quintal
Tamil Nadu,Pulses,Green Peas,June-2024,12.21,Metric Tonnes,203.19,Rs./Quintal
Tamil Nadu,Pulses,Kulthi(Horse Gram),June-2024,0.94,Metric Tonnes,5757.72,Rs./Quintal
Tamil Nadu,Pulses,Red gram/Arhar/Tur(whole),June-2024,2.00,Metric Tonnes,9459.00,Rs./Quintal
Tamil Nadu,Pulses,Thinai(Italian Millet),June-2024,4.10,Metric Tonnes,4975.24,Rs./Quintal
Tamil Nadu,Pulses,Beans,July-2024,682.25,Metric Tonnes,6405.47,Rs./Quintal
Tamil Nadu,Pulses,Black Gram(Urd Beans)(Whole),July-2024,20.44,Metric Tonnes,8318.01,Rs./Quintal
Tamil Nadu,Pulses,Green Peas,July-2024,46.53,Metric Tonnes,15761.86,Rs./Quintal
Tamil Nadu,Pulses,Beans,August-2024,949.86,Metric Tonnes,5744.87,Rs./Quintal
Tamil Nadu,Pulses,Black Gram(Urd Beans)(Whole),August-2024,0.13,Metric Tonnes,7900.00,Rs./Quintal
Tamil Nadu,Pulses,Green Peas,August-2024,59.61,Metric Tonnes,15279.79,Rs./Quintal
Tamil Nadu,Pulses,Beans,September-2024,913.50,Metric Tonnes,6711.15,Rs./Quintal
Tamil Nadu,Pulses,Green Peas,September-2024,48.61,Metric Tonnes,21055.75,Rs./Quintal
Tamil Nadu,Pulses,Beans,October-2024,746.30,Metric Tonnes,12153.75,Rs./Quintal
Tamil Nadu,Pulses,Green Peas,October-2024,46.82,Metric Tonnes,18940.52,Rs./Quintal
Tamil Nadu,Pulses,Red gram/Arhar/Tur(whole),October-2024,1.27,Metric Tonnes,7385.83,Rs./Quintal
Tamil Nadu,Pulses,Beans,November-2024,834.00,Metric Tonnes,6273.92,Rs./Quintal
Tamil Nadu,Pulses,Black Gram(Urd Beans)(Whole),November-2024,10.00,Metric Tonnes,7300.00,Rs./Quintal
Tamil Nadu,Pulses,Green Peas,November-2024,52.99,Metric Tonnes,16778.85,Rs./Quintal
Tamil Nadu,Pulses,Red gram/Arhar/Tur(whole),November-2024,12.57,Metric Tonnes,6668.42,Rs./Quintal
Tamil Nadu,Pulses,Beans,December-2024,920.19,Metric Tonnes,7558.02,Rs./Quintal
Tamil Nadu,Pulses,Green Peas,December-2024,111.35,Metric Tonnes,11306.32,Rs./Quintal
Tamil Nadu,Pulses,Red gram/Arhar/Tur(whole),December-2024,78.09,Metric Tonnes,6057.92,Rs./Quintal
Tamil Nadu,Pulses,Beans,January-2025,944.99,Metric Tonnes,6636.63,Rs./Quintal
Tamil Nadu,Pulses,Green Peas,January-2025,179.33,Metric Tonnes,7792.90,Rs./Quintal
Tamil Nadu,Pulses,Red gram/Arhar/Tur(whole),January-2025,106.07,Metric Tonnes,6287.58,Rs./Quintal
Tamil Nadu,Pulses,Beans,February-2025,919.89,Metric Tonnes,5193.80,Rs./Quintal
Tamil Nadu,Pulses,Green Peas,February-2025,192.09,Metric Tonnes,6013.06,Rs./Quintal
Tamil Nadu,Pulses,Red gram/Arhar/Tur(whole),February-2025,50.95,Metric Tonnes,5335.39,Rs./Quintal
Tamil Nadu,Pulses,Beans,March-2025,915.91,Metric Tonnes,6193.14,Rs./Quintal
Tamil Nadu,Pulses,Green Peas,March-2025,193.66,Metric Tonnes,6968.14,Rs./Quintal
Tamil Nadu,Pulses,Red gram/Arhar/Tur(whole),March-2025,16.21,Metric Tonnes,5192.41,Rs./Quintal
Tamil Nadu,Pulses,Beans,April-2025,850.80,Metric Tonnes,7391.15,Rs./Quintal
Tamil Nadu,Pulses,Green Peas,April-2025,125.23,Metric Tonnes,10360.03,Rs./Quintal
Tamil Nadu,Pulses,Red gram/Arhar/Tur(whole),April-2025,6.06,Metric Tonnes,5019.80,Rs./Quintal
Tamil Nadu,Pulses,Beans,May-2025,825.48,Metric Tonnes,8392.27,Rs./Quintal
Tamil Nadu,Pulses,Green Peas,May-2025,60.43,Metric Tonnes,15684.73,Rs./Quintal
Tamil Nadu,Pulses,Red gram/Arhar/Tur(whole),May-2025,0.48,Metric Tonnes,6000.00,Rs./Quintal
Tamil Nadu,Pulses,Beans,June-2025,774.41,Metric Tonnes,8587.33,Rs./Quintal
Tamil Nadu,Pulses,Green Peas,June-2025,40.11,Metric Tonnes,19483.35,Rs./Quintal
Tamil Nadu,Pulses,Red gram/Arhar/Tur(whole),June-2025,0.11,Metric Tonnes,8000.00,Rs./Quintal
Tamil Nadu,Pulses,Beans,July-2025,779.43,Metric Tonnes,8002.93,Rs./Quintal
Tamil Nadu,Pulses,Green Peas,July-2025,35.13,Metric Tonnes,18897.27,Rs./Quintal
Tamil Nadu,Pulses,Red gram/Arhar/Tur(whole),July-2025,0.02,Metric Tonnes,7000.00,Rs./Quintal
Tamil Nadu,Pulses,Beans,August-2025,817.15,Metric Tonnes,7237.70,Rs./Quintal
Tamil Nadu,Pulses,Green Peas,August-2025,50.79,Metric Tonnes,12663.46,Rs./Quintal
Tamil Nadu,Pulses,Red gram/Arhar/Tur(whole),August-2025,0.47,Metric Tonnes,5140.43,Rs./Quintal
Tamil Nadu,Pulses,Beans,September-2025,920.49,Metric Tonnes,5549.24,Rs./Quintal
Tamil Nadu,Pulses,Green Peas,September-2025,53.20,Metric Tonnes,15426.65,Rs./Quintal
Tamil Nadu,Pulses,Red gram/Arhar/Tur(whole),September-2025,0.04,Metric Tonnes,5000.00,Rs./Quintal
Tamil Nadu,Pulses,Beans,October-2025,822.75,Metric Tonnes,6802.40,Rs./Quintal
Tamil Nadu,Pulses,Green Peas,October-2025,34.98,Metric Tonnes,20615.64,Rs./Quintal
Tamil Nadu,Pulses,Red gram/Arhar/Tur(whole),October-2025,3.14,Metric Tonnes,5708.60,Rs./Quintal
Tamil Nadu,Pulses,Beans,November-2025,952.32,Metric Tonnes,6068.12,Rs./Quintal
Tamil Nadu,Pulses,Green Peas,November-2025,41.90,Metric Tonnes,18994.36,Rs./Quintal
Tamil Nadu,Pulses,Red gram/Arhar/Tur(whole),November-2025,24.93,Metric Tonnes,6594.38,Rs./Quintal
Tamil Nadu,Pulses,Beans,December-2025,978.43,Metric Tonnes,6511.09,Rs./Quintal
Tamil Nadu,Pulses,Green Peas,December-2025,151.30,Metric Tonnes,8047.18,Rs./Quintal
Tamil Nadu,Pulses,Red gram/Arhar/Tur(whole),December-2025,96.29,Metric Tonnes,6103.30,Rs./Quintal
Telangana,Pulses,Alasande Gram,January-2023,65.00,Metric Tonnes,6437.46,Rs./Quintal
Telangana,Pulses,Bengal Gram(Gram)(Whole),January-2023,45.71,Metric Tonnes,4593.64,Rs./Quintal
Telangana,Pulses,Black Gram Dal(Urd Dal),January-2023,62.40,Metric Tonnes,7262.80,Rs./Quintal
Telangana,Pulses,Black Gram(Urd Beans)(Whole),January-2023,24.09,Metric Tonnes,6112.02,Rs./Quintal
Telangana,Pulses,Cowpea(Lobia/Karamani),January-2023,95.19,Metric Tonnes,5526.44,Rs./Quintal
Telangana,Pulses,Green Gram(Moong)(Whole),January-2023,32.16,Metric Tonnes,6889.42,Rs./Quintal
Telangana,Pulses,Kulthi(Horse Gram),January-2023,8.80,Metric Tonnes,5605.42,Rs./Quintal
Telangana,Pulses,Red gram split/Arhar dal/Tur dal,January-2023,27.50,Metric Tonnes,5620.39,Rs./Quintal
Telangana,Pulses,Red gram/Arhar/Tur(whole),January-2023,8616.52,Metric Tonnes,6831.08,Rs./Quintal
Telangana,Pulses,Alasande Gram,February-2023,193.00,Metric Tonnes,6300.61,Rs./Quintal
Telangana,Pulses,Bengal Gram(Gram)(Whole),February-2023,4629.54,Metric Tonnes,5090.97,Rs./Quintal
Telangana,Pulses,Black Gram Dal(Urd Dal),February-2023,263.42,Metric Tonnes,7471.11,Rs./Quintal
Telangana,Pulses,Black Gram(Urd Beans)(Whole),February-2023,110.42,Metric Tonnes,7076.56,Rs./Quintal
Telangana,Pulses,Bullar,February-2023,90.30,Metric Tonnes,7028.25,Rs./Quintal
Telangana,Pulses,Cowpea(Lobia/Karamani),February-2023,200.25,Metric Tonnes,6025.63,Rs./Quintal
Telangana,Pulses,Green Gram Dal(Moong Dal),February-2023,0.10,Metric Tonnes,6505.00,Rs./Quintal
Telangana,Pulses,Green Gram(Moong)(Whole),February-2023,39.44,Metric Tonnes,7215.06,Rs./Quintal
Telangana,Pulses,Kulthi(Horse Gram),February-2023,17.74,Metric Tonnes,5949.37,Rs./Quintal
Telangana,Pulses,Red gram split/Arhar dal/Tur dal,February-2023,12.70,Metric Tonnes,6126.68,Rs./Quintal
Telangana,Pulses,Red gram/Arhar/Tur(whole),February-2023,6448.97,Metric Tonnes,7292.73,Rs./Quintal
Telangana,Pulses,Alasande Gram,March-2023,50.00,Metric Tonnes,4818.66,Rs./Quintal
Telangana,Pulses,Bengal Gram Dal(Chana Dal),March-2023,0.02,Metric Tonnes,5675.00,Rs./Quintal
Telangana,Pulses,Bengal Gram(Gram)(Whole),March-2023,9831.00,Metric Tonnes,5282.06,Rs./Quintal
Telangana,Pulses,Black Gram Dal(Urd Dal),March-2023,244.30,Metric Tonnes,7434.11,Rs./Quintal
Telangana,Pulses,Black Gram(Urd Beans)(Whole),March-2023,264.59,Metric Tonnes,6577.53,Rs./Quintal
Telangana,Pulses,Bullar,March-2023,2.70,Metric Tonnes,5137.33,Rs./Quintal
Telangana,Pulses,Cowpea(Lobia/Karamani),March-2023,294.63,Metric Tonnes,5706.11,Rs./Quintal
Telangana,Pulses,Green Gram(Moong)(Whole),March-2023,112.20,Metric Tonnes,7624.88,Rs./Quintal
Telangana,Pulses,Kulthi(Horse Gram),March-2023,4.92,Metric Tonnes,5953.88,Rs./Quintal
Telangana,Pulses,Red gram split/Arhar dal/Tur dal,March-2023,10.01,Metric Tonnes,6309.19,Rs./Quintal
Telangana,Pulses,Red gram/Arhar/Tur(whole),March-2023,3187.57,Metric Tonnes,7550.75,Rs./Quintal
Telangana,Pulses,Alasande Gram,April-2023,10.00,Metric Tonnes,5850.00,Rs./Quintal
Telangana,Pulses,Bengal Gram Dal(Chana Dal),April-2023,0.01,Metric Tonnes,5000.00,Rs./Quintal
Telangana,Pulses,Bengal Gram(Gram)(Whole),April-2023,440.55,Metric Tonnes,4768.17,Rs./Quintal
Telangana,Pulses,Black Gram Dal(Urd Dal),April-2023,48.45,Metric Tonnes,7490.45,Rs./Quintal
Telangana,Pulses,Black Gram(Urd Beans)(Whole),April-2023,14.10,Metric Tonnes,6488.72,Rs./Quintal
Telangana,Pulses,Bullar,April-2023,0.50,Metric Tonnes,3571.20,Rs./Quintal
Telangana,Pulses,Cowpea(Lobia/Karamani),April-2023,142.33,Metric Tonnes,5824.42,Rs./Quintal
Telangana,Pulses,Green Gram(Moong)(Whole),April-2023,801.94,Metric Tonnes,7009.12,Rs./Quintal
Telangana,Pulses,Kulthi(Horse Gram),April-2023,1.82,Metric Tonnes,5898.05,Rs./Quintal
Telangana,Pulses,Red gram/Arhar/Tur(whole),April-2023,2306.87,Metric Tonnes,7513.54,Rs./Quintal
Telangana,Pulses,Bengal Gram Dal(Chana Dal),May-2023,0.01,Metric Tonnes,5000.00,Rs./Quintal
Telangana,Pulses,Bengal Gram(Gram)(Whole),May-2023,136.59,Metric Tonnes,4709.46,Rs./Quintal
Telangana,Pulses,Black Gram Dal(Urd Dal),May-2023,19.50,Metric Tonnes,6922.30,Rs./Quintal
Telangana,Pulses,Black Gram(Urd Beans)(Whole),May-2023,13.01,Metric Tonnes,6632.21,Rs./Quintal
Telangana,Pulses,Bullar,May-2023,0.20,Metric Tonnes,4260.00,Rs./Quintal
Telangana,Pulses,Cowpea(Lobia/Karamani),May-2023,76.73,Metric Tonnes,5978.27,Rs./Quintal
Telangana,Pulses,Green Gram Dal(Moong Dal),May-2023,0.10,Metric Tonnes,6620.00,Rs./Quintal
Telangana,Pulses,Green Gram(Moong)(Whole),May-2023,490.71,Metric Tonnes,6874.61,Rs./Quintal
Telangana,Pulses,Red gram/Arhar/Tur(whole),May-2023,1286.26,Metric Tonnes,8131.90,Rs./Quintal
Telangana,Pulses,Bengal Gram(Gram)(Whole),June-2023,29.84,Metric Tonnes,4805.86,Rs./Quintal
Telangana,Pulses,Black Gram Dal(Urd Dal),June-2023,2.20,Metric Tonnes,5644.64,Rs./Quintal
Telangana,Pulses,Black Gram(Urd Beans)(Whole),June-2023,5.46,Metric Tonnes,6569.90,Rs./Quintal
Telangana,Pulses,Cowpea(Lobia/Karamani),June-2023,17.32,Metric Tonnes,6140.86,Rs./Quintal
Telangana,Pulses,Green Gram(Moong)(Whole),June-2023,154.91,Metric Tonnes,6865.90,Rs./Quintal
Telangana,Pulses,Red gram split/Arhar dal/Tur dal,June-2023,0.30,Metric Tonnes,8321.00,Rs./Quintal
Telangana,Pulses,Red gram/Arhar/Tur(whole),June-2023,311.71,Metric Tonnes,8882.73,Rs./Quintal
Telangana,Pulses,Bengal Gram(Gram)(Whole),July-2023,9.82,Metric Tonnes,4399.19,Rs./Quintal
Telangana,Pulses,Black Gram Dal(Urd Dal),July-2023,1.10,Metric Tonnes,5087.91,Rs./Quintal
Telangana,Pulses,Black Gram(Urd Beans)(Whole),July-2023,2.91,Metric Tonnes,6540.35,Rs./Quintal
Telangana,Pulses,Cowpea(Lobia/Karamani),July-2023,2.39,Metric Tonnes,5136.07,Rs./Quintal
Telangana,Pulses,Green Gram(Moong)(Whole),July-2023,32.96,Metric Tonnes,7156.55,Rs./Quintal
Telangana,Pulses,Red gram/Arhar/Tur(whole),July-2023,157.58,Metric Tonnes,9384.95,Rs./Quintal
Telangana,Pulses,Bengal Gram(Gram)(Whole),August-2023,10.13,Metric Tonnes,5046.60,Rs./Quintal
Telangana,Pulses,Black Gram Dal(Urd Dal),August-2023,20.30,Metric Tonnes,8120.23,Rs./Quintal
Telangana,Pulses,Black Gram(Urd Beans)(Whole),August-2023,101.20,Metric Tonnes,8868.10,Rs./Quintal
Telangana,Pulses,Cowpea(Lobia/Karamani),August-2023,5.65,Metric Tonnes,7318.44,Rs./Quintal
Telangana,Pulses,Green Gram(Moong)(Whole),August-2023,828.96,Metric Tonnes,8720.61,Rs./Quintal
Telangana,Pulses,Red gram/Arhar/Tur(whole),August-2023,145.53,Metric Tonnes,8771.27,Rs./Quintal
Telangana,Pulses,Bengal Gram(Gram)(Whole),September-2023,21.32,Metric Tonnes,5249.01,Rs./Quintal
Telangana,Pulses,Black Gram Dal(Urd Dal),September-2023,444.80,Metric Tonnes,9095.06,Rs./Quintal
Telangana,Pulses,Black Gram(Urd Beans)(Whole),September-2023,407.15,Metric Tonnes,8944.85,Rs./Quintal
Telangana,Pulses,Cowpea(Lobia/Karamani),September-2023,4.47,Metric Tonnes,7259.33,Rs./Quintal
Telangana,Pulses,Green Gram(Moong)(Whole),September-2023,1201.67,Metric Tonnes,8360.74,Rs./Quintal
Telangana,Pulses,Red gram split/Arhar dal/Tur dal,September-2023,0.20,Metric Tonnes,4000.00,Rs./Quintal
Telangana,Pulses,Red gram/Arhar/Tur(whole),September-2023,54.43,Metric Tonnes,8601.72,Rs./Quintal
Telangana,Pulses,Alasande Gram,October-2023,2.00,Metric Tonnes,2000.00,Rs./Quintal
Telangana,Pulses,Bengal Gram(Gram)(Whole),October-2023,0.34,Metric Tonnes,4887.59,Rs./Quintal
Telangana,Pulses,Black Gram Dal(Urd Dal),October-2023,285.10,Metric Tonnes,8096.68,Rs./Quintal
Telangana,Pulses,Black Gram(Urd Beans)(Whole),October-2023,126.02,Metric Tonnes,8353.89,Rs./Quintal
Telangana,Pulses,Cowpea(Lobia/Karamani),October-2023,1.90,Metric Tonnes,6344.68,Rs./Quintal
Telangana,Pulses,Green Gram Dal(Moong Dal),October-2023,3.85,Metric Tonnes,8175.00,Rs./Quintal
Telangana,Pulses,Green Gram(Moong)(Whole),October-2023,345.16,Metric Tonnes,7770.54,Rs./Quintal
Telangana,Pulses,Red gram/Arhar/Tur(whole),October-2023,43.15,Metric Tonnes,9552.46,Rs./Quintal
Telangana,Pulses,Alasande Gram,November-2023,915.00,Metric Tonnes,7014.51,Rs./Quintal
Telangana,Pulses,Bengal Gram(Gram)(Whole),November-2023,17.50,Metric Tonnes,8549.74,Rs./Quintal
Telangana,Pulses,Black Gram Dal(Urd Dal),November-2023,3908.40,Metric Tonnes,2279.12,Rs./Quintal
Telangana,Pulses,Black Gram(Urd Beans)(Whole),November-2023,250.72,Metric Tonnes,8794.23,Rs./Quintal
Telangana,Pulses,Cowpea(Lobia/Karamani),November-2023,0.34,Metric Tonnes,5025.76,Rs./Quintal
Telangana,Pulses,Green Gram(Moong)(Whole),November-2023,195.50,Metric Tonnes,8076.10,Rs./Quintal
Telangana,Pulses,Red gram/Arhar/Tur(whole),November-2023,823.28,Metric Tonnes,7076.19,Rs./Quintal
Telangana,Pulses,Alasande Gram,December-2023,1.00,Metric Tonnes,2000.00,Rs./Quintal
Telangana,Pulses,Bengal Gram(Gram)(Whole),December-2023,2.50,Metric Tonnes,8209.60,Rs./Quintal
Telangana,Pulses,Black Gram Dal(Urd Dal),December-2023,3.20,Metric Tonnes,7470.44,Rs./Quintal
Telangana,Pulses,Black Gram(Urd Beans)(Whole),December-2023,39.19,Metric Tonnes,7115.13,Rs./Quintal
Telangana,Pulses,Cowpea(Lobia/Karamani),December-2023,7.40,Metric Tonnes,7495.83,Rs./Quintal
Telangana,Pulses,Green Gram(Moong)(Whole),December-2023,52.85,Metric Tonnes,7737.96,Rs./Quintal
Telangana,Pulses,Red gram/Arhar/Tur(whole),December-2023,9156.68,Metric Tonnes,8063.41,Rs./Quintal
Telangana,Pulses,Black Gram Dal(Urd Dal),January-2024,90.35,Metric Tonnes,8774.46,Rs./Quintal
Telangana,Pulses,Cowpea(Lobia/Karamani),January-2024,13.70,Metric Tonnes,6940.57,Rs./Quintal
Telangana,Pulses,Green Gram(Moong)(Whole),January-2024,23.70,Metric Tonnes,7086.77,Rs./Quintal
Telangana,Pulses,Red gram/Arhar/Tur(whole),January-2024,8507.93,Metric Tonnes,9425.41,Rs./Quintal
Telangana,Pulses,Bengal Gram(Gram)(Whole),February-2024,2054.62,Metric Tonnes,5896.81,Rs./Quintal
Telangana,Pulses,Black Gram Dal(Urd Dal),February-2024,152.95,Metric Tonnes,8312.74,Rs./Quintal
Telangana,Pulses,Black Gram(Urd Beans)(Whole),February-2024,1.40,Metric Tonnes,7864.43,Rs./Quintal
Telangana,Pulses,Cowpea(Lobia/Karamani),February-2024,138.80,Metric Tonnes,7371.18,Rs./Quintal
Telangana,Pulses,Green Gram(Moong)(Whole),February-2024,30.15,Metric Tonnes,7868.09,Rs./Quintal
Telangana,Pulses,Red gram/Arhar/Tur(whole),February-2024,7055.92,Metric Tonnes,10148.25,Rs./Quintal
Telangana,Pulses,Bengal Gram(Gram)(Whole),March-2024,2049.33,Metric Tonnes,5624.28,Rs./Quintal
Telangana,Pulses,Black Gram Dal(Urd Dal),March-2024,39.98,Metric Tonnes,9058.82,Rs./Quintal
Telangana,Pulses,Black Gram(Urd Beans)(Whole),March-2024,144.11,Metric Tonnes,7404.61,Rs./Quintal
Telangana,Pulses,Cowpea(Lobia/Karamani),March-2024,224.24,Metric Tonnes,6928.19,Rs./Quintal
Telangana,Pulses,Green Gram(Moong)(Whole),March-2024,605.98,Metric Tonnes,7716.38,Rs./Quintal
Telangana,Pulses,Red gram split/Arhar dal/Tur dal,March-2024,0.61,Metric Tonnes,8371.80,Rs./Quintal
Telangana,Pulses,Red gram/Arhar/Tur(whole),March-2024,3459.26,Metric Tonnes,9762.91,Rs./Quintal
Telangana,Pulses,Bengal Gram(Gram)(Whole),April-2024,577.04,Metric Tonnes,5949.44,Rs./Quintal
Telangana,Pulses,Black Gram Dal(Urd Dal),April-2024,106.20,Metric Tonnes,6889.16,Rs./Quintal
Telangana,Pulses,Black Gram(Urd Beans)(Whole),April-2024,47.54,Metric Tonnes,8021.41,Rs./Quintal
Telangana,Pulses,Cowpea(Lobia/Karamani),April-2024,147.86,Metric Tonnes,7400.39,Rs./Quintal
Telangana,Pulses,Green Gram(Moong)(Whole),April-2024,1070.10,Metric Tonnes,7532.63,Rs./Quintal
Telangana,Pulses,Red gram split/Arhar dal/Tur dal,April-2024,2.50,Metric Tonnes,8743.12,Rs./Quintal
Telangana,Pulses,Red gram/Arhar/Tur(whole),April-2024,1031.63,Metric Tonnes,11064.52,Rs./Quintal
Telangana,Pulses,Bengal Gram(Gram)(Whole),May-2024,197.36,Metric Tonnes,6222.70,Rs./Quintal
Telangana,Pulses,Black Gram Dal(Urd Dal),May-2024,17.20,Metric Tonnes,8524.22,Rs./Quintal
Telangana,Pulses,Black Gram(Urd Beans)(Whole),May-2024,22.58,Metric Tonnes,8169.25,Rs./Quintal
Telangana,Pulses,Cowpea(Lobia/Karamani),May-2024,55.57,Metric Tonnes,7772.50,Rs./Quintal
Telangana,Pulses,Green Gram(Moong)(Whole),May-2024,264.29,Metric Tonnes,7274.86,Rs./Quintal
Telangana,Pulses,Kulthi(Horse Gram),May-2024,0.67,Metric Tonnes,4346.55,Rs./Quintal
Telangana,Pulses,Red gram split/Arhar dal/Tur dal,May-2024,0.70,Metric Tonnes,9470.14,Rs./Quintal
Telangana,Pulses,Red gram/Arhar/Tur(whole),May-2024,715.32,Metric Tonnes,11093.18,Rs./Quintal
Telangana,Pulses,Beans,June-2024,1.36,Metric Tonnes,4050.00,Rs./Quintal
Telangana,Pulses,Bengal Gram(Gram)(Whole),June-2024,62.33,Metric Tonnes,6676.00,Rs./Quintal
Telangana,Pulses,Black Gram Dal(Urd Dal),June-2024,555.20,Metric Tonnes,2277.89,Rs./Quintal
Telangana,Pulses,Black Gram(Urd Beans)(Whole),June-2024,7.54,Metric Tonnes,8103.81,Rs./Quintal
Telangana,Pulses,Cowpea(Lobia/Karamani),June-2024,12.35,Metric Tonnes,7417.16,Rs./Quintal
Telangana,Pulses,Green Gram(Moong)(Whole),June-2024,88.65,Metric Tonnes,7047.85,Rs./Quintal
Telangana,Pulses,Red gram split/Arhar dal/Tur dal,June-2024,1.90,Metric Tonnes,8460.79,Rs./Quintal
Telangana,Pulses,Red gram/Arhar/Tur(whole),June-2024,409.61,Metric Tonnes,11306.83,Rs./Quintal
Telangana,Pulses,Bengal Gram(Gram)(Whole),July-2024,64.88,Metric Tonnes,5680.03,Rs./Quintal
Telangana,Pulses,Black Gram Dal(Urd Dal),July-2024,2.60,Metric Tonnes,5975.42,Rs./Quintal
Telangana,Pulses,Black Gram(Urd Beans)(Whole),July-2024,3.96,Metric Tonnes,6668.27,Rs./Quintal
Telangana,Pulses,Cowpea(Lobia/Karamani),July-2024,4.85,Metric Tonnes,7372.86,Rs./Quintal
Telangana,Pulses,Green Gram(Moong)(Whole),July-2024,52.58,Metric Tonnes,7109.93,Rs./Quintal
Telangana,Pulses,Red gram split/Arhar dal/Tur dal,July-2024,1.20,Metric Tonnes,8391.83,Rs./Quintal
Telangana,Pulses,Red gram/Arhar/Tur(whole),July-2024,498.64,Metric Tonnes,8304.53,Rs./Quintal
Telangana,Pulses,Bengal Gram(Gram)(Whole),August-2024,119.56,Metric Tonnes,5587.55,Rs./Quintal
Telangana,Pulses,Black Gram Dal(Urd Dal),August-2024,13.20,Metric Tonnes,8279.41,Rs./Quintal
Telangana,Pulses,Black Gram(Urd Beans)(Whole),August-2024,23.14,Metric Tonnes,8084.35,Rs./Quintal
Telangana,Pulses,Cowpea(Lobia/Karamani),August-2024,16.89,Metric Tonnes,6022.11,Rs./Quintal
Telangana,Pulses,Green Gram(Moong)(Whole),August-2024,3176.62,Metric Tonnes,6929.97,Rs./Quintal
Telangana,Pulses,Red gram split/Arhar dal/Tur dal,August-2024,0.10,Metric Tonnes,2300.00,Rs./Quintal
Telangana,Pulses,Red gram/Arhar/Tur(whole),August-2024,147.86,Metric Tonnes,10308.33,Rs./Quintal
Telangana,Pulses,Beans,September-2024,1.70,Metric Tonnes,7750.00,Rs./Quintal
Telangana,Pulses,Bengal Gram(Gram)(Whole),September-2024,3.33,Metric Tonnes,7217.25,Rs./Quintal
Telangana,Pulses,Black Gram Dal(Urd Dal),September-2024,555.10,Metric Tonnes,4961.99,Rs./Quintal
Telangana,Pulses,Black Gram(Urd Beans)(Whole),September-2024,841.68,Metric Tonnes,5183.33,Rs./Quintal
Telangana,Pulses,Cowpea(Lobia/Karamani),September-2024,15.51,Metric Tonnes,6028.12,Rs./Quintal
Telangana,Pulses,Green Gram(Moong)(Whole),September-2024,2113.20,Metric Tonnes,7143.57,Rs./Quintal
Telangana,Pulses,Red gram/Arhar/Tur(whole),September-2024,170.94,Metric Tonnes,8950.94,Rs./Quintal
Telangana,Pulses,Bengal Gram(Gram)(Whole),October-2024,20.50,Metric Tonnes,5514.89,Rs./Quintal
Telangana,Pulses,Black Gram Dal(Urd Dal),October-2024,387.65,Metric Tonnes,6240.31,Rs./Quintal
Telangana,Pulses,Black Gram(Urd Beans)(Whole),October-2024,373.98,Metric Tonnes,5296.73,Rs./Quintal
Telangana,Pulses,Cowpea(Lobia/Karamani),October-2024,3.31,Metric Tonnes,4590.69,Rs./Quintal
Telangana,Pulses,Green Gram(Moong)(Whole),October-2024,539.57,Metric Tonnes,6633.05,Rs./Quintal
Telangana,Pulses,Red gram/Arhar/Tur(whole),October-2024,76.83,Metric Tonnes,8022.10,Rs./Quintal
Telangana,Pulses,Bengal Gram(Gram)(Whole),November-2024,5.65,Metric Tonnes,6759.08,Rs./Quintal
Telangana,Pulses,Black Gram Dal(Urd Dal),November-2024,147.90,Metric Tonnes,5421.01,Rs./Quintal
Telangana,Pulses,Black Gram(Urd Beans)(Whole),November-2024,311.20,Metric Tonnes,6076.94,Rs./Quintal
Telangana,Pulses,Cowpea(Lobia/Karamani),November-2024,0.24,Metric Tonnes,4145.00,Rs./Quintal
Telangana,Pulses,Green Gram(Moong)(Whole),November-2024,214.50,Metric Tonnes,6712.09,Rs./Quintal
Telangana,Pulses,Red gram/Arhar/Tur(whole),November-2024,920.35,Metric Tonnes,8776.52,Rs./Quintal
Telangana,Pulses,Bengal Gram(Gram)(Whole),December-2024,1.20,Metric Tonnes,6472.04,Rs./Quintal
Telangana,Pulses,Black Gram Dal(Urd Dal),December-2024,226.80,Metric Tonnes,8603.22,Rs./Quintal
Telangana,Pulses,Black Gram(Urd Beans)(Whole),December-2024,90.69,Metric Tonnes,5962.22,Rs./Quintal
Telangana,Pulses,Cowpea(Lobia/Karamani),December-2024,13.15,Metric Tonnes,7702.48,Rs./Quintal
Telangana,Pulses,Green Gram(Moong)(Whole),December-2024,83.84,Metric Tonnes,6252.49,Rs./Quintal
Telangana,Pulses,Red gram/Arhar/Tur(whole),December-2024,8642.78,Metric Tonnes,9284.61,Rs./Quintal
Telangana,Pulses,Bengal Gram(Gram)(Whole),January-2025,21.95,Metric Tonnes,5720.39,Rs./Quintal
Telangana,Pulses,Black Gram Dal(Urd Dal),January-2025,2666.15,Metric Tonnes,6705.23,Rs./Quintal
Telangana,Pulses,Black Gram(Urd Beans)(Whole),January-2025,34.82,Metric Tonnes,5389.58,Rs./Quintal
Telangana,Pulses,Bullar,January-2025,4.00,Metric Tonnes,7160.98,Rs./Quintal
Telangana,Pulses,Cowpea(Lobia/Karamani),January-2025,53.65,Metric Tonnes,6990.29,Rs./Quintal
Telangana,Pulses,Green Gram(Moong)(Whole),January-2025,63.62,Metric Tonnes,6377.80,Rs./Quintal
Telangana,Pulses,Red gram/Arhar/Tur(whole),January-2025,13833.08,Metric Tonnes,7343.51,Rs./Quintal
Telangana,Pulses,Bengal Gram(Gram)(Whole),February-2025,2760.40,Metric Tonnes,5705.57,Rs./Quintal
Telangana,Pulses,Black Gram Dal(Urd Dal),February-2025,1159.50,Metric Tonnes,6296.45,Rs./Quintal
Telangana,Pulses,Black Gram(Urd Beans)(Whole),February-2025,30.71,Metric Tonnes,6921.32,Rs./Quintal
Telangana,Pulses,Bullar,February-2025,10.60,Metric Tonnes,6272.39,Rs./Quintal
Telangana,Pulses,Cowpea(Lobia/Karamani),February-2025,135.23,Metric Tonnes,6590.64,Rs./Quintal
Telangana,Pulses,Green Gram(Moong)(Whole),February-2025,42.57,Metric Tonnes,6459.16,Rs./Quintal
Telangana,Pulses,Kulthi(Horse Gram),February-2025,0.40,Metric Tonnes,4392.75,Rs./Quintal
Telangana,Pulses,Red gram/Arhar/Tur(whole),February-2025,9197.17,Metric Tonnes,7080.69,Rs./Quintal
Telangana,Pulses,Bengal Gram(Gram)(Whole),March-2025,1437.88,Metric Tonnes,5545.00,Rs./Quintal
Telangana,Pulses,Black Gram Dal(Urd Dal),March-2025,556.10,Metric Tonnes,7387.57,Rs./Quintal
Telangana,Pulses,Black Gram(Urd Beans)(Whole),March-2025,19.80,Metric Tonnes,7019.20,Rs./Quintal
Telangana,Pulses,Bullar,March-2025,3.20,Metric Tonnes,4480.94,Rs./Quintal
Telangana,Pulses,Cowpea(Lobia/Karamani),March-2025,272.73,Metric Tonnes,6214.76,Rs./Quintal
Telangana,Pulses,Green Gram(Moong)(Whole),March-2025,555.88,Metric Tonnes,6835.17,Rs./Quintal
Telangana,Pulses,Red gram/Arhar/Tur(whole),March-2025,8411.94,Metric Tonnes,6449.45,Rs./Quintal
Telangana,Pulses,Bengal Gram(Gram)(Whole),April-2025,425.70,Metric Tonnes,5873.00,Rs./Quintal
Telangana,Pulses,Black Gram Dal(Urd Dal),April-2025,530.00,Metric Tonnes,2352.20,Rs./Quintal
Telangana,Pulses,Black Gram(Urd Beans)(Whole),April-2025,8.52,Metric Tonnes,6853.12,Rs./Quintal
Telangana,Pulses,Bullar,April-2025,0.50,Metric Tonnes,3479.00,Rs./Quintal
Telangana,Pulses,Cowpea(Lobia/Karamani),April-2025,92.71,Metric Tonnes,5878.58,Rs./Quintal
Telangana,Pulses,Green Gram(Moong)(Whole),April-2025,715.28,Metric Tonnes,6663.40,Rs./Quintal
Telangana,Pulses,Red gram/Arhar/Tur(whole),April-2025,2315.34,Metric Tonnes,7022.89,Rs./Quintal
Telangana,Pulses,Bengal Gram(Gram)(Whole),May-2025,109.89,Metric Tonnes,5732.54,Rs./Quintal
Telangana,Pulses,Black Gram Dal(Urd Dal),May-2025,204.60,Metric Tonnes,7360.57,Rs./Quintal
Telangana,Pulses,Black Gram(Urd Beans)(Whole),May-2025,8.64,Metric Tonnes,6143.34,Rs./Quintal
Telangana,Pulses,Bullar,May-2025,0.30,Metric Tonnes,4139.33,Rs./Quintal
Telangana,Pulses,Cowpea(Lobia/Karamani),May-2025,38.44,Metric Tonnes,5387.08,Rs./Quintal
Telangana,Pulses,Green Gram(Moong)(Whole),May-2025,186.51,Metric Tonnes,6578.03,Rs./Quintal
Telangana,Pulses,Red gram/Arhar/Tur(whole),May-2025,1439.88,Metric Tonnes,6760.19,Rs./Quintal
Telangana,Pulses,Bengal Gram(Gram)(Whole),June-2025,63.42,Metric Tonnes,5549.25,Rs./Quintal
Telangana,Pulses,Black Gram Dal(Urd Dal),June-2025,656.65,Metric Tonnes,2345.39,Rs./Quintal
Telangana,Pulses,Black Gram(Urd Beans)(Whole),June-2025,4.83,Metric Tonnes,5954.34,Rs./Quintal
Telangana,Pulses,Cowpea(Lobia/Karamani),June-2025,23.59,Metric Tonnes,5517.72,Rs./Quintal
Telangana,Pulses,Green Gram(Moong)(Whole),June-2025,79.20,Metric Tonnes,6390.83,Rs./Quintal
Telangana,Pulses,Red gram/Arhar/Tur(whole),June-2025,838.87,Metric Tonnes,6415.85,Rs./Quintal
Telangana,Pulses,Bengal Gram(Gram)(Whole),July-2025,8.38,Metric Tonnes,5586.84,Rs./Quintal
Telangana,Pulses,Black Gram Dal(Urd Dal),July-2025,3.40,Metric Tonnes,5337.35,Rs./Quintal
Telangana,Pulses,Black Gram(Urd Beans)(Whole),July-2025,2.15,Metric Tonnes,5594.88,Rs./Quintal
Telangana,Pulses,Cowpea(Lobia/Karamani),July-2025,5.08,Metric Tonnes,5442.72,Rs./Quintal
Telangana,Pulses,Green Gram(Moong)(Whole),July-2025,49.49,Metric Tonnes,6224.07,Rs./Quintal
Telangana,Pulses,Red gram/Arhar/Tur(whole),July-2025,1185.67,Metric Tonnes,7774.28,Rs./Quintal
Telangana,Pulses,Bengal Gram(Gram)(Whole),August-2025,23.95,Metric Tonnes,5867.65,Rs./Quintal
Telangana,Pulses,Black Gram Dal(Urd Dal),August-2025,2.30,Metric Tonnes,5174.35,Rs./Quintal
Telangana,Pulses,Black Gram(Urd Beans)(Whole),August-2025,3.58,Metric Tonnes,5778.15,Rs./Quintal
Telangana,Pulses,Cowpea(Lobia/Karamani),August-2025,6.13,Metric Tonnes,5258.08,Rs./Quintal
Telangana,Pulses,Green Gram(Moong)(Whole),August-2025,981.18,Metric Tonnes,6375.92,Rs./Quintal
Telangana,Pulses,Red gram/Arhar/Tur(whole),August-2025,624.25,Metric Tonnes,6183.04,Rs./Quintal
Telangana,Pulses,Bengal Gram(Gram)(Whole),September-2025,5.04,Metric Tonnes,5784.03,Rs./Quintal
Telangana,Pulses,Black Gram Dal(Urd Dal),September-2025,305.10,Metric Tonnes,4563.85,Rs./Quintal
Telangana,Pulses,Black Gram(Urd Beans)(Whole),September-2025,275.46,Metric Tonnes,5564.23,Rs./Quintal
Telangana,Pulses,Cowpea(Lobia/Karamani),September-2025,2.89,Metric Tonnes,5379.26,Rs./Quintal
Telangana,Pulses,Green Gram(Moong)(Whole),September-2025,1022.07,Metric Tonnes,5651.39,Rs./Quintal
Telangana,Pulses,Red gram/Arhar/Tur(whole),September-2025,438.34,Metric Tonnes,5973.44,Rs./Quintal
Telangana,Pulses,Bengal Gram(Gram)(Whole),October-2025,1.85,Metric Tonnes,5356.08,Rs./Quintal
Telangana,Pulses,Black Gram Dal(Urd Dal),October-2025,114.10,Metric Tonnes,4674.92,Rs./Quintal
Telangana,Pulses,Black Gram(Urd Beans)(Whole),October-2025,307.19,Metric Tonnes,4705.85,Rs./Quintal
Telangana,Pulses,Cowpea(Lobia/Karamani),October-2025,2.02,Metric Tonnes,4487.38,Rs./Quintal
Telangana,Pulses,Green Gram(Moong)(Whole),October-2025,537.21,Metric Tonnes,5095.36,Rs./Quintal
Telangana,Pulses,Kulthi(Horse Gram),October-2025,4.67,Metric Tonnes,5021.00,Rs./Quintal
Telangana,Pulses,Red gram/Arhar/Tur(whole),October-2025,321.38,Metric Tonnes,6486.94,Rs./Quintal
Telangana,Pulses,Bengal Gram(Gram)(Whole),November-2025,0.80,Metric Tonnes,5079.63,Rs./Quintal
Telangana,Pulses,Black Gram Dal(Urd Dal),November-2025,202.80,Metric Tonnes,6458.10,Rs./Quintal
Telangana,Pulses,Black Gram(Urd Beans)(Whole),November-2025,112.85,Metric Tonnes,5104.69,Rs./Quintal
Telangana,Pulses,Cowpea(Lobia/Karamani),November-2025,1.00,Metric Tonnes,5501.00,Rs./Quintal
Telangana,Pulses,Green Gram Dal(Moong Dal),November-2025,31.30,Metric Tonnes,4990.56,Rs./Quintal
Telangana,Pulses,Green Gram(Moong)(Whole),November-2025,107.77,Metric Tonnes,5182.81,Rs./Quintal
Telangana,Pulses,Red gram/Arhar/Tur(whole),November-2025,207.03,Metric Tonnes,9960.15,Rs./Quintal
Telangana,Pulses,Bengal Gram(Gram)(Whole),December-2025,3.15,Metric Tonnes,4908.44,Rs./Quintal
Telangana,Pulses,Black Gram Dal(Urd Dal),December-2025,800.20,Metric Tonnes,7461.41,Rs./Quintal
Telangana,Pulses,Black Gram(Urd Beans)(Whole),December-2025,25.75,Metric Tonnes,4812.11,Rs./Quintal
Telangana,Pulses,Cowpea(Lobia/Karamani),December-2025,7.82,Metric Tonnes,6212.08,Rs./Quintal
Telangana,Pulses,Green Gram Dal(Moong Dal),December-2025,1.25,Metric Tonnes,5947.92,Rs./Quintal
Telangana,Pulses,Green Gram(Moong)(Whole),December-2025,41.82,Metric Tonnes,5534.36,Rs./Quintal
Telangana,Pulses,Red gram/Arhar/Tur(whole),December-2025,4421.62,Metric Tonnes,7494.93,Rs./Quintal
Tripura,Pulses,Green Peas,January-2023,5.50,Metric Tonnes,4789.09,Rs./Quintal
Tripura,Pulses,Masur Dal,January-2023,0.90,Metric Tonnes,11000.00,Rs./Quintal
Tripura,Pulses,Green Peas,February-2023,5.30,Metric Tonnes,3690.57,Rs./Quintal
Tripura,Pulses,Masur Dal,February-2023,1.04,Metric Tonnes,10800.00,Rs./Quintal
Tripura,Pulses,Green Peas,March-2023,0.60,Metric Tonnes,4500.00,Rs./Quintal
Tripura,Pulses,Masur Dal,March-2023,7.05,Metric Tonnes,8500.00,Rs./Quintal
Tripura,Pulses,Masur Dal,April-2023,11.30,Metric Tonnes,18288.50,Rs./Quintal
Tripura,Pulses,Masur Dal,May-2023,99.60,Metric Tonnes,10894.28,Rs./Quintal
Tripura,Pulses,Beans,June-2023,1.70,Metric Tonnes,3411.76,Rs./Quintal
Tripura,Pulses,Masur Dal,June-2023,129.60,Metric Tonnes,10942.13,Rs./Quintal
Tripura,Pulses,Bengal Gram Dal(Chana Dal),July-2023,7.50,Metric Tonnes,2572.00,Rs./Quintal
Tripura,Pulses,Masur Dal,July-2023,161.20,Metric Tonnes,11109.18,Rs./Quintal
Tripura,Pulses,Beans,August-2023,0.10,Metric Tonnes,4000.00,Rs./Quintal
Tripura,Pulses,Bengal Gram Dal(Chana Dal),August-2023,105.50,Metric Tonnes,8261.52,Rs./Quintal
Tripura,Pulses,Black Gram Dal(Urd Dal),August-2023,20.50,Metric Tonnes,12134.15,Rs./Quintal
Tripura,Pulses,Masur Dal,August-2023,144.20,Metric Tonnes,11634.54,Rs./Quintal
Tripura,Pulses,Beans,September-2023,1.80,Metric Tonnes,6777.78,Rs./Quintal
Tripura,Pulses,Bengal Gram Dal(Chana Dal),September-2023,115.00,Metric Tonnes,8300.00,Rs./Quintal
Tripura,Pulses,Black Gram Dal(Urd Dal),September-2023,23.00,Metric Tonnes,12500.00,Rs./Quintal
Tripura,Pulses,Masur Dal,September-2023,122.70,Metric Tonnes,12031.26,Rs./Quintal
Tripura,Pulses,Beans,October-2023,0.60,Metric Tonnes,6583.33,Rs./Quintal
Tripura,Pulses,Masur Dal,October-2023,7.20,Metric Tonnes,11000.00,Rs./Quintal
Tripura,Pulses,Beans,November-2023,2.50,Metric Tonnes,7040.00,Rs./Quintal
Tripura,Pulses,Bengal Gram Dal(Chana Dal),November-2023,65.20,Metric Tonnes,8300.00,Rs./Quintal
Tripura,Pulses,Black Gram Dal(Urd Dal),November-2023,14.00,Metric Tonnes,12500.00,Rs./Quintal
Tripura,Pulses,Masur Dal,November-2023,71.10,Metric Tonnes,11993.67,Rs./Quintal
Tripura,Pulses,Beans,December-2023,2.60,Metric Tonnes,6192.31,Rs./Quintal
Tripura,Pulses,Bengal Gram Dal(Chana Dal),December-2023,35.00,Metric Tonnes,8300.00,Rs./Quintal
Tripura,Pulses,Black Gram Dal(Urd Dal),December-2023,7.00,Metric Tonnes,12500.00,Rs./Quintal
Tripura,Pulses,Green Peas,December-2023,0.70,Metric Tonnes,6900.00,Rs./Quintal
Tripura,Pulses,Masur Dal,December-2023,41.70,Metric Tonnes,11846.52,Rs./Quintal
Tripura,Pulses,Beans,January-2024,0.30,Metric Tonnes,4500.00,Rs./Quintal
Tripura,Pulses,Green Peas,January-2024,0.60,Metric Tonnes,4800.00,Rs./Quintal
Tripura,Pulses,Masur Dal,January-2024,7.50,Metric Tonnes,10980.00,Rs./Quintal
Tripura,Pulses,Beans,February-2024,1.10,Metric Tonnes,4772.73,Rs./Quintal
Tripura,Pulses,Green Peas,February-2024,5.00,Metric Tonnes,3700.00,Rs./Quintal
Tripura,Pulses,Masur Dal,February-2024,5.50,Metric Tonnes,10794.55,Rs./Quintal
Tripura,Pulses,Beans,March-2024,2.00,Metric Tonnes,4050.00,Rs./Quintal
Tripura,Pulses,Masur Dal,March-2024,5.50,Metric Tonnes,10881.82,Rs./Quintal
Tripura,Pulses,Beans,April-2024,2.00,Metric Tonnes,4650.00,Rs./Quintal
Tripura,Pulses,Masur Dal,April-2024,3.90,Metric Tonnes,11000.00,Rs./Quintal
Tripura,Pulses,Masur Dal,May-2024,12.50,Metric Tonnes,11118.00,Rs./Quintal
Tripura,Pulses,Beans,June-2024,0.10,Metric Tonnes,11000.00,Rs./Quintal
Tripura,Pulses,Cowpea(Lobia/Karamani),June-2024,3.30,Metric Tonnes,4960.61,Rs./Quintal
Tripura,Pulses,Masur Dal,June-2024,9.80,Metric Tonnes,9525.51,Rs./Quintal
Tripura,Pulses,Beans,July-2024,3.00,Metric Tonnes,5500.00,Rs./Quintal
Tripura,Pulses,Cowpea(Lobia/Karamani),July-2024,3.20,Metric Tonnes,5812.50,Rs./Quintal
Tripura,Pulses,Masur Dal,July-2024,10.70,Metric Tonnes,9500.00,Rs./Quintal
Tripura,Pulses,Cowpea(Lobia/Karamani),August-2024,0.40,Metric Tonnes,6000.00,Rs./Quintal
Tripura,Pulses,Masur Dal,August-2024,9.51,Metric Tonnes,9381.18,Rs./Quintal
Tripura,Pulses,Cowpea(Lobia/Karamani),September-2024,0.30,Metric Tonnes,4900.00,Rs./Quintal
Tripura,Pulses,Masur Dal,September-2024,11.08,Metric Tonnes,8909.75,Rs./Quintal
Tripura,Pulses,Cowpea(Lobia/Karamani),October-2024,0.40,Metric Tonnes,5900.00,Rs./Quintal
Tripura,Pulses,Masur Dal,October-2024,12.16,Metric Tonnes,8921.88,Rs./Quintal
Tripura,Pulses,Black Gram(Urd Beans)(Whole),November-2024,1.00,Metric Tonnes,6950.00,Rs./Quintal
Tripura,Pulses,Masur Dal,November-2024,31.11,Metric Tonnes,9994.05,Rs./Quintal
Tripura,Pulses,Beans,December-2024,1.00,Metric Tonnes,3640.00,Rs./Quintal
Tripura,Pulses,Cowpea(Lobia/Karamani),December-2024,0.30,Metric Tonnes,5500.00,Rs./Quintal
Tripura,Pulses,Masur Dal,December-2024,14.88,Metric Tonnes,9010.92,Rs./Quintal
Tripura,Pulses,Masur Dal,February-2025,1.25,Metric Tonnes,10368.00,Rs./Quintal
Tripura,Pulses,Beans,March-2025,2.00,Metric Tonnes,2800.00,Rs./Quintal
Tripura,Pulses,Green Peas,March-2025,0.10,Metric Tonnes,11000.00,Rs./Quintal
Tripura,Pulses,Masur Dal,March-2025,17.22,Metric Tonnes,8557.20,Rs./Quintal
Tripura,Pulses,Masur Dal,April-2025,14.55,Metric Tonnes,8644.33,Rs./Quintal
Tripura,Pulses,Masur Dal,May-2025,29.80,Metric Tonnes,9846.06,Rs./Quintal
Tripura,Pulses,Masur Dal,June-2025,12.40,Metric Tonnes,8938.91,Rs./Quintal
Tripura,Pulses,Masur Dal,July-2025,13.10,Metric Tonnes,8949.43,Rs./Quintal
Tripura,Pulses,Masur Dal,August-2025,21.05,Metric Tonnes,8982.78,Rs./Quintal
Tripura,Pulses,Masur Dal,September-2025,13.30,Metric Tonnes,9074.25,Rs./Quintal
Tripura,Pulses,Beans,October-2025,8.50,Metric Tonnes,3517.65,Rs./Quintal
Tripura,Pulses,Masur Dal,October-2025,14.90,Metric Tonnes,9095.64,Rs./Quintal
Tripura,Pulses,Beans,November-2025,3.00,Metric Tonnes,2900.00,Rs./Quintal
Tripura,Pulses,Cowpea(Lobia/Karamani),November-2025,0.10,Metric Tonnes,7000.00,Rs./Quintal
Tripura,Pulses,Masur Dal,November-2025,2.20,Metric Tonnes,8943.18,Rs./Quintal
Tripura,Pulses,Masur Dal,December-2025,18.10,Metric Tonnes,8723.48,Rs./Quintal
Uttar Pradesh,Pulses,Bengal Gram Dal(Chana Dal),January-2023,7646.60,Metric Tonnes,6233.98,Rs./Quintal
Uttar Pradesh,Pulses,Bengal Gram(Gram)(Whole),January-2023,35427.10,Metric Tonnes,5237.94,Rs./Quintal
Uttar Pradesh,Pulses,Black Gram Dal(Urd Dal),January-2023,8490.30,Metric Tonnes,8947.01,Rs./Quintal
Uttar Pradesh,Pulses,Black Gram(Urd Beans)(Whole),January-2023,20071.80,Metric Tonnes,6914.19,Rs./Quintal
Uttar Pradesh,Pulses,Green Gram Dal(Moong Dal),January-2023,1959.70,Metric Tonnes,8801.24,Rs./Quintal
Uttar Pradesh,Pulses,Green Gram(Moong)(Whole),January-2023,9866.90,Metric Tonnes,7259.51,Rs./Quintal
Uttar Pradesh,Pulses,Green Peas,January-2023,42437.10,Metric Tonnes,1727.58,Rs./Quintal
Uttar Pradesh,Pulses,Kabuli Chana(Chickpeas-White),January-2023,158.00,Metric Tonnes,5859.92,Rs./Quintal
Uttar Pradesh,Pulses,Lentil(Masur)(Whole),January-2023,19925.08,Metric Tonnes,6772.22,Rs./Quintal
Uttar Pradesh,Pulses,Masur Dal,January-2023,3156.60,Metric Tonnes,8279.66,Rs./Quintal
Uttar Pradesh,Pulses,Peas(Dry),January-2023,38512.50,Metric Tonnes,3394.96,Rs./Quintal
Uttar Pradesh,Pulses,Red gram split/Arhar dal/Tur dal,January-2023,15576.16,Metric Tonnes,9934.81,Rs./Quintal
Uttar Pradesh,Pulses,Red gram/Arhar/Tur(whole),January-2023,9030.00,Metric Tonnes,6752.14,Rs./Quintal
Uttar Pradesh,Pulses,White Peas,January-2023,23770.30,Metric Tonnes,5104.97,Rs./Quintal
Uttar Pradesh,Pulses,Bengal Gram Dal(Chana Dal),February-2023,8993.60,Metric Tonnes,6274.58,Rs./Quintal
Uttar Pradesh,Pulses,Bengal Gram(Gram)(Whole),February-2023,38105.70,Metric Tonnes,5280.26,Rs./Quintal
Uttar Pradesh,Pulses,Black Gram Dal(Urd Dal),February-2023,8001.47,Metric Tonnes,8972.77,Rs./Quintal
Uttar Pradesh,Pulses,Black Gram(Urd Beans)(Whole),February-2023,14879.70,Metric Tonnes,7141.93,Rs./Quintal
Uttar Pradesh,Pulses,Green Gram Dal(Moong Dal),February-2023,2164.60,Metric Tonnes,8931.96,Rs./Quintal
Uttar Pradesh,Pulses,Green Gram(Moong)(Whole),February-2023,7527.30,Metric Tonnes,7674.65,Rs./Quintal
Uttar Pradesh,Pulses,Green Peas,February-2023,30396.30,Metric Tonnes,1202.31,Rs./Quintal
Uttar Pradesh,Pulses,Kabuli Chana(Chickpeas-White),February-2023,195.50,Metric Tonnes,5853.45,Rs./Quintal
Uttar Pradesh,Pulses,Lentil(Masur)(Whole),February-2023,19199.10,Metric Tonnes,6704.72,Rs./Quintal
Uttar Pradesh,Pulses,Masur Dal,February-2023,3886.10,Metric Tonnes,8310.38,Rs./Quintal
Uttar Pradesh,Pulses,Peas(Dry),February-2023,39031.40,Metric Tonnes,3490.98,Rs./Quintal
Uttar Pradesh,Pulses,Red gram split/Arhar dal/Tur dal,February-2023,15675.20,Metric Tonnes,9942.70,Rs./Quintal
Uttar Pradesh,Pulses,Red gram/Arhar/Tur(whole),February-2023,10547.10,Metric Tonnes,6773.57,Rs./Quintal
Uttar Pradesh,Pulses,White Peas,February-2023,34187.80,Metric Tonnes,4855.53,Rs./Quintal
Uttar Pradesh,Pulses,Bengal Gram Dal(Chana Dal),March-2023,9769.20,Metric Tonnes,6228.25,Rs./Quintal
Uttar Pradesh,Pulses,Bengal Gram(Gram)(Whole),March-2023,49081.70,Metric Tonnes,5246.25,Rs./Quintal
Uttar Pradesh,Pulses,Black Gram Dal(Urd Dal),March-2023,8162.90,Metric Tonnes,8964.27,Rs./Quintal
Uttar Pradesh,Pulses,Black Gram(Urd Beans)(Whole),March-2023,12765.46,Metric Tonnes,7048.57,Rs./Quintal
Uttar Pradesh,Pulses,Green Gram Dal(Moong Dal),March-2023,2133.30,Metric Tonnes,8921.25,Rs./Quintal
Uttar Pradesh,Pulses,Green Gram(Moong)(Whole),March-2023,7059.00,Metric Tonnes,7768.25,Rs./Quintal
Uttar Pradesh,Pulses,Green Peas,March-2023,10359.90,Metric Tonnes,3359.84,Rs./Quintal
Uttar Pradesh,Pulses,Kabuli Chana(Chickpeas-White),March-2023,172.90,Metric Tonnes,5823.05,Rs./Quintal
Uttar Pradesh,Pulses,Lentil(Masur)(Whole),March-2023,27889.20,Metric Tonnes,6431.22,Rs./Quintal
Uttar Pradesh,Pulses,Masur Dal,March-2023,3603.50,Metric Tonnes,8282.48,Rs./Quintal
Uttar Pradesh,Pulses,Peas(Dry),March-2023,62510.40,Metric Tonnes,4198.76,Rs./Quintal
Uttar Pradesh,Pulses,Red gram split/Arhar dal/Tur dal,March-2023,16382.30,Metric Tonnes,10046.57,Rs./Quintal
Uttar Pradesh,Pulses,Red gram/Arhar/Tur(whole),March-2023,9861.70,Metric Tonnes,6813.85,Rs./Quintal
Uttar Pradesh,Pulses,White Peas,March-2023,86702.20,Metric Tonnes,4400.55,Rs./Quintal
Uttar Pradesh,Pulses,Bengal Gram Dal(Chana Dal),April-2023,9623.30,Metric Tonnes,6278.62,Rs./Quintal
Uttar Pradesh,Pulses,Bengal Gram(Gram)(Whole),April-2023,76849.11,Metric Tonnes,5148.05,Rs./Quintal
Uttar Pradesh,Pulses,Black Gram Dal(Urd Dal),April-2023,7164.68,Metric Tonnes,9075.78,Rs./Quintal
Uttar Pradesh,Pulses,Black Gram(Urd Beans)(Whole),April-2023,11630.46,Metric Tonnes,7149.30,Rs./Quintal
Uttar Pradesh,Pulses,Green Gram Dal(Moong Dal),April-2023,2144.60,Metric Tonnes,9142.90,Rs./Quintal
Uttar Pradesh,Pulses,Green Gram(Moong)(Whole),April-2023,7456.00,Metric Tonnes,7823.67,Rs./Quintal
Uttar Pradesh,Pulses,Green Peas,April-2023,9423.90,Metric Tonnes,4364.23,Rs./Quintal
Uttar Pradesh,Pulses,Kabuli Chana(Chickpeas-White),April-2023,132.20,Metric Tonnes,5792.75,Rs./Quintal
Uttar Pradesh,Pulses,Lentil(Masur)(Whole),April-2023,46325.41,Metric Tonnes,6057.07,Rs./Quintal
Uttar Pradesh,Pulses,Masur Dal,April-2023,2990.90,Metric Tonnes,8278.18,Rs./Quintal
Uttar Pradesh,Pulses,Peas(Dry),April-2023,73671.20,Metric Tonnes,4302.21,Rs./Quintal
Uttar Pradesh,Pulses,Red gram split/Arhar dal/Tur dal,April-2023,17974.50,Metric Tonnes,9298.65,Rs./Quintal
Uttar Pradesh,Pulses,Red gram/Arhar/Tur(whole),April-2023,10569.80,Metric Tonnes,7073.35,Rs./Quintal
Uttar Pradesh,Pulses,White Peas,April-2023,81982.91,Metric Tonnes,4413.02,Rs./Quintal
Uttar Pradesh,Pulses,Bengal Gram Dal(Chana Dal),May-2023,8117.10,Metric Tonnes,6303.01,Rs./Quintal
Uttar Pradesh,Pulses,Bengal Gram(Gram)(Whole),May-2023,60568.80,Metric Tonnes,5345.40,Rs./Quintal
Uttar Pradesh,Pulses,Black Gram Dal(Urd Dal),May-2023,7210.50,Metric Tonnes,9124.11,Rs./Quintal
Uttar Pradesh,Pulses,Black Gram(Urd Beans)(Whole),May-2023,9664.09,Metric Tonnes,7225.84,Rs./Quintal
Uttar Pradesh,Pulses,Green Gram Dal(Moong Dal),May-2023,2149.70,Metric Tonnes,9290.61,Rs./Quintal
Uttar Pradesh,Pulses,Green Gram(Moong)(Whole),May-2023,7424.50,Metric Tonnes,7810.50,Rs./Quintal
Uttar Pradesh,Pulses,Green Peas,May-2023,6409.80,Metric Tonnes,4354.74,Rs./Quintal
Uttar Pradesh,Pulses,Kabuli Chana(Chickpeas-White),May-2023,99.90,Metric Tonnes,5760.54,Rs./Quintal
Uttar Pradesh,Pulses,Lentil(Masur)(Whole),May-2023,36362.47,Metric Tonnes,6235.60,Rs./Quintal
Uttar Pradesh,Pulses,Masur Dal,May-2023,2836.50,Metric Tonnes,8121.06,Rs./Quintal
Uttar Pradesh,Pulses,Peas(Dry),May-2023,42925.00,Metric Tonnes,4165.89,Rs./Quintal
Uttar Pradesh,Pulses,Red gram split/Arhar dal/Tur dal,May-2023,14591.97,Metric Tonnes,10632.06,Rs./Quintal
Uttar Pradesh,Pulses,Red gram/Arhar/Tur(whole),May-2023,10833.30,Metric Tonnes,7300.83,Rs./Quintal
Uttar Pradesh,Pulses,White Peas,May-2023,62225.50,Metric Tonnes,4324.13,Rs./Quintal
Uttar Pradesh,Pulses,Bengal Gram Dal(Chana Dal),June-2023,8114.60,Metric Tonnes,6310.01,Rs./Quintal
Uttar Pradesh,Pulses,Bengal Gram(Gram)(Whole),June-2023,47600.30,Metric Tonnes,5442.51,Rs./Quintal
Uttar Pradesh,Pulses,Black Gram Dal(Urd Dal),June-2023,7344.02,Metric Tonnes,9208.73,Rs./Quintal
Uttar Pradesh,Pulses,Black Gram(Urd Beans)(Whole),June-2023,10759.42,Metric Tonnes,7539.09,Rs./Quintal
Uttar Pradesh,Pulses,Green Gram Dal(Moong Dal),June-2023,2436.00,Metric Tonnes,9235.85,Rs./Quintal
Uttar Pradesh,Pulses,Green Gram(Moong)(Whole),June-2023,26864.40,Metric Tonnes,7307.34,Rs./Quintal
Uttar Pradesh,Pulses,Green Peas,June-2023,1928.80,Metric Tonnes,3580.03,Rs./Quintal
Uttar Pradesh,Pulses,Kabuli Chana(Chickpeas-White),June-2023,100.20,Metric Tonnes,5781.18,Rs./Quintal
Uttar Pradesh,Pulses,Lentil(Masur)(Whole),June-2023,39028.70,Metric Tonnes,6375.60,Rs./Quintal
Uttar Pradesh,Pulses,Masur Dal,June-2023,2293.10,Metric Tonnes,8256.40,Rs./Quintal
Uttar Pradesh,Pulses,Peas(Dry),June-2023,27997.40,Metric Tonnes,4154.39,Rs./Quintal
Uttar Pradesh,Pulses,Red gram split/Arhar dal/Tur dal,June-2023,12742.80,Metric Tonnes,11445.69,Rs./Quintal
Uttar Pradesh,Pulses,Red gram/Arhar/Tur(whole),June-2023,8637.30,Metric Tonnes,7660.33,Rs./Quintal
Uttar Pradesh,Pulses,White Peas,June-2023,55464.20,Metric Tonnes,4315.84,Rs./Quintal
Uttar Pradesh,Pulses,Bengal Gram Dal(Chana Dal),July-2023,8058.70,Metric Tonnes,6376.78,Rs./Quintal
Uttar Pradesh,Pulses,Bengal Gram(Gram)(Whole),July-2023,37285.90,Metric Tonnes,5369.85,Rs./Quintal
Uttar Pradesh,Pulses,Black Gram Dal(Urd Dal),July-2023,7392.25,Metric Tonnes,9364.50,Rs./Quintal
Uttar Pradesh,Pulses,Black Gram(Urd Beans)(Whole),July-2023,10691.57,Metric Tonnes,7713.96,Rs./Quintal
Uttar Pradesh,Pulses,Green Gram Dal(Moong Dal),July-2023,2188.94,Metric Tonnes,9440.40,Rs./Quintal
Uttar Pradesh,Pulses,Green Gram(Moong)(Whole),July-2023,21299.80,Metric Tonnes,7355.66,Rs./Quintal
Uttar Pradesh,Pulses,Green Peas,July-2023,1603.10,Metric Tonnes,3962.45,Rs./Quintal
Uttar Pradesh,Pulses,Kabuli Chana(Chickpeas-White),July-2023,119.70,Metric Tonnes,5813.25,Rs./Quintal
Uttar Pradesh,Pulses,Lentil(Masur)(Whole),July-2023,20690.70,Metric Tonnes,6287.35,Rs./Quintal
Uttar Pradesh,Pulses,Masur Dal,July-2023,2728.40,Metric Tonnes,8439.64,Rs./Quintal
Uttar Pradesh,Pulses,Peas(Dry),July-2023,19637.10,Metric Tonnes,4368.92,Rs./Quintal
Uttar Pradesh,Pulses,Red gram split/Arhar dal/Tur dal,July-2023,13208.90,Metric Tonnes,12516.54,Rs./Quintal
Uttar Pradesh,Pulses,Red gram/Arhar/Tur(whole),July-2023,8412.00,Metric Tonnes,8651.20,Rs./Quintal
Uttar Pradesh,Pulses,White Peas,July-2023,57669.80,Metric Tonnes,4393.79,Rs./Quintal
Uttar Pradesh,Pulses,Bengal Gram Dal(Chana Dal),August-2023,5837.80,Metric Tonnes,6386.51,Rs./Quintal
Uttar Pradesh,Pulses,Bengal Gram(Gram)(Whole),August-2023,40796.70,Metric Tonnes,5578.43,Rs./Quintal
Uttar Pradesh,Pulses,Black Gram Dal(Urd Dal),August-2023,6877.10,Metric Tonnes,9415.27,Rs./Quintal
Uttar Pradesh,Pulses,Black Gram(Urd Beans)(Whole),August-2023,9294.44,Metric Tonnes,8020.86,Rs./Quintal
Uttar Pradesh,Pulses,Green Gram Dal(Moong Dal),August-2023,2156.90,Metric Tonnes,9368.60,Rs./Quintal
Uttar Pradesh,Pulses,Green Gram(Moong)(Whole),August-2023,11132.30,Metric Tonnes,7758.84,Rs./Quintal
Uttar Pradesh,Pulses,Green Peas,August-2023,1271.60,Metric Tonnes,4191.51,Rs./Quintal
Uttar Pradesh,Pulses,Kabuli Chana(Chickpeas-White),August-2023,92.40,Metric Tonnes,5778.89,Rs./Quintal
Uttar Pradesh,Pulses,Lentil(Masur)(Whole),August-2023,21994.05,Metric Tonnes,6476.12,Rs./Quintal
Uttar Pradesh,Pulses,Masur Dal,August-2023,2445.20,Metric Tonnes,8357.40,Rs./Quintal
Uttar Pradesh,Pulses,Peas(Dry),August-2023,21140.10,Metric Tonnes,4933.46,Rs./Quintal
Uttar Pradesh,Pulses,Red gram split/Arhar dal/Tur dal,August-2023,14612.26,Metric Tonnes,12829.19,Rs./Quintal
Uttar Pradesh,Pulses,Red gram/Arhar/Tur(whole),August-2023,8956.11,Metric Tonnes,8777.46,Rs./Quintal
Uttar Pradesh,Pulses,White Peas,August-2023,62574.30,Metric Tonnes,5136.74,Rs./Quintal
Uttar Pradesh,Pulses,Bengal Gram Dal(Chana Dal),September-2023,5621.20,Metric Tonnes,6697.27,Rs./Quintal
Uttar Pradesh,Pulses,Bengal Gram(Gram)(Whole),September-2023,44395.50,Metric Tonnes,5976.45,Rs./Quintal
Uttar Pradesh,Pulses,Black Gram Dal(Urd Dal),September-2023,7857.30,Metric Tonnes,9574.12,Rs./Quintal
Uttar Pradesh,Pulses,Black Gram(Urd Beans)(Whole),September-2023,14380.54,Metric Tonnes,7723.31,Rs./Quintal
Uttar Pradesh,Pulses,Green Gram Dal(Moong Dal),September-2023,2372.70,Metric Tonnes,9434.52,Rs./Quintal
Uttar Pradesh,Pulses,Green Gram(Moong)(Whole),September-2023,7737.60,Metric Tonnes,8298.07,Rs./Quintal
Uttar Pradesh,Pulses,Green Peas,September-2023,593.00,Metric Tonnes,3512.90,Rs./Quintal
Uttar Pradesh,Pulses,Kabuli Chana(Chickpeas-White),September-2023,76.20,Metric Tonnes,5824.25,Rs./Quintal
Uttar Pradesh,Pulses,Lentil(Masur)(Whole),September-2023,20263.50,Metric Tonnes,6445.06,Rs./Quintal
Uttar Pradesh,Pulses,Masur Dal,September-2023,2301.80,Metric Tonnes,8516.24,Rs./Quintal
Uttar Pradesh,Pulses,Peas(Dry),September-2023,26749.40,Metric Tonnes,5110.92,Rs./Quintal
Uttar Pradesh,Pulses,Red gram split/Arhar dal/Tur dal,September-2023,13866.60,Metric Tonnes,13373.27,Rs./Quintal
Uttar Pradesh,Pulses,Red gram/Arhar/Tur(whole),September-2023,8042.15,Metric Tonnes,9321.44,Rs./Quintal
Uttar Pradesh,Pulses,White Peas,September-2023,92282.80,Metric Tonnes,5277.64,Rs./Quintal
Uttar Pradesh,Pulses,Bengal Gram Dal(Chana Dal),October-2023,10403.80,Metric Tonnes,6759.28,Rs./Quintal
Uttar Pradesh,Pulses,Bengal Gram(Gram)(Whole),October-2023,43937.40,Metric Tonnes,6104.81,Rs./Quintal
Uttar Pradesh,Pulses,Black Gram Dal(Urd Dal),October-2023,6498.40,Metric Tonnes,9684.50,Rs./Quintal
Uttar Pradesh,Pulses,Black Gram(Urd Beans)(Whole),October-2023,32684.12,Metric Tonnes,7226.43,Rs./Quintal
Uttar Pradesh,Pulses,Green Gram Dal(Moong Dal),October-2023,2663.80,Metric Tonnes,9519.19,Rs./Quintal
Uttar Pradesh,Pulses,Green Gram(Moong)(Whole),October-2023,7724.40,Metric Tonnes,8388.49,Rs./Quintal
Uttar Pradesh,Pulses,Green Peas,October-2023,513.00,Metric Tonnes,5915.40,Rs./Quintal
Uttar Pradesh,Pulses,Kabuli Chana(Chickpeas-White),October-2023,102.80,Metric Tonnes,5894.53,Rs./Quintal
Uttar Pradesh,Pulses,Lentil(Masur)(Whole),October-2023,19968.90,Metric Tonnes,6395.50,Rs./Quintal
Uttar Pradesh,Pulses,Masur Dal,October-2023,2121.20,Metric Tonnes,8539.23,Rs./Quintal
Uttar Pradesh,Pulses,Peas(Dry),October-2023,23632.30,Metric Tonnes,5020.58,Rs./Quintal
Uttar Pradesh,Pulses,Red gram split/Arhar dal/Tur dal,October-2023,13734.01,Metric Tonnes,13806.31,Rs./Quintal
Uttar Pradesh,Pulses,Red gram/Arhar/Tur(whole),October-2023,7851.00,Metric Tonnes,9448.11,Rs./Quintal
Uttar Pradesh,Pulses,White Peas,October-2023,137931.00,Metric Tonnes,5263.10,Rs./Quintal
Uttar Pradesh,Pulses,Bengal Gram Dal(Chana Dal),November-2023,5338.70,Metric Tonnes,7066.09,Rs./Quintal
Uttar Pradesh,Pulses,Bengal Gram(Gram)(Whole),November-2023,24737.30,Metric Tonnes,6243.41,Rs./Quintal
Uttar Pradesh,Pulses,Black Gram Dal(Urd Dal),November-2023,6293.84,Metric Tonnes,9744.89,Rs./Quintal
Uttar Pradesh,Pulses,Black Gram(Urd Beans)(Whole),November-2023,15363.55,Metric Tonnes,7914.95,Rs./Quintal
Uttar Pradesh,Pulses,Green Gram Dal(Moong Dal),November-2023,2577.40,Metric Tonnes,9619.39,Rs./Quintal
Uttar Pradesh,Pulses,Green Gram(Moong)(Whole),November-2023,6374.90,Metric Tonnes,8730.49,Rs./Quintal
Uttar Pradesh,Pulses,Green Peas,November-2023,624.90,Metric Tonnes,6180.90,Rs./Quintal
Uttar Pradesh,Pulses,Kabuli Chana(Chickpeas-White),November-2023,85.20,Metric Tonnes,6083.19,Rs./Quintal
Uttar Pradesh,Pulses,Lentil(Masur)(Whole),November-2023,14316.30,Metric Tonnes,6613.11,Rs./Quintal
Uttar Pradesh,Pulses,Masur Dal,November-2023,2203.20,Metric Tonnes,8491.23,Rs./Quintal
Uttar Pradesh,Pulses,Peas(Dry),November-2023,11219.80,Metric Tonnes,5561.81,Rs./Quintal
Uttar Pradesh,Pulses,Red gram split/Arhar dal/Tur dal,November-2023,15670.38,Metric Tonnes,13864.78,Rs./Quintal
Uttar Pradesh,Pulses,Red gram/Arhar/Tur(whole),November-2023,5950.80,Metric Tonnes,9527.83,Rs./Quintal
Uttar Pradesh,Pulses,White Peas,November-2023,48415.80,Metric Tonnes,5981.88,Rs./Quintal
Uttar Pradesh,Pulses,Beans,December-2023,15.00,Metric Tonnes,1990.00,Rs./Quintal
Uttar Pradesh,Pulses,Bengal Gram Dal(Chana Dal),December-2023,4053.74,Metric Tonnes,7211.41,Rs./Quintal
Uttar Pradesh,Pulses,Bengal Gram(Gram)(Whole),December-2023,20110.61,Metric Tonnes,6351.80,Rs./Quintal
Uttar Pradesh,Pulses,Black Gram Dal(Urd Dal),December-2023,5151.70,Metric Tonnes,9782.02,Rs./Quintal
Uttar Pradesh,Pulses,Black Gram(Urd Beans)(Whole),December-2023,12314.38,Metric Tonnes,7555.72,Rs./Quintal
Uttar Pradesh,Pulses,Green Gram Dal(Moong Dal),December-2023,2126.40,Metric Tonnes,9681.67,Rs./Quintal
Uttar Pradesh,Pulses,Green Gram(Moong)(Whole),December-2023,5266.30,Metric Tonnes,8671.78,Rs./Quintal
Uttar Pradesh,Pulses,Green Peas,December-2023,5507.10,Metric Tonnes,1642.71,Rs./Quintal
Uttar Pradesh,Pulses,Kabuli Chana(Chickpeas-White),December-2023,96.20,Metric Tonnes,6259.23,Rs./Quintal
Uttar Pradesh,Pulses,Lentil(Masur)(Whole),December-2023,12511.12,Metric Tonnes,6573.17,Rs./Quintal
Uttar Pradesh,Pulses,Masur Dal,December-2023,2754.10,Metric Tonnes,8672.29,Rs./Quintal
Uttar Pradesh,Pulses,Peas(Dry),December-2023,11594.20,Metric Tonnes,5246.85,Rs./Quintal
Uttar Pradesh,Pulses,Red gram split/Arhar dal/Tur dal,December-2023,12099.65,Metric Tonnes,13990.76,Rs./Quintal
Uttar Pradesh,Pulses,Red gram/Arhar/Tur(whole),December-2023,5609.00,Metric Tonnes,9434.60,Rs./Quintal
Uttar Pradesh,Pulses,White Peas,December-2023,15040.20,Metric Tonnes,5817.63,Rs./Quintal
Uttar Pradesh,Pulses,Bengal Gram Dal(Chana Dal),January-2024,4737.60,Metric Tonnes,7148.71,Rs./Quintal
Uttar Pradesh,Pulses,Bengal Gram(Gram)(Whole),January-2024,20574.85,Metric Tonnes,6298.70,Rs./Quintal
Uttar Pradesh,Pulses,Black Gram Dal(Urd Dal),January-2024,6067.00,Metric Tonnes,9785.50,Rs./Quintal
Uttar Pradesh,Pulses,Black Gram(Urd Beans)(Whole),January-2024,10983.40,Metric Tonnes,8268.37,Rs./Quintal
Uttar Pradesh,Pulses,Green Gram Dal(Moong Dal),January-2024,2901.00,Metric Tonnes,9697.78,Rs./Quintal
Uttar Pradesh,Pulses,Green Gram(Moong)(Whole),January-2024,5256.50,Metric Tonnes,8644.22,Rs./Quintal
Uttar Pradesh,Pulses,Green Peas,January-2024,6064.44,Metric Tonnes,1717.35,Rs./Quintal
Uttar Pradesh,Pulses,Kabuli Chana(Chickpeas-White),January-2024,70.00,Metric Tonnes,6453.36,Rs./Quintal
Uttar Pradesh,Pulses,Lentil(Masur)(Whole),January-2024,11219.50,Metric Tonnes,6589.78,Rs./Quintal
Uttar Pradesh,Pulses,Masur Dal,January-2024,3071.20,Metric Tonnes,8593.73,Rs./Quintal
Uttar Pradesh,Pulses,Peas(Dry),January-2024,9430.90,Metric Tonnes,5010.69,Rs./Quintal
Uttar Pradesh,Pulses,Red gram split/Arhar dal/Tur dal,January-2024,14722.10,Metric Tonnes,13339.07,Rs./Quintal
Uttar Pradesh,Pulses,Red gram/Arhar/Tur(whole),January-2024,6679.30,Metric Tonnes,9089.09,Rs./Quintal
Uttar Pradesh,Pulses,White Peas,January-2024,14765.40,Metric Tonnes,5140.40,Rs./Quintal
Uttar Pradesh,Pulses,Bengal Gram Dal(Chana Dal),February-2024,6108.90,Metric Tonnes,7134.67,Rs./Quintal
Uttar Pradesh,Pulses,Bengal Gram(Gram)(Whole),February-2024,23423.98,Metric Tonnes,6156.36,Rs./Quintal
Uttar Pradesh,Pulses,Black Gram Dal(Urd Dal),February-2024,5151.90,Metric Tonnes,9934.11,Rs./Quintal
Uttar Pradesh,Pulses,Black Gram(Urd Beans)(Whole),February-2024,10777.04,Metric Tonnes,7880.45,Rs./Quintal
Uttar Pradesh,Pulses,Green Gram Dal(Moong Dal),February-2024,3434.60,Metric Tonnes,9796.07,Rs./Quintal
Uttar Pradesh,Pulses,Green Gram(Moong)(Whole),February-2024,4677.60,Metric Tonnes,8806.27,Rs./Quintal
Uttar Pradesh,Pulses,Green Peas,February-2024,9630.76,Metric Tonnes,2204.23,Rs./Quintal
Uttar Pradesh,Pulses,Kabuli Chana(Chickpeas-White),February-2024,85.70,Metric Tonnes,6484.10,Rs./Quintal
Uttar Pradesh,Pulses,Lentil(Masur)(Whole),February-2024,13545.70,Metric Tonnes,6558.07,Rs./Quintal
Uttar Pradesh,Pulses,Masur Dal,February-2024,3465.10,Metric Tonnes,8622.27,Rs./Quintal
Uttar Pradesh,Pulses,Peas(Dry),February-2024,12932.60,Metric Tonnes,4708.92,Rs./Quintal
Uttar Pradesh,Pulses,Red gram split/Arhar dal/Tur dal,February-2024,12531.50,Metric Tonnes,13298.64,Rs./Quintal
Uttar Pradesh,Pulses,Red gram/Arhar/Tur(whole),February-2024,5683.70,Metric Tonnes,9275.86,Rs./Quintal
Uttar Pradesh,Pulses,White Peas,February-2024,18545.36,Metric Tonnes,4960.11,Rs./Quintal
Uttar Pradesh,Pulses,Bengal Gram Dal(Chana Dal),March-2024,5290.60,Metric Tonnes,6980.40,Rs./Quintal
Uttar Pradesh,Pulses,Bengal Gram(Gram)(Whole),March-2024,22478.53,Metric Tonnes,6199.08,Rs./Quintal
Uttar Pradesh,Pulses,Black Gram Dal(Urd Dal),March-2024,4526.20,Metric Tonnes,9993.06,Rs./Quintal
Uttar Pradesh,Pulses,Black Gram(Urd Beans)(Whole),March-2024,5494.24,Metric Tonnes,8848.70,Rs./Quintal
Uttar Pradesh,Pulses,Green Gram Dal(Moong Dal),March-2024,2471.50,Metric Tonnes,9882.88,Rs./Quintal
Uttar Pradesh,Pulses,Green Gram(Moong)(Whole),March-2024,4046.60,Metric Tonnes,8735.20,Rs./Quintal
Uttar Pradesh,Pulses,Green Peas,March-2024,3139.78,Metric Tonnes,3133.38,Rs./Quintal
Uttar Pradesh,Pulses,Kabuli Chana(Chickpeas-White),March-2024,55.70,Metric Tonnes,6651.31,Rs./Quintal
Uttar Pradesh,Pulses,Lentil(Masur)(Whole),March-2024,17699.80,Metric Tonnes,6477.84,Rs./Quintal
Uttar Pradesh,Pulses,Masur Dal,March-2024,3379.50,Metric Tonnes,8523.91,Rs./Quintal
Uttar Pradesh,Pulses,Peas(Dry),March-2024,13651.90,Metric Tonnes,4630.71,Rs./Quintal
Uttar Pradesh,Pulses,Red gram split/Arhar dal/Tur dal,March-2024,13877.50,Metric Tonnes,12410.59,Rs./Quintal
Uttar Pradesh,Pulses,Red gram/Arhar/Tur(whole),March-2024,4871.20,Metric Tonnes,9140.72,Rs./Quintal
Uttar Pradesh,Pulses,White Peas,March-2024,37850.84,Metric Tonnes,4291.60,Rs./Quintal
Uttar Pradesh,Pulses,Bengal Gram Dal(Chana Dal),April-2024,5765.90,Metric Tonnes,7173.67,Rs./Quintal
Uttar Pradesh,Pulses,Bengal Gram(Gram)(Whole),April-2024,30534.75,Metric Tonnes,6096.05,Rs./Quintal
Uttar Pradesh,Pulses,Black Gram Dal(Urd Dal),April-2024,3962.83,Metric Tonnes,10137.16,Rs./Quintal
Uttar Pradesh,Pulses,Black Gram(Urd Beans)(Whole),April-2024,6295.02,Metric Tonnes,8675.06,Rs./Quintal
Uttar Pradesh,Pulses,Green Gram Dal(Moong Dal),April-2024,1743.80,Metric Tonnes,10014.38,Rs./Quintal
Uttar Pradesh,Pulses,Green Gram(Moong)(Whole),April-2024,3980.80,Metric Tonnes,8747.09,Rs./Quintal
Uttar Pradesh,Pulses,Green Peas,April-2024,477.20,Metric Tonnes,7237.49,Rs./Quintal
Uttar Pradesh,Pulses,Kabuli Chana(Chickpeas-White),April-2024,92.30,Metric Tonnes,6574.10,Rs./Quintal
Uttar Pradesh,Pulses,Lentil(Masur)(Whole),April-2024,23327.35,Metric Tonnes,6423.82,Rs./Quintal
Uttar Pradesh,Pulses,Masur Dal,April-2024,2510.30,Metric Tonnes,8270.39,Rs./Quintal
Uttar Pradesh,Pulses,Peas(Dry),April-2024,13058.30,Metric Tonnes,4449.93,Rs./Quintal
Uttar Pradesh,Pulses,Red gram split/Arhar dal/Tur dal,April-2024,16754.52,Metric Tonnes,11615.34,Rs./Quintal
Uttar Pradesh,Pulses,Red gram/Arhar/Tur(whole),April-2024,5072.70,Metric Tonnes,9077.07,Rs./Quintal
Uttar Pradesh,Pulses,White Peas,April-2024,38291.23,Metric Tonnes,4339.99,Rs./Quintal
Uttar Pradesh,Pulses,Bengal Gram Dal(Chana Dal),May-2024,5282.80,Metric Tonnes,7262.32,Rs./Quintal
Uttar Pradesh,Pulses,Bengal Gram(Gram)(Whole),May-2024,43525.07,Metric Tonnes,6226.56,Rs./Quintal
Uttar Pradesh,Pulses,Black Gram Dal(Urd Dal),May-2024,3818.90,Metric Tonnes,10228.90,Rs./Quintal
Uttar Pradesh,Pulses,Black Gram(Urd Beans)(Whole),May-2024,6035.75,Metric Tonnes,8612.21,Rs./Quintal
Uttar Pradesh,Pulses,Green Gram Dal(Moong Dal),May-2024,1998.10,Metric Tonnes,10023.41,Rs./Quintal
Uttar Pradesh,Pulses,Green Gram(Moong)(Whole),May-2024,9238.70,Metric Tonnes,8263.12,Rs./Quintal
Uttar Pradesh,Pulses,Green Peas,May-2024,363.60,Metric Tonnes,7070.00,Rs./Quintal
Uttar Pradesh,Pulses,Kabuli Chana(Chickpeas-White),May-2024,97.80,Metric Tonnes,6476.71,Rs./Quintal
Uttar Pradesh,Pulses,Lentil(Masur)(Whole),May-2024,26483.78,Metric Tonnes,6352.84,Rs./Quintal
Uttar Pradesh,Pulses,Masur Dal,May-2024,2643.90,Metric Tonnes,8220.07,Rs./Quintal
Uttar Pradesh,Pulses,Peas(Dry),May-2024,22428.00,Metric Tonnes,4244.42,Rs./Quintal
Uttar Pradesh,Pulses,Red gram split/Arhar dal/Tur dal,May-2024,15268.15,Metric Tonnes,12485.25,Rs./Quintal
Uttar Pradesh,Pulses,Red gram/Arhar/Tur(whole),May-2024,5974.60,Metric Tonnes,10146.16,Rs./Quintal
Uttar Pradesh,Pulses,White Peas,May-2024,44300.69,Metric Tonnes,4315.55,Rs./Quintal
Uttar Pradesh,Pulses,Bengal Gram Dal(Chana Dal),June-2024,4780.10,Metric Tonnes,7475.09,Rs./Quintal
Uttar Pradesh,Pulses,Bengal Gram(Gram)(Whole),June-2024,29840.31,Metric Tonnes,6684.58,Rs./Quintal
Uttar Pradesh,Pulses,Black Gram Dal(Urd Dal),June-2024,4341.30,Metric Tonnes,10276.40,Rs./Quintal
Uttar Pradesh,Pulses,Black Gram(Urd Beans)(Whole),June-2024,7304.16,Metric Tonnes,8928.95,Rs./Quintal
Uttar Pradesh,Pulses,Green Gram Dal(Moong Dal),June-2024,3242.00,Metric Tonnes,9521.52,Rs./Quintal
Uttar Pradesh,Pulses,Green Gram(Moong)(Whole),June-2024,94447.20,Metric Tonnes,7913.55,Rs./Quintal
Uttar Pradesh,Pulses,Green Peas,June-2024,152.00,Metric Tonnes,8086.18,Rs./Quintal
Uttar Pradesh,Pulses,Kabuli Chana(Chickpeas-White),June-2024,119.00,Metric Tonnes,6713.32,Rs./Quintal
Uttar Pradesh,Pulses,Lentil(Masur)(Whole),June-2024,20169.50,Metric Tonnes,6548.65,Rs./Quintal
Uttar Pradesh,Pulses,Masur Dal,June-2024,3911.40,Metric Tonnes,8274.94,Rs./Quintal
Uttar Pradesh,Pulses,Peas(Dry),June-2024,11983.20,Metric Tonnes,4291.11,Rs./Quintal
Uttar Pradesh,Pulses,Red gram split/Arhar dal/Tur dal,June-2024,11161.83,Metric Tonnes,14370.20,Rs./Quintal
Uttar Pradesh,Pulses,Red gram/Arhar/Tur(whole),June-2024,4614.10,Metric Tonnes,10659.08,Rs./Quintal
Uttar Pradesh,Pulses,White Peas,June-2024,31379.54,Metric Tonnes,4326.30,Rs./Quintal
Uttar Pradesh,Pulses,Bengal Gram Dal(Chana Dal),July-2024,4373.40,Metric Tonnes,7647.29,Rs./Quintal
Uttar Pradesh,Pulses,Bengal Gram(Gram)(Whole),July-2024,30612.65,Metric Tonnes,6695.10,Rs./Quintal
Uttar Pradesh,Pulses,Black Gram Dal(Urd Dal),July-2024,4687.50,Metric Tonnes,10382.62,Rs./Quintal
Uttar Pradesh,Pulses,Black Gram(Urd Beans)(Whole),July-2024,6721.05,Metric Tonnes,8980.72,Rs./Quintal
Uttar Pradesh,Pulses,Green Gram Dal(Moong Dal),July-2024,2158.30,Metric Tonnes,10146.26,Rs./Quintal
Uttar Pradesh,Pulses,Green Gram(Moong)(Whole),July-2024,42381.10,Metric Tonnes,7975.76,Rs./Quintal
Uttar Pradesh,Pulses,Green Peas,July-2024,108.00,Metric Tonnes,10774.07,Rs./Quintal
Uttar Pradesh,Pulses,Kabuli Chana(Chickpeas-White),July-2024,94.60,Metric Tonnes,6913.24,Rs./Quintal
Uttar Pradesh,Pulses,Lentil(Masur)(Whole),July-2024,28437.02,Metric Tonnes,6734.13,Rs./Quintal
Uttar Pradesh,Pulses,Masur Dal,July-2024,3927.60,Metric Tonnes,8283.79,Rs./Quintal
Uttar Pradesh,Pulses,Peas(Dry),July-2024,10473.40,Metric Tonnes,4212.91,Rs./Quintal
Uttar Pradesh,Pulses,Red gram split/Arhar dal/Tur dal,July-2024,11547.25,Metric Tonnes,14928.06,Rs./Quintal
Uttar Pradesh,Pulses,Red gram/Arhar/Tur(whole),July-2024,6965.90,Metric Tonnes,10419.85,Rs./Quintal
Uttar Pradesh,Pulses,White Peas,July-2024,26289.18,Metric Tonnes,4275.45,Rs./Quintal
Uttar Pradesh,Pulses,Bengal Gram Dal(Chana Dal),August-2024,5468.60,Metric Tonnes,7767.27,Rs./Quintal
Uttar Pradesh,Pulses,Bengal Gram(Gram)(Whole),August-2024,30642.45,Metric Tonnes,6881.15,Rs./Quintal
Uttar Pradesh,Pulses,Black Gram Dal(Urd Dal),August-2024,5067.00,Metric Tonnes,10386.34,Rs./Quintal
Uttar Pradesh,Pulses,Black Gram(Urd Beans)(Whole),August-2024,6378.94,Metric Tonnes,8703.96,Rs./Quintal
Uttar Pradesh,Pulses,Green Gram Dal(Moong Dal),August-2024,2140.70,Metric Tonnes,10117.65,Rs./Quintal
Uttar Pradesh,Pulses,Green Gram(Moong)(Whole),August-2024,23278.30,Metric Tonnes,7873.89,Rs./Quintal
Uttar Pradesh,Pulses,Green Peas,August-2024,144.00,Metric Tonnes,14965.28,Rs./Quintal
Uttar Pradesh,Pulses,Kabuli Chana(Chickpeas-White),August-2024,98.50,Metric Tonnes,6979.19,Rs./Quintal
Uttar Pradesh,Pulses,Lentil(Masur)(Whole),August-2024,17843.00,Metric Tonnes,6608.03,Rs./Quintal
Uttar Pradesh,Pulses,Masur Dal,August-2024,3679.50,Metric Tonnes,8225.79,Rs./Quintal
Uttar Pradesh,Pulses,Peas(Dry),August-2024,9769.90,Metric Tonnes,4158.94,Rs./Quintal
Uttar Pradesh,Pulses,Red gram split/Arhar dal/Tur dal,August-2024,11863.25,Metric Tonnes,15142.05,Rs./Quintal
Uttar Pradesh,Pulses,Red gram/Arhar/Tur(whole),August-2024,5116.00,Metric Tonnes,10369.26,Rs./Quintal
Uttar Pradesh,Pulses,White Peas,August-2024,21794.68,Metric Tonnes,4278.53,Rs./Quintal
Uttar Pradesh,Pulses,Bengal Gram Dal(Chana Dal),September-2024,4404.50,Metric Tonnes,8053.55,Rs./Quintal
Uttar Pradesh,Pulses,Bengal Gram(Gram)(Whole),September-2024,30382.31,Metric Tonnes,7120.10,Rs./Quintal
Uttar Pradesh,Pulses,Black Gram Dal(Urd Dal),September-2024,5472.80,Metric Tonnes,10340.63,Rs./Quintal
Uttar Pradesh,Pulses,Black Gram(Urd Beans)(Whole),September-2024,6346.00,Metric Tonnes,8569.42,Rs./Quintal
Uttar Pradesh,Pulses,Cowpea(Lobia/Karamani),September-2024,2.70,Metric Tonnes,2490.37,Rs./Quintal
Uttar Pradesh,Pulses,Green Gram Dal(Moong Dal),September-2024,2492.80,Metric Tonnes,10088.32,Rs./Quintal
Uttar Pradesh,Pulses,Green Gram(Moong)(Whole),September-2024,5762.20,Metric Tonnes,8209.85,Rs./Quintal
Uttar Pradesh,Pulses,Green Peas,September-2024,1165.60,Metric Tonnes,13752.92,Rs./Quintal
Uttar Pradesh,Pulses,Kabuli Chana(Chickpeas-White),September-2024,81.50,Metric Tonnes,7174.29,Rs./Quintal
Uttar Pradesh,Pulses,Lentil(Masur)(Whole),September-2024,14952.10,Metric Tonnes,6579.75,Rs./Quintal
Uttar Pradesh,Pulses,Masur Dal,September-2024,2967.30,Metric Tonnes,8423.01,Rs./Quintal
Uttar Pradesh,Pulses,Peas(Dry),September-2024,8329.90,Metric Tonnes,4385.44,Rs./Quintal
Uttar Pradesh,Pulses,Red gram split/Arhar dal/Tur dal,September-2024,12650.21,Metric Tonnes,15139.88,Rs./Quintal
Uttar Pradesh,Pulses,Red gram/Arhar/Tur(whole),September-2024,5960.30,Metric Tonnes,10557.80,Rs./Quintal
Uttar Pradesh,Pulses,White Peas,September-2024,22680.10,Metric Tonnes,4241.64,Rs./Quintal
Uttar Pradesh,Pulses,Bengal Gram Dal(Chana Dal),October-2024,3476.60,Metric Tonnes,8386.05,Rs./Quintal
Uttar Pradesh,Pulses,Bengal Gram(Gram)(Whole),October-2024,23748.57,Metric Tonnes,7250.97,Rs./Quintal
Uttar Pradesh,Pulses,Black Gram Dal(Urd Dal),October-2024,4528.90,Metric Tonnes,10416.44,Rs./Quintal
Uttar Pradesh,Pulses,Black Gram(Urd Beans)(Whole),October-2024,12400.86,Metric Tonnes,7669.90,Rs./Quintal
Uttar Pradesh,Pulses,Cowpea(Lobia/Karamani),October-2024,4.10,Metric Tonnes,2510.00,Rs./Quintal
Uttar Pradesh,Pulses,Green Gram Dal(Moong Dal),October-2024,2233.00,Metric Tonnes,10190.64,Rs./Quintal
Uttar Pradesh,Pulses,Green Gram(Moong)(Whole),October-2024,3322.80,Metric Tonnes,8522.21,Rs./Quintal
Uttar Pradesh,Pulses,Green Peas,October-2024,730.80,Metric Tonnes,12754.57,Rs./Quintal
Uttar Pradesh,Pulses,Kabuli Chana(Chickpeas-White),October-2024,95.90,Metric Tonnes,7430.57,Rs./Quintal
Uttar Pradesh,Pulses,Lentil(Masur)(Whole),October-2024,10581.57,Metric Tonnes,6660.58,Rs./Quintal
Uttar Pradesh,Pulses,Masur Dal,October-2024,3253.70,Metric Tonnes,8305.84,Rs./Quintal
Uttar Pradesh,Pulses,Peas(Dry),October-2024,5482.40,Metric Tonnes,4323.60,Rs./Quintal
Uttar Pradesh,Pulses,Red gram split/Arhar dal/Tur dal,October-2024,11870.46,Metric Tonnes,15016.14,Rs./Quintal
Uttar Pradesh,Pulses,Red gram/Arhar/Tur(whole),October-2024,6586.70,Metric Tonnes,10664.40,Rs./Quintal
Uttar Pradesh,Pulses,White Peas,October-2024,24476.51,Metric Tonnes,3979.91,Rs./Quintal
Uttar Pradesh,Pulses,Bengal Gram Dal(Chana Dal),November-2024,3622.70,Metric Tonnes,8491.08,Rs./Quintal
Uttar Pradesh,Pulses,Bengal Gram(Gram)(Whole),November-2024,19572.23,Metric Tonnes,7319.48,Rs./Quintal
Uttar Pradesh,Pulses,Black Gram Dal(Urd Dal),November-2024,4780.80,Metric Tonnes,10450.69,Rs./Quintal
Uttar Pradesh,Pulses,Black Gram(Urd Beans)(Whole),November-2024,7561.13,Metric Tonnes,7911.13,Rs./Quintal
Uttar Pradesh,Pulses,Green Gram Dal(Moong Dal),November-2024,2221.60,Metric Tonnes,10113.66,Rs./Quintal
Uttar Pradesh,Pulses,Green Gram(Moong)(Whole),November-2024,2158.40,Metric Tonnes,8794.99,Rs./Quintal
Uttar Pradesh,Pulses,Green Peas,November-2024,285.70,Metric Tonnes,10344.66,Rs./Quintal
Uttar Pradesh,Pulses,Kabuli Chana(Chickpeas-White),November-2024,69.20,Metric Tonnes,7632.56,Rs./Quintal
Uttar Pradesh,Pulses,Lentil(Masur)(Whole),November-2024,9016.95,Metric Tonnes,6610.86,Rs./Quintal
Uttar Pradesh,Pulses,Masur Dal,November-2024,2777.50,Metric Tonnes,8286.83,Rs./Quintal
Uttar Pradesh,Pulses,Peas(Dry),November-2024,5198.40,Metric Tonnes,4268.26,Rs./Quintal
Uttar Pradesh,Pulses,Red gram split/Arhar dal/Tur dal,November-2024,11993.31,Metric Tonnes,14981.27,Rs./Quintal
Uttar Pradesh,Pulses,Red gram/Arhar/Tur(whole),November-2024,4513.60,Metric Tonnes,10526.81,Rs./Quintal
Uttar Pradesh,Pulses,White Peas,November-2024,25513.21,Metric Tonnes,3736.68,Rs./Quintal
Uttar Pradesh,Pulses,Beans,December-2024,0.01,Metric Tonnes,900.00,Rs./Quintal
Uttar Pradesh,Pulses,Bengal Gram Dal(Chana Dal),December-2024,3638.80,Metric Tonnes,8383.37,Rs./Quintal
Uttar Pradesh,Pulses,Bengal Gram(Gram)(Whole),December-2024,20663.36,Metric Tonnes,7278.11,Rs./Quintal
Uttar Pradesh,Pulses,Black Gram Dal(Urd Dal),December-2024,4935.60,Metric Tonnes,10444.01,Rs./Quintal
Uttar Pradesh,Pulses,Black Gram(Urd Beans)(Whole),December-2024,11504.86,Metric Tonnes,7906.04,Rs./Quintal
Uttar Pradesh,Pulses,Green Gram Dal(Moong Dal),December-2024,2549.40,Metric Tonnes,10067.13,Rs./Quintal
Uttar Pradesh,Pulses,Green Gram(Moong)(Whole),December-2024,2710.10,Metric Tonnes,8760.30,Rs./Quintal
Uttar Pradesh,Pulses,Green Peas,December-2024,359.05,Metric Tonnes,3683.04,Rs./Quintal
Uttar Pradesh,Pulses,Kabuli Chana(Chickpeas-White),December-2024,99.50,Metric Tonnes,7604.72,Rs./Quintal
Uttar Pradesh,Pulses,Lentil(Masur)(Whole),December-2024,12168.04,Metric Tonnes,6567.52,Rs./Quintal
Uttar Pradesh,Pulses,Masur Dal,December-2024,2738.00,Metric Tonnes,8212.70,Rs./Quintal
Uttar Pradesh,Pulses,Peas(Dry),December-2024,11759.50,Metric Tonnes,3895.92,Rs./Quintal
Uttar Pradesh,Pulses,Red gram split/Arhar dal/Tur dal,December-2024,12185.53,Metric Tonnes,14951.02,Rs./Quintal
Uttar Pradesh,Pulses,Red gram/Arhar/Tur(whole),December-2024,5156.40,Metric Tonnes,10370.57,Rs./Quintal
Uttar Pradesh,Pulses,White Peas,December-2024,26200.32,Metric Tonnes,3760.73,Rs./Quintal
Uttar Pradesh,Pulses,Beans,January-2025,0.18,Metric Tonnes,944.44,Rs./Quintal
Uttar Pradesh,Pulses,Bengal Gram Dal(Chana Dal),January-2025,3542.50,Metric Tonnes,8445.87,Rs./Quintal
Uttar Pradesh,Pulses,Bengal Gram(Gram)(Whole),January-2025,18486.41,Metric Tonnes,7254.47,Rs./Quintal
Uttar Pradesh,Pulses,Black Gram Dal(Urd Dal),January-2025,5462.60,Metric Tonnes,10416.04,Rs./Quintal
Uttar Pradesh,Pulses,Black Gram(Urd Beans)(Whole),January-2025,9823.87,Metric Tonnes,7775.97,Rs./Quintal
Uttar Pradesh,Pulses,Green Gram Dal(Moong Dal),January-2025,2236.80,Metric Tonnes,10047.49,Rs./Quintal
Uttar Pradesh,Pulses,Green Gram(Moong)(Whole),January-2025,3009.20,Metric Tonnes,8755.20,Rs./Quintal
Uttar Pradesh,Pulses,Green Peas,January-2025,9389.60,Metric Tonnes,1945.62,Rs./Quintal
Uttar Pradesh,Pulses,Kabuli Chana(Chickpeas-White),January-2025,88.20,Metric Tonnes,7553.17,Rs./Quintal
Uttar Pradesh,Pulses,Lentil(Masur)(Whole),January-2025,11809.80,Metric Tonnes,6666.12,Rs./Quintal
Uttar Pradesh,Pulses,Masur Dal,January-2025,2596.60,Metric Tonnes,8098.17,Rs./Quintal
Uttar Pradesh,Pulses,Peas(Dry),January-2025,11592.10,Metric Tonnes,4017.78,Rs./Quintal
Uttar Pradesh,Pulses,Red gram split/Arhar dal/Tur dal,January-2025,15270.30,Metric Tonnes,13957.59,Rs./Quintal
Uttar Pradesh,Pulses,Red gram/Arhar/Tur(whole),January-2025,3481.80,Metric Tonnes,10295.76,Rs./Quintal
Uttar Pradesh,Pulses,White Peas,January-2025,19184.90,Metric Tonnes,3677.65,Rs./Quintal
Uttar Pradesh,Pulses,Beans,February-2025,1.22,Metric Tonnes,1109.84,Rs./Quintal
Uttar Pradesh,Pulses,Bengal Gram Dal(Chana Dal),February-2025,3419.00,Metric Tonnes,8217.24,Rs./Quintal
Uttar Pradesh,Pulses,Bengal Gram(Gram)(Whole),February-2025,20024.17,Metric Tonnes,6904.92,Rs./Quintal
Uttar Pradesh,Pulses,Black Gram Dal(Urd Dal),February-2025,4923.40,Metric Tonnes,10304.66,Rs./Quintal
Uttar Pradesh,Pulses,Black Gram(Urd Beans)(Whole),February-2025,14731.97,Metric Tonnes,7269.26,Rs./Quintal
Uttar Pradesh,Pulses,Green Gram Dal(Moong Dal),February-2025,2300.60,Metric Tonnes,9961.64,Rs./Quintal
Uttar Pradesh,Pulses,Green Gram(Moong)(Whole),February-2025,2707.70,Metric Tonnes,8538.68,Rs./Quintal
Uttar Pradesh,Pulses,Green Peas,February-2025,13028.70,Metric Tonnes,1614.37,Rs./Quintal
Uttar Pradesh,Pulses,Kabuli Chana(Chickpeas-White),February-2025,97.50,Metric Tonnes,7456.92,Rs./Quintal
Uttar Pradesh,Pulses,Lentil(Masur)(Whole),February-2025,16733.70,Metric Tonnes,6522.67,Rs./Quintal
Uttar Pradesh,Pulses,Masur Dal,February-2025,3062.10,Metric Tonnes,7885.57,Rs./Quintal
Uttar Pradesh,Pulses,Peas(Dry),February-2025,26962.80,Metric Tonnes,3897.45,Rs./Quintal
Uttar Pradesh,Pulses,Red gram split/Arhar dal/Tur dal,February-2025,14142.71,Metric Tonnes,12140.58,Rs./Quintal
Uttar Pradesh,Pulses,Red gram/Arhar/Tur(whole),February-2025,3512.90,Metric Tonnes,9972.45,Rs./Quintal
Uttar Pradesh,Pulses,White Peas,February-2025,24378.70,Metric Tonnes,3810.69,Rs./Quintal
Uttar Pradesh,Pulses,Bengal Gram Dal(Chana Dal),March-2025,4342.20,Metric Tonnes,8077.44,Rs./Quintal
Uttar Pradesh,Pulses,Bengal Gram(Gram)(Whole),March-2025,22615.65,Metric Tonnes,6754.34,Rs./Quintal
Uttar Pradesh,Pulses,Black Gram Dal(Urd Dal),March-2025,5738.30,Metric Tonnes,10252.41,Rs./Quintal
Uttar Pradesh,Pulses,Black Gram(Urd Beans)(Whole),March-2025,8914.60,Metric Tonnes,7430.91,Rs./Quintal
Uttar Pradesh,Pulses,Green Gram Dal(Moong Dal),March-2025,2599.00,Metric Tonnes,9825.13,Rs./Quintal
Uttar Pradesh,Pulses,Green Gram(Moong)(Whole),March-2025,1996.40,Metric Tonnes,8771.97,Rs./Quintal
Uttar Pradesh,Pulses,Green Peas,March-2025,10545.80,Metric Tonnes,5422.87,Rs./Quintal
Uttar Pradesh,Pulses,Kabuli Chana(Chickpeas-White),March-2025,57.60,Metric Tonnes,7242.99,Rs./Quintal
Uttar Pradesh,Pulses,Lentil(Masur)(Whole),March-2025,26015.60,Metric Tonnes,6564.62,Rs./Quintal
Uttar Pradesh,Pulses,Masur Dal,March-2025,3325.50,Metric Tonnes,7909.34,Rs./Quintal
Uttar Pradesh,Pulses,Peas(Dry),March-2025,31155.50,Metric Tonnes,3698.79,Rs./Quintal
Uttar Pradesh,Pulses,Red gram split/Arhar dal/Tur dal,March-2025,12396.30,Metric Tonnes,11930.94,Rs./Quintal
Uttar Pradesh,Pulses,Red gram/Arhar/Tur(whole),March-2025,4382.90,Metric Tonnes,9634.26,Rs./Quintal
Uttar Pradesh,Pulses,White Peas,March-2025,34010.80,Metric Tonnes,3756.91,Rs./Quintal
Uttar Pradesh,Pulses,Bengal Gram Dal(Chana Dal),April-2025,4770.60,Metric Tonnes,7689.67,Rs./Quintal
Uttar Pradesh,Pulses,Bengal Gram(Gram)(Whole),April-2025,49971.48,Metric Tonnes,6185.88,Rs./Quintal
Uttar Pradesh,Pulses,Black Gram Dal(Urd Dal),April-2025,5385.40,Metric Tonnes,10248.47,Rs./Quintal
Uttar Pradesh,Pulses,Black Gram(Urd Beans)(Whole),April-2025,8415.80,Metric Tonnes,7991.30,Rs./Quintal
Uttar Pradesh,Pulses,Green Gram Dal(Moong Dal),April-2025,2640.50,Metric Tonnes,9779.69,Rs./Quintal
Uttar Pradesh,Pulses,Green Gram(Moong)(Whole),April-2025,3062.10,Metric Tonnes,8733.71,Rs./Quintal
Uttar Pradesh,Pulses,Green Peas,April-2025,9310.40,Metric Tonnes,5304.64,Rs./Quintal
Uttar Pradesh,Pulses,Kabuli Chana(Chickpeas-White),April-2025,66.10,Metric Tonnes,6988.06,Rs./Quintal
Uttar Pradesh,Pulses,Lentil(Masur)(Whole),April-2025,40495.80,Metric Tonnes,6578.18,Rs./Quintal
Uttar Pradesh,Pulses,Masur Dal,April-2025,4080.20,Metric Tonnes,7795.79,Rs./Quintal
Uttar Pradesh,Pulses,Peas(Dry),April-2025,92346.50,Metric Tonnes,3651.44,Rs./Quintal
Uttar Pradesh,Pulses,Red gram split/Arhar dal/Tur dal,April-2025,16591.70,Metric Tonnes,10985.31,Rs./Quintal
Uttar Pradesh,Pulses,Red gram/Arhar/Tur(whole),April-2025,7105.70,Metric Tonnes,9610.58,Rs./Quintal
Uttar Pradesh,Pulses,White Peas,April-2025,52878.70,Metric Tonnes,3642.25,Rs./Quintal
Uttar Pradesh,Pulses,Bengal Gram Dal(Chana Dal),May-2025,4514.80,Metric Tonnes,7562.99,Rs./Quintal
Uttar Pradesh,Pulses,Bengal Gram(Gram)(Whole),May-2025,48873.45,Metric Tonnes,6155.33,Rs./Quintal
Uttar Pradesh,Pulses,Black Gram Dal(Urd Dal),May-2025,5362.50,Metric Tonnes,10187.12,Rs./Quintal
Uttar Pradesh,Pulses,Black Gram(Urd Beans)(Whole),May-2025,7152.20,Metric Tonnes,8102.59,Rs./Quintal
Uttar Pradesh,Pulses,Green Gram Dal(Moong Dal),May-2025,2602.90,Metric Tonnes,9714.34,Rs./Quintal
Uttar Pradesh,Pulses,Green Gram(Moong)(Whole),May-2025,9010.40,Metric Tonnes,7532.11,Rs./Quintal
Uttar Pradesh,Pulses,Green Peas,May-2025,4219.50,Metric Tonnes,7809.43,Rs./Quintal
Uttar Pradesh,Pulses,Kabuli Chana(Chickpeas-White),May-2025,82.00,Metric Tonnes,6734.50,Rs./Quintal
Uttar Pradesh,Pulses,Lentil(Masur)(Whole),May-2025,36619.00,Metric Tonnes,6562.86,Rs./Quintal
Uttar Pradesh,Pulses,Masur Dal,May-2025,6684.30,Metric Tonnes,7654.33,Rs./Quintal
Uttar Pradesh,Pulses,Peas(Dry),May-2025,121690.10,Metric Tonnes,3616.65,Rs./Quintal
Uttar Pradesh,Pulses,Red gram split/Arhar dal/Tur dal,May-2025,17319.00,Metric Tonnes,10261.25,Rs./Quintal
Uttar Pradesh,Pulses,Red gram/Arhar/Tur(whole),May-2025,5930.00,Metric Tonnes,8631.95,Rs./Quintal
Uttar Pradesh,Pulses,White Peas,May-2025,44547.21,Metric Tonnes,3687.04,Rs./Quintal
Uttar Pradesh,Pulses,Bengal Gram Dal(Chana Dal),June-2025,3901.10,Metric Tonnes,7485.87,Rs./Quintal
Uttar Pradesh,Pulses,Bengal Gram(Gram)(Whole),June-2025,39610.50,Metric Tonnes,6137.56,Rs./Quintal
Uttar Pradesh,Pulses,Black Gram Dal(Urd Dal),June-2025,4937.30,Metric Tonnes,10099.08,Rs./Quintal
Uttar Pradesh,Pulses,Black Gram(Urd Beans)(Whole),June-2025,21910.55,Metric Tonnes,7016.20,Rs./Quintal
Uttar Pradesh,Pulses,Green Gram Dal(Moong Dal),June-2025,2670.60,Metric Tonnes,9654.08,Rs./Quintal
Uttar Pradesh,Pulses,Green Gram(Moong)(Whole),June-2025,63121.66,Metric Tonnes,6885.02,Rs./Quintal
Uttar Pradesh,Pulses,Green Peas,June-2025,2084.00,Metric Tonnes,8312.09,Rs./Quintal
Uttar Pradesh,Pulses,Kabuli Chana(Chickpeas-White),June-2025,76.50,Metric Tonnes,6730.82,Rs./Quintal
Uttar Pradesh,Pulses,Lentil(Masur)(Whole),June-2025,28797.60,Metric Tonnes,6642.66,Rs./Quintal
Uttar Pradesh,Pulses,Masur Dal,June-2025,4838.40,Metric Tonnes,7680.08,Rs./Quintal
Uttar Pradesh,Pulses,Peas(Dry),June-2025,37281.10,Metric Tonnes,3646.34,Rs./Quintal
Uttar Pradesh,Pulses,Red gram split/Arhar dal/Tur dal,June-2025,14641.20,Metric Tonnes,9804.89,Rs./Quintal
Uttar Pradesh,Pulses,Red gram/Arhar/Tur(whole),June-2025,6225.50,Metric Tonnes,7513.76,Rs./Quintal
Uttar Pradesh,Pulses,White Peas,June-2025,35663.10,Metric Tonnes,3540.96,Rs./Quintal
Uttar Pradesh,Pulses,Bengal Gram Dal(Chana Dal),July-2025,4757.30,Metric Tonnes,7508.39,Rs./Quintal
Uttar Pradesh,Pulses,Bengal Gram(Gram)(Whole),July-2025,36541.83,Metric Tonnes,6224.94,Rs./Quintal
Uttar Pradesh,Pulses,Black Gram Dal(Urd Dal),July-2025,5824.80,Metric Tonnes,10073.55,Rs./Quintal
Uttar Pradesh,Pulses,Black Gram(Urd Beans)(Whole),July-2025,9318.40,Metric Tonnes,7405.08,Rs./Quintal
Uttar Pradesh,Pulses,Cowpea(Lobia/Karamani),July-2025,1.40,Metric Tonnes,2600.00,Rs./Quintal
Uttar Pradesh,Pulses,Green Gram Dal(Moong Dal),July-2025,2779.50,Metric Tonnes,9476.84,Rs./Quintal
Uttar Pradesh,Pulses,Green Gram(Moong)(Whole),July-2025,37124.30,Metric Tonnes,7357.02,Rs./Quintal
Uttar Pradesh,Pulses,Green Peas,July-2025,2432.50,Metric Tonnes,9701.58,Rs./Quintal
Uttar Pradesh,Pulses,Kabuli Chana(Chickpeas-White),July-2025,99.60,Metric Tonnes,6611.20,Rs./Quintal
Uttar Pradesh,Pulses,Lentil(Masur)(Whole),July-2025,19788.40,Metric Tonnes,6768.57,Rs./Quintal
Uttar Pradesh,Pulses,Masur Dal,July-2025,4706.00,Metric Tonnes,7674.69,Rs./Quintal
Uttar Pradesh,Pulses,Peas(Dry),July-2025,20924.40,Metric Tonnes,3818.82,Rs./Quintal
Uttar Pradesh,Pulses,Red gram split/Arhar dal/Tur dal,July-2025,14171.03,Metric Tonnes,10123.81,Rs./Quintal
Uttar Pradesh,Pulses,Red gram/Arhar/Tur(whole),July-2025,5578.40,Metric Tonnes,7515.37,Rs./Quintal
Uttar Pradesh,Pulses,White Peas,July-2025,34593.40,Metric Tonnes,3545.96,Rs./Quintal
Uttar Pradesh,Pulses,Bengal Gram Dal(Chana Dal),August-2025,4327.20,Metric Tonnes,7534.27,Rs./Quintal
Uttar Pradesh,Pulses,Bengal Gram(Gram)(Whole),August-2025,30420.21,Metric Tonnes,6337.78,Rs./Quintal
Uttar Pradesh,Pulses,Black Gram Dal(Urd Dal),August-2025,4965.60,Metric Tonnes,10104.25,Rs./Quintal
Uttar Pradesh,Pulses,Black Gram(Urd Beans)(Whole),August-2025,6203.00,Metric Tonnes,8155.43,Rs./Quintal
Uttar Pradesh,Pulses,Green Gram Dal(Moong Dal),August-2025,2820.50,Metric Tonnes,9662.86,Rs./Quintal
Uttar Pradesh,Pulses,Green Gram(Moong)(Whole),August-2025,10124.50,Metric Tonnes,8452.58,Rs./Quintal
Uttar Pradesh,Pulses,Green Peas,August-2025,2425.50,Metric Tonnes,10846.15,Rs./Quintal
Uttar Pradesh,Pulses,Kabuli Chana(Chickpeas-White),August-2025,66.10,Metric Tonnes,6566.36,Rs./Quintal
Uttar Pradesh,Pulses,Lentil(Masur)(Whole),August-2025,14537.60,Metric Tonnes,6924.36,Rs./Quintal
Uttar Pradesh,Pulses,Masur Dal,August-2025,3936.40,Metric Tonnes,7849.88,Rs./Quintal
Uttar Pradesh,Pulses,Peas(Dry),August-2025,14131.20,Metric Tonnes,3974.71,Rs./Quintal
Uttar Pradesh,Pulses,Red gram split/Arhar dal/Tur dal,August-2025,16251.78,Metric Tonnes,9981.69,Rs./Quintal
Uttar Pradesh,Pulses,Red gram/Arhar/Tur(whole),August-2025,6825.70,Metric Tonnes,7636.27,Rs./Quintal
Uttar Pradesh,Pulses,White Peas,August-2025,33032.40,Metric Tonnes,3667.24,Rs./Quintal
Uttar Pradesh,Pulses,Bengal Gram Dal(Chana Dal),September-2025,4474.70,Metric Tonnes,7609.17,Rs./Quintal
Uttar Pradesh,Pulses,Bengal Gram(Gram)(Whole),September-2025,31610.40,Metric Tonnes,6389.13,Rs./Quintal
Uttar Pradesh,Pulses,Black Gram Dal(Urd Dal),September-2025,5007.35,Metric Tonnes,10122.81,Rs./Quintal
Uttar Pradesh,Pulses,Black Gram(Urd Beans)(Whole),September-2025,6251.10,Metric Tonnes,8243.94,Rs./Quintal
Uttar Pradesh,Pulses,Green Gram Dal(Moong Dal),September-2025,3006.90,Metric Tonnes,9688.33,Rs./Quintal
Uttar Pradesh,Pulses,Green Gram(Moong)(Whole),September-2025,4073.90,Metric Tonnes,8672.38,Rs./Quintal
Uttar Pradesh,Pulses,Green Peas,September-2025,1438.00,Metric Tonnes,8816.48,Rs./Quintal
Uttar Pradesh,Pulses,Kabuli Chana(Chickpeas-White),September-2025,49.60,Metric Tonnes,6673.95,Rs./Quintal
Uttar Pradesh,Pulses,Lentil(Masur)(Whole),September-2025,12436.70,Metric Tonnes,6975.34,Rs./Quintal
Uttar Pradesh,Pulses,Masur Dal,September-2025,3926.40,Metric Tonnes,7855.65,Rs./Quintal
Uttar Pradesh,Pulses,Peas(Dry),September-2025,14657.80,Metric Tonnes,3978.84,Rs./Quintal
Uttar Pradesh,Pulses,Red gram split/Arhar dal/Tur dal,September-2025,15942.50,Metric Tonnes,9659.24,Rs./Quintal
Uttar Pradesh,Pulses,Red gram/Arhar/Tur(whole),September-2025,4526.80,Metric Tonnes,7624.54,Rs./Quintal
Uttar Pradesh,Pulses,White Peas,September-2025,30141.30,Metric Tonnes,3523.37,Rs./Quintal
Uttar Pradesh,Pulses,Bengal Gram Dal(Chana Dal),October-2025,4476.10,Metric Tonnes,7638.41,Rs./Quintal
Uttar Pradesh,Pulses,Bengal Gram(Gram)(Whole),October-2025,31095.35,Metric Tonnes,6379.09,Rs./Quintal
Uttar Pradesh,Pulses,Black Gram Dal(Urd Dal),October-2025,4998.80,Metric Tonnes,10068.10,Rs./Quintal
Uttar Pradesh,Pulses,Black Gram(Urd Beans)(Whole),October-2025,6782.70,Metric Tonnes,7760.12,Rs./Quintal
Uttar Pradesh,Pulses,Cowpea(Lobia/Karamani),October-2025,1.20,Metric Tonnes,2500.00,Rs./Quintal
Uttar Pradesh,Pulses,Green Gram Dal(Moong Dal),October-2025,3269.50,Metric Tonnes,9700.59,Rs./Quintal
Uttar Pradesh,Pulses,Green Gram(Moong)(Whole),October-2025,6754.50,Metric Tonnes,8703.63,Rs./Quintal
Uttar Pradesh,Pulses,Green Peas,October-2025,2166.50,Metric Tonnes,8424.30,Rs./Quintal
Uttar Pradesh,Pulses,Kabuli Chana(Chickpeas-White),October-2025,48.20,Metric Tonnes,6738.66,Rs./Quintal
Uttar Pradesh,Pulses,Lentil(Masur)(Whole),October-2025,11408.65,Metric Tonnes,6983.71,Rs./Quintal
Uttar Pradesh,Pulses,Masur Dal,October-2025,3643.60,Metric Tonnes,7793.09,Rs./Quintal
Uttar Pradesh,Pulses,Peas(Dry),October-2025,11791.40,Metric Tonnes,3884.32,Rs./Quintal
Uttar Pradesh,Pulses,Red gram split/Arhar dal/Tur dal,October-2025,17398.30,Metric Tonnes,9827.37,Rs./Quintal
Uttar Pradesh,Pulses,Red gram/Arhar/Tur(whole),October-2025,7452.80,Metric Tonnes,7872.33,Rs./Quintal
Uttar Pradesh,Pulses,White Peas,October-2025,23758.79,Metric Tonnes,3632.43,Rs./Quintal
Uttar Pradesh,Pulses,Bengal Gram Dal(Chana Dal),November-2025,3039.95,Metric Tonnes,7541.74,Rs./Quintal
Uttar Pradesh,Pulses,Bengal Gram(Gram)(Whole),November-2025,16500.37,Metric Tonnes,6318.72,Rs./Quintal
Uttar Pradesh,Pulses,Black Gram Dal(Urd Dal),November-2025,2374.64,Metric Tonnes,10075.71,Rs./Quintal
Uttar Pradesh,Pulses,Black Gram(Urd Beans)(Whole),November-2025,4944.60,Metric Tonnes,7615.34,Rs./Quintal
Uttar Pradesh,Pulses,Green Gram Dal(Moong Dal),November-2025,1430.80,Metric Tonnes,9763.17,Rs./Quintal
Uttar Pradesh,Pulses,Green Gram(Moong)(Whole),November-2025,1366.40,Metric Tonnes,8774.94,Rs./Quintal
Uttar Pradesh,Pulses,Green Peas,November-2025,446.20,Metric Tonnes,7735.66,Rs./Quintal
Uttar Pradesh,Pulses,Kabuli Chana(Chickpeas-White),November-2025,16.80,Metric Tonnes,6721.79,Rs./Quintal
Uttar Pradesh,Pulses,Lentil(Masur)(Whole),November-2025,7401.00,Metric Tonnes,6907.53,Rs./Quintal
Uttar Pradesh,Pulses,Masur Dal,November-2025,2740.64,Metric Tonnes,7736.52,Rs./Quintal
Uttar Pradesh,Pulses,Peas(Dry),November-2025,5657.30,Metric Tonnes,3979.62,Rs./Quintal
Uttar Pradesh,Pulses,Red gram split/Arhar dal/Tur dal,November-2025,12583.15,Metric Tonnes,9801.74,Rs./Quintal
Uttar Pradesh,Pulses,Red gram/Arhar/Tur(whole),November-2025,5835.90,Metric Tonnes,8026.56,Rs./Quintal
Uttar Pradesh,Pulses,White Peas,November-2025,16529.45,Metric Tonnes,3628.31,Rs./Quintal
Uttar Pradesh,Pulses,Bengal Gram Dal(Chana Dal),December-2025,2753.51,Metric Tonnes,7563.17,Rs./Quintal
Uttar Pradesh,Pulses,Bengal Gram(Gram)(Whole),December-2025,10776.60,Metric Tonnes,6274.16,Rs./Quintal
Uttar Pradesh,Pulses,Black Gram Dal(Urd Dal),December-2025,1300.70,Metric Tonnes,10043.75,Rs./Quintal
Uttar Pradesh,Pulses,Black Gram(Urd Beans)(Whole),December-2025,4771.40,Metric Tonnes,7076.49,Rs./Quintal
Uttar Pradesh,Pulses,Green Gram Dal(Moong Dal),December-2025,860.00,Metric Tonnes,9808.80,Rs./Quintal
Uttar Pradesh,Pulses,Green Gram(Moong)(Whole),December-2025,1181.52,Metric Tonnes,8794.84,Rs./Quintal
Uttar Pradesh,Pulses,Green Peas,December-2025,487.70,Metric Tonnes,8159.87,Rs./Quintal
Uttar Pradesh,Pulses,Lentil(Masur)(Whole),December-2025,4464.00,Metric Tonnes,6926.52,Rs./Quintal
Uttar Pradesh,Pulses,Masur Dal,December-2025,2083.20,Metric Tonnes,7706.40,Rs./Quintal
Uttar Pradesh,Pulses,Peas(Dry),December-2025,3053.30,Metric Tonnes,3891.26,Rs./Quintal
Uttar Pradesh,Pulses,Red gram split/Arhar dal/Tur dal,December-2025,10318.60,Metric Tonnes,9868.74,Rs./Quintal
Uttar Pradesh,Pulses,Red gram/Arhar/Tur(whole),December-2025,6220.00,Metric Tonnes,8033.07,Rs./Quintal
Uttar Pradesh,Pulses,White Peas,December-2025,11417.70,Metric Tonnes,3737.38,Rs./Quintal
Uttarakhand,Pulses,Beans,January-2023,2.70,Metric Tonnes,2059.26,Rs./Quintal
Uttarakhand,Pulses,Bengal Gram(Gram)(Whole),January-2023,41.61,Metric Tonnes,8894.86,Rs./Quintal
Uttarakhand,Pulses,Black Gram(Urd Beans)(Whole),January-2023,42.14,Metric Tonnes,8642.62,Rs./Quintal
Uttarakhand,Pulses,Cowpea(Lobia/Karamani),January-2023,5.70,Metric Tonnes,6578.95,Rs./Quintal
Uttarakhand,Pulses,Green Gram(Moong)(Whole),January-2023,8.80,Metric Tonnes,9489.77,Rs./Quintal
Uttarakhand,Pulses,Green Peas,January-2023,4956.17,Metric Tonnes,1407.28,Rs./Quintal
Uttarakhand,Pulses,Lentil(Masur)(Whole),January-2023,3.00,Metric Tonnes,6100.00,Rs./Quintal
Uttarakhand,Pulses,Masur Dal,January-2023,355.00,Metric Tonnes,7483.08,Rs./Quintal
Uttarakhand,Pulses,Beans,February-2023,47.90,Metric Tonnes,3620.56,Rs./Quintal
Uttarakhand,Pulses,Bengal Gram(Gram)(Whole),February-2023,67.30,Metric Tonnes,7372.51,Rs./Quintal
Uttarakhand,Pulses,Black Gram(Urd Beans)(Whole),February-2023,7.20,Metric Tonnes,9500.00,Rs./Quintal
Uttarakhand,Pulses,Cowpea(Lobia/Karamani),February-2023,2.70,Metric Tonnes,6600.00,Rs./Quintal
Uttarakhand,Pulses,Green Gram(Moong)(Whole),February-2023,3.90,Metric Tonnes,9680.77,Rs./Quintal
Uttarakhand,Pulses,Green Peas,February-2023,7166.40,Metric Tonnes,1168.83,Rs./Quintal
Uttarakhand,Pulses,Masur Dal,February-2023,495.00,Metric Tonnes,6969.18,Rs./Quintal
Uttarakhand,Pulses,Peas(Dry),February-2023,27.40,Metric Tonnes,1405.00,Rs./Quintal
Uttarakhand,Pulses,Red gram/Arhar/Tur(whole),February-2023,12.00,Metric Tonnes,8100.00,Rs./Quintal
Uttarakhand,Pulses,Beans,March-2023,31.40,Metric Tonnes,4131.21,Rs./Quintal
Uttarakhand,Pulses,Bengal Gram(Gram)(Whole),March-2023,111.00,Metric Tonnes,7867.66,Rs./Quintal
Uttarakhand,Pulses,Black Gram(Urd Beans)(Whole),March-2023,25.60,Metric Tonnes,9448.24,Rs./Quintal
Uttarakhand,Pulses,Cowpea(Lobia/Karamani),March-2023,3.60,Metric Tonnes,7716.67,Rs./Quintal
Uttarakhand,Pulses,Green Gram(Moong)(Whole),March-2023,11.30,Metric Tonnes,9580.58,Rs./Quintal
Uttarakhand,Pulses,Green Peas,March-2023,10230.09,Metric Tonnes,1472.46,Rs./Quintal
Uttarakhand,Pulses,Kabuli Chana(Chickpeas-White),March-2023,8.63,Metric Tonnes,5300.00,Rs./Quintal
Uttarakhand,Pulses,Lentil(Masur)(Whole),March-2023,2.00,Metric Tonnes,8000.00,Rs./Quintal
Uttarakhand,Pulses,Masur Dal,March-2023,360.00,Metric Tonnes,6964.33,Rs./Quintal
Uttarakhand,Pulses,Peas(Dry),March-2023,250.00,Metric Tonnes,2000.00,Rs./Quintal
Uttarakhand,Pulses,Red gram split/Arhar dal/Tur dal,March-2023,13.50,Metric Tonnes,8970.00,Rs./Quintal
Uttarakhand,Pulses,Red gram/Arhar/Tur(whole),March-2023,4.50,Metric Tonnes,9017.00,Rs./Quintal
Uttarakhand,Pulses,Beans,April-2023,37.50,Metric Tonnes,2151.07,Rs./Quintal
Uttarakhand,Pulses,Bengal Gram(Gram)(Whole),April-2023,58.10,Metric Tonnes,7491.98,Rs./Quintal
Uttarakhand,Pulses,Black Gram(Urd Beans)(Whole),April-2023,9.60,Metric Tonnes,9728.13,Rs./Quintal
Uttarakhand,Pulses,Cowpea(Lobia/Karamani),April-2023,7.90,Metric Tonnes,6478.48,Rs./Quintal
Uttarakhand,Pulses,Green Gram(Moong)(Whole),April-2023,17.90,Metric Tonnes,9765.91,Rs./Quintal
Uttarakhand,Pulses,Green Peas,April-2023,185.10,Metric Tonnes,2187.14,Rs./Quintal
Uttarakhand,Pulses,Masur Dal,April-2023,459.00,Metric Tonnes,6799.32,Rs./Quintal
Uttarakhand,Pulses,Red gram split/Arhar dal/Tur dal,April-2023,18.80,Metric Tonnes,9316.01,Rs./Quintal
Uttarakhand,Pulses,Beans,May-2023,13.00,Metric Tonnes,1886.15,Rs./Quintal
Uttarakhand,Pulses,Bengal Gram(Gram)(Whole),May-2023,177.80,Metric Tonnes,6186.89,Rs./Quintal
Uttarakhand,Pulses,Black Gram(Urd Beans)(Whole),May-2023,17.60,Metric Tonnes,9597.05,Rs./Quintal
Uttarakhand,Pulses,Cowpea(Lobia/Karamani),May-2023,11.10,Metric Tonnes,7208.51,Rs./Quintal
Uttarakhand,Pulses,Green Gram Dal(Moong Dal),May-2023,3.10,Metric Tonnes,9500.00,Rs./Quintal
Uttarakhand,Pulses,Green Gram(Moong)(Whole),May-2023,12.90,Metric Tonnes,9758.74,Rs./Quintal
Uttarakhand,Pulses,Green Peas,May-2023,13.90,Metric Tonnes,2215.11,Rs./Quintal
Uttarakhand,Pulses,Kabuli Chana(Chickpeas-White),May-2023,25.05,Metric Tonnes,3847.60,Rs./Quintal
Uttarakhand,Pulses,Lentil(Masur)(Whole),May-2023,27.50,Metric Tonnes,6000.00,Rs./Quintal
Uttarakhand,Pulses,Masur Dal,May-2023,366.00,Metric Tonnes,6830.18,Rs./Quintal
Uttarakhand,Pulses,Peas(Dry),May-2023,28.80,Metric Tonnes,5584.79,Rs./Quintal
Uttarakhand,Pulses,Red gram split/Arhar dal/Tur dal,May-2023,16.50,Metric Tonnes,11106.55,Rs./Quintal
Uttarakhand,Pulses,Red gram/Arhar/Tur(whole),May-2023,0.90,Metric Tonnes,9100.00,Rs./Quintal
Uttarakhand,Pulses,Beans,June-2023,19.90,Metric Tonnes,1800.55,Rs./Quintal
Uttarakhand,Pulses,Bengal Gram(Gram)(Whole),June-2023,97.80,Metric Tonnes,6790.32,Rs./Quintal
Uttarakhand,Pulses,Black Gram(Urd Beans)(Whole),June-2023,16.30,Metric Tonnes,10477.91,Rs./Quintal
Uttarakhand,Pulses,Cowpea(Lobia/Karamani),June-2023,4.20,Metric Tonnes,7092.86,Rs./Quintal
Uttarakhand,Pulses,Green Gram(Moong)(Whole),June-2023,25.80,Metric Tonnes,14159.42,Rs./Quintal
Uttarakhand,Pulses,Masur Dal,June-2023,314.00,Metric Tonnes,6746.34,Rs./Quintal
Uttarakhand,Pulses,Peas(Dry),June-2023,18.00,Metric Tonnes,5500.00,Rs./Quintal
Uttarakhand,Pulses,Red gram split/Arhar dal/Tur dal,June-2023,37.60,Metric Tonnes,11311.42,Rs./Quintal
Uttarakhand,Pulses,Beans,July-2023,10.00,Metric Tonnes,2815.00,Rs./Quintal
Uttarakhand,Pulses,Bengal Gram(Gram)(Whole),July-2023,34.70,Metric Tonnes,8688.18,Rs./Quintal
Uttarakhand,Pulses,Black Gram(Urd Beans)(Whole),July-2023,6.30,Metric Tonnes,10390.48,Rs./Quintal
Uttarakhand,Pulses,Green Gram(Moong)(Whole),July-2023,15.90,Metric Tonnes,9472.83,Rs./Quintal
Uttarakhand,Pulses,Green Peas,July-2023,4.90,Metric Tonnes,6234.69,Rs./Quintal
Uttarakhand,Pulses,Masur Dal,July-2023,555.00,Metric Tonnes,6766.35,Rs./Quintal
Uttarakhand,Pulses,Peas(Dry),July-2023,9.10,Metric Tonnes,2134.62,Rs./Quintal
Uttarakhand,Pulses,Red gram split/Arhar dal/Tur dal,July-2023,0.50,Metric Tonnes,10500.00,Rs./Quintal
Uttarakhand,Pulses,Beans,August-2023,16.90,Metric Tonnes,5206.92,Rs./Quintal
Uttarakhand,Pulses,Bengal Gram(Gram)(Whole),August-2023,19.50,Metric Tonnes,7563.08,Rs./Quintal
Uttarakhand,Pulses,Black Gram(Urd Beans)(Whole),August-2023,16.50,Metric Tonnes,10089.47,Rs./Quintal
Uttarakhand,Pulses,Cowpea(Lobia/Karamani),August-2023,5.00,Metric Tonnes,6834.00,Rs./Quintal
Uttarakhand,Pulses,Green Gram(Moong)(Whole),August-2023,6.30,Metric Tonnes,9066.67,Rs./Quintal
Uttarakhand,Pulses,Green Peas,August-2023,24.00,Metric Tonnes,5400.00,Rs./Quintal
Uttarakhand,Pulses,Kabuli Chana(Chickpeas-White),August-2023,30.00,Metric Tonnes,6300.00,Rs./Quintal
Uttarakhand,Pulses,Kulthi(Horse Gram),August-2023,10.00,Metric Tonnes,6000.00,Rs./Quintal
Uttarakhand,Pulses,Masur Dal,August-2023,590.10,Metric Tonnes,7221.18,Rs./Quintal
Uttarakhand,Pulses,Red gram split/Arhar dal/Tur dal,August-2023,9.00,Metric Tonnes,11600.00,Rs./Quintal
Uttarakhand,Pulses,Beans,September-2023,4.20,Metric Tonnes,12998.21,Rs./Quintal
Uttarakhand,Pulses,Bengal Gram(Gram)(Whole),September-2023,42.90,Metric Tonnes,7340.07,Rs./Quintal
Uttarakhand,Pulses,Black Gram(Urd Beans)(Whole),September-2023,8.80,Metric Tonnes,10270.97,Rs./Quintal
Uttarakhand,Pulses,Cowpea(Lobia/Karamani),September-2023,6.90,Metric Tonnes,8506.52,Rs./Quintal
Uttarakhand,Pulses,Green Gram(Moong)(Whole),September-2023,22.60,Metric Tonnes,8272.35,Rs./Quintal
Uttarakhand,Pulses,Kabuli Chana(Chickpeas-White),September-2023,54.00,Metric Tonnes,11500.00,Rs./Quintal
Uttarakhand,Pulses,Lentil(Masur)(Whole),September-2023,16.00,Metric Tonnes,6000.00,Rs./Quintal
Uttarakhand,Pulses,Masur Dal,September-2023,369.00,Metric Tonnes,7666.67,Rs./Quintal
Uttarakhand,Pulses,Beans,October-2023,33.10,Metric Tonnes,7886.40,Rs./Quintal
Uttarakhand,Pulses,Bengal Gram(Gram)(Whole),October-2023,62.40,Metric Tonnes,8023.56,Rs./Quintal
Uttarakhand,Pulses,Black Gram(Urd Beans)(Whole),October-2023,6.30,Metric Tonnes,10847.62,Rs./Quintal
Uttarakhand,Pulses,Cowpea(Lobia/Karamani),October-2023,1.50,Metric Tonnes,7570.00,Rs./Quintal
Uttarakhand,Pulses,Green Gram(Moong)(Whole),October-2023,6.90,Metric Tonnes,9310.87,Rs./Quintal
Uttarakhand,Pulses,Lentil(Masur)(Whole),October-2023,1.20,Metric Tonnes,8100.00,Rs./Quintal
Uttarakhand,Pulses,Masur Dal,October-2023,99.00,Metric Tonnes,7671.21,Rs./Quintal
Uttarakhand,Pulses,Red gram split/Arhar dal/Tur dal,October-2023,13.10,Metric Tonnes,13800.17,Rs./Quintal
Uttarakhand,Pulses,Beans,November-2023,30.20,Metric Tonnes,3301.32,Rs./Quintal
Uttarakhand,Pulses,Black Gram(Urd Beans)(Whole),November-2023,4.20,Metric Tonnes,11828.57,Rs./Quintal
Uttarakhand,Pulses,Cowpea(Lobia/Karamani),November-2023,4.35,Metric Tonnes,4800.00,Rs./Quintal
Uttarakhand,Pulses,Green Gram(Moong)(Whole),November-2023,6.40,Metric Tonnes,9489.53,Rs./Quintal
Uttarakhand,Pulses,Green Peas,November-2023,245.00,Metric Tonnes,1550.76,Rs./Quintal
Uttarakhand,Pulses,Masur Dal,November-2023,591.00,Metric Tonnes,7336.16,Rs./Quintal
Uttarakhand,Pulses,Peas(Dry),November-2023,0.60,Metric Tonnes,3750.00,Rs./Quintal
Uttarakhand,Pulses,Red gram split/Arhar dal/Tur dal,November-2023,10.30,Metric Tonnes,15006.43,Rs./Quintal
Uttarakhand,Pulses,Red gram/Arhar/Tur(whole),November-2023,9.00,Metric Tonnes,11866.67,Rs./Quintal
Uttarakhand,Pulses,Beans,December-2023,94.00,Metric Tonnes,2412.80,Rs./Quintal
Uttarakhand,Pulses,Bengal Gram(Gram)(Whole),December-2023,39.00,Metric Tonnes,6320.00,Rs./Quintal
Uttarakhand,Pulses,Black Gram(Urd Beans)(Whole),December-2023,40.10,Metric Tonnes,9657.36,Rs./Quintal
Uttarakhand,Pulses,Cowpea(Lobia/Karamani),December-2023,2.40,Metric Tonnes,8225.00,Rs./Quintal
Uttarakhand,Pulses,Green Gram(Moong)(Whole),December-2023,10.50,Metric Tonnes,9922.14,Rs./Quintal
Uttarakhand,Pulses,Green Peas,December-2023,2016.10,Metric Tonnes,1522.39,Rs./Quintal
Uttarakhand,Pulses,Lentil(Masur)(Whole),December-2023,4.40,Metric Tonnes,7005.68,Rs./Quintal
Uttarakhand,Pulses,Masur Dal,December-2023,465.00,Metric Tonnes,7274.19,Rs./Quintal
Uttarakhand,Pulses,Peas(Dry),December-2023,241.10,Metric Tonnes,1651.39,Rs./Quintal
Uttarakhand,Pulses,Beans,January-2024,135.70,Metric Tonnes,2848.90,Rs./Quintal
Uttarakhand,Pulses,Bengal Gram(Gram)(Whole),January-2024,9.50,Metric Tonnes,6200.00,Rs./Quintal
Uttarakhand,Pulses,Black Gram(Urd Beans)(Whole),January-2024,10.50,Metric Tonnes,10162.86,Rs./Quintal
Uttarakhand,Pulses,Cowpea(Lobia/Karamani),January-2024,7.20,Metric Tonnes,7856.60,Rs./Quintal
Uttarakhand,Pulses,Green Gram(Moong)(Whole),January-2024,12.90,Metric Tonnes,9184.42,Rs./Quintal
Uttarakhand,Pulses,Green Peas,January-2024,6614.69,Metric Tonnes,1875.75,Rs./Quintal
Uttarakhand,Pulses,Lentil(Masur)(Whole),January-2024,42.50,Metric Tonnes,7266.35,Rs./Quintal
Uttarakhand,Pulses,Red gram/Arhar/Tur(whole),January-2024,38.30,Metric Tonnes,10831.72,Rs./Quintal
Uttarakhand,Pulses,Beans,February-2024,118.70,Metric Tonnes,2521.93,Rs./Quintal
Uttarakhand,Pulses,Bengal Gram(Gram)(Whole),February-2024,15.00,Metric Tonnes,6500.00,Rs./Quintal
Uttarakhand,Pulses,Black Gram(Urd Beans)(Whole),February-2024,0.80,Metric Tonnes,11500.00,Rs./Quintal
Uttarakhand,Pulses,Green Peas,February-2024,19134.66,Metric Tonnes,2365.96,Rs./Quintal
Uttarakhand,Pulses,Lentil(Masur)(Whole),February-2024,10.50,Metric Tonnes,6800.00,Rs./Quintal
Uttarakhand,Pulses,Beans,March-2024,104.20,Metric Tonnes,2469.15,Rs./Quintal
Uttarakhand,Pulses,Green Peas,March-2024,7259.86,Metric Tonnes,2743.99,Rs./Quintal
Uttarakhand,Pulses,Beans,April-2024,279.70,Metric Tonnes,3603.18,Rs./Quintal
Uttarakhand,Pulses,Green Peas,April-2024,482.70,Metric Tonnes,2794.87,Rs./Quintal
Uttarakhand,Pulses,Beans,May-2024,291.30,Metric Tonnes,2300.62,Rs./Quintal
Uttarakhand,Pulses,Bengal Gram(Gram)(Whole),May-2024,5.40,Metric Tonnes,8000.00,Rs./Quintal
Uttarakhand,Pulses,Black Gram(Urd Beans)(Whole),May-2024,3.50,Metric Tonnes,5500.00,Rs./Quintal
Uttarakhand,Pulses,Cowpea(Lobia/Karamani),May-2024,3.00,Metric Tonnes,9400.00,Rs./Quintal
Uttarakhand,Pulses,Green Gram(Moong)(Whole),May-2024,24.80,Metric Tonnes,6030.65,Rs./Quintal
Uttarakhand,Pulses,Green Peas,May-2024,699.54,Metric Tonnes,7579.09,Rs./Quintal
Uttarakhand,Pulses,Kabuli Chana(Chickpeas-White),May-2024,2.50,Metric Tonnes,4500.00,Rs./Quintal
Uttarakhand,Pulses,Beans,June-2024,7.80,Metric Tonnes,967.95,Rs./Quintal
Uttarakhand,Pulses,Black Gram(Urd Beans)(Whole),June-2024,0.50,Metric Tonnes,7200.00,Rs./Quintal
Uttarakhand,Pulses,Green Peas,June-2024,1866.11,Metric Tonnes,7683.04,Rs./Quintal
Uttarakhand,Pulses,Kabuli Chana(Chickpeas-White),June-2024,0.50,Metric Tonnes,7200.00,Rs./Quintal
Uttarakhand,Pulses,Lentil(Masur)(Whole),June-2024,8.00,Metric Tonnes,6500.00,Rs./Quintal
Uttarakhand,Pulses,Beans,July-2024,290.70,Metric Tonnes,721.05,Rs./Quintal
Uttarakhand,Pulses,Green Peas,July-2024,1650.45,Metric Tonnes,8217.33,Rs./Quintal
Uttarakhand,Pulses,Beans,August-2024,242.00,Metric Tonnes,607.23,Rs./Quintal
Uttarakhand,Pulses,Green Peas,August-2024,1078.01,Metric Tonnes,8505.31,Rs./Quintal
Uttarakhand,Pulses,Beans,September-2024,306.70,Metric Tonnes,942.00,Rs./Quintal
Uttarakhand,Pulses,Bengal Gram(Gram)(Whole),September-2024,7.20,Metric Tonnes,9427.67,Rs./Quintal
Uttarakhand,Pulses,Black Gram(Urd Beans)(Whole),September-2024,0.90,Metric Tonnes,8900.00,Rs./Quintal
Uttarakhand,Pulses,Cowpea(Lobia/Karamani),September-2024,0.90,Metric Tonnes,9900.00,Rs./Quintal
Uttarakhand,Pulses,Green Gram(Moong)(Whole),September-2024,0.60,Metric Tonnes,9900.00,Rs./Quintal
Uttarakhand,Pulses,Green Peas,September-2024,1523.61,Metric Tonnes,8862.88,Rs./Quintal
Uttarakhand,Pulses,Beans,October-2024,289.60,Metric Tonnes,909.03,Rs./Quintal
Uttarakhand,Pulses,Bengal Gram(Gram)(Whole),October-2024,4.50,Metric Tonnes,8875.00,Rs./Quintal
Uttarakhand,Pulses,Black Gram(Urd Beans)(Whole),October-2024,1.80,Metric Tonnes,10675.00,Rs./Quintal
Uttarakhand,Pulses,Cowpea(Lobia/Karamani),October-2024,1.40,Metric Tonnes,8150.00,Rs./Quintal
Uttarakhand,Pulses,Green Gram(Moong)(Whole),October-2024,3.20,Metric Tonnes,10150.00,Rs./Quintal
Uttarakhand,Pulses,Green Peas,October-2024,661.42,Metric Tonnes,9135.44,Rs./Quintal
Uttarakhand,Pulses,Beans,November-2024,208.10,Metric Tonnes,789.93,Rs./Quintal
Uttarakhand,Pulses,Black Gram(Urd Beans)(Whole),November-2024,105.00,Metric Tonnes,7162.22,Rs./Quintal
Uttarakhand,Pulses,Green Gram(Moong)(Whole),November-2024,33.00,Metric Tonnes,7000.00,Rs./Quintal
Uttarakhand,Pulses,Green Peas,November-2024,133.21,Metric Tonnes,5225.28,Rs./Quintal
Uttarakhand,Pulses,Beans,December-2024,209.60,Metric Tonnes,1468.70,Rs./Quintal
Uttarakhand,Pulses,Black Gram(Urd Beans)(Whole),December-2024,2.00,Metric Tonnes,7500.00,Rs./Quintal
Uttarakhand,Pulses,Green Peas,December-2024,480.90,Metric Tonnes,4118.64,Rs./Quintal
Uttarakhand,Pulses,Beans,January-2025,189.00,Metric Tonnes,1464.97,Rs./Quintal
Uttarakhand,Pulses,Green Peas,January-2025,7831.11,Metric Tonnes,2541.88,Rs./Quintal
Uttarakhand,Pulses,Beans,February-2025,204.40,Metric Tonnes,1007.73,Rs./Quintal
Uttarakhand,Pulses,Green Peas,February-2025,28004.61,Metric Tonnes,1242.06,Rs./Quintal
Uttarakhand,Pulses,Beans,March-2025,238.00,Metric Tonnes,894.24,Rs./Quintal
Uttarakhand,Pulses,Black Gram(Urd Beans)(Whole),March-2025,2.30,Metric Tonnes,8000.00,Rs./Quintal
Uttarakhand,Pulses,Green Gram(Moong)(Whole),March-2025,26.00,Metric Tonnes,6200.00,Rs./Quintal
Uttarakhand,Pulses,Green Peas,March-2025,14253.27,Metric Tonnes,2396.45,Rs./Quintal
Uttarakhand,Pulses,Kabuli Chana(Chickpeas-White),March-2025,3.00,Metric Tonnes,5300.00,Rs./Quintal
Uttarakhand,Pulses,Peas(Dry),March-2025,103.00,Metric Tonnes,576.00,Rs./Quintal
Uttarakhand,Pulses,Beans,April-2025,202.90,Metric Tonnes,1732.43,Rs./Quintal
Uttarakhand,Pulses,Green Peas,April-2025,137.90,Metric Tonnes,3376.18,Rs./Quintal
Uttarakhand,Pulses,Beans,May-2025,171.50,Metric Tonnes,895.60,Rs./Quintal
Uttarakhand,Pulses,Green Gram(Moong)(Whole),May-2025,1.50,Metric Tonnes,8500.00,Rs./Quintal
Uttarakhand,Pulses,Green Peas,May-2025,14.70,Metric Tonnes,1232.65,Rs./Quintal
Uttarakhand,Pulses,Beans,June-2025,102.40,Metric Tonnes,543.07,Rs./Quintal
Uttarakhand,Pulses,Black Gram(Urd Beans)(Whole),June-2025,9.60,Metric Tonnes,6963.02,Rs./Quintal
Uttarakhand,Pulses,Green Peas,June-2025,10.50,Metric Tonnes,5785.71,Rs./Quintal
Uttarakhand,Pulses,Beans,July-2025,108.30,Metric Tonnes,597.69,Rs./Quintal
Uttarakhand,Pulses,Black Gram(Urd Beans)(Whole),July-2025,2.40,Metric Tonnes,8563.00,Rs./Quintal
Uttarakhand,Pulses,Lentil(Masur)(Whole),July-2025,9.00,Metric Tonnes,7200.00,Rs./Quintal
Uttarakhand,Pulses,Beans,August-2025,105.60,Metric Tonnes,569.22,Rs./Quintal
Uttarakhand,Pulses,Black Gram(Urd Beans)(Whole),August-2025,34.50,Metric Tonnes,7132.00,Rs./Quintal
Uttarakhand,Pulses,Beans,September-2025,95.00,Metric Tonnes,510.00,Rs./Quintal
Uttarakhand,Pulses,Green Gram(Moong)(Whole),September-2025,1.50,Metric Tonnes,8682.00,Rs./Quintal
Uttarakhand,Pulses,Kabuli Chana(Chickpeas-White),September-2025,1.20,Metric Tonnes,6675.00,Rs./Quintal
Uttarakhand,Pulses,Beans,October-2025,104.00,Metric Tonnes,515.87,Rs./Quintal
Uttarakhand,Pulses,Green Peas,October-2025,0.50,Metric Tonnes,3000.00,Rs./Quintal
Uttarakhand,Pulses,Beans,November-2025,44.50,Metric Tonnes,1155.39,Rs./Quintal
Uttarakhand,Pulses,Beans,December-2025,10.00,Metric Tonnes,2255.00,Rs./Quintal
Uttarakhand,Pulses,Black Gram Dal(Urd Dal),December-2025,3.00,Metric Tonnes,6800.00,Rs./Quintal
Uttarakhand,Pulses,Black Gram(Urd Beans)(Whole),December-2025,2.80,Metric Tonnes,6160.21,Rs./Quintal
Uttarakhand,Pulses,Green Gram Dal(Moong Dal),December-2025,0.90,Metric Tonnes,6800.00,Rs./Quintal
Uttarakhand,Pulses,Kabuli Chana(Chickpeas-White),December-2025,2.00,Metric Tonnes,6200.00,Rs./Quintal
Uttarakhand,Pulses,Kulthi(Horse Gram),December-2025,3.00,Metric Tonnes,6500.00,Rs./Quintal
Uttarakhand,Pulses,Masur Dal,December-2025,2.50,Metric Tonnes,6640.00,Rs./Quintal
Uttarakhand,Pulses,Other Pulses,December-2025,1.00,Metric Tonnes,8200.00,Rs./Quintal
West Bengal,Pulses,Bengal Gram Dal(Chana Dal),January-2023,4.30,Metric Tonnes,7500.00,Rs./Quintal
West Bengal,Pulses,Bengal Gram(Gram)(Whole),January-2023,170.50,Metric Tonnes,5763.70,Rs./Quintal
West Bengal,Pulses,Black Gram Dal(Urd Dal),January-2023,3300.50,Metric Tonnes,9488.47,Rs./Quintal
West Bengal,Pulses,Green Gram Dal(Moong Dal),January-2023,2078.20,Metric Tonnes,9473.19,Rs./Quintal
West Bengal,Pulses,Lentil(Masur)(Whole),January-2023,1045.90,Metric Tonnes,8954.84,Rs./Quintal
West Bengal,Pulses,Masur Dal,January-2023,2095.70,Metric Tonnes,9609.11,Rs./Quintal
West Bengal,Pulses,Moath Dal,January-2023,162.00,Metric Tonnes,9304.32,Rs./Quintal
West Bengal,Pulses,Peas(Dry),January-2023,225.20,Metric Tonnes,5656.72,Rs./Quintal
West Bengal,Pulses,Red gram split/Arhar dal/Tur dal,January-2023,1926.00,Metric Tonnes,9938.99,Rs./Quintal
West Bengal,Pulses,Red gram/Arhar/Tur(whole),January-2023,386.80,Metric Tonnes,7963.56,Rs./Quintal
West Bengal,Pulses,Bengal Gram Dal(Chana Dal),February-2023,3.60,Metric Tonnes,7500.00,Rs./Quintal
West Bengal,Pulses,Bengal Gram(Gram)(Whole),February-2023,98.80,Metric Tonnes,5900.00,Rs./Quintal
West Bengal,Pulses,Black Gram Dal(Urd Dal),February-2023,2414.80,Metric Tonnes,9570.29,Rs./Quintal
West Bengal,Pulses,Green Gram Dal(Moong Dal),February-2023,1835.40,Metric Tonnes,9467.15,Rs./Quintal
West Bengal,Pulses,Lentil(Masur)(Whole),February-2023,894.50,Metric Tonnes,9069.54,Rs./Quintal
West Bengal,Pulses,Masur Dal,February-2023,1852.10,Metric Tonnes,9574.90,Rs./Quintal
West Bengal,Pulses,Moath Dal,February-2023,133.00,Metric Tonnes,9252.63,Rs./Quintal
West Bengal,Pulses,Peas(Dry),February-2023,199.20,Metric Tonnes,5901.92,Rs./Quintal
West Bengal,Pulses,Red gram split/Arhar dal/Tur dal,February-2023,1771.70,Metric Tonnes,9852.53,Rs./Quintal
West Bengal,Pulses,Red gram/Arhar/Tur(whole),February-2023,285.20,Metric Tonnes,7690.55,Rs./Quintal
West Bengal,Pulses,Bengal Gram Dal(Chana Dal),March-2023,4.10,Metric Tonnes,7500.00,Rs./Quintal
West Bengal,Pulses,Bengal Gram(Gram)(Whole),March-2023,162.70,Metric Tonnes,5922.56,Rs./Quintal
West Bengal,Pulses,Black Gram Dal(Urd Dal),March-2023,2752.90,Metric Tonnes,9314.53,Rs./Quintal
West Bengal,Pulses,Green Gram Dal(Moong Dal),March-2023,1453.90,Metric Tonnes,9623.12,Rs./Quintal
West Bengal,Pulses,Lentil(Masur)(Whole),March-2023,1059.40,Metric Tonnes,8888.50,Rs./Quintal
West Bengal,Pulses,Masur Dal,March-2023,1435.80,Metric Tonnes,9599.32,Rs./Quintal
West Bengal,Pulses,Moath Dal,March-2023,135.00,Metric Tonnes,9452.59,Rs./Quintal
West Bengal,Pulses,Peas(Dry),March-2023,182.50,Metric Tonnes,6056.09,Rs./Quintal
West Bengal,Pulses,Red gram split/Arhar dal/Tur dal,March-2023,1392.00,Metric Tonnes,10035.96,Rs./Quintal
West Bengal,Pulses,Red gram/Arhar/Tur(whole),March-2023,317.20,Metric Tonnes,7495.89,Rs./Quintal
West Bengal,Pulses,Bengal Gram Dal(Chana Dal),April-2023,3.50,Metric Tonnes,7500.00,Rs./Quintal
West Bengal,Pulses,Bengal Gram(Gram)(Whole),April-2023,87.10,Metric Tonnes,5940.53,Rs./Quintal
West Bengal,Pulses,Black Gram Dal(Urd Dal),April-2023,1923.70,Metric Tonnes,9240.31,Rs./Quintal
West Bengal,Pulses,Green Gram Dal(Moong Dal),April-2023,1112.10,Metric Tonnes,9670.43,Rs./Quintal
West Bengal,Pulses,Lentil(Masur)(Whole),April-2023,916.70,Metric Tonnes,9050.52,Rs./Quintal
West Bengal,Pulses,Masur Dal,April-2023,1117.00,Metric Tonnes,9772.56,Rs./Quintal
West Bengal,Pulses,Moath Dal,April-2023,136.00,Metric Tonnes,9725.00,Rs./Quintal
West Bengal,Pulses,Peas(Dry),April-2023,183.40,Metric Tonnes,6004.92,Rs./Quintal
West Bengal,Pulses,Red gram split/Arhar dal/Tur dal,April-2023,1101.00,Metric Tonnes,9994.08,Rs./Quintal
West Bengal,Pulses,Red gram/Arhar/Tur(whole),April-2023,259.60,Metric Tonnes,7452.63,Rs./Quintal
West Bengal,Pulses,Bengal Gram Dal(Chana Dal),May-2023,3.30,Metric Tonnes,7500.00,Rs./Quintal
West Bengal,Pulses,Bengal Gram(Gram)(Whole),May-2023,85.70,Metric Tonnes,5997.43,Rs./Quintal
West Bengal,Pulses,Black Gram Dal(Urd Dal),May-2023,2264.10,Metric Tonnes,9363.73,Rs./Quintal
West Bengal,Pulses,Green Gram Dal(Moong Dal),May-2023,1899.20,Metric Tonnes,9605.95,Rs./Quintal
West Bengal,Pulses,Lentil(Masur)(Whole),May-2023,961.10,Metric Tonnes,9037.48,Rs./Quintal
West Bengal,Pulses,Masur Dal,May-2023,1977.80,Metric Tonnes,9614.86,Rs./Quintal
West Bengal,Pulses,Moath Dal,May-2023,141.50,Metric Tonnes,9876.40,Rs./Quintal
West Bengal,Pulses,Peas(Dry),May-2023,212.20,Metric Tonnes,6090.27,Rs./Quintal
West Bengal,Pulses,Red gram split/Arhar dal/Tur dal,May-2023,1807.60,Metric Tonnes,9745.02,Rs./Quintal
West Bengal,Pulses,Red gram/Arhar/Tur(whole),May-2023,275.90,Metric Tonnes,7449.89,Rs./Quintal
West Bengal,Pulses,Bengal Gram Dal(Chana Dal),June-2023,3.40,Metric Tonnes,7500.00,Rs./Quintal
West Bengal,Pulses,Bengal Gram(Gram)(Whole),June-2023,77.70,Metric Tonnes,6024.20,Rs./Quintal
West Bengal,Pulses,Black Gram Dal(Urd Dal),June-2023,2056.90,Metric Tonnes,9873.44,Rs./Quintal
West Bengal,Pulses,Green Gram Dal(Moong Dal),June-2023,1679.90,Metric Tonnes,9848.65,Rs./Quintal
West Bengal,Pulses,Lentil(Masur)(Whole),June-2023,907.30,Metric Tonnes,9283.47,Rs./Quintal
West Bengal,Pulses,Masur Dal,June-2023,1941.80,Metric Tonnes,9606.89,Rs./Quintal
West Bengal,Pulses,Moath Dal,June-2023,115.50,Metric Tonnes,9893.07,Rs./Quintal
West Bengal,Pulses,Peas(Dry),June-2023,203.80,Metric Tonnes,6201.77,Rs./Quintal
West Bengal,Pulses,Red gram split/Arhar dal/Tur dal,June-2023,1765.70,Metric Tonnes,11421.84,Rs./Quintal
West Bengal,Pulses,Red gram/Arhar/Tur(whole),June-2023,243.30,Metric Tonnes,7510.87,Rs./Quintal
West Bengal,Pulses,Bengal Gram Dal(Chana Dal),July-2023,3.10,Metric Tonnes,7500.00,Rs./Quintal
West Bengal,Pulses,Bengal Gram(Gram)(Whole),July-2023,27.70,Metric Tonnes,6007.22,Rs./Quintal
West Bengal,Pulses,Black Gram Dal(Urd Dal),July-2023,1464.16,Metric Tonnes,10962.23,Rs./Quintal
West Bengal,Pulses,Green Gram Dal(Moong Dal),July-2023,1619.30,Metric Tonnes,9940.82,Rs./Quintal
West Bengal,Pulses,Lentil(Masur)(Whole),July-2023,841.10,Metric Tonnes,9519.93,Rs./Quintal
West Bengal,Pulses,Masur Dal,July-2023,1898.45,Metric Tonnes,9575.33,Rs./Quintal
West Bengal,Pulses,Moath Dal,July-2023,113.00,Metric Tonnes,9907.52,Rs./Quintal
West Bengal,Pulses,Peas(Dry),July-2023,223.10,Metric Tonnes,6344.43,Rs./Quintal
West Bengal,Pulses,Red gram split/Arhar dal/Tur dal,July-2023,1652.40,Metric Tonnes,12573.00,Rs./Quintal
West Bengal,Pulses,Red gram/Arhar/Tur(whole),July-2023,226.40,Metric Tonnes,7572.77,Rs./Quintal
West Bengal,Pulses,Bengal Gram Dal(Chana Dal),August-2023,3.30,Metric Tonnes,7500.00,Rs./Quintal
West Bengal,Pulses,Bengal Gram(Gram)(Whole),August-2023,25.60,Metric Tonnes,6140.82,Rs./Quintal
West Bengal,Pulses,Black Gram Dal(Urd Dal),August-2023,1225.30,Metric Tonnes,11192.65,Rs./Quintal
West Bengal,Pulses,Green Gram Dal(Moong Dal),August-2023,1691.10,Metric Tonnes,9976.74,Rs./Quintal
West Bengal,Pulses,Lentil(Masur)(Whole),August-2023,758.80,Metric Tonnes,9566.99,Rs./Quintal
West Bengal,Pulses,Masur Dal,August-2023,2025.70,Metric Tonnes,9575.50,Rs./Quintal
West Bengal,Pulses,Moath Dal,August-2023,120.00,Metric Tonnes,9861.67,Rs./Quintal
West Bengal,Pulses,Peas(Dry),August-2023,207.30,Metric Tonnes,6509.44,Rs./Quintal
West Bengal,Pulses,Red gram split/Arhar dal/Tur dal,August-2023,1229.87,Metric Tonnes,13921.20,Rs./Quintal
West Bengal,Pulses,Red gram/Arhar/Tur(whole),August-2023,217.10,Metric Tonnes,7924.37,Rs./Quintal
West Bengal,Pulses,Bengal Gram Dal(Chana Dal),September-2023,3.50,Metric Tonnes,8271.43,Rs./Quintal
West Bengal,Pulses,Bengal Gram(Gram)(Whole),September-2023,8.90,Metric Tonnes,6200.00,Rs./Quintal
West Bengal,Pulses,Black Gram Dal(Urd Dal),September-2023,1170.45,Metric Tonnes,11229.95,Rs./Quintal
West Bengal,Pulses,Green Gram Dal(Moong Dal),September-2023,1619.30,Metric Tonnes,10021.24,Rs./Quintal
West Bengal,Pulses,Lentil(Masur)(Whole),September-2023,572.90,Metric Tonnes,9499.13,Rs./Quintal
West Bengal,Pulses,Masur Dal,September-2023,1975.70,Metric Tonnes,9625.86,Rs./Quintal
West Bengal,Pulses,Moath Dal,September-2023,113.50,Metric Tonnes,9932.16,Rs./Quintal
West Bengal,Pulses,Peas(Dry),September-2023,188.20,Metric Tonnes,6456.14,Rs./Quintal
West Bengal,Pulses,Red gram split/Arhar dal/Tur dal,September-2023,1218.70,Metric Tonnes,14543.57,Rs./Quintal
West Bengal,Pulses,Red gram/Arhar/Tur(whole),September-2023,188.40,Metric Tonnes,7948.04,Rs./Quintal
West Bengal,Pulses,Bengal Gram Dal(Chana Dal),October-2023,36.10,Metric Tonnes,11333.80,Rs./Quintal
West Bengal,Pulses,Bengal Gram(Gram)(Whole),October-2023,6.70,Metric Tonnes,6200.00,Rs./Quintal
West Bengal,Pulses,Black Gram Dal(Urd Dal),October-2023,1132.05,Metric Tonnes,11232.55,Rs./Quintal
West Bengal,Pulses,Green Gram Dal(Moong Dal),October-2023,1600.90,Metric Tonnes,10263.37,Rs./Quintal
West Bengal,Pulses,Lentil(Masur)(Whole),October-2023,561.80,Metric Tonnes,9540.12,Rs./Quintal
West Bengal,Pulses,Masur Dal,October-2023,1961.50,Metric Tonnes,9649.66,Rs./Quintal
West Bengal,Pulses,Moath Dal,October-2023,114.50,Metric Tonnes,9882.10,Rs./Quintal
West Bengal,Pulses,Peas(Dry),October-2023,193.70,Metric Tonnes,6231.81,Rs./Quintal
West Bengal,Pulses,Red gram split/Arhar dal/Tur dal,October-2023,1177.15,Metric Tonnes,14535.27,Rs./Quintal
West Bengal,Pulses,Red gram/Arhar/Tur(whole),October-2023,189.90,Metric Tonnes,8045.68,Rs./Quintal
West Bengal,Pulses,Bengal Gram Dal(Chana Dal),November-2023,24.60,Metric Tonnes,7601.63,Rs./Quintal
West Bengal,Pulses,Bengal Gram(Gram)(Whole),November-2023,2.10,Metric Tonnes,7495.24,Rs./Quintal
West Bengal,Pulses,Black Gram Dal(Urd Dal),November-2023,1147.20,Metric Tonnes,11157.40,Rs./Quintal
West Bengal,Pulses,Green Gram Dal(Moong Dal),November-2023,1607.10,Metric Tonnes,10270.49,Rs./Quintal
West Bengal,Pulses,Lentil(Masur)(Whole),November-2023,565.50,Metric Tonnes,9540.24,Rs./Quintal
West Bengal,Pulses,Masur Dal,November-2023,1917.15,Metric Tonnes,9628.76,Rs./Quintal
West Bengal,Pulses,Moath Dal,November-2023,126.00,Metric Tonnes,9914.09,Rs./Quintal
West Bengal,Pulses,Peas(Dry),November-2023,209.70,Metric Tonnes,6150.08,Rs./Quintal
West Bengal,Pulses,Red gram split/Arhar dal/Tur dal,November-2023,1190.65,Metric Tonnes,14546.60,Rs./Quintal
West Bengal,Pulses,Red gram/Arhar/Tur(whole),November-2023,201.20,Metric Tonnes,8180.59,Rs./Quintal
West Bengal,Pulses,Bengal Gram Dal(Chana Dal),December-2023,15.17,Metric Tonnes,8085.70,Rs./Quintal
West Bengal,Pulses,Bengal Gram(Gram)(Whole),December-2023,1.35,Metric Tonnes,8000.00,Rs./Quintal
West Bengal,Pulses,Black Gram Dal(Urd Dal),December-2023,928.00,Metric Tonnes,11395.98,Rs./Quintal
West Bengal,Pulses,Green Gram Dal(Moong Dal),December-2023,1476.80,Metric Tonnes,10131.54,Rs./Quintal
West Bengal,Pulses,Lentil(Masur)(Whole),December-2023,566.00,Metric Tonnes,9587.30,Rs./Quintal
West Bengal,Pulses,Masur Dal,December-2023,1770.60,Metric Tonnes,9606.07,Rs./Quintal
West Bengal,Pulses,Moath Dal,December-2023,125.50,Metric Tonnes,9931.87,Rs./Quintal
West Bengal,Pulses,Peas(Dry),December-2023,266.40,Metric Tonnes,6139.73,Rs./Quintal
West Bengal,Pulses,Red gram split/Arhar dal/Tur dal,December-2023,1119.80,Metric Tonnes,14534.38,Rs./Quintal
West Bengal,Pulses,Red gram/Arhar/Tur(whole),December-2023,187.60,Metric Tonnes,8444.78,Rs./Quintal
West Bengal,Pulses,Bengal Gram Dal(Chana Dal),January-2024,4.42,Metric Tonnes,8633.48,Rs./Quintal
West Bengal,Pulses,Bengal Gram(Gram)(Whole),January-2024,1.24,Metric Tonnes,8000.00,Rs./Quintal
West Bengal,Pulses,Black Gram Dal(Urd Dal),January-2024,1051.00,Metric Tonnes,12025.88,Rs./Quintal
West Bengal,Pulses,Green Gram Dal(Moong Dal),January-2024,1599.50,Metric Tonnes,10099.24,Rs./Quintal
West Bengal,Pulses,Lentil(Masur)(Whole),January-2024,594.80,Metric Tonnes,9588.21,Rs./Quintal
West Bengal,Pulses,Masur Dal,January-2024,1904.15,Metric Tonnes,9614.82,Rs./Quintal
West Bengal,Pulses,Moath Dal,January-2024,142.50,Metric Tonnes,9935.79,Rs./Quintal
West Bengal,Pulses,Peas(Dry),January-2024,207.00,Metric Tonnes,6115.60,Rs./Quintal
West Bengal,Pulses,Red gram split/Arhar dal/Tur dal,January-2024,1316.14,Metric Tonnes,15054.42,Rs./Quintal
West Bengal,Pulses,Red gram/Arhar/Tur(whole),January-2024,188.20,Metric Tonnes,8586.77,Rs./Quintal
West Bengal,Pulses,Bengal Gram Dal(Chana Dal),February-2024,4.37,Metric Tonnes,8732.27,Rs./Quintal
West Bengal,Pulses,Bengal Gram(Gram)(Whole),February-2024,1.17,Metric Tonnes,8000.00,Rs./Quintal
West Bengal,Pulses,Black Gram Dal(Urd Dal),February-2024,1082.00,Metric Tonnes,11986.51,Rs./Quintal
West Bengal,Pulses,Green Gram Dal(Moong Dal),February-2024,1669.70,Metric Tonnes,10116.57,Rs./Quintal
West Bengal,Pulses,Lentil(Masur)(Whole),February-2024,528.70,Metric Tonnes,9506.01,Rs./Quintal
West Bengal,Pulses,Masur Dal,February-2024,2031.60,Metric Tonnes,9599.14,Rs./Quintal
West Bengal,Pulses,Moath Dal,February-2024,130.50,Metric Tonnes,10093.10,Rs./Quintal
West Bengal,Pulses,Peas(Dry),February-2024,187.30,Metric Tonnes,6083.84,Rs./Quintal
West Bengal,Pulses,Red gram split/Arhar dal/Tur dal,February-2024,1365.80,Metric Tonnes,14677.92,Rs./Quintal
West Bengal,Pulses,Red gram/Arhar/Tur(whole),February-2024,163.70,Metric Tonnes,8777.67,Rs./Quintal
West Bengal,Pulses,Bengal Gram Dal(Chana Dal),March-2024,9.81,Metric Tonnes,8326.20,Rs./Quintal
West Bengal,Pulses,Bengal Gram(Gram)(Whole),March-2024,6.16,Metric Tonnes,8000.00,Rs./Quintal
West Bengal,Pulses,Black Gram Dal(Urd Dal),March-2024,1075.00,Metric Tonnes,11882.79,Rs./Quintal
West Bengal,Pulses,Green Gram Dal(Moong Dal),March-2024,1675.80,Metric Tonnes,10152.44,Rs./Quintal
West Bengal,Pulses,Lentil(Masur)(Whole),March-2024,512.20,Metric Tonnes,9450.74,Rs./Quintal
West Bengal,Pulses,Masur Dal,March-2024,2085.65,Metric Tonnes,9632.34,Rs./Quintal
West Bengal,Pulses,Moath Dal,March-2024,146.00,Metric Tonnes,10368.49,Rs./Quintal
West Bengal,Pulses,Peas(Dry),March-2024,223.60,Metric Tonnes,5928.61,Rs./Quintal
West Bengal,Pulses,Red gram split/Arhar dal/Tur dal,March-2024,1348.21,Metric Tonnes,14027.37,Rs./Quintal
West Bengal,Pulses,Red gram/Arhar/Tur(whole),March-2024,154.90,Metric Tonnes,9200.92,Rs./Quintal
West Bengal,Pulses,Bengal Gram Dal(Chana Dal),April-2024,12.20,Metric Tonnes,8377.05,Rs./Quintal
West Bengal,Pulses,Bengal Gram(Gram)(Whole),April-2024,8.20,Metric Tonnes,8000.00,Rs./Quintal
West Bengal,Pulses,Black Gram Dal(Urd Dal),April-2024,1019.00,Metric Tonnes,11838.22,Rs./Quintal
West Bengal,Pulses,Green Gram Dal(Moong Dal),April-2024,1555.85,Metric Tonnes,10153.94,Rs./Quintal
West Bengal,Pulses,Lentil(Masur)(Whole),April-2024,442.00,Metric Tonnes,9508.71,Rs./Quintal
West Bengal,Pulses,Masur Dal,April-2024,1942.30,Metric Tonnes,9649.31,Rs./Quintal
West Bengal,Pulses,Moath Dal,April-2024,145.00,Metric Tonnes,10666.90,Rs./Quintal
West Bengal,Pulses,Peas(Dry),April-2024,164.10,Metric Tonnes,5980.55,Rs./Quintal
West Bengal,Pulses,Red gram split/Arhar dal/Tur dal,April-2024,1248.95,Metric Tonnes,14027.96,Rs./Quintal
West Bengal,Pulses,Red gram/Arhar/Tur(whole),April-2024,126.90,Metric Tonnes,9396.20,Rs./Quintal
West Bengal,Pulses,Bengal Gram Dal(Chana Dal),May-2024,9.55,Metric Tonnes,8471.20,Rs./Quintal
West Bengal,Pulses,Bengal Gram(Gram)(Whole),May-2024,5.00,Metric Tonnes,8000.00,Rs./Quintal
West Bengal,Pulses,Black Gram Dal(Urd Dal),May-2024,1187.00,Metric Tonnes,11832.86,Rs./Quintal
West Bengal,Pulses,Green Gram Dal(Moong Dal),May-2024,1789.95,Metric Tonnes,10128.73,Rs./Quintal
West Bengal,Pulses,Lentil(Masur)(Whole),May-2024,478.20,Metric Tonnes,9594.78,Rs./Quintal
West Bengal,Pulses,Masur Dal,May-2024,2265.80,Metric Tonnes,9924.55,Rs./Quintal
West Bengal,Pulses,Moath Dal,May-2024,140.50,Metric Tonnes,10770.82,Rs./Quintal
West Bengal,Pulses,Peas(Dry),May-2024,167.00,Metric Tonnes,6066.90,Rs./Quintal
West Bengal,Pulses,Red gram split/Arhar dal/Tur dal,May-2024,1449.00,Metric Tonnes,14130.23,Rs./Quintal
West Bengal,Pulses,Red gram/Arhar/Tur(whole),May-2024,129.50,Metric Tonnes,9631.28,Rs./Quintal
West Bengal,Pulses,Bengal Gram Dal(Chana Dal),June-2024,7.45,Metric Tonnes,8523.49,Rs./Quintal
West Bengal,Pulses,Bengal Gram(Gram)(Whole),June-2024,4.60,Metric Tonnes,8000.00,Rs./Quintal
West Bengal,Pulses,Black Gram Dal(Urd Dal),June-2024,1114.00,Metric Tonnes,11938.15,Rs./Quintal
West Bengal,Pulses,Green Gram Dal(Moong Dal),June-2024,1706.70,Metric Tonnes,10118.47,Rs./Quintal
West Bengal,Pulses,Lentil(Masur)(Whole),June-2024,438.30,Metric Tonnes,9580.48,Rs./Quintal
West Bengal,Pulses,Masur Dal,June-2024,2168.95,Metric Tonnes,9894.82,Rs./Quintal
West Bengal,Pulses,Moath Dal,June-2024,144.50,Metric Tonnes,10705.19,Rs./Quintal
West Bengal,Pulses,Peas(Dry),June-2024,156.60,Metric Tonnes,6226.14,Rs./Quintal
West Bengal,Pulses,Red gram split/Arhar dal/Tur dal,June-2024,1396.80,Metric Tonnes,14544.89,Rs./Quintal
West Bengal,Pulses,Red gram/Arhar/Tur(whole),June-2024,122.50,Metric Tonnes,9654.56,Rs./Quintal
West Bengal,Pulses,Bengal Gram Dal(Chana Dal),July-2024,20.25,Metric Tonnes,8264.20,Rs./Quintal
West Bengal,Pulses,Bengal Gram(Gram)(Whole),July-2024,16.70,Metric Tonnes,8000.00,Rs./Quintal
West Bengal,Pulses,Black Gram Dal(Urd Dal),July-2024,1167.00,Metric Tonnes,12714.91,Rs./Quintal
West Bengal,Pulses,Green Gram Dal(Moong Dal),July-2024,1784.60,Metric Tonnes,10166.79,Rs./Quintal
West Bengal,Pulses,Lentil(Masur)(Whole),July-2024,437.10,Metric Tonnes,9632.08,Rs./Quintal
West Bengal,Pulses,Masur Dal,July-2024,2606.30,Metric Tonnes,9718.09,Rs./Quintal
West Bengal,Pulses,Moath Dal,July-2024,150.50,Metric Tonnes,10504.65,Rs./Quintal
West Bengal,Pulses,Peas(Dry),July-2024,179.20,Metric Tonnes,6224.03,Rs./Quintal
West Bengal,Pulses,Red gram split/Arhar dal/Tur dal,July-2024,1432.65,Metric Tonnes,15417.76,Rs./Quintal
West Bengal,Pulses,Red gram/Arhar/Tur(whole),July-2024,125.20,Metric Tonnes,9753.15,Rs./Quintal
West Bengal,Pulses,Bengal Gram Dal(Chana Dal),August-2024,15.70,Metric Tonnes,8726.11,Rs./Quintal
West Bengal,Pulses,Bengal Gram(Gram)(Whole),August-2024,15.50,Metric Tonnes,8454.84,Rs./Quintal
West Bengal,Pulses,Black Gram Dal(Urd Dal),August-2024,1031.00,Metric Tonnes,12637.63,Rs./Quintal
West Bengal,Pulses,Green Gram Dal(Moong Dal),August-2024,1566.75,Metric Tonnes,10187.03,Rs./Quintal
West Bengal,Pulses,Lentil(Masur)(Whole),August-2024,368.04,Metric Tonnes,9698.92,Rs./Quintal
West Bengal,Pulses,Masur Dal,August-2024,2651.00,Metric Tonnes,9729.89,Rs./Quintal
West Bengal,Pulses,Moath Dal,August-2024,153.00,Metric Tonnes,10500.65,Rs./Quintal
West Bengal,Pulses,Peas(Dry),August-2024,178.40,Metric Tonnes,6238.66,Rs./Quintal
West Bengal,Pulses,Red gram split/Arhar dal/Tur dal,August-2024,1319.20,Metric Tonnes,15420.44,Rs./Quintal
West Bengal,Pulses,Red gram/Arhar/Tur(whole),August-2024,124.10,Metric Tonnes,9947.24,Rs./Quintal
West Bengal,Pulses,Bengal Gram Dal(Chana Dal),September-2024,10.25,Metric Tonnes,9292.68,Rs./Quintal
West Bengal,Pulses,Bengal Gram(Gram)(Whole),September-2024,11.40,Metric Tonnes,9000.00,Rs./Quintal
West Bengal,Pulses,Black Gram Dal(Urd Dal),September-2024,821.00,Metric Tonnes,12649.09,Rs./Quintal
West Bengal,Pulses,Green Gram Dal(Moong Dal),September-2024,1405.65,Metric Tonnes,10185.40,Rs./Quintal
West Bengal,Pulses,Lentil(Masur)(Whole),September-2024,404.00,Metric Tonnes,9647.27,Rs./Quintal
West Bengal,Pulses,Masur Dal,September-2024,4329.20,Metric Tonnes,9554.14,Rs./Quintal
West Bengal,Pulses,Moath Dal,September-2024,155.50,Metric Tonnes,10480.06,Rs./Quintal
West Bengal,Pulses,Peas(Dry),September-2024,160.20,Metric Tonnes,6289.13,Rs./Quintal
West Bengal,Pulses,Red gram split/Arhar dal/Tur dal,September-2024,1292.30,Metric Tonnes,15158.83,Rs./Quintal
West Bengal,Pulses,Red gram/Arhar/Tur(whole),September-2024,108.80,Metric Tonnes,10293.80,Rs./Quintal
West Bengal,Pulses,Bengal Gram Dal(Chana Dal),October-2024,11.20,Metric Tonnes,9468.75,Rs./Quintal
West Bengal,Pulses,Bengal Gram(Gram)(Whole),October-2024,7.00,Metric Tonnes,9150.00,Rs./Quintal
West Bengal,Pulses,Black Gram Dal(Urd Dal),October-2024,818.00,Metric Tonnes,12800.00,Rs./Quintal
West Bengal,Pulses,Green Gram Dal(Moong Dal),October-2024,1438.50,Metric Tonnes,10116.96,Rs./Quintal
West Bengal,Pulses,Lentil(Masur)(Whole),October-2024,303.90,Metric Tonnes,9803.98,Rs./Quintal
West Bengal,Pulses,Masur Dal,October-2024,2420.90,Metric Tonnes,9718.10,Rs./Quintal
West Bengal,Pulses,Moath Dal,October-2024,137.00,Metric Tonnes,10359.12,Rs./Quintal
West Bengal,Pulses,Peas(Dry),October-2024,159.30,Metric Tonnes,6282.44,Rs./Quintal
West Bengal,Pulses,Red gram split/Arhar dal/Tur dal,October-2024,1235.20,Metric Tonnes,14300.80,Rs./Quintal
West Bengal,Pulses,Red gram/Arhar/Tur(whole),October-2024,111.30,Metric Tonnes,10486.61,Rs./Quintal
West Bengal,Pulses,Bengal Gram Dal(Chana Dal),November-2024,9.10,Metric Tonnes,9884.62,Rs./Quintal
West Bengal,Pulses,Bengal Gram(Gram)(Whole),November-2024,4.10,Metric Tonnes,9500.00,Rs./Quintal
West Bengal,Pulses,Black Gram Dal(Urd Dal),November-2024,707.00,Metric Tonnes,12800.00,Rs./Quintal
West Bengal,Pulses,Green Gram Dal(Moong Dal),November-2024,1278.00,Metric Tonnes,10378.21,Rs./Quintal
West Bengal,Pulses,Lentil(Masur)(Whole),November-2024,309.90,Metric Tonnes,9704.62,Rs./Quintal
West Bengal,Pulses,Masur Dal,November-2024,2242.10,Metric Tonnes,9809.87,Rs./Quintal
West Bengal,Pulses,Moath Dal,November-2024,135.00,Metric Tonnes,10403.33,Rs./Quintal
West Bengal,Pulses,Peas(Dry),November-2024,164.10,Metric Tonnes,6279.85,Rs./Quintal
West Bengal,Pulses,Red gram split/Arhar dal/Tur dal,November-2024,1087.70,Metric Tonnes,14277.93,Rs./Quintal
West Bengal,Pulses,Red gram/Arhar/Tur(whole),November-2024,110.20,Metric Tonnes,10489.75,Rs./Quintal
West Bengal,Pulses,Bengal Gram Dal(Chana Dal),December-2024,7.80,Metric Tonnes,9897.44,Rs./Quintal
West Bengal,Pulses,Bengal Gram(Gram)(Whole),December-2024,3.20,Metric Tonnes,9500.00,Rs./Quintal
West Bengal,Pulses,Black Gram Dal(Urd Dal),December-2024,743.00,Metric Tonnes,12800.00,Rs./Quintal
West Bengal,Pulses,Green Gram Dal(Moong Dal),December-2024,1431.50,Metric Tonnes,10607.86,Rs./Quintal
West Bengal,Pulses,Lentil(Masur)(Whole),December-2024,410.70,Metric Tonnes,9562.26,Rs./Quintal
West Bengal,Pulses,Masur Dal,December-2024,2477.10,Metric Tonnes,9874.41,Rs./Quintal
West Bengal,Pulses,Moath Dal,December-2024,175.00,Metric Tonnes,10146.00,Rs./Quintal
West Bengal,Pulses,Peas(Dry),December-2024,142.30,Metric Tonnes,6272.36,Rs./Quintal
West Bengal,Pulses,Red gram split/Arhar dal/Tur dal,December-2024,1194.60,Metric Tonnes,14986.73,Rs./Quintal
West Bengal,Pulses,Red gram/Arhar/Tur(whole),December-2024,111.00,Metric Tonnes,10538.92,Rs./Quintal
West Bengal,Pulses,Bengal Gram Dal(Chana Dal),January-2025,7.40,Metric Tonnes,9067.57,Rs./Quintal
West Bengal,Pulses,Bengal Gram(Gram)(Whole),January-2025,3.20,Metric Tonnes,9015.63,Rs./Quintal
West Bengal,Pulses,Black Gram Dal(Urd Dal),January-2025,718.00,Metric Tonnes,12770.61,Rs./Quintal
West Bengal,Pulses,Green Gram Dal(Moong Dal),January-2025,1449.75,Metric Tonnes,10531.44,Rs./Quintal
West Bengal,Pulses,Lentil(Masur)(Whole),January-2025,364.00,Metric Tonnes,9459.24,Rs./Quintal
West Bengal,Pulses,Masur Dal,January-2025,2441.30,Metric Tonnes,9919.53,Rs./Quintal
West Bengal,Pulses,Moath Dal,January-2025,170.00,Metric Tonnes,10019.41,Rs./Quintal
West Bengal,Pulses,Peas(Dry),January-2025,130.70,Metric Tonnes,6211.19,Rs./Quintal
West Bengal,Pulses,Red gram split/Arhar dal/Tur dal,January-2025,1180.80,Metric Tonnes,14984.06,Rs./Quintal
West Bengal,Pulses,Red gram/Arhar/Tur(whole),January-2025,108.50,Metric Tonnes,10727.33,Rs./Quintal
West Bengal,Pulses,Bengal Gram Dal(Chana Dal),February-2025,3.40,Metric Tonnes,9000.00,Rs./Quintal
West Bengal,Pulses,Black Gram Dal(Urd Dal),February-2025,646.00,Metric Tonnes,12753.56,Rs./Quintal
West Bengal,Pulses,Green Gram Dal(Moong Dal),February-2025,1334.50,Metric Tonnes,10304.55,Rs./Quintal
West Bengal,Pulses,Lentil(Masur)(Whole),February-2025,148.80,Metric Tonnes,9209.52,Rs./Quintal
West Bengal,Pulses,Masur Dal,February-2025,2233.80,Metric Tonnes,10047.91,Rs./Quintal
West Bengal,Pulses,Moath Dal,February-2025,150.00,Metric Tonnes,9569.33,Rs./Quintal
West Bengal,Pulses,Peas(Dry),February-2025,119.90,Metric Tonnes,6283.05,Rs./Quintal
West Bengal,Pulses,Red gram split/Arhar dal/Tur dal,February-2025,1176.80,Metric Tonnes,14495.11,Rs./Quintal
West Bengal,Pulses,Bengal Gram Dal(Chana Dal),March-2025,2.70,Metric Tonnes,9000.00,Rs./Quintal
West Bengal,Pulses,Black Gram Dal(Urd Dal),March-2025,675.00,Metric Tonnes,12796.74,Rs./Quintal
West Bengal,Pulses,Green Gram Dal(Moong Dal),March-2025,1424.70,Metric Tonnes,10288.81,Rs./Quintal
West Bengal,Pulses,Lentil(Masur)(Whole),March-2025,176.50,Metric Tonnes,9441.64,Rs./Quintal
West Bengal,Pulses,Masur Dal,March-2025,2630.80,Metric Tonnes,9843.29,Rs./Quintal
West Bengal,Pulses,Moath Dal,March-2025,179.00,Metric Tonnes,9613.97,Rs./Quintal
West Bengal,Pulses,Peas(Dry),March-2025,146.50,Metric Tonnes,6263.62,Rs./Quintal
West Bengal,Pulses,Red gram split/Arhar dal/Tur dal,March-2025,1318.50,Metric Tonnes,14126.17,Rs./Quintal
West Bengal,Pulses,Bengal Gram Dal(Chana Dal),April-2025,3.40,Metric Tonnes,8514.71,Rs./Quintal
West Bengal,Pulses,Black Gram Dal(Urd Dal),April-2025,703.00,Metric Tonnes,12703.13,Rs./Quintal
West Bengal,Pulses,Green Gram Dal(Moong Dal),April-2025,1399.75,Metric Tonnes,10294.27,Rs./Quintal
West Bengal,Pulses,Lentil(Masur)(Whole),April-2025,177.60,Metric Tonnes,9630.24,Rs./Quintal
West Bengal,Pulses,Masur Dal,April-2025,2713.30,Metric Tonnes,9792.73,Rs./Quintal
West Bengal,Pulses,Moath Dal,April-2025,160.00,Metric Tonnes,9595.94,Rs./Quintal
West Bengal,Pulses,Peas(Dry),April-2025,152.20,Metric Tonnes,5720.43,Rs./Quintal
West Bengal,Pulses,Red gram split/Arhar dal/Tur dal,April-2025,1217.40,Metric Tonnes,13859.71,Rs./Quintal
West Bengal,Pulses,Bengal Gram Dal(Chana Dal),May-2025,3.30,Metric Tonnes,8500.00,Rs./Quintal
West Bengal,Pulses,Black Gram Dal(Urd Dal),May-2025,742.00,Metric Tonnes,11796.09,Rs./Quintal
West Bengal,Pulses,Green Gram Dal(Moong Dal),May-2025,1453.00,Metric Tonnes,10302.47,Rs./Quintal
West Bengal,Pulses,Lentil(Masur)(Whole),May-2025,170.50,Metric Tonnes,9543.58,Rs./Quintal
West Bengal,Pulses,Masur Dal,May-2025,2718.40,Metric Tonnes,9788.37,Rs./Quintal
West Bengal,Pulses,Moath Dal,May-2025,177.00,Metric Tonnes,9641.53,Rs./Quintal
West Bengal,Pulses,Peas(Dry),May-2025,145.80,Metric Tonnes,5389.01,Rs./Quintal
West Bengal,Pulses,Red gram split/Arhar dal/Tur dal,May-2025,1318.20,Metric Tonnes,13328.13,Rs./Quintal
West Bengal,Pulses,Bengal Gram Dal(Chana Dal),June-2025,3.30,Metric Tonnes,8500.00,Rs./Quintal
West Bengal,Pulses,Black Gram Dal(Urd Dal),June-2025,662.00,Metric Tonnes,11500.00,Rs./Quintal
West Bengal,Pulses,Green Gram Dal(Moong Dal),June-2025,1313.40,Metric Tonnes,10311.98,Rs./Quintal
West Bengal,Pulses,Lentil(Masur)(Whole),June-2025,158.40,Metric Tonnes,9596.40,Rs./Quintal
West Bengal,Pulses,Masur Dal,June-2025,2395.60,Metric Tonnes,9776.78,Rs./Quintal
West Bengal,Pulses,Moath Dal,June-2025,151.00,Metric Tonnes,9645.03,Rs./Quintal
West Bengal,Pulses,Peas(Dry),June-2025,117.70,Metric Tonnes,5428.98,Rs./Quintal
West Bengal,Pulses,Red gram split/Arhar dal/Tur dal,June-2025,1295.30,Metric Tonnes,13385.31,Rs./Quintal
West Bengal,Pulses,Bengal Gram Dal(Chana Dal),July-2025,3.20,Metric Tonnes,8500.00,Rs./Quintal
West Bengal,Pulses,Black Gram Dal(Urd Dal),July-2025,732.00,Metric Tonnes,11182.38,Rs./Quintal
West Bengal,Pulses,Green Gram Dal(Moong Dal),July-2025,1408.10,Metric Tonnes,10096.94,Rs./Quintal
West Bengal,Pulses,Lentil(Masur)(Whole),July-2025,154.20,Metric Tonnes,9563.42,Rs./Quintal
West Bengal,Pulses,Masur Dal,July-2025,2635.20,Metric Tonnes,9751.32,Rs./Quintal
West Bengal,Pulses,Moath Dal,July-2025,155.00,Metric Tonnes,9883.87,Rs./Quintal
West Bengal,Pulses,Peas(Dry),July-2025,129.20,Metric Tonnes,5575.71,Rs./Quintal
West Bengal,Pulses,Red gram split/Arhar dal/Tur dal,July-2025,1159.00,Metric Tonnes,11821.56,Rs./Quintal
West Bengal,Pulses,Bengal Gram Dal(Chana Dal),August-2025,3.30,Metric Tonnes,8500.00,Rs./Quintal
West Bengal,Pulses,Black Gram Dal(Urd Dal),August-2025,720.00,Metric Tonnes,10920.00,Rs./Quintal
West Bengal,Pulses,Green Gram Dal(Moong Dal),August-2025,1360.90,Metric Tonnes,9926.61,Rs./Quintal
West Bengal,Pulses,Lentil(Masur)(Whole),August-2025,146.00,Metric Tonnes,9598.42,Rs./Quintal
West Bengal,Pulses,Masur Dal,August-2025,3099.90,Metric Tonnes,10156.95,Rs./Quintal
West Bengal,Pulses,Moath Dal,August-2025,166.00,Metric Tonnes,9868.98,Rs./Quintal
West Bengal,Pulses,Peas(Dry),August-2025,141.90,Metric Tonnes,5752.96,Rs./Quintal
West Bengal,Pulses,Red gram split/Arhar dal/Tur dal,August-2025,1397.40,Metric Tonnes,11497.03,Rs./Quintal
West Bengal,Pulses,Bengal Gram Dal(Chana Dal),September-2025,3.80,Metric Tonnes,8500.00,Rs./Quintal
West Bengal,Pulses,Black Gram Dal(Urd Dal),September-2025,697.00,Metric Tonnes,10700.00,Rs./Quintal
West Bengal,Pulses,Green Gram Dal(Moong Dal),September-2025,1318.50,Metric Tonnes,9936.54,Rs./Quintal
West Bengal,Pulses,Lentil(Masur)(Whole),September-2025,170.10,Metric Tonnes,9653.20,Rs./Quintal
West Bengal,Pulses,Masur Dal,September-2025,2439.60,Metric Tonnes,11279.87,Rs./Quintal
West Bengal,Pulses,Moath Dal,September-2025,162.00,Metric Tonnes,9887.96,Rs./Quintal
West Bengal,Pulses,Peas(Dry),September-2025,127.70,Metric Tonnes,6191.64,Rs./Quintal
West Bengal,Pulses,Red gram split/Arhar dal/Tur dal,September-2025,1310.10,Metric Tonnes,11320.48,Rs./Quintal
West Bengal,Pulses,Bengal Gram Dal(Chana Dal),October-2025,3.60,Metric Tonnes,8500.00,Rs./Quintal
West Bengal,Pulses,Black Gram Dal(Urd Dal),October-2025,753.00,Metric Tonnes,10700.00,Rs./Quintal
West Bengal,Pulses,Green Gram Dal(Moong Dal),October-2025,1501.60,Metric Tonnes,9914.67,Rs./Quintal
West Bengal,Pulses,Lentil(Masur)(Whole),October-2025,152.74,Metric Tonnes,9711.61,Rs./Quintal
West Bengal,Pulses,Masur Dal,October-2025,2624.50,Metric Tonnes,11267.58,Rs./Quintal
West Bengal,Pulses,Moath Dal,October-2025,181.00,Metric Tonnes,9670.86,Rs./Quintal
West Bengal,Pulses,Peas(Dry),October-2025,130.20,Metric Tonnes,6194.77,Rs./Quintal
West Bengal,Pulses,Red gram split/Arhar dal/Tur dal,October-2025,1338.00,Metric Tonnes,10902.00,Rs./Quintal
West Bengal,Pulses,Bengal Gram Dal(Chana Dal),November-2025,0.60,Metric Tonnes,8500.00,Rs./Quintal
West Bengal,Pulses,Black Gram Dal(Urd Dal),November-2025,651.20,Metric Tonnes,10625.68,Rs./Quintal
West Bengal,Pulses,Green Gram Dal(Moong Dal),November-2025,1240.53,Metric Tonnes,9944.16,Rs./Quintal
West Bengal,Pulses,Lentil(Masur)(Whole),November-2025,81.61,Metric Tonnes,9757.00,Rs./Quintal
West Bengal,Pulses,Masur Dal,November-2025,2258.86,Metric Tonnes,11342.34,Rs./Quintal
West Bengal,Pulses,Moath Dal,November-2025,35.00,Metric Tonnes,9600.00,Rs./Quintal
West Bengal,Pulses,Other Pulses,November-2025,127.00,Metric Tonnes,9551.97,Rs./Quintal
West Bengal,Pulses,Peas(Dry),November-2025,117.80,Metric Tonnes,6325.59,Rs./Quintal
West Bengal,Pulses,Red gram split/Arhar dal/Tur dal,November-2025,1217.10,Metric Tonnes,10715.67,Rs./Quintal
West Bengal,Pulses,Black Gram Dal(Urd Dal),December-2025,686.00,Metric Tonnes,10134.11,Rs./Quintal
West Bengal,Pulses,Green Gram Dal(Moong Dal),December-2025,1391.50,Metric Tonnes,10186.69,Rs./Quintal
West Bengal,Pulses,Green Gram(Moong)(Whole),December-2025,0.50,Metric Tonnes,11000.00,Rs./Quintal
West Bengal,Pulses,Lentil(Masur)(Whole),December-2025,33.30,Metric Tonnes,10030.03,Rs./Quintal
West Bengal,Pulses,Masur Dal,December-2025,2604.76,Metric Tonnes,11359.42,Rs./Quintal
West Bengal,Pulses,Other Pulses,December-2025,105.00,Metric Tonnes,9542.86,Rs./Quintal
West Bengal,Pulses,Peas(Dry),December-2025,143.90,Metric Tonnes,6291.97,Rs./Quintal
West Bengal,Pulses,Red gram split/Arhar dal/Tur dal,December-2025,1294.40,Metric Tonnes,10760.07,Rs./Quintal

Note:
Weighted Average Price = ∑(arrival quantity * modal price) / ∑arrival quantity

