,,,,All Type of Report (All Grades) for 01-Jan-2023 to 31-Dec-2025,,,
State/UT,Commodity Group,Commodity,Month,Arrival Quantity 01-01-2023 to 31-12-2025,Arrival Unit,Modal Price 01-01-2023 to 31-12-2025,Price Unit
Andhra Pradesh,Oil Seeds,Castor Seed,January-2023,1145.00,Metric Tonnes,6011.05,Rs./Quintal
Andhra Pradesh,Oil Seeds,Groundnut,January-2023,917.20,Metric Tonnes,6517.72,Rs./Quintal
Andhra Pradesh,Oil Seeds,Soyabean,January-2023,3.90,Metric Tonnes,4353.26,Rs./Quintal
Andhra Pradesh,Oil Seeds,Sunflower/Sunflower Seed,January-2023,89.70,Metric Tonnes,5294.49,Rs./Quintal
Andhra Pradesh,Oil Seeds,Castor Seed,February-2023,443.60,Metric Tonnes,6274.06,Rs./Quintal
Andhra Pradesh,Oil Seeds,Groundnut,February-2023,3777.10,Metric Tonnes,6724.44,Rs./Quintal
Andhra Pradesh,Oil Seeds,Soyabean,February-2023,0.90,Metric Tonnes,4385.56,Rs./Quintal
Andhra Pradesh,Oil Seeds,Sunflower/Sunflower Seed,February-2023,89.90,Metric Tonnes,4975.18,Rs./Quintal
Andhra Pradesh,Oil Seeds,Castor Seed,March-2023,489.10,Metric Tonnes,6047.04,Rs./Quintal
Andhra Pradesh,Oil Seeds,Groundnut,March-2023,9148.70,Metric Tonnes,6380.54,Rs./Quintal
Andhra Pradesh,Oil Seeds,Sunflower/Sunflower Seed,March-2023,202.80,Metric Tonnes,4572.79,Rs./Quintal
Andhra Pradesh,Oil Seeds,Castor Seed,April-2023,1271.30,Metric Tonnes,5242.13,Rs./Quintal
Andhra Pradesh,Oil Seeds,Groundnut,April-2023,16140.20,Metric Tonnes,6585.78,Rs./Quintal
Andhra Pradesh,Oil Seeds,Soyabean,April-2023,2.10,Metric Tonnes,4193.14,Rs./Quintal
Andhra Pradesh,Oil Seeds,Sunflower/Sunflower Seed,April-2023,177.80,Metric Tonnes,4428.72,Rs./Quintal
Andhra Pradesh,Oil Seeds,Castor Seed,May-2023,753.60,Metric Tonnes,5315.60,Rs./Quintal
Andhra Pradesh,Oil Seeds,Groundnut,May-2023,9131.20,Metric Tonnes,6727.22,Rs./Quintal
Andhra Pradesh,Oil Seeds,Soyabean,May-2023,1.00,Metric Tonnes,3402.20,Rs./Quintal
Andhra Pradesh,Oil Seeds,Sunflower/Sunflower Seed,May-2023,69.30,Metric Tonnes,4094.87,Rs./Quintal
Andhra Pradesh,Oil Seeds,Castor Seed,June-2023,271.00,Metric Tonnes,5391.14,Rs./Quintal
Andhra Pradesh,Oil Seeds,Groundnut,June-2023,2003.20,Metric Tonnes,6771.40,Rs./Quintal
Andhra Pradesh,Oil Seeds,Soyabean,June-2023,0.30,Metric Tonnes,3590.00,Rs./Quintal
Andhra Pradesh,Oil Seeds,Sunflower/Sunflower Seed,June-2023,27.00,Metric Tonnes,3789.76,Rs./Quintal
Andhra Pradesh,Oil Seeds,Castor Seed,July-2023,387.50,Metric Tonnes,5838.94,Rs./Quintal
Andhra Pradesh,Oil Seeds,Groundnut,July-2023,3710.20,Metric Tonnes,6689.93,Rs./Quintal
Andhra Pradesh,Oil Seeds,Soyabean,July-2023,2.30,Metric Tonnes,4061.74,Rs./Quintal
Andhra Pradesh,Oil Seeds,Sunflower/Sunflower Seed,July-2023,14.80,Metric Tonnes,4499.63,Rs./Quintal
Andhra Pradesh,Oil Seeds,Castor Seed,August-2023,1906.60,Metric Tonnes,5992.49,Rs./Quintal
Andhra Pradesh,Oil Seeds,Groundnut,August-2023,32054.40,Metric Tonnes,7185.78,Rs./Quintal
Andhra Pradesh,Oil Seeds,Soyabean,August-2023,1.70,Metric Tonnes,4199.12,Rs./Quintal
Andhra Pradesh,Oil Seeds,Sunflower/Sunflower Seed,August-2023,256.30,Metric Tonnes,4736.94,Rs./Quintal
Andhra Pradesh,Oil Seeds,Castor Seed,September-2023,5012.90,Metric Tonnes,5605.49,Rs./Quintal
Andhra Pradesh,Oil Seeds,Groundnut,September-2023,11147.90,Metric Tonnes,7245.55,Rs./Quintal
Andhra Pradesh,Oil Seeds,Soyabean,September-2023,1.80,Metric Tonnes,4214.44,Rs./Quintal
Andhra Pradesh,Oil Seeds,Sunflower/Sunflower Seed,September-2023,321.40,Metric Tonnes,4338.35,Rs./Quintal
Andhra Pradesh,Oil Seeds,Castor Seed,October-2023,13789.70,Metric Tonnes,5306.64,Rs./Quintal
Andhra Pradesh,Oil Seeds,Groundnut,October-2023,25454.90,Metric Tonnes,6623.91,Rs./Quintal
Andhra Pradesh,Oil Seeds,Soyabean,October-2023,12.20,Metric Tonnes,3990.37,Rs./Quintal
Andhra Pradesh,Oil Seeds,Sunflower/Sunflower Seed,October-2023,617.90,Metric Tonnes,4474.77,Rs./Quintal
Andhra Pradesh,Oil Seeds,Castor Seed,November-2023,15284.60,Metric Tonnes,5333.59,Rs./Quintal
Andhra Pradesh,Oil Seeds,Groundnut,November-2023,18917.60,Metric Tonnes,6795.34,Rs./Quintal
Andhra Pradesh,Oil Seeds,Soyabean,November-2023,27.60,Metric Tonnes,4356.27,Rs./Quintal
Andhra Pradesh,Oil Seeds,Sunflower/Sunflower Seed,November-2023,160.30,Metric Tonnes,4465.41,Rs./Quintal
Andhra Pradesh,Oil Seeds,Castor Seed,December-2023,13696.40,Metric Tonnes,5305.75,Rs./Quintal
Andhra Pradesh,Oil Seeds,Groundnut,December-2023,4292.30,Metric Tonnes,6712.24,Rs./Quintal
Andhra Pradesh,Oil Seeds,Soyabean,December-2023,8.50,Metric Tonnes,4062.11,Rs./Quintal
Andhra Pradesh,Oil Seeds,Sunflower/Sunflower Seed,December-2023,74.00,Metric Tonnes,3964.64,Rs./Quintal
Andhra Pradesh,Oil Seeds,Castor Seed,January-2024,3574.90,Metric Tonnes,5228.20,Rs./Quintal
Andhra Pradesh,Oil Seeds,Groundnut,January-2024,15801.40,Metric Tonnes,6752.13,Rs./Quintal
Andhra Pradesh,Oil Seeds,Soyabean,January-2024,8.50,Metric Tonnes,4259.14,Rs./Quintal
Andhra Pradesh,Oil Seeds,Sunflower/Sunflower Seed,January-2024,48.90,Metric Tonnes,4142.18,Rs./Quintal
Andhra Pradesh,Oil Seeds,Castor Seed,February-2024,3370.40,Metric Tonnes,5300.05,Rs./Quintal
Andhra Pradesh,Oil Seeds,Groundnut,February-2024,47361.40,Metric Tonnes,6646.99,Rs./Quintal
Andhra Pradesh,Oil Seeds,Soyabean,February-2024,1.50,Metric Tonnes,4190.40,Rs./Quintal
Andhra Pradesh,Oil Seeds,Sunflower/Sunflower Seed,February-2024,22.50,Metric Tonnes,3760.62,Rs./Quintal
Andhra Pradesh,Oil Seeds,Castor Seed,March-2024,2692.00,Metric Tonnes,5956.76,Rs./Quintal
Andhra Pradesh,Oil Seeds,Groundnut,March-2024,44960.00,Metric Tonnes,6511.16,Rs./Quintal
Andhra Pradesh,Oil Seeds,Soyabean,March-2024,4.50,Metric Tonnes,3662.42,Rs./Quintal
Andhra Pradesh,Oil Seeds,Sunflower/Sunflower Seed,March-2024,6.70,Metric Tonnes,3732.90,Rs./Quintal
Andhra Pradesh,Oil Seeds,Castor Seed,April-2024,1136.60,Metric Tonnes,5346.20,Rs./Quintal
Andhra Pradesh,Oil Seeds,Groundnut,April-2024,7330.70,Metric Tonnes,6436.74,Rs./Quintal
Andhra Pradesh,Oil Seeds,Soyabean,April-2024,0.20,Metric Tonnes,4269.00,Rs./Quintal
Andhra Pradesh,Oil Seeds,Sunflower/Sunflower Seed,April-2024,9.20,Metric Tonnes,3613.55,Rs./Quintal
Andhra Pradesh,Oil Seeds,Castor Seed,May-2024,332.40,Metric Tonnes,5221.36,Rs./Quintal
Andhra Pradesh,Oil Seeds,Groundnut,May-2024,1067.00,Metric Tonnes,6422.56,Rs./Quintal
Andhra Pradesh,Oil Seeds,Soyabean,May-2024,0.70,Metric Tonnes,3809.71,Rs./Quintal
Andhra Pradesh,Oil Seeds,Sunflower/Sunflower Seed,May-2024,3.90,Metric Tonnes,4048.44,Rs./Quintal
Andhra Pradesh,Oil Seeds,Castor Seed,June-2024,163.30,Metric Tonnes,5205.66,Rs./Quintal
Andhra Pradesh,Oil Seeds,Groundnut,June-2024,559.10,Metric Tonnes,5947.24,Rs./Quintal
Andhra Pradesh,Oil Seeds,Soyabean,June-2024,0.70,Metric Tonnes,3479.57,Rs./Quintal
Andhra Pradesh,Oil Seeds,Sunflower/Sunflower Seed,June-2024,0.20,Metric Tonnes,3700.00,Rs./Quintal
Andhra Pradesh,Oil Seeds,Castor Seed,July-2024,134.00,Metric Tonnes,5530.45,Rs./Quintal
Andhra Pradesh,Oil Seeds,Groundnut,July-2024,5442.90,Metric Tonnes,6384.90,Rs./Quintal
Andhra Pradesh,Oil Seeds,Soyabean,July-2024,2.10,Metric Tonnes,4169.24,Rs./Quintal
Andhra Pradesh,Oil Seeds,Sunflower/Sunflower Seed,July-2024,1.70,Metric Tonnes,3526.35,Rs./Quintal
Andhra Pradesh,Oil Seeds,Castor Seed,August-2024,395.10,Metric Tonnes,5699.80,Rs./Quintal
Andhra Pradesh,Oil Seeds,Groundnut,August-2024,45750.60,Metric Tonnes,6541.36,Rs./Quintal
Andhra Pradesh,Oil Seeds,Soyabean,August-2024,1.10,Metric Tonnes,2922.64,Rs./Quintal
Andhra Pradesh,Oil Seeds,Sunflower/Sunflower Seed,August-2024,1.30,Metric Tonnes,3720.62,Rs./Quintal
Andhra Pradesh,Oil Seeds,Castor Seed,September-2024,4283.70,Metric Tonnes,5794.67,Rs./Quintal
Andhra Pradesh,Oil Seeds,Groundnut,September-2024,40100.50,Metric Tonnes,6480.08,Rs./Quintal
Andhra Pradesh,Oil Seeds,"Sesamum(Sesame,Gingelly,Til)",September-2024,0.10,Metric Tonnes,8600.00,Rs./Quintal
Andhra Pradesh,Oil Seeds,Sunflower/Sunflower Seed,September-2024,23.10,Metric Tonnes,5517.74,Rs./Quintal
Andhra Pradesh,Oil Seeds,Castor Seed,October-2024,15567.80,Metric Tonnes,5881.66,Rs./Quintal
Andhra Pradesh,Oil Seeds,Groundnut,October-2024,52426.00,Metric Tonnes,6128.93,Rs./Quintal
Andhra Pradesh,Oil Seeds,Sunflower/Sunflower Seed,October-2024,15.10,Metric Tonnes,5284.57,Rs./Quintal
Andhra Pradesh,Oil Seeds,Castor Seed,November-2024,17239.70,Metric Tonnes,5685.66,Rs./Quintal
Andhra Pradesh,Oil Seeds,Groundnut,November-2024,16102.61,Metric Tonnes,6171.23,Rs./Quintal
Andhra Pradesh,Oil Seeds,Soyabean,November-2024,4.80,Metric Tonnes,3323.54,Rs./Quintal
Andhra Pradesh,Oil Seeds,Sunflower/Sunflower Seed,November-2024,5.80,Metric Tonnes,5055.50,Rs./Quintal
Andhra Pradesh,Oil Seeds,Castor Seed,December-2024,3556.00,Metric Tonnes,5652.95,Rs./Quintal
Andhra Pradesh,Oil Seeds,Groundnut,December-2024,2929.79,Metric Tonnes,5619.45,Rs./Quintal
Andhra Pradesh,Oil Seeds,Soyabean,December-2024,3.00,Metric Tonnes,3450.60,Rs./Quintal
Andhra Pradesh,Oil Seeds,Sunflower/Sunflower Seed,December-2024,8.50,Metric Tonnes,4248.26,Rs./Quintal
Andhra Pradesh,Oil Seeds,Castor Seed,January-2025,1586.20,Metric Tonnes,5652.70,Rs./Quintal
Andhra Pradesh,Oil Seeds,Groundnut,January-2025,8848.44,Metric Tonnes,5367.23,Rs./Quintal
Andhra Pradesh,Oil Seeds,Soyabean,January-2025,6.50,Metric Tonnes,3654.05,Rs./Quintal
Andhra Pradesh,Oil Seeds,Sunflower/Sunflower Seed,January-2025,9.60,Metric Tonnes,4760.59,Rs./Quintal
Andhra Pradesh,Oil Seeds,Castor Seed,February-2025,2112.90,Metric Tonnes,5736.27,Rs./Quintal
Andhra Pradesh,Oil Seeds,Groundnut,February-2025,38561.00,Metric Tonnes,5923.58,Rs./Quintal
Andhra Pradesh,Oil Seeds,Soyabean,February-2025,5.40,Metric Tonnes,3560.07,Rs./Quintal
Andhra Pradesh,Oil Seeds,Sunflower/Sunflower Seed,February-2025,9.90,Metric Tonnes,5255.58,Rs./Quintal
Andhra Pradesh,Oil Seeds,Castor Seed,March-2025,1711.60,Metric Tonnes,5939.25,Rs./Quintal
Andhra Pradesh,Oil Seeds,Groundnut,March-2025,54208.00,Metric Tonnes,6369.54,Rs./Quintal
Andhra Pradesh,Oil Seeds,Soyabean,March-2025,3.70,Metric Tonnes,3157.65,Rs./Quintal
Andhra Pradesh,Oil Seeds,Sunflower/Sunflower Seed,March-2025,17.50,Metric Tonnes,4931.43,Rs./Quintal
Andhra Pradesh,Oil Seeds,Castor Seed,April-2025,839.20,Metric Tonnes,5958.02,Rs./Quintal
Andhra Pradesh,Oil Seeds,Groundnut,April-2025,13777.10,Metric Tonnes,6114.32,Rs./Quintal
Andhra Pradesh,Oil Seeds,Soyabean,April-2025,1.20,Metric Tonnes,3132.58,Rs./Quintal
Andhra Pradesh,Oil Seeds,Sunflower/Sunflower Seed,April-2025,43.60,Metric Tonnes,4942.01,Rs./Quintal
Andhra Pradesh,Oil Seeds,Castor Seed,May-2025,261.30,Metric Tonnes,5624.79,Rs./Quintal
Andhra Pradesh,Oil Seeds,Groundnut,May-2025,4392.35,Metric Tonnes,5425.62,Rs./Quintal
Andhra Pradesh,Oil Seeds,Soyabean,May-2025,2.20,Metric Tonnes,3852.59,Rs./Quintal
Andhra Pradesh,Oil Seeds,Sunflower/Sunflower Seed,May-2025,10.40,Metric Tonnes,4517.22,Rs./Quintal
Andhra Pradesh,Oil Seeds,Castor Seed,June-2025,85.90,Metric Tonnes,5803.81,Rs./Quintal
Andhra Pradesh,Oil Seeds,Groundnut,June-2025,2170.80,Metric Tonnes,5668.47,Rs./Quintal
Andhra Pradesh,Oil Seeds,Sunflower/Sunflower Seed,June-2025,5.40,Metric Tonnes,4422.20,Rs./Quintal
Andhra Pradesh,Oil Seeds,Castor Seed,July-2025,23.20,Metric Tonnes,5859.40,Rs./Quintal
Andhra Pradesh,Oil Seeds,Groundnut,July-2025,18119.30,Metric Tonnes,6074.87,Rs./Quintal
Andhra Pradesh,Oil Seeds,Soyabean,July-2025,0.20,Metric Tonnes,3599.00,Rs./Quintal
Andhra Pradesh,Oil Seeds,Sunflower/Sunflower Seed,July-2025,2.40,Metric Tonnes,5341.08,Rs./Quintal
Andhra Pradesh,Oil Seeds,Castor Seed,August-2025,343.40,Metric Tonnes,6011.21,Rs./Quintal
Andhra Pradesh,Oil Seeds,Groundnut,August-2025,34885.00,Metric Tonnes,6184.81,Rs./Quintal
Andhra Pradesh,Oil Seeds,Soyabean,August-2025,0.50,Metric Tonnes,4039.00,Rs./Quintal
Andhra Pradesh,Oil Seeds,Sunflower/Sunflower Seed,August-2025,15.80,Metric Tonnes,5801.99,Rs./Quintal
Andhra Pradesh,Oil Seeds,Castor Seed,September-2025,4986.10,Metric Tonnes,5816.53,Rs./Quintal
Andhra Pradesh,Oil Seeds,Groundnut,September-2025,13557.80,Metric Tonnes,6106.07,Rs./Quintal
Andhra Pradesh,Oil Seeds,Sunflower/Sunflower Seed,September-2025,53.40,Metric Tonnes,5521.69,Rs./Quintal
Andhra Pradesh,Oil Seeds,Castor Seed,October-2025,12280.30,Metric Tonnes,5811.89,Rs./Quintal
Andhra Pradesh,Oil Seeds,Groundnut,October-2025,11811.20,Metric Tonnes,6048.05,Rs./Quintal
Andhra Pradesh,Oil Seeds,Soyabean,October-2025,11.40,Metric Tonnes,3678.27,Rs./Quintal
Andhra Pradesh,Oil Seeds,Sunflower/Sunflower Seed,October-2025,126.30,Metric Tonnes,6135.57,Rs./Quintal
Andhra Pradesh,Oil Seeds,Castor Seed,November-2025,15764.70,Metric Tonnes,5818.81,Rs./Quintal
Andhra Pradesh,Oil Seeds,Ground Nut Seed,November-2025,294.50,Metric Tonnes,5501.75,Rs./Quintal
Andhra Pradesh,Oil Seeds,Groundnut,November-2025,7230.20,Metric Tonnes,5902.73,Rs./Quintal
Andhra Pradesh,Oil Seeds,Soyabean,November-2025,10.10,Metric Tonnes,3474.02,Rs./Quintal
Andhra Pradesh,Oil Seeds,Sunflower/Sunflower Seed,November-2025,14.40,Metric Tonnes,5673.20,Rs./Quintal
Andhra Pradesh,Oil Seeds,Castor Seed,December-2025,3267.53,Metric Tonnes,6013.36,Rs./Quintal
Andhra Pradesh,Oil Seeds,Groundnut,December-2025,5561.56,Metric Tonnes,6464.33,Rs./Quintal
Andhra Pradesh,Oil Seeds,Soyabean,December-2025,53.80,Metric Tonnes,4209.81,Rs./Quintal
Andhra Pradesh,Oil Seeds,Sunflower/Sunflower Seed,December-2025,33.70,Metric Tonnes,5419.31,Rs./Quintal
Bihar,Oil Seeds,Mustard,January-2023,5.45,Metric Tonnes,5831.19,Rs./Quintal
Bihar,Oil Seeds,Mustard,February-2023,9.50,Metric Tonnes,4916.32,Rs./Quintal
Bihar,Oil Seeds,Linseed,March-2023,0.10,Metric Tonnes,5600.00,Rs./Quintal
Bihar,Oil Seeds,Mustard,March-2023,4.00,Metric Tonnes,4901.25,Rs./Quintal
Bihar,Oil Seeds,Linseed,April-2023,0.70,Metric Tonnes,6964.29,Rs./Quintal
Bihar,Oil Seeds,Mustard,April-2023,25.30,Metric Tonnes,5114.62,Rs./Quintal
Bihar,Oil Seeds,Linseed,May-2023,0.20,Metric Tonnes,10350.00,Rs./Quintal
Bihar,Oil Seeds,Mustard,May-2023,3.20,Metric Tonnes,4937.50,Rs./Quintal
Chattisgarh,Oil Seeds,Groundnut,January-2023,7.70,Metric Tonnes,4740.26,Rs./Quintal
Chattisgarh,Oil Seeds,Linseed,January-2023,21.60,Metric Tonnes,4092.06,Rs./Quintal
Chattisgarh,Oil Seeds,Mustard,January-2023,9.67,Metric Tonnes,5458.83,Rs./Quintal
Chattisgarh,Oil Seeds,Niger Seed(Ramtil),January-2023,113.70,Metric Tonnes,6004.49,Rs./Quintal
Chattisgarh,Oil Seeds,"Sesamum(Sesame,Gingelly,Til)",January-2023,5.00,Metric Tonnes,7830.00,Rs./Quintal
Chattisgarh,Oil Seeds,Soyabean,January-2023,1532.60,Metric Tonnes,4938.32,Rs./Quintal
Chattisgarh,Oil Seeds,Groundnut,February-2023,1.20,Metric Tonnes,6000.00,Rs./Quintal
Chattisgarh,Oil Seeds,Linseed,February-2023,2.30,Metric Tonnes,3784.96,Rs./Quintal
Chattisgarh,Oil Seeds,Mustard,February-2023,8.30,Metric Tonnes,4483.55,Rs./Quintal
Chattisgarh,Oil Seeds,Niger Seed(Ramtil),February-2023,127.10,Metric Tonnes,5800.16,Rs./Quintal
Chattisgarh,Oil Seeds,"Sesamum(Sesame,Gingelly,Til)",February-2023,1.80,Metric Tonnes,1500.00,Rs./Quintal
Chattisgarh,Oil Seeds,Soyabean,February-2023,1211.70,Metric Tonnes,4742.04,Rs./Quintal
Chattisgarh,Oil Seeds,Toria,February-2023,2.80,Metric Tonnes,1400.00,Rs./Quintal
Chattisgarh,Oil Seeds,Groundnut,March-2023,862.90,Metric Tonnes,4833.80,Rs./Quintal
Chattisgarh,Oil Seeds,Linseed,March-2023,8.60,Metric Tonnes,4197.23,Rs./Quintal
Chattisgarh,Oil Seeds,Mustard,March-2023,128.70,Metric Tonnes,4699.86,Rs./Quintal
Chattisgarh,Oil Seeds,Niger Seed(Ramtil),March-2023,100.10,Metric Tonnes,5544.96,Rs./Quintal
Chattisgarh,Oil Seeds,Safflower,March-2023,18.40,Metric Tonnes,1628.00,Rs./Quintal
Chattisgarh,Oil Seeds,"Sesamum(Sesame,Gingelly,Til)",March-2023,0.10,Metric Tonnes,3701.00,Rs./Quintal
Chattisgarh,Oil Seeds,Soyabean,March-2023,831.30,Metric Tonnes,4601.13,Rs./Quintal
Chattisgarh,Oil Seeds,Groundnut,April-2023,38.50,Metric Tonnes,2389.61,Rs./Quintal
Chattisgarh,Oil Seeds,Linseed,April-2023,16.20,Metric Tonnes,4938.22,Rs./Quintal
Chattisgarh,Oil Seeds,Mustard,April-2023,212.70,Metric Tonnes,5131.53,Rs./Quintal
Chattisgarh,Oil Seeds,Niger Seed(Ramtil),April-2023,24.70,Metric Tonnes,7433.20,Rs./Quintal
Chattisgarh,Oil Seeds,Soyabean,April-2023,686.80,Metric Tonnes,4746.38,Rs./Quintal
Chattisgarh,Oil Seeds,Groundnut,May-2023,193.90,Metric Tonnes,4682.36,Rs./Quintal
Chattisgarh,Oil Seeds,Linseed,May-2023,27.05,Metric Tonnes,4926.18,Rs./Quintal
Chattisgarh,Oil Seeds,Mustard,May-2023,49.00,Metric Tonnes,4604.39,Rs./Quintal
Chattisgarh,Oil Seeds,Niger Seed(Ramtil),May-2023,485.30,Metric Tonnes,1750.00,Rs./Quintal
Chattisgarh,Oil Seeds,Soyabean,May-2023,424.40,Metric Tonnes,4467.36,Rs./Quintal
Chattisgarh,Oil Seeds,Groundnut,June-2023,341.70,Metric Tonnes,4681.01,Rs./Quintal
Chattisgarh,Oil Seeds,Linseed,June-2023,11.80,Metric Tonnes,4407.14,Rs./Quintal
Chattisgarh,Oil Seeds,Mustard,June-2023,101.10,Metric Tonnes,4657.67,Rs./Quintal
Chattisgarh,Oil Seeds,Niger Seed(Ramtil),June-2023,10.00,Metric Tonnes,6000.00,Rs./Quintal
Chattisgarh,Oil Seeds,Safflower,June-2023,9.00,Metric Tonnes,2500.00,Rs./Quintal
Chattisgarh,Oil Seeds,Soyabean,June-2023,660.90,Metric Tonnes,4658.42,Rs./Quintal
Chattisgarh,Oil Seeds,Groundnut,July-2023,30.30,Metric Tonnes,4877.89,Rs./Quintal
Chattisgarh,Oil Seeds,Linseed,July-2023,7.70,Metric Tonnes,4292.35,Rs./Quintal
Chattisgarh,Oil Seeds,Mustard,July-2023,95.30,Metric Tonnes,5060.59,Rs./Quintal
Chattisgarh,Oil Seeds,Niger Seed(Ramtil),July-2023,40.00,Metric Tonnes,6000.00,Rs./Quintal
Chattisgarh,Oil Seeds,"Sesamum(Sesame,Gingelly,Til)",July-2023,0.20,Metric Tonnes,10600.00,Rs./Quintal
Chattisgarh,Oil Seeds,Soyabean,July-2023,946.20,Metric Tonnes,4637.86,Rs./Quintal
Chattisgarh,Oil Seeds,Groundnut,August-2023,28.50,Metric Tonnes,4773.68,Rs./Quintal
Chattisgarh,Oil Seeds,Linseed,August-2023,6.30,Metric Tonnes,4230.56,Rs./Quintal
Chattisgarh,Oil Seeds,Mustard,August-2023,31.00,Metric Tonnes,4255.31,Rs./Quintal
Chattisgarh,Oil Seeds,Niger Seed(Ramtil),August-2023,20.40,Metric Tonnes,6000.00,Rs./Quintal
Chattisgarh,Oil Seeds,Safflower,August-2023,0.10,Metric Tonnes,3500.00,Rs./Quintal
Chattisgarh,Oil Seeds,Soyabean,August-2023,1081.10,Metric Tonnes,4651.95,Rs./Quintal
Chattisgarh,Oil Seeds,Groundnut,September-2023,252.10,Metric Tonnes,4367.11,Rs./Quintal
Chattisgarh,Oil Seeds,Linseed,September-2023,6.60,Metric Tonnes,5013.33,Rs./Quintal
Chattisgarh,Oil Seeds,Mustard,September-2023,22.80,Metric Tonnes,4312.75,Rs./Quintal
Chattisgarh,Oil Seeds,Niger Seed(Ramtil),September-2023,10.00,Metric Tonnes,6000.00,Rs./Quintal
Chattisgarh,Oil Seeds,Safflower,September-2023,0.20,Metric Tonnes,1350.00,Rs./Quintal
Chattisgarh,Oil Seeds,Soyabean,September-2023,620.60,Metric Tonnes,4508.84,Rs./Quintal
Chattisgarh,Oil Seeds,Groundnut,October-2023,521.30,Metric Tonnes,5282.51,Rs./Quintal
Chattisgarh,Oil Seeds,Linseed,October-2023,2.90,Metric Tonnes,4671.45,Rs./Quintal
Chattisgarh,Oil Seeds,Mustard,October-2023,66.80,Metric Tonnes,4174.35,Rs./Quintal
Chattisgarh,Oil Seeds,Niger Seed(Ramtil),October-2023,20.00,Metric Tonnes,6000.00,Rs./Quintal
Chattisgarh,Oil Seeds,"Sesamum(Sesame,Gingelly,Til)",October-2023,12.00,Metric Tonnes,8640.00,Rs./Quintal
Chattisgarh,Oil Seeds,Soyabean,October-2023,2330.20,Metric Tonnes,4167.33,Rs./Quintal
Chattisgarh,Oil Seeds,Groundnut,November-2023,79.40,Metric Tonnes,4583.38,Rs./Quintal
Chattisgarh,Oil Seeds,Linseed,November-2023,11.40,Metric Tonnes,4276.04,Rs./Quintal
Chattisgarh,Oil Seeds,Mustard,November-2023,37.10,Metric Tonnes,4424.65,Rs./Quintal
Chattisgarh,Oil Seeds,Niger Seed(Ramtil),November-2023,11.50,Metric Tonnes,5913.04,Rs./Quintal
Chattisgarh,Oil Seeds,"Sesamum(Sesame,Gingelly,Til)",November-2023,29.50,Metric Tonnes,8640.00,Rs./Quintal
Chattisgarh,Oil Seeds,Soyabean,November-2023,2863.40,Metric Tonnes,4403.07,Rs./Quintal
Chattisgarh,Oil Seeds,Groundnut,December-2023,135.50,Metric Tonnes,5687.66,Rs./Quintal
Chattisgarh,Oil Seeds,Linseed,December-2023,1.30,Metric Tonnes,4801.15,Rs./Quintal
Chattisgarh,Oil Seeds,Mustard,December-2023,7.20,Metric Tonnes,4714.39,Rs./Quintal
Chattisgarh,Oil Seeds,Niger Seed(Ramtil),December-2023,10.40,Metric Tonnes,6000.00,Rs./Quintal
Chattisgarh,Oil Seeds,"Sesamum(Sesame,Gingelly,Til)",December-2023,8.00,Metric Tonnes,8437.50,Rs./Quintal
Chattisgarh,Oil Seeds,Soyabean,December-2023,1817.90,Metric Tonnes,4444.66,Rs./Quintal
Chattisgarh,Oil Seeds,Groundnut,January-2024,59.20,Metric Tonnes,8436.70,Rs./Quintal
Chattisgarh,Oil Seeds,Linseed,January-2024,17.80,Metric Tonnes,4605.64,Rs./Quintal
Chattisgarh,Oil Seeds,Mustard,January-2024,45.80,Metric Tonnes,5183.10,Rs./Quintal
Chattisgarh,Oil Seeds,Niger Seed(Ramtil),January-2024,84.40,Metric Tonnes,7217.77,Rs./Quintal
Chattisgarh,Oil Seeds,Soyabean,January-2024,17123.90,Metric Tonnes,4746.54,Rs./Quintal
Chattisgarh,Oil Seeds,Groundnut,February-2024,441.00,Metric Tonnes,4925.22,Rs./Quintal
Chattisgarh,Oil Seeds,Linseed,February-2024,5.10,Metric Tonnes,3765.02,Rs./Quintal
Chattisgarh,Oil Seeds,Mustard,February-2024,17.00,Metric Tonnes,5130.31,Rs./Quintal
Chattisgarh,Oil Seeds,Niger Seed(Ramtil),February-2024,6.30,Metric Tonnes,7961.11,Rs./Quintal
Chattisgarh,Oil Seeds,Soyabean,February-2024,7289.00,Metric Tonnes,4703.41,Rs./Quintal
Chattisgarh,Oil Seeds,Groundnut,March-2024,727.30,Metric Tonnes,5316.51,Rs./Quintal
Chattisgarh,Oil Seeds,Linseed,March-2024,38.80,Metric Tonnes,5508.10,Rs./Quintal
Chattisgarh,Oil Seeds,Mustard,March-2024,64.60,Metric Tonnes,4975.33,Rs./Quintal
Chattisgarh,Oil Seeds,Niger Seed(Ramtil),March-2024,14.60,Metric Tonnes,7369.86,Rs./Quintal
Chattisgarh,Oil Seeds,"Sesamum(Sesame,Gingelly,Til)",March-2024,5.00,Metric Tonnes,8640.00,Rs./Quintal
Chattisgarh,Oil Seeds,Soyabean,March-2024,4209.90,Metric Tonnes,4118.78,Rs./Quintal
Chattisgarh,Oil Seeds,Groundnut,April-2024,15.40,Metric Tonnes,5455.85,Rs./Quintal
Chattisgarh,Oil Seeds,Linseed,April-2024,8.70,Metric Tonnes,4787.40,Rs./Quintal
Chattisgarh,Oil Seeds,Mustard,April-2024,244.30,Metric Tonnes,5240.10,Rs./Quintal
Chattisgarh,Oil Seeds,Niger Seed(Ramtil),April-2024,2.50,Metric Tonnes,7734.00,Rs./Quintal
Chattisgarh,Oil Seeds,Soyabean,April-2024,2090.90,Metric Tonnes,4236.38,Rs./Quintal
Chattisgarh,Oil Seeds,Groundnut,May-2024,326.50,Metric Tonnes,4145.03,Rs./Quintal
Chattisgarh,Oil Seeds,Linseed,May-2024,11.30,Metric Tonnes,5166.07,Rs./Quintal
Chattisgarh,Oil Seeds,Mustard,May-2024,120.60,Metric Tonnes,4908.41,Rs./Quintal
Chattisgarh,Oil Seeds,Niger Seed(Ramtil),May-2024,60.50,Metric Tonnes,6000.00,Rs./Quintal
Chattisgarh,Oil Seeds,Soyabean,May-2024,1117.88,Metric Tonnes,4269.63,Rs./Quintal
Chattisgarh,Oil Seeds,Sunflower/Sunflower Seed,May-2024,10.00,Metric Tonnes,5000.00,Rs./Quintal
Chattisgarh,Oil Seeds,Ground Nut Seed,June-2024,11.00,Metric Tonnes,4090.91,Rs./Quintal
Chattisgarh,Oil Seeds,Groundnut,June-2024,464.60,Metric Tonnes,4367.56,Rs./Quintal
Chattisgarh,Oil Seeds,Linseed,June-2024,9.20,Metric Tonnes,5351.32,Rs./Quintal
Chattisgarh,Oil Seeds,Mustard,June-2024,115.50,Metric Tonnes,5094.98,Rs./Quintal
Chattisgarh,Oil Seeds,Soyabean,June-2024,2285.40,Metric Tonnes,4225.48,Rs./Quintal
Chattisgarh,Oil Seeds,Groundnut,July-2024,450.50,Metric Tonnes,4651.61,Rs./Quintal
Chattisgarh,Oil Seeds,Linseed,July-2024,6.20,Metric Tonnes,5357.84,Rs./Quintal
Chattisgarh,Oil Seeds,Mustard,July-2024,33.90,Metric Tonnes,4686.57,Rs./Quintal
Chattisgarh,Oil Seeds,Niger Seed(Ramtil),July-2024,10.00,Metric Tonnes,6000.00,Rs./Quintal
Chattisgarh,Oil Seeds,Soyabean,July-2024,2389.10,Metric Tonnes,4175.78,Rs./Quintal
Chattisgarh,Oil Seeds,Groundnut,August-2024,172.60,Metric Tonnes,4144.67,Rs./Quintal
Chattisgarh,Oil Seeds,Linseed,August-2024,7.10,Metric Tonnes,5269.75,Rs./Quintal
Chattisgarh,Oil Seeds,Mustard,August-2024,13.40,Metric Tonnes,4608.63,Rs./Quintal
Chattisgarh,Oil Seeds,Niger Seed(Ramtil),August-2024,31.30,Metric Tonnes,6827.48,Rs./Quintal
Chattisgarh,Oil Seeds,Soyabean,August-2024,1615.50,Metric Tonnes,4041.43,Rs./Quintal
Chattisgarh,Oil Seeds,Sunflower/Sunflower Seed,August-2024,24.10,Metric Tonnes,3300.00,Rs./Quintal
Chattisgarh,Oil Seeds,Groundnut,September-2024,234.40,Metric Tonnes,5893.74,Rs./Quintal
Chattisgarh,Oil Seeds,Linseed,September-2024,1.40,Metric Tonnes,5461.50,Rs./Quintal
Chattisgarh,Oil Seeds,Mustard,September-2024,40.90,Metric Tonnes,5454.19,Rs./Quintal
Chattisgarh,Oil Seeds,Niger Seed(Ramtil),September-2024,14.90,Metric Tonnes,6000.00,Rs./Quintal
Chattisgarh,Oil Seeds,Soyabean,September-2024,2674.80,Metric Tonnes,4197.52,Rs./Quintal
Chattisgarh,Oil Seeds,Groundnut,October-2024,187.80,Metric Tonnes,5854.90,Rs./Quintal
Chattisgarh,Oil Seeds,Linseed,October-2024,0.80,Metric Tonnes,5363.75,Rs./Quintal
Chattisgarh,Oil Seeds,Mustard,October-2024,54.80,Metric Tonnes,5265.52,Rs./Quintal
Chattisgarh,Oil Seeds,Niger Seed(Ramtil),October-2024,106.40,Metric Tonnes,6430.17,Rs./Quintal
Chattisgarh,Oil Seeds,"Sesamum(Sesame,Gingelly,Til)",October-2024,0.10,Metric Tonnes,11000.00,Rs./Quintal
Chattisgarh,Oil Seeds,Soyabean,October-2024,2882.20,Metric Tonnes,4169.60,Rs./Quintal
Chattisgarh,Oil Seeds,Groundnut,November-2024,174.70,Metric Tonnes,3687.48,Rs./Quintal
Chattisgarh,Oil Seeds,Linseed,November-2024,2.70,Metric Tonnes,5172.59,Rs./Quintal
Chattisgarh,Oil Seeds,Mustard,November-2024,12.80,Metric Tonnes,5010.79,Rs./Quintal
Chattisgarh,Oil Seeds,Niger Seed(Ramtil),November-2024,58.50,Metric Tonnes,6158.14,Rs./Quintal
Chattisgarh,Oil Seeds,"Sesamum(Sesame,Gingelly,Til)",November-2024,10.30,Metric Tonnes,7486.41,Rs./Quintal
Chattisgarh,Oil Seeds,Soyabean,November-2024,1028.30,Metric Tonnes,3903.46,Rs./Quintal
Chattisgarh,Oil Seeds,Groundnut,December-2024,135.50,Metric Tonnes,4666.05,Rs./Quintal
Chattisgarh,Oil Seeds,Linseed,December-2024,38.20,Metric Tonnes,5019.11,Rs./Quintal
Chattisgarh,Oil Seeds,Mustard,December-2024,67.00,Metric Tonnes,4461.14,Rs./Quintal
Chattisgarh,Oil Seeds,Niger Seed(Ramtil),December-2024,20.70,Metric Tonnes,6039.13,Rs./Quintal
Chattisgarh,Oil Seeds,"Sesamum(Sesame,Gingelly,Til)",December-2024,17.50,Metric Tonnes,10614.00,Rs./Quintal
Chattisgarh,Oil Seeds,Soyabean,December-2024,888.50,Metric Tonnes,3738.95,Rs./Quintal
Chattisgarh,Oil Seeds,Groundnut,January-2025,278.10,Metric Tonnes,4539.34,Rs./Quintal
Chattisgarh,Oil Seeds,Mustard,January-2025,15.60,Metric Tonnes,5320.87,Rs./Quintal
Chattisgarh,Oil Seeds,Niger Seed(Ramtil),January-2025,60.80,Metric Tonnes,6984.64,Rs./Quintal
Chattisgarh,Oil Seeds,"Sesamum(Sesame,Gingelly,Til)",January-2025,11.60,Metric Tonnes,9409.00,Rs./Quintal
Chattisgarh,Oil Seeds,Soyabean,January-2025,930.20,Metric Tonnes,3708.26,Rs./Quintal
Chattisgarh,Oil Seeds,Groundnut,February-2025,180.30,Metric Tonnes,4644.32,Rs./Quintal
Chattisgarh,Oil Seeds,Mustard,February-2025,12.30,Metric Tonnes,5255.39,Rs./Quintal
Chattisgarh,Oil Seeds,Niger Seed(Ramtil),February-2025,34.50,Metric Tonnes,7087.54,Rs./Quintal
Chattisgarh,Oil Seeds,"Sesamum(Sesame,Gingelly,Til)",February-2025,69.50,Metric Tonnes,7021.15,Rs./Quintal
Chattisgarh,Oil Seeds,Soyabean,February-2025,1137.60,Metric Tonnes,3695.80,Rs./Quintal
Chattisgarh,Oil Seeds,Groundnut,March-2025,206.20,Metric Tonnes,5327.59,Rs./Quintal
Chattisgarh,Oil Seeds,Mustard,March-2025,412.50,Metric Tonnes,6283.57,Rs./Quintal
Chattisgarh,Oil Seeds,Niger Seed(Ramtil),March-2025,34.70,Metric Tonnes,6790.78,Rs./Quintal
Chattisgarh,Oil Seeds,"Sesamum(Sesame,Gingelly,Til)",March-2025,42.80,Metric Tonnes,5686.45,Rs./Quintal
Chattisgarh,Oil Seeds,Soyabean,March-2025,1116.30,Metric Tonnes,3656.46,Rs./Quintal
Chattisgarh,Oil Seeds,Groundnut,April-2025,58.50,Metric Tonnes,4492.30,Rs./Quintal
Chattisgarh,Oil Seeds,Mustard,April-2025,104.70,Metric Tonnes,5512.47,Rs./Quintal
Chattisgarh,Oil Seeds,Niger Seed(Ramtil),April-2025,10.00,Metric Tonnes,6000.00,Rs./Quintal
Chattisgarh,Oil Seeds,"Sesamum(Sesame,Gingelly,Til)",April-2025,5.90,Metric Tonnes,9084.53,Rs./Quintal
Chattisgarh,Oil Seeds,Soyabean,April-2025,2172.00,Metric Tonnes,3944.12,Rs./Quintal
Chattisgarh,Oil Seeds,Groundnut,May-2025,182.90,Metric Tonnes,4222.12,Rs./Quintal
Chattisgarh,Oil Seeds,Mustard,May-2025,28.60,Metric Tonnes,5578.10,Rs./Quintal
Chattisgarh,Oil Seeds,Niger Seed(Ramtil),May-2025,7.00,Metric Tonnes,7500.00,Rs./Quintal
Chattisgarh,Oil Seeds,"Sesamum(Sesame,Gingelly,Til)",May-2025,8.90,Metric Tonnes,6591.83,Rs./Quintal
Chattisgarh,Oil Seeds,Soyabean,May-2025,2118.30,Metric Tonnes,3909.25,Rs./Quintal
Chattisgarh,Oil Seeds,Sunflower/Sunflower Seed,May-2025,0.10,Metric Tonnes,7000.00,Rs./Quintal
Chattisgarh,Oil Seeds,Groundnut,June-2025,674.10,Metric Tonnes,4121.41,Rs./Quintal
Chattisgarh,Oil Seeds,Mustard,June-2025,78.35,Metric Tonnes,5878.92,Rs./Quintal
Chattisgarh,Oil Seeds,Niger Seed(Ramtil),June-2025,53.50,Metric Tonnes,6000.00,Rs./Quintal
Chattisgarh,Oil Seeds,"Sesamum(Sesame,Gingelly,Til)",June-2025,18.00,Metric Tonnes,8088.00,Rs./Quintal
Chattisgarh,Oil Seeds,Soyabean,June-2025,1527.70,Metric Tonnes,3958.67,Rs./Quintal
Chattisgarh,Oil Seeds,Sunflower/Sunflower Seed,June-2025,2.40,Metric Tonnes,4000.00,Rs./Quintal
Chattisgarh,Oil Seeds,Groundnut,July-2025,319.40,Metric Tonnes,4091.45,Rs./Quintal
Chattisgarh,Oil Seeds,Mustard,July-2025,16.10,Metric Tonnes,6123.29,Rs./Quintal
Chattisgarh,Oil Seeds,Niger Seed(Ramtil),July-2025,100.90,Metric Tonnes,6568.88,Rs./Quintal
Chattisgarh,Oil Seeds,"Sesamum(Sesame,Gingelly,Til)",July-2025,7.30,Metric Tonnes,8142.00,Rs./Quintal
Chattisgarh,Oil Seeds,Soyabean,July-2025,1263.90,Metric Tonnes,3975.28,Rs./Quintal
Chattisgarh,Oil Seeds,Sunflower/Sunflower Seed,July-2025,22.30,Metric Tonnes,4000.00,Rs./Quintal
Chattisgarh,Oil Seeds,Groundnut,August-2025,175.90,Metric Tonnes,4152.96,Rs./Quintal
Chattisgarh,Oil Seeds,Linseed,August-2025,7.20,Metric Tonnes,5500.00,Rs./Quintal
Chattisgarh,Oil Seeds,Mustard,August-2025,20.30,Metric Tonnes,6165.64,Rs./Quintal
Chattisgarh,Oil Seeds,Niger Seed(Ramtil),August-2025,20.20,Metric Tonnes,6923.27,Rs./Quintal
Chattisgarh,Oil Seeds,Soyabean,August-2025,1225.40,Metric Tonnes,4166.21,Rs./Quintal
Chattisgarh,Oil Seeds,Groundnut,September-2025,301.50,Metric Tonnes,5244.86,Rs./Quintal
Chattisgarh,Oil Seeds,Mustard,September-2025,25.80,Metric Tonnes,5919.81,Rs./Quintal
Chattisgarh,Oil Seeds,Niger Seed(Ramtil),September-2025,12.00,Metric Tonnes,6000.00,Rs./Quintal
Chattisgarh,Oil Seeds,Soyabean,September-2025,943.10,Metric Tonnes,4034.60,Rs./Quintal
Chattisgarh,Oil Seeds,Groundnut,October-2025,218.70,Metric Tonnes,7361.67,Rs./Quintal
Chattisgarh,Oil Seeds,Mustard,October-2025,11.40,Metric Tonnes,5907.32,Rs./Quintal
Chattisgarh,Oil Seeds,Niger Seed(Ramtil),October-2025,13.00,Metric Tonnes,6000.00,Rs./Quintal
Chattisgarh,Oil Seeds,"Sesamum(Sesame,Gingelly,Til)",October-2025,14.40,Metric Tonnes,8618.00,Rs./Quintal
Chattisgarh,Oil Seeds,Soyabean,October-2025,2073.25,Metric Tonnes,3571.45,Rs./Quintal
Chattisgarh,Oil Seeds,Groundnut,November-2025,489.40,Metric Tonnes,6863.39,Rs./Quintal
Chattisgarh,Oil Seeds,Linseed,November-2025,36.10,Metric Tonnes,5030.71,Rs./Quintal
Chattisgarh,Oil Seeds,Mustard,November-2025,45.21,Metric Tonnes,5909.59,Rs./Quintal
Chattisgarh,Oil Seeds,Niger Seed(Ramtil),November-2025,67.00,Metric Tonnes,6647.76,Rs./Quintal
Chattisgarh,Oil Seeds,"Sesamum(Sesame,Gingelly,Til)",November-2025,21.00,Metric Tonnes,8419.88,Rs./Quintal
Chattisgarh,Oil Seeds,Soyabean,November-2025,3560.00,Metric Tonnes,3612.59,Rs./Quintal
Chattisgarh,Oil Seeds,Groundnut,December-2025,471.10,Metric Tonnes,7445.19,Rs./Quintal
Chattisgarh,Oil Seeds,Linseed,December-2025,11.70,Metric Tonnes,5437.62,Rs./Quintal
Chattisgarh,Oil Seeds,Mustard,December-2025,14.70,Metric Tonnes,6903.96,Rs./Quintal
Chattisgarh,Oil Seeds,Niger Seed(Ramtil),December-2025,27.00,Metric Tonnes,6200.00,Rs./Quintal
Chattisgarh,Oil Seeds,"Sesamum(Sesame,Gingelly,Til)",December-2025,20.60,Metric Tonnes,8424.00,Rs./Quintal
Chattisgarh,Oil Seeds,Soyabean,December-2025,1097.50,Metric Tonnes,3614.75,Rs./Quintal
Chattisgarh,Oil Seeds,Sunflower/Sunflower Seed,December-2025,0.10,Metric Tonnes,3200.00,Rs./Quintal
Goa,Oil Seeds,Copra,February-2023,1.02,Metric Tonnes,7100.00,Rs./Quintal
Goa,Oil Seeds,Copra,March-2023,0.35,Metric Tonnes,7074.29,Rs./Quintal
Goa,Oil Seeds,Copra,April-2023,0.74,Metric Tonnes,7100.00,Rs./Quintal
Goa,Oil Seeds,Copra,May-2023,0.60,Metric Tonnes,7068.33,Rs./Quintal
Goa,Oil Seeds,Copra,June-2023,0.85,Metric Tonnes,6087.06,Rs./Quintal
Goa,Oil Seeds,Copra,November-2023,0.63,Metric Tonnes,6000.00,Rs./Quintal
Goa,Oil Seeds,Copra,December-2023,16.39,Metric Tonnes,6527.09,Rs./Quintal
Goa,Oil Seeds,Copra,January-2024,11.18,Metric Tonnes,6937.75,Rs./Quintal
Goa,Oil Seeds,Copra,February-2024,20.04,Metric Tonnes,6840.72,Rs./Quintal
Goa,Oil Seeds,Copra,March-2024,12.80,Metric Tonnes,6965.00,Rs./Quintal
Goa,Oil Seeds,Copra,April-2024,13.54,Metric Tonnes,7590.88,Rs./Quintal
Goa,Oil Seeds,Copra,May-2024,16.90,Metric Tonnes,7703.79,Rs./Quintal
Goa,Oil Seeds,Copra,June-2024,2.27,Metric Tonnes,7564.98,Rs./Quintal
Goa,Oil Seeds,Copra,December-2024,0.38,Metric Tonnes,10614.47,Rs./Quintal
Goa,Oil Seeds,Copra,January-2025,3.31,Metric Tonnes,11578.55,Rs./Quintal
Goa,Oil Seeds,Copra,February-2025,5.57,Metric Tonnes,11876.12,Rs./Quintal
Goa,Oil Seeds,Copra,March-2025,2.93,Metric Tonnes,12812.80,Rs./Quintal
Goa,Oil Seeds,Copra,April-2025,8.71,Metric Tonnes,13735.25,Rs./Quintal
Goa,Oil Seeds,Copra,May-2025,7.65,Metric Tonnes,14002.88,Rs./Quintal
Goa,Oil Seeds,Copra,June-2025,0.85,Metric Tonnes,14085.29,Rs./Quintal
Goa,Oil Seeds,Copra,November-2025,0.12,Metric Tonnes,14750.00,Rs./Quintal
Goa,Oil Seeds,Copra,December-2025,3.41,Metric Tonnes,14007.97,Rs./Quintal
Gujarat,Oil Seeds,Castor Seed,January-2023,23706.98,Metric Tonnes,7000.42,Rs./Quintal
Gujarat,Oil Seeds,Cotton Seed,January-2023,1733.20,Metric Tonnes,8211.65,Rs./Quintal
Gujarat,Oil Seeds,Ground Nut Seed,January-2023,172.22,Metric Tonnes,7651.76,Rs./Quintal
Gujarat,Oil Seeds,Groundnut,January-2023,36796.26,Metric Tonnes,6580.45,Rs./Quintal
Gujarat,Oil Seeds,Groundnut(Split),January-2023,27.26,Metric Tonnes,7310.44,Rs./Quintal
Gujarat,Oil Seeds,Mustard,January-2023,12549.30,Metric Tonnes,5379.09,Rs./Quintal
Gujarat,Oil Seeds,"Sesamum(Sesame,Gingelly,Til)",January-2023,2512.88,Metric Tonnes,14425.95,Rs./Quintal
Gujarat,Oil Seeds,Soyabean,January-2023,7123.61,Metric Tonnes,5290.08,Rs./Quintal
Gujarat,Oil Seeds,Suva(Dill Seed),January-2023,409.72,Metric Tonnes,10654.21,Rs./Quintal
Gujarat,Oil Seeds,Taramira,January-2023,1.00,Metric Tonnes,4372.00,Rs./Quintal
Gujarat,Oil Seeds,Castor Seed,February-2023,39750.39,Metric Tonnes,6746.45,Rs./Quintal
Gujarat,Oil Seeds,Cotton Seed,February-2023,1631.30,Metric Tonnes,8127.05,Rs./Quintal
Gujarat,Oil Seeds,Ground Nut Seed,February-2023,188.00,Metric Tonnes,7436.32,Rs./Quintal
Gujarat,Oil Seeds,Groundnut,February-2023,26839.68,Metric Tonnes,6658.72,Rs./Quintal
Gujarat,Oil Seeds,Groundnut(Split),February-2023,23.00,Metric Tonnes,8245.87,Rs./Quintal
Gujarat,Oil Seeds,Mustard,February-2023,118367.71,Metric Tonnes,4990.53,Rs./Quintal
Gujarat,Oil Seeds,"Sesamum(Sesame,Gingelly,Til)",February-2023,1713.21,Metric Tonnes,14670.76,Rs./Quintal
Gujarat,Oil Seeds,Soyabean,February-2023,5297.70,Metric Tonnes,5129.06,Rs./Quintal
Gujarat,Oil Seeds,Suva(Dill Seed),February-2023,198.91,Metric Tonnes,10217.58,Rs./Quintal
Gujarat,Oil Seeds,Taramira,February-2023,0.60,Metric Tonnes,4234.17,Rs./Quintal
Gujarat,Oil Seeds,Castor Seed,March-2023,76050.69,Metric Tonnes,6292.76,Rs./Quintal
Gujarat,Oil Seeds,Cotton Seed,March-2023,683.80,Metric Tonnes,7931.24,Rs./Quintal
Gujarat,Oil Seeds,Ground Nut Seed,March-2023,74.14,Metric Tonnes,7364.51,Rs./Quintal
Gujarat,Oil Seeds,Groundnut,March-2023,12405.32,Metric Tonnes,6794.03,Rs./Quintal
Gujarat,Oil Seeds,Groundnut(Split),March-2023,29.50,Metric Tonnes,8432.88,Rs./Quintal
Gujarat,Oil Seeds,Mustard,March-2023,92293.91,Metric Tonnes,5008.81,Rs./Quintal
Gujarat,Oil Seeds,"Sesamum(Sesame,Gingelly,Til)",March-2023,565.93,Metric Tonnes,13445.71,Rs./Quintal
Gujarat,Oil Seeds,Soyabean,March-2023,1913.14,Metric Tonnes,5000.72,Rs./Quintal
Gujarat,Oil Seeds,Suva(Dill Seed),March-2023,406.13,Metric Tonnes,10446.70,Rs./Quintal
Gujarat,Oil Seeds,Taramira,March-2023,3.50,Metric Tonnes,4810.71,Rs./Quintal
Gujarat,Oil Seeds,Castor Seed,April-2023,162382.43,Metric Tonnes,6000.78,Rs./Quintal
Gujarat,Oil Seeds,Cotton Seed,April-2023,1177.50,Metric Tonnes,8115.13,Rs./Quintal
Gujarat,Oil Seeds,Ground Nut Seed,April-2023,398.58,Metric Tonnes,6256.89,Rs./Quintal
Gujarat,Oil Seeds,Groundnut,April-2023,18463.06,Metric Tonnes,7074.42,Rs./Quintal
Gujarat,Oil Seeds,Groundnut(Split),April-2023,18.10,Metric Tonnes,8037.85,Rs./Quintal
Gujarat,Oil Seeds,Mustard,April-2023,54147.67,Metric Tonnes,5073.96,Rs./Quintal
Gujarat,Oil Seeds,"Sesamum(Sesame,Gingelly,Til)",April-2023,989.33,Metric Tonnes,13746.89,Rs./Quintal
Gujarat,Oil Seeds,Soyabean,April-2023,3097.76,Metric Tonnes,5118.41,Rs./Quintal
Gujarat,Oil Seeds,Sunflower/Sunflower Seed,April-2023,17.00,Metric Tonnes,3954.71,Rs./Quintal
Gujarat,Oil Seeds,Suva(Dill Seed),April-2023,2612.01,Metric Tonnes,8099.22,Rs./Quintal
Gujarat,Oil Seeds,Taramira,April-2023,2.70,Metric Tonnes,4892.04,Rs./Quintal
Gujarat,Oil Seeds,Castor Seed,May-2023,134283.48,Metric Tonnes,5737.36,Rs./Quintal
Gujarat,Oil Seeds,Cotton Seed,May-2023,665.50,Metric Tonnes,7892.51,Rs./Quintal
Gujarat,Oil Seeds,Ground Nut Seed,May-2023,283.22,Metric Tonnes,6018.35,Rs./Quintal
Gujarat,Oil Seeds,Groundnut,May-2023,23989.14,Metric Tonnes,6903.22,Rs./Quintal
Gujarat,Oil Seeds,Groundnut(Split),May-2023,124.90,Metric Tonnes,8247.77,Rs./Quintal
Gujarat,Oil Seeds,Mustard,May-2023,21692.87,Metric Tonnes,5017.55,Rs./Quintal
Gujarat,Oil Seeds,"Sesamum(Sesame,Gingelly,Til)",May-2023,39935.39,Metric Tonnes,13152.79,Rs./Quintal
Gujarat,Oil Seeds,Soyabean,May-2023,3277.02,Metric Tonnes,4914.26,Rs./Quintal
Gujarat,Oil Seeds,Sunflower/Sunflower Seed,May-2023,20.00,Metric Tonnes,3029.00,Rs./Quintal
Gujarat,Oil Seeds,Suva(Dill Seed),May-2023,792.38,Metric Tonnes,13230.57,Rs./Quintal
Gujarat,Oil Seeds,Taramira,May-2023,1.10,Metric Tonnes,4572.27,Rs./Quintal
Gujarat,Oil Seeds,Castor Seed,June-2023,70091.52,Metric Tonnes,5585.91,Rs./Quintal
Gujarat,Oil Seeds,Cotton Seed,June-2023,341.90,Metric Tonnes,7455.31,Rs./Quintal
Gujarat,Oil Seeds,Ground Nut Seed,June-2023,1216.33,Metric Tonnes,7039.95,Rs./Quintal
Gujarat,Oil Seeds,Groundnut,June-2023,54632.36,Metric Tonnes,7007.93,Rs./Quintal
Gujarat,Oil Seeds,Groundnut(Split),June-2023,424.40,Metric Tonnes,8623.89,Rs./Quintal
Gujarat,Oil Seeds,Mustard,June-2023,12043.64,Metric Tonnes,4894.31,Rs./Quintal
Gujarat,Oil Seeds,"Sesamum(Sesame,Gingelly,Til)",June-2023,44449.35,Metric Tonnes,12799.03,Rs./Quintal
Gujarat,Oil Seeds,Soyabean,June-2023,4024.23,Metric Tonnes,4767.68,Rs./Quintal
Gujarat,Oil Seeds,Suva(Dill Seed),June-2023,512.32,Metric Tonnes,15825.18,Rs./Quintal
Gujarat,Oil Seeds,Taramira,June-2023,0.20,Metric Tonnes,4475.00,Rs./Quintal
Gujarat,Oil Seeds,Castor Seed,July-2023,68685.73,Metric Tonnes,6069.24,Rs./Quintal
Gujarat,Oil Seeds,Ground Nut Seed,July-2023,1389.80,Metric Tonnes,8626.21,Rs./Quintal
Gujarat,Oil Seeds,Groundnut,July-2023,26141.25,Metric Tonnes,7307.82,Rs./Quintal
Gujarat,Oil Seeds,Groundnut(Split),July-2023,495.86,Metric Tonnes,8947.96,Rs./Quintal
Gujarat,Oil Seeds,Mustard,July-2023,13084.53,Metric Tonnes,5135.38,Rs./Quintal
Gujarat,Oil Seeds,"Sesamum(Sesame,Gingelly,Til)",July-2023,14372.51,Metric Tonnes,15564.44,Rs./Quintal
Gujarat,Oil Seeds,Soyabean,July-2023,4582.51,Metric Tonnes,4665.49,Rs./Quintal
Gujarat,Oil Seeds,Suva(Dill Seed),July-2023,302.22,Metric Tonnes,19797.87,Rs./Quintal
Gujarat,Oil Seeds,Taramira,July-2023,0.60,Metric Tonnes,4271.67,Rs./Quintal
Gujarat,Oil Seeds,Castor Seed,August-2023,40029.28,Metric Tonnes,6193.52,Rs./Quintal
Gujarat,Oil Seeds,Ground Nut Seed,August-2023,500.13,Metric Tonnes,8898.18,Rs./Quintal
Gujarat,Oil Seeds,Groundnut,August-2023,5971.67,Metric Tonnes,7317.28,Rs./Quintal
Gujarat,Oil Seeds,Groundnut(Split),August-2023,96.47,Metric Tonnes,8358.80,Rs./Quintal
Gujarat,Oil Seeds,Mustard,August-2023,12422.17,Metric Tonnes,5260.91,Rs./Quintal
Gujarat,Oil Seeds,"Sesamum(Sesame,Gingelly,Til)",August-2023,7462.80,Metric Tonnes,15902.28,Rs./Quintal
Gujarat,Oil Seeds,Soyabean,August-2023,4996.38,Metric Tonnes,4671.84,Rs./Quintal
Gujarat,Oil Seeds,Sunflower/Sunflower Seed,August-2023,0.60,Metric Tonnes,3775.00,Rs./Quintal
Gujarat,Oil Seeds,Suva(Dill Seed),August-2023,234.19,Metric Tonnes,19901.79,Rs./Quintal
Gujarat,Oil Seeds,Castor Seed,September-2023,28519.97,Metric Tonnes,6104.54,Rs./Quintal
Gujarat,Oil Seeds,Cotton Seed,September-2023,145.42,Metric Tonnes,6105.74,Rs./Quintal
Gujarat,Oil Seeds,Ground Nut Seed,September-2023,199.62,Metric Tonnes,8132.40,Rs./Quintal
Gujarat,Oil Seeds,Groundnut,September-2023,23340.38,Metric Tonnes,6729.62,Rs./Quintal
Gujarat,Oil Seeds,Groundnut(Split),September-2023,12.70,Metric Tonnes,7258.09,Rs./Quintal
Gujarat,Oil Seeds,Mustard,September-2023,7039.26,Metric Tonnes,5107.34,Rs./Quintal
Gujarat,Oil Seeds,"Sesamum(Sesame,Gingelly,Til)",September-2023,4529.34,Metric Tonnes,15894.60,Rs./Quintal
Gujarat,Oil Seeds,Soyabean,September-2023,4109.75,Metric Tonnes,4595.02,Rs./Quintal
Gujarat,Oil Seeds,Sunflower/Sunflower Seed,September-2023,0.20,Metric Tonnes,4425.00,Rs./Quintal
Gujarat,Oil Seeds,Suva(Dill Seed),September-2023,152.58,Metric Tonnes,19459.98,Rs./Quintal
Gujarat,Oil Seeds,Taramira,September-2023,0.60,Metric Tonnes,4954.17,Rs./Quintal
Gujarat,Oil Seeds,Castor Seed,October-2023,32125.96,Metric Tonnes,5888.66,Rs./Quintal
Gujarat,Oil Seeds,Cotton Seed,October-2023,3696.34,Metric Tonnes,6890.69,Rs./Quintal
Gujarat,Oil Seeds,Ground Nut Seed,October-2023,121.34,Metric Tonnes,7328.42,Rs./Quintal
Gujarat,Oil Seeds,Groundnut,October-2023,214801.79,Metric Tonnes,6570.39,Rs./Quintal
Gujarat,Oil Seeds,Groundnut(Split),October-2023,11.36,Metric Tonnes,6461.04,Rs./Quintal
Gujarat,Oil Seeds,Mustard,October-2023,14472.71,Metric Tonnes,5171.62,Rs./Quintal
Gujarat,Oil Seeds,"Sesamum(Sesame,Gingelly,Til)",October-2023,10260.36,Metric Tonnes,15542.99,Rs./Quintal
Gujarat,Oil Seeds,Soyabean,October-2023,62096.06,Metric Tonnes,4403.20,Rs./Quintal
Gujarat,Oil Seeds,Sunflower/Sunflower Seed,October-2023,5.80,Metric Tonnes,3925.86,Rs./Quintal
Gujarat,Oil Seeds,Suva(Dill Seed),October-2023,172.03,Metric Tonnes,18008.46,Rs./Quintal
Gujarat,Oil Seeds,Castor Seed,November-2023,18779.69,Metric Tonnes,5761.48,Rs./Quintal
Gujarat,Oil Seeds,Cotton Seed,November-2023,2649.36,Metric Tonnes,6965.15,Rs./Quintal
Gujarat,Oil Seeds,Ground Nut Seed,November-2023,61.24,Metric Tonnes,7797.11,Rs./Quintal
Gujarat,Oil Seeds,Groundnut,November-2023,115754.25,Metric Tonnes,6493.59,Rs./Quintal
Gujarat,Oil Seeds,Groundnut(Split),November-2023,15.74,Metric Tonnes,6558.38,Rs./Quintal
Gujarat,Oil Seeds,Mustard,November-2023,8336.33,Metric Tonnes,5197.15,Rs./Quintal
Gujarat,Oil Seeds,"Sesamum(Sesame,Gingelly,Til)",November-2023,5159.27,Metric Tonnes,15666.45,Rs./Quintal
Gujarat,Oil Seeds,Soyabean,November-2023,29799.98,Metric Tonnes,4781.66,Rs./Quintal
Gujarat,Oil Seeds,Sunflower/Sunflower Seed,November-2023,1.50,Metric Tonnes,2760.33,Rs./Quintal
Gujarat,Oil Seeds,Suva(Dill Seed),November-2023,134.91,Metric Tonnes,15291.67,Rs./Quintal
Gujarat,Oil Seeds,Taramira,November-2023,1.40,Metric Tonnes,4607.14,Rs./Quintal
Gujarat,Oil Seeds,Castor Seed,December-2023,35019.56,Metric Tonnes,5726.25,Rs./Quintal
Gujarat,Oil Seeds,Cotton Seed,December-2023,2564.66,Metric Tonnes,7004.96,Rs./Quintal
Gujarat,Oil Seeds,Ground Nut Seed,December-2023,166.25,Metric Tonnes,7681.36,Rs./Quintal
Gujarat,Oil Seeds,Groundnut,December-2023,80745.49,Metric Tonnes,6591.70,Rs./Quintal
Gujarat,Oil Seeds,Groundnut(Split),December-2023,19.43,Metric Tonnes,6987.35,Rs./Quintal
Gujarat,Oil Seeds,Mustard,December-2023,6917.20,Metric Tonnes,5140.08,Rs./Quintal
Gujarat,Oil Seeds,"Sesamum(Sesame,Gingelly,Til)",December-2023,6266.19,Metric Tonnes,14974.21,Rs./Quintal
Gujarat,Oil Seeds,Soyabean,December-2023,14736.77,Metric Tonnes,4578.90,Rs./Quintal
Gujarat,Oil Seeds,Suva(Dill Seed),December-2023,147.66,Metric Tonnes,13176.76,Rs./Quintal
Gujarat,Oil Seeds,Taramira,December-2023,0.70,Metric Tonnes,4830.71,Rs./Quintal
Gujarat,Oil Seeds,Castor Seed,January-2024,41520.85,Metric Tonnes,5687.33,Rs./Quintal
Gujarat,Oil Seeds,Coconut Seed,January-2024,1250.00,Metric Tonnes,105.90,Rs./Quintal
Gujarat,Oil Seeds,Ground Nut Seed,January-2024,134.39,Metric Tonnes,7628.50,Rs./Quintal
Gujarat,Oil Seeds,Groundnut,January-2024,38200.42,Metric Tonnes,6512.60,Rs./Quintal
Gujarat,Oil Seeds,Groundnut(Split),January-2024,38.03,Metric Tonnes,6697.96,Rs./Quintal
Gujarat,Oil Seeds,Mustard,January-2024,6163.46,Metric Tonnes,4981.38,Rs./Quintal
Gujarat,Oil Seeds,"Sesamum(Sesame,Gingelly,Til)",January-2024,3608.90,Metric Tonnes,14361.71,Rs./Quintal
Gujarat,Oil Seeds,Soyabean,January-2024,7269.88,Metric Tonnes,4444.70,Rs./Quintal
Gujarat,Oil Seeds,Suva(Dill Seed),January-2024,97.72,Metric Tonnes,9745.69,Rs./Quintal
Gujarat,Oil Seeds,Taramira,January-2024,1.30,Metric Tonnes,4346.92,Rs./Quintal
Gujarat,Oil Seeds,Castor Seed,February-2024,58406.90,Metric Tonnes,5639.94,Rs./Quintal
Gujarat,Oil Seeds,Ground Nut Seed,February-2024,631.33,Metric Tonnes,5982.83,Rs./Quintal
Gujarat,Oil Seeds,Groundnut,February-2024,24064.04,Metric Tonnes,6137.84,Rs./Quintal
Gujarat,Oil Seeds,Groundnut(Split),February-2024,17.20,Metric Tonnes,6439.73,Rs./Quintal
Gujarat,Oil Seeds,Mustard,February-2024,58279.29,Metric Tonnes,4901.49,Rs./Quintal
Gujarat,Oil Seeds,"Sesamum(Sesame,Gingelly,Til)",February-2024,2713.18,Metric Tonnes,14114.07,Rs./Quintal
Gujarat,Oil Seeds,Soyabean,February-2024,4734.96,Metric Tonnes,4259.76,Rs./Quintal
Gujarat,Oil Seeds,Suva(Dill Seed),February-2024,138.48,Metric Tonnes,10388.37,Rs./Quintal
Gujarat,Oil Seeds,Taramira,February-2024,0.40,Metric Tonnes,4271.25,Rs./Quintal
Gujarat,Oil Seeds,Castor Seed,March-2024,57723.58,Metric Tonnes,5788.88,Rs./Quintal
Gujarat,Oil Seeds,Ground Nut Seed,March-2024,144.30,Metric Tonnes,6922.61,Rs./Quintal
Gujarat,Oil Seeds,Groundnut,March-2024,18473.87,Metric Tonnes,6213.99,Rs./Quintal
Gujarat,Oil Seeds,Groundnut(Split),March-2024,20.24,Metric Tonnes,6990.96,Rs./Quintal
Gujarat,Oil Seeds,Mustard,March-2024,72009.65,Metric Tonnes,5085.48,Rs./Quintal
Gujarat,Oil Seeds,"Sesamum(Sesame,Gingelly,Til)",March-2024,852.83,Metric Tonnes,13326.81,Rs./Quintal
Gujarat,Oil Seeds,Soyabean,March-2024,3607.66,Metric Tonnes,4294.98,Rs./Quintal
Gujarat,Oil Seeds,Suva(Dill Seed),March-2024,152.91,Metric Tonnes,9000.62,Rs./Quintal
Gujarat,Oil Seeds,Taramira,March-2024,21.20,Metric Tonnes,4009.29,Rs./Quintal
Gujarat,Oil Seeds,Castor Seed,April-2024,129225.27,Metric Tonnes,5592.75,Rs./Quintal
Gujarat,Oil Seeds,Ground Nut Seed,April-2024,99.93,Metric Tonnes,6523.15,Rs./Quintal
Gujarat,Oil Seeds,Groundnut,April-2024,27486.07,Metric Tonnes,6174.36,Rs./Quintal
Gujarat,Oil Seeds,Groundnut(Split),April-2024,171.70,Metric Tonnes,7369.73,Rs./Quintal
Gujarat,Oil Seeds,Mustard,April-2024,34716.82,Metric Tonnes,5249.35,Rs./Quintal
Gujarat,Oil Seeds,"Sesamum(Sesame,Gingelly,Til)",April-2024,2203.94,Metric Tonnes,13186.19,Rs./Quintal
Gujarat,Oil Seeds,Soyabean,April-2024,3421.35,Metric Tonnes,4439.49,Rs./Quintal
Gujarat,Oil Seeds,Suva(Dill Seed),April-2024,1770.42,Metric Tonnes,5973.98,Rs./Quintal
Gujarat,Oil Seeds,Taramira,April-2024,40.15,Metric Tonnes,4004.14,Rs./Quintal
Gujarat,Oil Seeds,Castor Seed,May-2024,141599.13,Metric Tonnes,5477.25,Rs./Quintal
Gujarat,Oil Seeds,Cotton Seed,May-2024,28.10,Metric Tonnes,6304.80,Rs./Quintal
Gujarat,Oil Seeds,Ground Nut Seed,May-2024,156.89,Metric Tonnes,6443.05,Rs./Quintal
Gujarat,Oil Seeds,Groundnut,May-2024,46521.08,Metric Tonnes,6226.64,Rs./Quintal
Gujarat,Oil Seeds,Groundnut(Split),May-2024,685.78,Metric Tonnes,7708.13,Rs./Quintal
Gujarat,Oil Seeds,Mustard,May-2024,33929.86,Metric Tonnes,5419.31,Rs./Quintal
Gujarat,Oil Seeds,"Sesamum(Sesame,Gingelly,Til)",May-2024,40614.42,Metric Tonnes,13398.80,Rs./Quintal
Gujarat,Oil Seeds,Soyabean,May-2024,5864.24,Metric Tonnes,4369.81,Rs./Quintal
Gujarat,Oil Seeds,Sunflower/Sunflower Seed,May-2024,0.10,Metric Tonnes,3800.00,Rs./Quintal
Gujarat,Oil Seeds,Suva(Dill Seed),May-2024,2386.26,Metric Tonnes,8238.33,Rs./Quintal
Gujarat,Oil Seeds,Taramira,May-2024,50.03,Metric Tonnes,4836.96,Rs./Quintal
Gujarat,Oil Seeds,Castor Seed,June-2024,61040.28,Metric Tonnes,5581.14,Rs./Quintal
Gujarat,Oil Seeds,Cotton Seed,June-2024,6.00,Metric Tonnes,7283.58,Rs./Quintal
Gujarat,Oil Seeds,Ground Nut Seed,June-2024,423.79,Metric Tonnes,6882.24,Rs./Quintal
Gujarat,Oil Seeds,Groundnut,June-2024,77712.51,Metric Tonnes,6264.84,Rs./Quintal
Gujarat,Oil Seeds,Groundnut(Split),June-2024,1326.30,Metric Tonnes,7579.69,Rs./Quintal
Gujarat,Oil Seeds,Mustard,June-2024,18890.45,Metric Tonnes,5467.20,Rs./Quintal
Gujarat,Oil Seeds,"Sesamum(Sesame,Gingelly,Til)",June-2024,54485.64,Metric Tonnes,12784.77,Rs./Quintal
Gujarat,Oil Seeds,Soyabean,June-2024,6314.95,Metric Tonnes,4306.51,Rs./Quintal
Gujarat,Oil Seeds,Suva(Dill Seed),June-2024,1124.30,Metric Tonnes,8057.01,Rs./Quintal
Gujarat,Oil Seeds,Taramira,June-2024,13.09,Metric Tonnes,4321.21,Rs./Quintal
Gujarat,Oil Seeds,Castor Seed,July-2024,42730.66,Metric Tonnes,5901.80,Rs./Quintal
Gujarat,Oil Seeds,Ground Nut Seed,July-2024,1589.39,Metric Tonnes,7211.96,Rs./Quintal
Gujarat,Oil Seeds,Groundnut,July-2024,29716.91,Metric Tonnes,6276.55,Rs./Quintal
Gujarat,Oil Seeds,Groundnut(Split),July-2024,374.22,Metric Tonnes,7187.62,Rs./Quintal
Gujarat,Oil Seeds,Mustard,July-2024,8242.05,Metric Tonnes,5411.98,Rs./Quintal
Gujarat,Oil Seeds,"Sesamum(Sesame,Gingelly,Til)",July-2024,15908.25,Metric Tonnes,12675.47,Rs./Quintal
Gujarat,Oil Seeds,Soyabean,July-2024,3388.56,Metric Tonnes,4184.90,Rs./Quintal
Gujarat,Oil Seeds,Suva(Dill Seed),July-2024,516.56,Metric Tonnes,7742.76,Rs./Quintal
Gujarat,Oil Seeds,Taramira,July-2024,2.95,Metric Tonnes,4239.73,Rs./Quintal
Gujarat,Oil Seeds,Castor Seed,August-2024,33117.10,Metric Tonnes,5974.31,Rs./Quintal
Gujarat,Oil Seeds,Cotton Seed,August-2024,7.90,Metric Tonnes,6046.01,Rs./Quintal
Gujarat,Oil Seeds,Ground Nut Seed,August-2024,589.59,Metric Tonnes,7093.89,Rs./Quintal
Gujarat,Oil Seeds,Groundnut,August-2024,7932.63,Metric Tonnes,5715.02,Rs./Quintal
Gujarat,Oil Seeds,Groundnut(Split),August-2024,196.20,Metric Tonnes,6758.78,Rs./Quintal
Gujarat,Oil Seeds,Mustard,August-2024,4868.56,Metric Tonnes,5304.57,Rs./Quintal
Gujarat,Oil Seeds,"Sesamum(Sesame,Gingelly,Til)",August-2024,9358.46,Metric Tonnes,12641.84,Rs./Quintal
Gujarat,Oil Seeds,Soyabean,August-2024,1846.13,Metric Tonnes,4037.50,Rs./Quintal
Gujarat,Oil Seeds,Suva(Dill Seed),August-2024,415.64,Metric Tonnes,7820.07,Rs./Quintal
Gujarat,Oil Seeds,Taramira,August-2024,0.33,Metric Tonnes,4141.52,Rs./Quintal
Gujarat,Oil Seeds,Castor Seed,September-2024,29133.78,Metric Tonnes,6148.93,Rs./Quintal
Gujarat,Oil Seeds,Ground Nut Seed,September-2024,538.15,Metric Tonnes,7016.41,Rs./Quintal
Gujarat,Oil Seeds,Groundnut,September-2024,35822.37,Metric Tonnes,5675.85,Rs./Quintal
Gujarat,Oil Seeds,Groundnut(Split),September-2024,204.35,Metric Tonnes,6333.75,Rs./Quintal
Gujarat,Oil Seeds,Mustard,September-2024,21757.09,Metric Tonnes,5832.52,Rs./Quintal
Gujarat,Oil Seeds,"Sesamum(Sesame,Gingelly,Til)",September-2024,15618.06,Metric Tonnes,12985.67,Rs./Quintal
Gujarat,Oil Seeds,Soyabean,September-2024,4604.57,Metric Tonnes,4354.12,Rs./Quintal
Gujarat,Oil Seeds,Suva(Dill Seed),September-2024,616.60,Metric Tonnes,7751.44,Rs./Quintal
Gujarat,Oil Seeds,Taramira,September-2024,2.56,Metric Tonnes,4580.00,Rs./Quintal
Gujarat,Oil Seeds,Castor Seed,October-2024,30381.99,Metric Tonnes,6460.52,Rs./Quintal
Gujarat,Oil Seeds,Coconut Seed,October-2024,2.00,Metric Tonnes,450.00,Rs./Quintal
Gujarat,Oil Seeds,Cotton Seed,October-2024,1008.80,Metric Tonnes,6903.20,Rs./Quintal
Gujarat,Oil Seeds,Ground Nut Seed,October-2024,205.98,Metric Tonnes,7082.65,Rs./Quintal
Gujarat,Oil Seeds,Groundnut,October-2024,141692.35,Metric Tonnes,5691.53,Rs./Quintal
Gujarat,Oil Seeds,Groundnut(Split),October-2024,190.25,Metric Tonnes,5893.22,Rs./Quintal
Gujarat,Oil Seeds,Mustard,October-2024,14595.50,Metric Tonnes,5851.35,Rs./Quintal
Gujarat,Oil Seeds,"Sesamum(Sesame,Gingelly,Til)",October-2024,10416.36,Metric Tonnes,12654.31,Rs./Quintal
Gujarat,Oil Seeds,Soyabean,October-2024,36715.43,Metric Tonnes,4049.83,Rs./Quintal
Gujarat,Oil Seeds,Suva(Dill Seed),October-2024,699.25,Metric Tonnes,7727.54,Rs./Quintal
Gujarat,Oil Seeds,Taramira,October-2024,0.71,Metric Tonnes,4454.01,Rs./Quintal
Gujarat,Oil Seeds,Castor Seed,November-2024,22683.44,Metric Tonnes,6371.61,Rs./Quintal
Gujarat,Oil Seeds,Cotton Seed,November-2024,1184.90,Metric Tonnes,7469.94,Rs./Quintal
Gujarat,Oil Seeds,Ground Nut Seed,November-2024,68.58,Metric Tonnes,4970.20,Rs./Quintal
Gujarat,Oil Seeds,Groundnut,November-2024,184290.81,Metric Tonnes,5612.18,Rs./Quintal
Gujarat,Oil Seeds,Groundnut(Split),November-2024,170.45,Metric Tonnes,5636.94,Rs./Quintal
Gujarat,Oil Seeds,Mustard,November-2024,5620.09,Metric Tonnes,5782.38,Rs./Quintal
Gujarat,Oil Seeds,"Sesamum(Sesame,Gingelly,Til)",November-2024,8182.21,Metric Tonnes,12544.05,Rs./Quintal
Gujarat,Oil Seeds,Soyabean,November-2024,60426.77,Metric Tonnes,4117.95,Rs./Quintal
Gujarat,Oil Seeds,Suva(Dill Seed),November-2024,372.22,Metric Tonnes,7252.46,Rs./Quintal
Gujarat,Oil Seeds,Taramira,November-2024,2.63,Metric Tonnes,4129.70,Rs./Quintal
Gujarat,Oil Seeds,Castor Seed,December-2024,19200.13,Metric Tonnes,6215.84,Rs./Quintal
Gujarat,Oil Seeds,Cotton Seed,December-2024,413.60,Metric Tonnes,7114.88,Rs./Quintal
Gujarat,Oil Seeds,Ground Nut Seed,December-2024,88.34,Metric Tonnes,4068.14,Rs./Quintal
Gujarat,Oil Seeds,Groundnut,December-2024,136436.60,Metric Tonnes,5536.82,Rs./Quintal
Gujarat,Oil Seeds,Groundnut(Split),December-2024,1410.28,Metric Tonnes,10446.53,Rs./Quintal
Gujarat,Oil Seeds,Mustard,December-2024,6139.17,Metric Tonnes,5666.57,Rs./Quintal
Gujarat,Oil Seeds,"Sesamum(Sesame,Gingelly,Til)",December-2024,8884.58,Metric Tonnes,12160.15,Rs./Quintal
Gujarat,Oil Seeds,Soyabean,December-2024,29395.58,Metric Tonnes,4079.81,Rs./Quintal
Gujarat,Oil Seeds,Suva(Dill Seed),December-2024,363.00,Metric Tonnes,7006.51,Rs./Quintal
Gujarat,Oil Seeds,Taramira,December-2024,1.35,Metric Tonnes,4126.11,Rs./Quintal
Gujarat,Oil Seeds,Castor Seed,January-2025,26508.70,Metric Tonnes,6281.05,Rs./Quintal
Gujarat,Oil Seeds,Ground Nut Seed,January-2025,72.56,Metric Tonnes,4079.98,Rs./Quintal
Gujarat,Oil Seeds,Groundnut,January-2025,63667.19,Metric Tonnes,5355.53,Rs./Quintal
Gujarat,Oil Seeds,Groundnut(Split),January-2025,668.52,Metric Tonnes,5676.19,Rs./Quintal
Gujarat,Oil Seeds,Mustard,January-2025,6748.88,Metric Tonnes,5619.71,Rs./Quintal
Gujarat,Oil Seeds,"Sesamum(Sesame,Gingelly,Til)",January-2025,5463.90,Metric Tonnes,10677.57,Rs./Quintal
Gujarat,Oil Seeds,Soyabean,January-2025,14356.32,Metric Tonnes,4030.26,Rs./Quintal
Gujarat,Oil Seeds,Suva(Dill Seed),January-2025,309.82,Metric Tonnes,7026.21,Rs./Quintal
Gujarat,Oil Seeds,Taramira,January-2025,0.17,Metric Tonnes,4150.00,Rs./Quintal
Gujarat,Oil Seeds,Castor Seed,February-2025,33532.45,Metric Tonnes,6282.56,Rs./Quintal
Gujarat,Oil Seeds,Ground Nut Seed,February-2025,47.31,Metric Tonnes,4095.53,Rs./Quintal
Gujarat,Oil Seeds,Groundnut,February-2025,36069.99,Metric Tonnes,5205.58,Rs./Quintal
Gujarat,Oil Seeds,Groundnut(Split),February-2025,403.86,Metric Tonnes,5776.02,Rs./Quintal
Gujarat,Oil Seeds,Mustard,February-2025,41539.36,Metric Tonnes,5499.98,Rs./Quintal
Gujarat,Oil Seeds,"Sesamum(Sesame,Gingelly,Til)",February-2025,2585.08,Metric Tonnes,9794.16,Rs./Quintal
Gujarat,Oil Seeds,Soyabean,February-2025,6708.78,Metric Tonnes,3834.91,Rs./Quintal
Gujarat,Oil Seeds,Suva(Dill Seed),February-2025,184.40,Metric Tonnes,6482.64,Rs./Quintal
Gujarat,Oil Seeds,Taramira,February-2025,4.16,Metric Tonnes,4262.93,Rs./Quintal
Gujarat,Oil Seeds,Castor Seed,March-2025,49121.88,Metric Tonnes,6250.61,Rs./Quintal
Gujarat,Oil Seeds,Ground Nut Seed,March-2025,170.56,Metric Tonnes,4886.38,Rs./Quintal
Gujarat,Oil Seeds,Groundnut,March-2025,24123.46,Metric Tonnes,5164.41,Rs./Quintal
Gujarat,Oil Seeds,Groundnut(Split),March-2025,147.06,Metric Tonnes,5708.15,Rs./Quintal
Gujarat,Oil Seeds,Mustard,March-2025,110296.85,Metric Tonnes,5565.28,Rs./Quintal
Gujarat,Oil Seeds,"Sesamum(Sesame,Gingelly,Til)",March-2025,1327.80,Metric Tonnes,9194.31,Rs./Quintal
Gujarat,Oil Seeds,Soyabean,March-2025,3675.56,Metric Tonnes,3705.94,Rs./Quintal
Gujarat,Oil Seeds,Suva(Dill Seed),March-2025,625.98,Metric Tonnes,4589.38,Rs./Quintal
Gujarat,Oil Seeds,Taramira,March-2025,13.01,Metric Tonnes,3869.71,Rs./Quintal
Gujarat,Oil Seeds,Castor Seed,April-2025,177633.60,Metric Tonnes,6049.66,Rs./Quintal
Gujarat,Oil Seeds,Ground Nut Seed,April-2025,69.60,Metric Tonnes,3316.49,Rs./Quintal
Gujarat,Oil Seeds,Groundnut,April-2025,31431.45,Metric Tonnes,5146.35,Rs./Quintal
Gujarat,Oil Seeds,Groundnut(Split),April-2025,366.80,Metric Tonnes,5973.37,Rs./Quintal
Gujarat,Oil Seeds,Mustard,April-2025,51561.53,Metric Tonnes,5727.21,Rs./Quintal
Gujarat,Oil Seeds,"Sesamum(Sesame,Gingelly,Til)",April-2025,2778.02,Metric Tonnes,9320.22,Rs./Quintal
Gujarat,Oil Seeds,Soyabean,April-2025,6621.56,Metric Tonnes,4078.84,Rs./Quintal
Gujarat,Oil Seeds,Sunflower/Sunflower Seed,April-2025,1.50,Metric Tonnes,3980.00,Rs./Quintal
Gujarat,Oil Seeds,Suva(Dill Seed),April-2025,1851.35,Metric Tonnes,8434.34,Rs./Quintal
Gujarat,Oil Seeds,Taramira,April-2025,33.30,Metric Tonnes,7553.08,Rs./Quintal
Gujarat,Oil Seeds,Castor Seed,May-2025,106975.97,Metric Tonnes,6043.00,Rs./Quintal
Gujarat,Oil Seeds,Ground Nut Seed,May-2025,135.43,Metric Tonnes,4609.58,Rs./Quintal
Gujarat,Oil Seeds,Groundnut,May-2025,28619.53,Metric Tonnes,5281.88,Rs./Quintal
Gujarat,Oil Seeds,Groundnut(Split),May-2025,1191.22,Metric Tonnes,6341.78,Rs./Quintal
Gujarat,Oil Seeds,Mustard,May-2025,29663.80,Metric Tonnes,5864.07,Rs./Quintal
Gujarat,Oil Seeds,"Sesamum(Sesame,Gingelly,Til)",May-2025,19964.63,Metric Tonnes,10364.58,Rs./Quintal
Gujarat,Oil Seeds,Soyabean,May-2025,3039.83,Metric Tonnes,3998.31,Rs./Quintal
Gujarat,Oil Seeds,Suva(Dill Seed),May-2025,878.91,Metric Tonnes,7601.50,Rs./Quintal
Gujarat,Oil Seeds,Taramira,May-2025,0.98,Metric Tonnes,4684.69,Rs./Quintal
Gujarat,Oil Seeds,Castor Seed,June-2025,51014.56,Metric Tonnes,6368.57,Rs./Quintal
Gujarat,Oil Seeds,Ground Nut Seed,June-2025,540.65,Metric Tonnes,5927.04,Rs./Quintal
Gujarat,Oil Seeds,Groundnut,June-2025,34536.14,Metric Tonnes,5600.74,Rs./Quintal
Gujarat,Oil Seeds,Groundnut(Split),June-2025,1890.52,Metric Tonnes,6962.04,Rs./Quintal
Gujarat,Oil Seeds,Mustard,June-2025,18022.16,Metric Tonnes,6043.97,Rs./Quintal
Gujarat,Oil Seeds,"Sesamum(Sesame,Gingelly,Til)",June-2025,56926.10,Metric Tonnes,9519.61,Rs./Quintal
Gujarat,Oil Seeds,Soyabean,June-2025,3393.02,Metric Tonnes,4015.40,Rs./Quintal
Gujarat,Oil Seeds,Suva(Dill Seed),June-2025,7458.23,Metric Tonnes,6495.48,Rs./Quintal
Gujarat,Oil Seeds,Taramira,June-2025,0.82,Metric Tonnes,4643.84,Rs./Quintal
Gujarat,Oil Seeds,Castor Seed,July-2025,34862.55,Metric Tonnes,6555.31,Rs./Quintal
Gujarat,Oil Seeds,Ground Nut Seed,July-2025,807.58,Metric Tonnes,6672.44,Rs./Quintal
Gujarat,Oil Seeds,Groundnut,July-2025,22886.04,Metric Tonnes,4970.31,Rs./Quintal
Gujarat,Oil Seeds,Groundnut(Split),July-2025,949.28,Metric Tonnes,6786.33,Rs./Quintal
Gujarat,Oil Seeds,Mustard,July-2025,20507.32,Metric Tonnes,6359.32,Rs./Quintal
Gujarat,Oil Seeds,"Sesamum(Sesame,Gingelly,Til)",July-2025,38959.40,Metric Tonnes,10063.62,Rs./Quintal
Gujarat,Oil Seeds,Soyabean,July-2025,3549.53,Metric Tonnes,3991.46,Rs./Quintal
Gujarat,Oil Seeds,Suva(Dill Seed),July-2025,243.49,Metric Tonnes,6782.94,Rs./Quintal
Gujarat,Oil Seeds,Taramira,July-2025,3.77,Metric Tonnes,4303.61,Rs./Quintal
Gujarat,Oil Seeds,Castor Seed,August-2025,23235.23,Metric Tonnes,6476.97,Rs./Quintal
Gujarat,Oil Seeds,Ground Nut Seed,August-2025,538.05,Metric Tonnes,6329.74,Rs./Quintal
Gujarat,Oil Seeds,Groundnut,August-2025,7707.11,Metric Tonnes,4825.71,Rs./Quintal
Gujarat,Oil Seeds,Groundnut(Split),August-2025,150.43,Metric Tonnes,6064.63,Rs./Quintal
Gujarat,Oil Seeds,Mustard,August-2025,10188.91,Metric Tonnes,6410.23,Rs./Quintal
Gujarat,Oil Seeds,"Sesamum(Sesame,Gingelly,Til)",August-2025,26851.60,Metric Tonnes,9876.14,Rs./Quintal
Gujarat,Oil Seeds,Soyabean,August-2025,2081.27,Metric Tonnes,4346.66,Rs./Quintal
Gujarat,Oil Seeds,Suva(Dill Seed),August-2025,183.73,Metric Tonnes,6893.51,Rs./Quintal
Gujarat,Oil Seeds,Castor Seed,September-2025,24716.84,Metric Tonnes,6444.55,Rs./Quintal
Gujarat,Oil Seeds,Ground Nut Seed,September-2025,351.67,Metric Tonnes,6028.13,Rs./Quintal
Gujarat,Oil Seeds,Groundnut,September-2025,40178.16,Metric Tonnes,5018.48,Rs./Quintal
Gujarat,Oil Seeds,Groundnut(Split),September-2025,92.08,Metric Tonnes,5241.69,Rs./Quintal
Gujarat,Oil Seeds,Mustard,September-2025,8873.35,Metric Tonnes,6371.59,Rs./Quintal
Gujarat,Oil Seeds,"Sesamum(Sesame,Gingelly,Til)",September-2025,27183.23,Metric Tonnes,9736.43,Rs./Quintal
Gujarat,Oil Seeds,Soyabean,September-2025,1726.75,Metric Tonnes,4109.26,Rs./Quintal
Gujarat,Oil Seeds,Suva(Dill Seed),September-2025,325.81,Metric Tonnes,6998.64,Rs./Quintal
Gujarat,Oil Seeds,Taramira,September-2025,1.70,Metric Tonnes,4842.00,Rs./Quintal
Gujarat,Oil Seeds,Castor Seed,October-2025,13833.26,Metric Tonnes,6407.58,Rs./Quintal
Gujarat,Oil Seeds,Ground Nut Seed,October-2025,63.98,Metric Tonnes,4929.26,Rs./Quintal
Gujarat,Oil Seeds,Groundnut,October-2025,84067.44,Metric Tonnes,5354.59,Rs./Quintal
Gujarat,Oil Seeds,Groundnut(Split),October-2025,20.32,Metric Tonnes,5019.24,Rs./Quintal
Gujarat,Oil Seeds,Mustard,October-2025,3764.48,Metric Tonnes,6200.07,Rs./Quintal
Gujarat,Oil Seeds,"Sesamum(Sesame,Gingelly,Til)",October-2025,9324.14,Metric Tonnes,9625.86,Rs./Quintal
Gujarat,Oil Seeds,Soyabean,October-2025,23439.28,Metric Tonnes,3957.73,Rs./Quintal
Gujarat,Oil Seeds,Suva(Dill Seed),October-2025,332.44,Metric Tonnes,6399.83,Rs./Quintal
Gujarat,Oil Seeds,Taramira,October-2025,0.08,Metric Tonnes,4715.00,Rs./Quintal
Gujarat,Oil Seeds,Castor Seed,November-2025,32421.68,Metric Tonnes,6609.57,Rs./Quintal
Gujarat,Oil Seeds,Cotton Seed,November-2025,1761.13,Metric Tonnes,7027.92,Rs./Quintal
Gujarat,Oil Seeds,Ground Nut Seed,November-2025,286.07,Metric Tonnes,5354.97,Rs./Quintal
Gujarat,Oil Seeds,Groundnut,November-2025,183311.92,Metric Tonnes,5682.96,Rs./Quintal
Gujarat,Oil Seeds,Groundnut(Split),November-2025,48.56,Metric Tonnes,5556.43,Rs./Quintal
Gujarat,Oil Seeds,Mustard,November-2025,6463.81,Metric Tonnes,6458.09,Rs./Quintal
Gujarat,Oil Seeds,"Sesamum(Sesame,Gingelly,Til)",November-2025,12455.32,Metric Tonnes,10769.93,Rs./Quintal
Gujarat,Oil Seeds,Soyabean,November-2025,45842.75,Metric Tonnes,4329.67,Rs./Quintal
Gujarat,Oil Seeds,Suva(Dill Seed),November-2025,464.42,Metric Tonnes,7571.16,Rs./Quintal
Gujarat,Oil Seeds,Taramira,November-2025,0.09,Metric Tonnes,4730.00,Rs./Quintal
Gujarat,Oil Seeds,Castor Seed,December-2025,33190.34,Metric Tonnes,6636.28,Rs./Quintal
Gujarat,Oil Seeds,Cotton Seed,December-2025,1788.28,Metric Tonnes,7077.25,Rs./Quintal
Gujarat,Oil Seeds,Ground Nut Seed,December-2025,142.95,Metric Tonnes,6090.65,Rs./Quintal
Gujarat,Oil Seeds,Groundnut,December-2025,134730.37,Metric Tonnes,6055.00,Rs./Quintal
Gujarat,Oil Seeds,Groundnut(Split),December-2025,114.32,Metric Tonnes,5910.25,Rs./Quintal
Gujarat,Oil Seeds,Mustard,December-2025,6657.51,Metric Tonnes,6399.00,Rs./Quintal
Gujarat,Oil Seeds,"Sesamum(Sesame,Gingelly,Til)",December-2025,5562.28,Metric Tonnes,10059.09,Rs./Quintal
Gujarat,Oil Seeds,Soyabean,December-2025,19154.43,Metric Tonnes,4307.53,Rs./Quintal
Gujarat,Oil Seeds,Suva(Dill Seed),December-2025,500.22,Metric Tonnes,8138.21,Rs./Quintal
Gujarat,Oil Seeds,Taramira,December-2025,1.19,Metric Tonnes,4774.64,Rs./Quintal
Haryana,Oil Seeds,Mustard,January-2023,1373.50,Metric Tonnes,5805.21,Rs./Quintal
Haryana,Oil Seeds,Toria,January-2023,7.90,Metric Tonnes,5236.90,Rs./Quintal
Haryana,Oil Seeds,Groundnut,February-2023,14.20,Metric Tonnes,5800.46,Rs./Quintal
Haryana,Oil Seeds,Mustard,February-2023,9043.00,Metric Tonnes,5295.83,Rs./Quintal
Haryana,Oil Seeds,Toria,February-2023,264.80,Metric Tonnes,5293.39,Rs./Quintal
Haryana,Oil Seeds,Mustard,March-2023,30178.60,Metric Tonnes,5234.82,Rs./Quintal
Haryana,Oil Seeds,Toria,March-2023,123.90,Metric Tonnes,4939.36,Rs./Quintal
Haryana,Oil Seeds,Mustard,April-2023,77914.81,Metric Tonnes,5287.82,Rs./Quintal
Haryana,Oil Seeds,Mustard,May-2023,29393.72,Metric Tonnes,5288.51,Rs./Quintal
Haryana,Oil Seeds,Mustard,June-2023,3828.82,Metric Tonnes,4511.29,Rs./Quintal
Haryana,Oil Seeds,Safflower,June-2023,2982.80,Metric Tonnes,4997.93,Rs./Quintal
Haryana,Oil Seeds,Sunflower/Sunflower Seed,June-2023,24664.50,Metric Tonnes,4967.85,Rs./Quintal
Haryana,Oil Seeds,Mustard,July-2023,3054.28,Metric Tonnes,4828.15,Rs./Quintal
Haryana,Oil Seeds,Safflower,July-2023,252.50,Metric Tonnes,4375.54,Rs./Quintal
Haryana,Oil Seeds,Sunflower/Sunflower Seed,July-2023,774.80,Metric Tonnes,4601.13,Rs./Quintal
Haryana,Oil Seeds,Toria,July-2023,0.10,Metric Tonnes,2800.00,Rs./Quintal
Haryana,Oil Seeds,Groundnut,August-2023,20.10,Metric Tonnes,5809.70,Rs./Quintal
Haryana,Oil Seeds,Mustard,August-2023,6420.88,Metric Tonnes,4940.86,Rs./Quintal
Haryana,Oil Seeds,Safflower,August-2023,40.00,Metric Tonnes,4506.25,Rs./Quintal
Haryana,Oil Seeds,Sunflower/Sunflower Seed,August-2023,3.40,Metric Tonnes,4250.00,Rs./Quintal
Haryana,Oil Seeds,Cotton Seed,September-2023,370.00,Metric Tonnes,6662.16,Rs./Quintal
Haryana,Oil Seeds,Groundnut,September-2023,1396.30,Metric Tonnes,5541.16,Rs./Quintal
Haryana,Oil Seeds,Mustard,September-2023,4082.65,Metric Tonnes,4903.30,Rs./Quintal
Haryana,Oil Seeds,Groundnut,October-2023,1533.70,Metric Tonnes,3902.55,Rs./Quintal
Haryana,Oil Seeds,Mustard,October-2023,888.90,Metric Tonnes,4954.76,Rs./Quintal
Haryana,Oil Seeds,Groundnut,November-2023,173.50,Metric Tonnes,4963.54,Rs./Quintal
Haryana,Oil Seeds,Mustard,November-2023,1092.10,Metric Tonnes,4959.76,Rs./Quintal
Haryana,Oil Seeds,Groundnut,December-2023,765.60,Metric Tonnes,4981.00,Rs./Quintal
Haryana,Oil Seeds,Mustard,December-2023,1451.70,Metric Tonnes,4797.74,Rs./Quintal
Haryana,Oil Seeds,Groundnut,January-2024,215.80,Metric Tonnes,4995.34,Rs./Quintal
Haryana,Oil Seeds,Mustard,January-2024,1330.72,Metric Tonnes,4933.81,Rs./Quintal
Haryana,Oil Seeds,Toria,January-2024,306.70,Metric Tonnes,4284.72,Rs./Quintal
Haryana,Oil Seeds,Mustard,February-2024,11631.30,Metric Tonnes,4788.54,Rs./Quintal
Haryana,Oil Seeds,Toria,February-2024,1339.10,Metric Tonnes,4534.23,Rs./Quintal
Haryana,Oil Seeds,Mustard,March-2024,15795.05,Metric Tonnes,5089.07,Rs./Quintal
Haryana,Oil Seeds,Toria,March-2024,91.40,Metric Tonnes,4774.67,Rs./Quintal
Haryana,Oil Seeds,Mustard,April-2024,295217.62,Metric Tonnes,5611.30,Rs./Quintal
Haryana,Oil Seeds,Mustard,May-2024,13939.20,Metric Tonnes,5514.83,Rs./Quintal
Haryana,Oil Seeds,Mustard,June-2024,1225.85,Metric Tonnes,5440.47,Rs./Quintal
Haryana,Oil Seeds,Safflower,June-2024,3354.90,Metric Tonnes,6759.76,Rs./Quintal
Haryana,Oil Seeds,Sunflower/Sunflower Seed,June-2024,29988.80,Metric Tonnes,6760.00,Rs./Quintal
Haryana,Oil Seeds,Mustard,July-2024,1096.34,Metric Tonnes,5292.95,Rs./Quintal
Haryana,Oil Seeds,Safflower,July-2024,65.70,Metric Tonnes,6700.00,Rs./Quintal
Haryana,Oil Seeds,Mustard,August-2024,605.35,Metric Tonnes,5327.20,Rs./Quintal
Haryana,Oil Seeds,Groundnut,September-2024,522.40,Metric Tonnes,4220.95,Rs./Quintal
Haryana,Oil Seeds,Mustard,September-2024,1014.40,Metric Tonnes,5970.51,Rs./Quintal
Haryana,Oil Seeds,Groundnut,October-2024,870.60,Metric Tonnes,4200.99,Rs./Quintal
Haryana,Oil Seeds,Mustard,October-2024,1364.50,Metric Tonnes,5993.81,Rs./Quintal
Haryana,Oil Seeds,Groundnut,November-2024,1000.60,Metric Tonnes,4993.07,Rs./Quintal
Haryana,Oil Seeds,Mustard,November-2024,565.10,Metric Tonnes,6007.30,Rs./Quintal
Haryana,Oil Seeds,Groundnut,December-2024,823.50,Metric Tonnes,5181.77,Rs./Quintal
Haryana,Oil Seeds,Mustard,December-2024,327.40,Metric Tonnes,5987.50,Rs./Quintal
Haryana,Oil Seeds,Groundnut,January-2025,50.70,Metric Tonnes,4599.80,Rs./Quintal
Haryana,Oil Seeds,Mustard,January-2025,31.60,Metric Tonnes,5931.80,Rs./Quintal
Haryana,Oil Seeds,Mustard,February-2025,4313.22,Metric Tonnes,5585.19,Rs./Quintal
Haryana,Oil Seeds,Toria,February-2025,169.70,Metric Tonnes,5591.74,Rs./Quintal
Haryana,Oil Seeds,Groundnut,March-2025,3.00,Metric Tonnes,3480.00,Rs./Quintal
Haryana,Oil Seeds,Mustard,March-2025,105759.64,Metric Tonnes,5888.84,Rs./Quintal
Haryana,Oil Seeds,Toria,March-2025,202.50,Metric Tonnes,5564.61,Rs./Quintal
Haryana,Oil Seeds,Mustard,April-2025,414878.27,Metric Tonnes,5909.07,Rs./Quintal
Haryana,Oil Seeds,Toria,April-2025,47.00,Metric Tonnes,5400.00,Rs./Quintal
Haryana,Oil Seeds,Mustard,May-2025,10202.90,Metric Tonnes,5921.50,Rs./Quintal
Haryana,Oil Seeds,Mustard,June-2025,2607.10,Metric Tonnes,6100.95,Rs./Quintal
Haryana,Oil Seeds,Sunflower/Sunflower Seed,June-2025,112041.40,Metric Tonnes,7280.00,Rs./Quintal
Haryana,Oil Seeds,Mustard,July-2025,2954.44,Metric Tonnes,6417.96,Rs./Quintal
Haryana,Oil Seeds,Sunflower/Sunflower Seed,July-2025,327.90,Metric Tonnes,7280.00,Rs./Quintal
Haryana,Oil Seeds,Groundnut,August-2025,22.40,Metric Tonnes,5448.21,Rs./Quintal
Haryana,Oil Seeds,Mustard,August-2025,1698.00,Metric Tonnes,6640.84,Rs./Quintal
Haryana,Oil Seeds,Groundnut,September-2025,496.70,Metric Tonnes,5179.43,Rs./Quintal
Haryana,Oil Seeds,Mustard,September-2025,1702.00,Metric Tonnes,6682.74,Rs./Quintal
Haryana,Oil Seeds,Groundnut,October-2025,158.70,Metric Tonnes,4440.42,Rs./Quintal
Haryana,Oil Seeds,Mustard,October-2025,845.40,Metric Tonnes,6616.95,Rs./Quintal
Haryana,Oil Seeds,Cotton Seed,November-2025,15.60,Metric Tonnes,5739.10,Rs./Quintal
Haryana,Oil Seeds,Groundnut,November-2025,177.20,Metric Tonnes,5496.19,Rs./Quintal
Haryana,Oil Seeds,Mustard,November-2025,815.20,Metric Tonnes,6470.56,Rs./Quintal
Haryana,Oil Seeds,Groundnut,December-2025,661.60,Metric Tonnes,4779.81,Rs./Quintal
Haryana,Oil Seeds,Mustard,December-2025,356.30,Metric Tonnes,6571.26,Rs./Quintal
Haryana,Oil Seeds,"Sesamum(Sesame,Gingelly,Til)",December-2025,0.40,Metric Tonnes,9700.00,Rs./Quintal
Haryana,Oil Seeds,Toria,December-2025,1.50,Metric Tonnes,5400.00,Rs./Quintal
Karnataka,Oil Seeds,Castor Seed,January-2023,16.00,Metric Tonnes,6133.38,Rs./Quintal
Karnataka,Oil Seeds,Copra,January-2023,3515.00,Metric Tonnes,10963.18,Rs./Quintal
Karnataka,Oil Seeds,Ground Nut Seed,January-2023,435.00,Metric Tonnes,12185.98,Rs./Quintal
Karnataka,Oil Seeds,Groundnut,January-2023,12310.00,Metric Tonnes,6816.64,Rs./Quintal
Karnataka,Oil Seeds,Honge seed,January-2023,4.00,Metric Tonnes,3000.00,Rs./Quintal
Karnataka,Oil Seeds,Mustard,January-2023,212.00,Metric Tonnes,7688.44,Rs./Quintal
Karnataka,Oil Seeds,Safflower,January-2023,158.00,Metric Tonnes,4919.32,Rs./Quintal
Karnataka,Oil Seeds,"Sesamum(Sesame,Gingelly,Til)",January-2023,101.00,Metric Tonnes,16225.74,Rs./Quintal
Karnataka,Oil Seeds,Soyabean,January-2023,9075.00,Metric Tonnes,5213.68,Rs./Quintal
Karnataka,Oil Seeds,Sunflower/Sunflower Seed,January-2023,1755.00,Metric Tonnes,5664.89,Rs./Quintal
Karnataka,Oil Seeds,Castor Seed,February-2023,20.00,Metric Tonnes,6277.10,Rs./Quintal
Karnataka,Oil Seeds,Copra,February-2023,3224.00,Metric Tonnes,10303.92,Rs./Quintal
Karnataka,Oil Seeds,Ground Nut Seed,February-2023,675.00,Metric Tonnes,12160.97,Rs./Quintal
Karnataka,Oil Seeds,Groundnut,February-2023,24394.00,Metric Tonnes,6777.87,Rs./Quintal
Karnataka,Oil Seeds,Mustard,February-2023,168.00,Metric Tonnes,7248.92,Rs./Quintal
Karnataka,Oil Seeds,Niger Seed(Ramtil),February-2023,12.00,Metric Tonnes,10190.00,Rs./Quintal
Karnataka,Oil Seeds,Safflower,February-2023,168.00,Metric Tonnes,4575.58,Rs./Quintal
Karnataka,Oil Seeds,"Sesamum(Sesame,Gingelly,Til)",February-2023,101.00,Metric Tonnes,16375.50,Rs./Quintal
Karnataka,Oil Seeds,Soyabean,February-2023,5905.00,Metric Tonnes,5127.50,Rs./Quintal
Karnataka,Oil Seeds,Sunflower/Sunflower Seed,February-2023,2309.00,Metric Tonnes,5605.91,Rs./Quintal
Karnataka,Oil Seeds,Castor Seed,March-2023,25.00,Metric Tonnes,6513.96,Rs./Quintal
Karnataka,Oil Seeds,Copra,March-2023,3308.00,Metric Tonnes,9598.88,Rs./Quintal
Karnataka,Oil Seeds,Ground Nut Seed,March-2023,469.00,Metric Tonnes,12134.86,Rs./Quintal
Karnataka,Oil Seeds,Groundnut,March-2023,24502.00,Metric Tonnes,6213.35,Rs./Quintal
Karnataka,Oil Seeds,Honge seed,March-2023,13.00,Metric Tonnes,4229.00,Rs./Quintal
Karnataka,Oil Seeds,Mustard,March-2023,304.00,Metric Tonnes,7824.88,Rs./Quintal
Karnataka,Oil Seeds,Safflower,March-2023,1434.00,Metric Tonnes,4208.88,Rs./Quintal
Karnataka,Oil Seeds,"Sesamum(Sesame,Gingelly,Til)",March-2023,66.00,Metric Tonnes,18677.27,Rs./Quintal
Karnataka,Oil Seeds,Soyabean,March-2023,4763.00,Metric Tonnes,4914.42,Rs./Quintal
Karnataka,Oil Seeds,Sunflower/Sunflower Seed,March-2023,5679.00,Metric Tonnes,5042.50,Rs./Quintal
Karnataka,Oil Seeds,Castor Seed,April-2023,6.00,Metric Tonnes,5900.67,Rs./Quintal
Karnataka,Oil Seeds,Copra,April-2023,2237.00,Metric Tonnes,8807.12,Rs./Quintal
Karnataka,Oil Seeds,Ground Nut Seed,April-2023,405.00,Metric Tonnes,12116.12,Rs./Quintal
Karnataka,Oil Seeds,Groundnut,April-2023,24473.00,Metric Tonnes,5999.09,Rs./Quintal
Karnataka,Oil Seeds,Honge seed,April-2023,25.00,Metric Tonnes,4759.00,Rs./Quintal
Karnataka,Oil Seeds,Mustard,April-2023,226.00,Metric Tonnes,6679.72,Rs./Quintal
Karnataka,Oil Seeds,Safflower,April-2023,1028.00,Metric Tonnes,4068.25,Rs./Quintal
Karnataka,Oil Seeds,"Sesamum(Sesame,Gingelly,Til)",April-2023,49.00,Metric Tonnes,17041.84,Rs./Quintal
Karnataka,Oil Seeds,Soyabean,April-2023,4186.00,Metric Tonnes,4972.98,Rs./Quintal
Karnataka,Oil Seeds,Sunflower/Sunflower Seed,April-2023,3712.00,Metric Tonnes,4868.44,Rs./Quintal
Karnataka,Oil Seeds,Copra,May-2023,2335.00,Metric Tonnes,8976.74,Rs./Quintal
Karnataka,Oil Seeds,Ground Nut Seed,May-2023,500.00,Metric Tonnes,13026.29,Rs./Quintal
Karnataka,Oil Seeds,Groundnut,May-2023,9281.00,Metric Tonnes,6184.20,Rs./Quintal
Karnataka,Oil Seeds,Honge seed,May-2023,32.00,Metric Tonnes,3575.00,Rs./Quintal
Karnataka,Oil Seeds,Mustard,May-2023,146.00,Metric Tonnes,6195.89,Rs./Quintal
Karnataka,Oil Seeds,Niger Seed(Ramtil),May-2023,6.00,Metric Tonnes,10500.00,Rs./Quintal
Karnataka,Oil Seeds,Safflower,May-2023,330.00,Metric Tonnes,3659.83,Rs./Quintal
Karnataka,Oil Seeds,"Sesamum(Sesame,Gingelly,Til)",May-2023,91.00,Metric Tonnes,17601.10,Rs./Quintal
Karnataka,Oil Seeds,Soyabean,May-2023,3336.00,Metric Tonnes,4854.05,Rs./Quintal
Karnataka,Oil Seeds,Sunflower/Sunflower Seed,May-2023,526.00,Metric Tonnes,4633.53,Rs./Quintal
Karnataka,Oil Seeds,Copra,June-2023,3123.00,Metric Tonnes,8020.09,Rs./Quintal
Karnataka,Oil Seeds,Ground Nut Seed,June-2023,629.00,Metric Tonnes,13048.49,Rs./Quintal
Karnataka,Oil Seeds,Groundnut,June-2023,2137.00,Metric Tonnes,6217.16,Rs./Quintal
Karnataka,Oil Seeds,Honge seed,June-2023,2.00,Metric Tonnes,3000.00,Rs./Quintal
Karnataka,Oil Seeds,Mustard,June-2023,152.00,Metric Tonnes,7153.29,Rs./Quintal
Karnataka,Oil Seeds,Niger Seed(Ramtil),June-2023,2.00,Metric Tonnes,10000.00,Rs./Quintal
Karnataka,Oil Seeds,Safflower,June-2023,312.00,Metric Tonnes,3679.39,Rs./Quintal
Karnataka,Oil Seeds,"Sesamum(Sesame,Gingelly,Til)",June-2023,124.00,Metric Tonnes,18268.55,Rs./Quintal
Karnataka,Oil Seeds,Soyabean,June-2023,1965.00,Metric Tonnes,4857.67,Rs./Quintal
Karnataka,Oil Seeds,Sunflower/Sunflower Seed,June-2023,624.00,Metric Tonnes,4542.06,Rs./Quintal
Karnataka,Oil Seeds,Castor Seed,July-2023,3.00,Metric Tonnes,6200.00,Rs./Quintal
Karnataka,Oil Seeds,Copra,July-2023,3801.00,Metric Tonnes,8442.55,Rs./Quintal
Karnataka,Oil Seeds,Ground Nut Seed,July-2023,454.00,Metric Tonnes,13087.02,Rs./Quintal
Karnataka,Oil Seeds,Groundnut,July-2023,860.00,Metric Tonnes,6374.21,Rs./Quintal
Karnataka,Oil Seeds,Honge seed,July-2023,8.00,Metric Tonnes,4050.00,Rs./Quintal
Karnataka,Oil Seeds,Mustard,July-2023,124.00,Metric Tonnes,6739.45,Rs./Quintal
Karnataka,Oil Seeds,Safflower,July-2023,275.00,Metric Tonnes,3900.03,Rs./Quintal
Karnataka,Oil Seeds,"Sesamum(Sesame,Gingelly,Til)",July-2023,190.00,Metric Tonnes,16502.63,Rs./Quintal
Karnataka,Oil Seeds,Soyabean,July-2023,1593.00,Metric Tonnes,4812.62,Rs./Quintal
Karnataka,Oil Seeds,Sunflower/Sunflower Seed,July-2023,545.00,Metric Tonnes,4815.26,Rs./Quintal
Karnataka,Oil Seeds,Castor Seed,August-2023,8.00,Metric Tonnes,6237.50,Rs./Quintal
Karnataka,Oil Seeds,Copra,August-2023,3889.00,Metric Tonnes,8968.36,Rs./Quintal
Karnataka,Oil Seeds,Ground Nut Seed,August-2023,565.00,Metric Tonnes,12876.02,Rs./Quintal
Karnataka,Oil Seeds,Groundnut,August-2023,3087.00,Metric Tonnes,6738.86,Rs./Quintal
Karnataka,Oil Seeds,Mustard,August-2023,212.00,Metric Tonnes,8298.58,Rs./Quintal
Karnataka,Oil Seeds,Safflower,August-2023,221.00,Metric Tonnes,4074.34,Rs./Quintal
Karnataka,Oil Seeds,"Sesamum(Sesame,Gingelly,Til)",August-2023,141.00,Metric Tonnes,20206.38,Rs./Quintal
Karnataka,Oil Seeds,Soyabean,August-2023,1116.00,Metric Tonnes,4804.65,Rs./Quintal
Karnataka,Oil Seeds,Sunflower/Sunflower Seed,August-2023,1411.00,Metric Tonnes,4739.22,Rs./Quintal
Karnataka,Oil Seeds,Castor Seed,September-2023,37.00,Metric Tonnes,5763.81,Rs./Quintal
Karnataka,Oil Seeds,Copra,September-2023,3984.00,Metric Tonnes,8023.07,Rs./Quintal
Karnataka,Oil Seeds,Ground Nut Seed,September-2023,399.00,Metric Tonnes,13526.94,Rs./Quintal
Karnataka,Oil Seeds,Groundnut,September-2023,4080.00,Metric Tonnes,6422.35,Rs./Quintal
Karnataka,Oil Seeds,Mustard,September-2023,76.00,Metric Tonnes,8596.05,Rs./Quintal
Karnataka,Oil Seeds,Safflower,September-2023,157.00,Metric Tonnes,4051.36,Rs./Quintal
Karnataka,Oil Seeds,"Sesamum(Sesame,Gingelly,Til)",September-2023,133.00,Metric Tonnes,18115.41,Rs./Quintal
Karnataka,Oil Seeds,Soyabean,September-2023,1841.00,Metric Tonnes,4724.78,Rs./Quintal
Karnataka,Oil Seeds,Sunflower/Sunflower Seed,September-2023,1799.00,Metric Tonnes,4427.87,Rs./Quintal
Karnataka,Oil Seeds,Castor Seed,October-2023,16.00,Metric Tonnes,6312.50,Rs./Quintal
Karnataka,Oil Seeds,Copra,October-2023,6320.00,Metric Tonnes,8305.73,Rs./Quintal
Karnataka,Oil Seeds,Ground Nut Seed,October-2023,689.00,Metric Tonnes,14856.02,Rs./Quintal
Karnataka,Oil Seeds,Groundnut,October-2023,5812.00,Metric Tonnes,6507.99,Rs./Quintal
Karnataka,Oil Seeds,Mustard,October-2023,149.00,Metric Tonnes,8236.24,Rs./Quintal
Karnataka,Oil Seeds,Safflower,October-2023,247.00,Metric Tonnes,3997.84,Rs./Quintal
Karnataka,Oil Seeds,"Sesamum(Sesame,Gingelly,Til)",October-2023,242.00,Metric Tonnes,21017.78,Rs./Quintal
Karnataka,Oil Seeds,Soyabean,October-2023,21590.00,Metric Tonnes,4475.45,Rs./Quintal
Karnataka,Oil Seeds,Sunflower/Sunflower Seed,October-2023,1776.00,Metric Tonnes,4753.73,Rs./Quintal
Karnataka,Oil Seeds,Castor Seed,November-2023,16.00,Metric Tonnes,6218.75,Rs./Quintal
Karnataka,Oil Seeds,Copra,November-2023,3696.00,Metric Tonnes,8057.75,Rs./Quintal
Karnataka,Oil Seeds,Ground Nut Seed,November-2023,697.00,Metric Tonnes,13619.87,Rs./Quintal
Karnataka,Oil Seeds,Groundnut,November-2023,5507.00,Metric Tonnes,6408.74,Rs./Quintal
Karnataka,Oil Seeds,Honge seed,November-2023,3.00,Metric Tonnes,4150.00,Rs./Quintal
Karnataka,Oil Seeds,Mustard,November-2023,235.00,Metric Tonnes,8220.40,Rs./Quintal
Karnataka,Oil Seeds,Safflower,November-2023,161.00,Metric Tonnes,4050.48,Rs./Quintal
Karnataka,Oil Seeds,"Sesamum(Sesame,Gingelly,Til)",November-2023,136.00,Metric Tonnes,19783.09,Rs./Quintal
Karnataka,Oil Seeds,Soyabean,November-2023,18591.00,Metric Tonnes,4863.70,Rs./Quintal
Karnataka,Oil Seeds,Sunflower/Sunflower Seed,November-2023,1466.00,Metric Tonnes,4822.90,Rs./Quintal
Karnataka,Oil Seeds,Castor Seed,December-2023,30.00,Metric Tonnes,5350.00,Rs./Quintal
Karnataka,Oil Seeds,Copra,December-2023,3687.00,Metric Tonnes,7883.96,Rs./Quintal
Karnataka,Oil Seeds,Ground Nut Seed,December-2023,599.00,Metric Tonnes,13232.30,Rs./Quintal
Karnataka,Oil Seeds,Groundnut,December-2023,3448.00,Metric Tonnes,6236.03,Rs./Quintal
Karnataka,Oil Seeds,Mustard,December-2023,208.00,Metric Tonnes,8456.49,Rs./Quintal
Karnataka,Oil Seeds,Safflower,December-2023,149.00,Metric Tonnes,3998.66,Rs./Quintal
Karnataka,Oil Seeds,"Sesamum(Sesame,Gingelly,Til)",December-2023,30.00,Metric Tonnes,15235.00,Rs./Quintal
Karnataka,Oil Seeds,Soyabean,December-2023,7880.00,Metric Tonnes,4742.33,Rs./Quintal
Karnataka,Oil Seeds,Sunflower/Sunflower Seed,December-2023,870.00,Metric Tonnes,4767.50,Rs./Quintal
Karnataka,Oil Seeds,Castor Seed,January-2024,8.00,Metric Tonnes,6300.00,Rs./Quintal
Karnataka,Oil Seeds,Copra,January-2024,4088.00,Metric Tonnes,8917.54,Rs./Quintal
Karnataka,Oil Seeds,Ground Nut Seed,January-2024,584.00,Metric Tonnes,12800.51,Rs./Quintal
Karnataka,Oil Seeds,Groundnut,January-2024,15514.00,Metric Tonnes,6624.71,Rs./Quintal
Karnataka,Oil Seeds,Mustard,January-2024,118.00,Metric Tonnes,8397.03,Rs./Quintal
Karnataka,Oil Seeds,Safflower,January-2024,81.00,Metric Tonnes,4182.15,Rs./Quintal
Karnataka,Oil Seeds,"Sesamum(Sesame,Gingelly,Til)",January-2024,24.00,Metric Tonnes,13258.33,Rs./Quintal
Karnataka,Oil Seeds,Soyabean,January-2024,4043.00,Metric Tonnes,4565.58,Rs./Quintal
Karnataka,Oil Seeds,Sunflower/Sunflower Seed,January-2024,1072.00,Metric Tonnes,4862.10,Rs./Quintal
Karnataka,Oil Seeds,Castor Seed,February-2024,15.00,Metric Tonnes,5906.20,Rs./Quintal
Karnataka,Oil Seeds,Copra,February-2024,3566.00,Metric Tonnes,8858.92,Rs./Quintal
Karnataka,Oil Seeds,Ground Nut Seed,February-2024,303.00,Metric Tonnes,13218.98,Rs./Quintal
Karnataka,Oil Seeds,Groundnut,February-2024,33212.00,Metric Tonnes,6350.50,Rs./Quintal
Karnataka,Oil Seeds,Mustard,February-2024,226.00,Metric Tonnes,8682.88,Rs./Quintal
Karnataka,Oil Seeds,Safflower,February-2024,166.00,Metric Tonnes,4098.28,Rs./Quintal
Karnataka,Oil Seeds,"Sesamum(Sesame,Gingelly,Til)",February-2024,25.00,Metric Tonnes,12722.00,Rs./Quintal
Karnataka,Oil Seeds,Soyabean,February-2024,3700.00,Metric Tonnes,4455.82,Rs./Quintal
Karnataka,Oil Seeds,Sunflower/Sunflower Seed,February-2024,684.00,Metric Tonnes,5132.42,Rs./Quintal
Karnataka,Oil Seeds,Castor Seed,March-2024,27.00,Metric Tonnes,4538.30,Rs./Quintal
Karnataka,Oil Seeds,Copra,March-2024,6265.00,Metric Tonnes,8384.94,Rs./Quintal
Karnataka,Oil Seeds,Ground Nut Seed,March-2024,752.00,Metric Tonnes,11869.69,Rs./Quintal
Karnataka,Oil Seeds,Groundnut,March-2024,16712.00,Metric Tonnes,6343.07,Rs./Quintal
Karnataka,Oil Seeds,Honge seed,March-2024,4.00,Metric Tonnes,3080.00,Rs./Quintal
Karnataka,Oil Seeds,Mustard,March-2024,339.00,Metric Tonnes,7363.17,Rs./Quintal
Karnataka,Oil Seeds,Niger Seed(Ramtil),March-2024,3.00,Metric Tonnes,10300.00,Rs./Quintal
Karnataka,Oil Seeds,Safflower,March-2024,746.00,Metric Tonnes,4227.19,Rs./Quintal
Karnataka,Oil Seeds,"Sesamum(Sesame,Gingelly,Til)",March-2024,25.00,Metric Tonnes,11960.00,Rs./Quintal
Karnataka,Oil Seeds,Soyabean,March-2024,3885.00,Metric Tonnes,4426.28,Rs./Quintal
Karnataka,Oil Seeds,Sunflower/Sunflower Seed,March-2024,814.00,Metric Tonnes,4452.68,Rs./Quintal
Karnataka,Oil Seeds,Castor Seed,April-2024,8.00,Metric Tonnes,6206.50,Rs./Quintal
Karnataka,Oil Seeds,Copra,April-2024,7513.00,Metric Tonnes,8326.34,Rs./Quintal
Karnataka,Oil Seeds,Ground Nut Seed,April-2024,724.00,Metric Tonnes,11422.33,Rs./Quintal
Karnataka,Oil Seeds,Groundnut,April-2024,7493.00,Metric Tonnes,6323.74,Rs./Quintal
Karnataka,Oil Seeds,Honge seed,April-2024,17.00,Metric Tonnes,3686.94,Rs./Quintal
Karnataka,Oil Seeds,Mustard,April-2024,232.00,Metric Tonnes,8823.06,Rs./Quintal
Karnataka,Oil Seeds,Safflower,April-2024,279.00,Metric Tonnes,4228.58,Rs./Quintal
Karnataka,Oil Seeds,"Sesamum(Sesame,Gingelly,Til)",April-2024,19.00,Metric Tonnes,12705.26,Rs./Quintal
Karnataka,Oil Seeds,Soyabean,April-2024,1706.00,Metric Tonnes,4581.68,Rs./Quintal
Karnataka,Oil Seeds,Sunflower/Sunflower Seed,April-2024,593.00,Metric Tonnes,4297.43,Rs./Quintal
Karnataka,Oil Seeds,Castor Seed,May-2024,35.00,Metric Tonnes,5537.37,Rs./Quintal
Karnataka,Oil Seeds,Copra,May-2024,15448.00,Metric Tonnes,9564.32,Rs./Quintal
Karnataka,Oil Seeds,Ground Nut Seed,May-2024,1240.00,Metric Tonnes,11057.90,Rs./Quintal
Karnataka,Oil Seeds,Groundnut,May-2024,4741.00,Metric Tonnes,6263.92,Rs./Quintal
Karnataka,Oil Seeds,Honge seed,May-2024,25.00,Metric Tonnes,3741.60,Rs./Quintal
Karnataka,Oil Seeds,Mustard,May-2024,295.00,Metric Tonnes,8786.01,Rs./Quintal
Karnataka,Oil Seeds,Safflower,May-2024,224.00,Metric Tonnes,4163.48,Rs./Quintal
Karnataka,Oil Seeds,"Sesamum(Sesame,Gingelly,Til)",May-2024,189.00,Metric Tonnes,8156.33,Rs./Quintal
Karnataka,Oil Seeds,Soyabean,May-2024,4178.00,Metric Tonnes,4577.99,Rs./Quintal
Karnataka,Oil Seeds,Sunflower/Sunflower Seed,May-2024,874.00,Metric Tonnes,4340.63,Rs./Quintal
Karnataka,Oil Seeds,Castor Seed,June-2024,59.00,Metric Tonnes,5619.49,Rs./Quintal
Karnataka,Oil Seeds,Copra,June-2024,9846.00,Metric Tonnes,8240.39,Rs./Quintal
Karnataka,Oil Seeds,Ground Nut Seed,June-2024,1291.00,Metric Tonnes,11466.92,Rs./Quintal
Karnataka,Oil Seeds,Groundnut,June-2024,2190.00,Metric Tonnes,6041.05,Rs./Quintal
Karnataka,Oil Seeds,Honge seed,June-2024,11.00,Metric Tonnes,4236.36,Rs./Quintal
Karnataka,Oil Seeds,Mustard,June-2024,305.00,Metric Tonnes,7835.80,Rs./Quintal
Karnataka,Oil Seeds,Niger Seed(Ramtil),June-2024,2.00,Metric Tonnes,8000.00,Rs./Quintal
Karnataka,Oil Seeds,Safflower,June-2024,154.00,Metric Tonnes,4416.18,Rs./Quintal
Karnataka,Oil Seeds,"Sesamum(Sesame,Gingelly,Til)",June-2024,26.00,Metric Tonnes,11246.15,Rs./Quintal
Karnataka,Oil Seeds,Soyabean,June-2024,3947.00,Metric Tonnes,4468.71,Rs./Quintal
Karnataka,Oil Seeds,Sunflower/Sunflower Seed,June-2024,1163.00,Metric Tonnes,4658.75,Rs./Quintal
Karnataka,Oil Seeds,Castor Seed,July-2024,14.00,Metric Tonnes,6017.86,Rs./Quintal
Karnataka,Oil Seeds,Copra,July-2024,12616.00,Metric Tonnes,8577.60,Rs./Quintal
Karnataka,Oil Seeds,Ground Nut Seed,July-2024,1848.00,Metric Tonnes,10612.77,Rs./Quintal
Karnataka,Oil Seeds,Groundnut,July-2024,2085.00,Metric Tonnes,5745.78,Rs./Quintal
Karnataka,Oil Seeds,Honge seed,July-2024,3.00,Metric Tonnes,3300.00,Rs./Quintal
Karnataka,Oil Seeds,Mustard,July-2024,258.00,Metric Tonnes,7766.67,Rs./Quintal
Karnataka,Oil Seeds,Safflower,July-2024,226.00,Metric Tonnes,4509.41,Rs./Quintal
Karnataka,Oil Seeds,"Sesamum(Sesame,Gingelly,Til)",July-2024,58.00,Metric Tonnes,12545.69,Rs./Quintal
Karnataka,Oil Seeds,Soyabean,July-2024,5308.00,Metric Tonnes,4428.96,Rs./Quintal
Karnataka,Oil Seeds,Sunflower/Sunflower Seed,July-2024,1319.00,Metric Tonnes,4587.10,Rs./Quintal
Karnataka,Oil Seeds,Castor Seed,August-2024,28.00,Metric Tonnes,5299.29,Rs./Quintal
Karnataka,Oil Seeds,Copra,August-2024,10262.00,Metric Tonnes,9445.05,Rs./Quintal
Karnataka,Oil Seeds,Ground Nut Seed,August-2024,1717.00,Metric Tonnes,11333.53,Rs./Quintal
Karnataka,Oil Seeds,Groundnut,August-2024,1672.00,Metric Tonnes,5598.29,Rs./Quintal
Karnataka,Oil Seeds,Honge seed,August-2024,16.00,Metric Tonnes,4106.25,Rs./Quintal
Karnataka,Oil Seeds,Mustard,August-2024,206.00,Metric Tonnes,7456.04,Rs./Quintal
Karnataka,Oil Seeds,Safflower,August-2024,182.00,Metric Tonnes,4603.08,Rs./Quintal
Karnataka,Oil Seeds,"Sesamum(Sesame,Gingelly,Til)",August-2024,1068.00,Metric Tonnes,12386.53,Rs./Quintal
Karnataka,Oil Seeds,Soyabean,August-2024,3767.00,Metric Tonnes,4230.15,Rs./Quintal
Karnataka,Oil Seeds,Sunflower/Sunflower Seed,August-2024,1952.00,Metric Tonnes,4529.43,Rs./Quintal
Karnataka,Oil Seeds,Castor Seed,September-2024,10.00,Metric Tonnes,6140.00,Rs./Quintal
Karnataka,Oil Seeds,Copra,September-2024,12602.00,Metric Tonnes,12909.92,Rs./Quintal
Karnataka,Oil Seeds,Ground Nut Seed,September-2024,1248.00,Metric Tonnes,11521.20,Rs./Quintal
Karnataka,Oil Seeds,Groundnut,September-2024,7693.00,Metric Tonnes,5672.05,Rs./Quintal
Karnataka,Oil Seeds,Honge seed,September-2024,20.00,Metric Tonnes,4175.00,Rs./Quintal
Karnataka,Oil Seeds,Mustard,September-2024,250.00,Metric Tonnes,7959.00,Rs./Quintal
Karnataka,Oil Seeds,Niger Seed(Ramtil),September-2024,4.00,Metric Tonnes,11715.00,Rs./Quintal
Karnataka,Oil Seeds,Safflower,September-2024,140.00,Metric Tonnes,4860.74,Rs./Quintal
Karnataka,Oil Seeds,"Sesamum(Sesame,Gingelly,Til)",September-2024,1495.00,Metric Tonnes,11322.39,Rs./Quintal
Karnataka,Oil Seeds,Soyabean,September-2024,16356.00,Metric Tonnes,4217.37,Rs./Quintal
Karnataka,Oil Seeds,Sunflower/Sunflower Seed,September-2024,6900.00,Metric Tonnes,5168.25,Rs./Quintal
Karnataka,Oil Seeds,Castor Seed,October-2024,10.00,Metric Tonnes,6124.60,Rs./Quintal
Karnataka,Oil Seeds,Copra,October-2024,9663.00,Metric Tonnes,13062.89,Rs./Quintal
Karnataka,Oil Seeds,Cotton Seed,October-2024,35.00,Metric Tonnes,4457.09,Rs./Quintal
Karnataka,Oil Seeds,Ground Nut Seed,October-2024,2093.00,Metric Tonnes,10913.28,Rs./Quintal
Karnataka,Oil Seeds,Groundnut,October-2024,10875.00,Metric Tonnes,5422.76,Rs./Quintal
Karnataka,Oil Seeds,Honge seed,October-2024,8.00,Metric Tonnes,3925.00,Rs./Quintal
Karnataka,Oil Seeds,Mustard,October-2024,198.00,Metric Tonnes,8092.93,Rs./Quintal
Karnataka,Oil Seeds,Safflower,October-2024,217.00,Metric Tonnes,5279.73,Rs./Quintal
Karnataka,Oil Seeds,"Sesamum(Sesame,Gingelly,Til)",October-2024,488.00,Metric Tonnes,12015.36,Rs./Quintal
Karnataka,Oil Seeds,Soyabean,October-2024,46426.00,Metric Tonnes,4043.95,Rs./Quintal
Karnataka,Oil Seeds,Sunflower/Sunflower Seed,October-2024,4699.00,Metric Tonnes,5503.81,Rs./Quintal
Karnataka,Oil Seeds,Castor Seed,November-2024,8.00,Metric Tonnes,6268.75,Rs./Quintal
Karnataka,Oil Seeds,Copra,November-2024,6190.00,Metric Tonnes,11542.53,Rs./Quintal
Karnataka,Oil Seeds,Cotton Seed,November-2024,57.00,Metric Tonnes,3377.00,Rs./Quintal
Karnataka,Oil Seeds,Ground Nut Seed,November-2024,876.00,Metric Tonnes,10471.64,Rs./Quintal
Karnataka,Oil Seeds,Groundnut,November-2024,7891.00,Metric Tonnes,5393.22,Rs./Quintal
Karnataka,Oil Seeds,Honge seed,November-2024,13.00,Metric Tonnes,3980.77,Rs./Quintal
Karnataka,Oil Seeds,Mustard,November-2024,55.00,Metric Tonnes,6121.82,Rs./Quintal
Karnataka,Oil Seeds,Safflower,November-2024,47.00,Metric Tonnes,5270.81,Rs./Quintal
Karnataka,Oil Seeds,"Sesamum(Sesame,Gingelly,Til)",November-2024,176.00,Metric Tonnes,10740.92,Rs./Quintal
Karnataka,Oil Seeds,Soyabean,November-2024,28697.00,Metric Tonnes,4075.37,Rs./Quintal
Karnataka,Oil Seeds,Sunflower/Sunflower Seed,November-2024,2778.00,Metric Tonnes,6092.65,Rs./Quintal
Karnataka,Oil Seeds,Castor Seed,December-2024,24.00,Metric Tonnes,4673.83,Rs./Quintal
Karnataka,Oil Seeds,Copra,December-2024,8034.00,Metric Tonnes,12403.03,Rs./Quintal
Karnataka,Oil Seeds,Ground Nut Seed,December-2024,1606.00,Metric Tonnes,10111.86,Rs./Quintal
Karnataka,Oil Seeds,Groundnut,December-2024,6253.00,Metric Tonnes,5334.42,Rs./Quintal
Karnataka,Oil Seeds,Honge seed,December-2024,8.00,Metric Tonnes,3900.00,Rs./Quintal
Karnataka,Oil Seeds,Mustard,December-2024,168.00,Metric Tonnes,7176.49,Rs./Quintal
Karnataka,Oil Seeds,Safflower,December-2024,105.00,Metric Tonnes,5503.90,Rs./Quintal
Karnataka,Oil Seeds,"Sesamum(Sesame,Gingelly,Til)",December-2024,326.00,Metric Tonnes,13794.69,Rs./Quintal
Karnataka,Oil Seeds,Soyabean,December-2024,14781.00,Metric Tonnes,4007.85,Rs./Quintal
Karnataka,Oil Seeds,Sunflower/Sunflower Seed,December-2024,1025.00,Metric Tonnes,5874.81,Rs./Quintal
Karnataka,Oil Seeds,Castor Seed,January-2025,70.00,Metric Tonnes,5253.79,Rs./Quintal
Karnataka,Oil Seeds,Copra,January-2025,13880.00,Metric Tonnes,12401.22,Rs./Quintal
Karnataka,Oil Seeds,Ground Nut Seed,January-2025,1410.00,Metric Tonnes,10882.66,Rs./Quintal
Karnataka,Oil Seeds,Groundnut,January-2025,21627.00,Metric Tonnes,5480.68,Rs./Quintal
Karnataka,Oil Seeds,Honge seed,January-2025,3.00,Metric Tonnes,5200.00,Rs./Quintal
Karnataka,Oil Seeds,Mustard,January-2025,133.00,Metric Tonnes,7095.86,Rs./Quintal
Karnataka,Oil Seeds,Safflower,January-2025,60.00,Metric Tonnes,5357.63,Rs./Quintal
Karnataka,Oil Seeds,"Sesamum(Sesame,Gingelly,Til)",January-2025,224.00,Metric Tonnes,12541.76,Rs./Quintal
Karnataka,Oil Seeds,Soyabean,January-2025,11148.00,Metric Tonnes,4058.35,Rs./Quintal
Karnataka,Oil Seeds,Sunflower/Sunflower Seed,January-2025,954.00,Metric Tonnes,6024.10,Rs./Quintal
Karnataka,Oil Seeds,Castor Seed,February-2025,58.00,Metric Tonnes,5771.45,Rs./Quintal
Karnataka,Oil Seeds,Copra,February-2025,11126.00,Metric Tonnes,12285.57,Rs./Quintal
Karnataka,Oil Seeds,Ground Nut Seed,February-2025,1029.00,Metric Tonnes,9926.60,Rs./Quintal
Karnataka,Oil Seeds,Groundnut,February-2025,17816.00,Metric Tonnes,5447.86,Rs./Quintal
Karnataka,Oil Seeds,Mustard,February-2025,115.00,Metric Tonnes,6997.99,Rs./Quintal
Karnataka,Oil Seeds,Safflower,February-2025,122.00,Metric Tonnes,5170.81,Rs./Quintal
Karnataka,Oil Seeds,"Sesamum(Sesame,Gingelly,Til)",February-2025,58.00,Metric Tonnes,9574.31,Rs./Quintal
Karnataka,Oil Seeds,Soyabean,February-2025,7093.00,Metric Tonnes,4028.96,Rs./Quintal
Karnataka,Oil Seeds,Sunflower/Sunflower Seed,February-2025,1087.00,Metric Tonnes,6329.33,Rs./Quintal
Karnataka,Oil Seeds,Castor Seed,March-2025,15.00,Metric Tonnes,6059.13,Rs./Quintal
Karnataka,Oil Seeds,Copra,March-2025,4452.00,Metric Tonnes,13585.89,Rs./Quintal
Karnataka,Oil Seeds,Ground Nut Seed,March-2025,686.00,Metric Tonnes,9445.18,Rs./Quintal
Karnataka,Oil Seeds,Groundnut,March-2025,2656.00,Metric Tonnes,5884.88,Rs./Quintal
Karnataka,Oil Seeds,Honge seed,March-2025,49.00,Metric Tonnes,4051.12,Rs./Quintal
Karnataka,Oil Seeds,Mustard,March-2025,20.00,Metric Tonnes,6895.00,Rs./Quintal
Karnataka,Oil Seeds,Safflower,March-2025,23.00,Metric Tonnes,5310.17,Rs./Quintal
Karnataka,Oil Seeds,"Sesamum(Sesame,Gingelly,Til)",March-2025,36.00,Metric Tonnes,10374.31,Rs./Quintal
Karnataka,Oil Seeds,Soyabean,March-2025,1382.00,Metric Tonnes,3980.46,Rs./Quintal
Karnataka,Oil Seeds,Sunflower/Sunflower Seed,March-2025,709.10,Metric Tonnes,5977.27,Rs./Quintal
Karnataka,Oil Seeds,Castor Seed,April-2025,12.00,Metric Tonnes,5760.00,Rs./Quintal
Karnataka,Oil Seeds,Copra,April-2025,4991.20,Metric Tonnes,15672.59,Rs./Quintal
Karnataka,Oil Seeds,Ground Nut Seed,April-2025,712.00,Metric Tonnes,9522.63,Rs./Quintal
Karnataka,Oil Seeds,Groundnut,April-2025,4777.00,Metric Tonnes,5367.89,Rs./Quintal
Karnataka,Oil Seeds,Honge seed,April-2025,64.00,Metric Tonnes,3839.06,Rs./Quintal
Karnataka,Oil Seeds,Mustard,April-2025,40.00,Metric Tonnes,5668.75,Rs./Quintal
Karnataka,Oil Seeds,Safflower,April-2025,102.00,Metric Tonnes,5555.41,Rs./Quintal
Karnataka,Oil Seeds,"Sesamum(Sesame,Gingelly,Til)",April-2025,1.00,Metric Tonnes,7125.00,Rs./Quintal
Karnataka,Oil Seeds,Soyabean,April-2025,1365.00,Metric Tonnes,4211.11,Rs./Quintal
Karnataka,Oil Seeds,Sunflower/Sunflower Seed,April-2025,236.00,Metric Tonnes,5303.32,Rs./Quintal
Karnataka,Oil Seeds,Castor Seed,May-2025,25.00,Metric Tonnes,5892.00,Rs./Quintal
Karnataka,Oil Seeds,Copra,May-2025,5702.00,Metric Tonnes,16587.07,Rs./Quintal
Karnataka,Oil Seeds,Ground Nut Seed,May-2025,712.00,Metric Tonnes,8875.15,Rs./Quintal
Karnataka,Oil Seeds,Groundnut,May-2025,924.10,Metric Tonnes,4823.98,Rs./Quintal
Karnataka,Oil Seeds,Honge seed,May-2025,106.00,Metric Tonnes,3941.41,Rs./Quintal
Karnataka,Oil Seeds,Mustard,May-2025,12.00,Metric Tonnes,6651.25,Rs./Quintal
Karnataka,Oil Seeds,Safflower,May-2025,33.00,Metric Tonnes,7117.21,Rs./Quintal
Karnataka,Oil Seeds,"Sesamum(Sesame,Gingelly,Til)",May-2025,6.00,Metric Tonnes,6000.00,Rs./Quintal
Karnataka,Oil Seeds,Soyabean,May-2025,1683.00,Metric Tonnes,4244.92,Rs./Quintal
Karnataka,Oil Seeds,Sunflower/Sunflower Seed,May-2025,102.00,Metric Tonnes,4751.61,Rs./Quintal
Karnataka,Oil Seeds,Castor Seed,June-2025,47.00,Metric Tonnes,5833.51,Rs./Quintal
Karnataka,Oil Seeds,Copra,June-2025,5657.00,Metric Tonnes,19019.34,Rs./Quintal
Karnataka,Oil Seeds,Ground Nut Seed,June-2025,785.00,Metric Tonnes,9047.85,Rs./Quintal
Karnataka,Oil Seeds,Groundnut,June-2025,195.00,Metric Tonnes,5046.45,Rs./Quintal
Karnataka,Oil Seeds,Gurellu,June-2025,10.00,Metric Tonnes,9500.00,Rs./Quintal
Karnataka,Oil Seeds,Honge seed,June-2025,108.00,Metric Tonnes,4418.06,Rs./Quintal
Karnataka,Oil Seeds,Mustard,June-2025,19.00,Metric Tonnes,7077.63,Rs./Quintal
Karnataka,Oil Seeds,Safflower,June-2025,14.00,Metric Tonnes,6989.43,Rs./Quintal
Karnataka,Oil Seeds,Soyabean,June-2025,1058.70,Metric Tonnes,4577.26,Rs./Quintal
Karnataka,Oil Seeds,Castor Seed,July-2025,28.00,Metric Tonnes,5703.75,Rs./Quintal
Karnataka,Oil Seeds,Copra,July-2025,3067.00,Metric Tonnes,19866.14,Rs./Quintal
Karnataka,Oil Seeds,Ground Nut Seed,July-2025,1239.00,Metric Tonnes,9371.47,Rs./Quintal
Karnataka,Oil Seeds,Groundnut,July-2025,48.00,Metric Tonnes,5319.25,Rs./Quintal
Karnataka,Oil Seeds,Honge seed,July-2025,27.00,Metric Tonnes,4748.15,Rs./Quintal
Karnataka,Oil Seeds,Mustard,July-2025,22.00,Metric Tonnes,7419.09,Rs./Quintal
Karnataka,Oil Seeds,Safflower,July-2025,27.00,Metric Tonnes,7613.59,Rs./Quintal
Karnataka,Oil Seeds,"Sesamum(Sesame,Gingelly,Til)",July-2025,64.00,Metric Tonnes,8225.00,Rs./Quintal
Karnataka,Oil Seeds,Soyabean,July-2025,746.30,Metric Tonnes,4362.96,Rs./Quintal
Karnataka,Oil Seeds,Castor Seed,August-2025,34.00,Metric Tonnes,5585.06,Rs./Quintal
Karnataka,Oil Seeds,Copra,August-2025,2629.00,Metric Tonnes,18338.37,Rs./Quintal
Karnataka,Oil Seeds,Cotton Seed,August-2025,3.00,Metric Tonnes,3300.00,Rs./Quintal
Karnataka,Oil Seeds,Ground Nut Seed,August-2025,896.00,Metric Tonnes,9314.20,Rs./Quintal
Karnataka,Oil Seeds,Groundnut,August-2025,11.00,Metric Tonnes,5189.82,Rs./Quintal
Karnataka,Oil Seeds,Gurellu,August-2025,13.00,Metric Tonnes,9500.00,Rs./Quintal
Karnataka,Oil Seeds,Mustard,August-2025,13.00,Metric Tonnes,7476.92,Rs./Quintal
Karnataka,Oil Seeds,Safflower,August-2025,17.00,Metric Tonnes,8400.59,Rs./Quintal
Karnataka,Oil Seeds,"Sesamum(Sesame,Gingelly,Til)",August-2025,7.00,Metric Tonnes,8700.00,Rs./Quintal
Karnataka,Oil Seeds,Soyabean,August-2025,556.00,Metric Tonnes,4757.78,Rs./Quintal
Karnataka,Oil Seeds,Castor Seed,September-2025,4.50,Metric Tonnes,6266.67,Rs./Quintal
Karnataka,Oil Seeds,Copra,September-2025,3432.11,Metric Tonnes,18805.21,Rs./Quintal
Karnataka,Oil Seeds,Ground Nut Seed,September-2025,335.90,Metric Tonnes,8904.66,Rs./Quintal
Karnataka,Oil Seeds,Groundnut,September-2025,86.58,Metric Tonnes,5188.12,Rs./Quintal
Karnataka,Oil Seeds,Mustard,September-2025,20.14,Metric Tonnes,7410.28,Rs./Quintal
Karnataka,Oil Seeds,Safflower,September-2025,16.82,Metric Tonnes,8239.34,Rs./Quintal
Karnataka,Oil Seeds,"Sesamum(Sesame,Gingelly,Til)",September-2025,10.36,Metric Tonnes,9386.10,Rs./Quintal
Karnataka,Oil Seeds,Soyabean,September-2025,2348.82,Metric Tonnes,4027.94,Rs./Quintal
Karnataka,Oil Seeds,Sunflower/Sunflower Seed,September-2025,69.09,Metric Tonnes,5866.71,Rs./Quintal
Karnataka,Oil Seeds,Castor Seed,October-2025,4.23,Metric Tonnes,5557.45,Rs./Quintal
Karnataka,Oil Seeds,Copra,October-2025,496.77,Metric Tonnes,19745.09,Rs./Quintal
Karnataka,Oil Seeds,Cotton Seed,October-2025,3.49,Metric Tonnes,6963.90,Rs./Quintal
Karnataka,Oil Seeds,Ground Nut Seed,October-2025,26.55,Metric Tonnes,9699.41,Rs./Quintal
Karnataka,Oil Seeds,Groundnut,October-2025,55.14,Metric Tonnes,5324.20,Rs./Quintal
Karnataka,Oil Seeds,Honge seed,October-2025,0.80,Metric Tonnes,4762.50,Rs./Quintal
Karnataka,Oil Seeds,Mustard,October-2025,5.16,Metric Tonnes,5588.11,Rs./Quintal
Karnataka,Oil Seeds,Safflower,October-2025,9.83,Metric Tonnes,5049.67,Rs./Quintal
Karnataka,Oil Seeds,Soyabean,October-2025,2173.19,Metric Tonnes,3923.68,Rs./Quintal
Karnataka,Oil Seeds,Sunflower/Sunflower Seed,October-2025,60.91,Metric Tonnes,6142.70,Rs./Quintal
Karnataka,Oil Seeds,Castor Seed,November-2025,113.90,Metric Tonnes,5758.37,Rs./Quintal
Karnataka,Oil Seeds,Copra,November-2025,267.98,Metric Tonnes,17839.90,Rs./Quintal
Karnataka,Oil Seeds,Cotton Seed,November-2025,10.00,Metric Tonnes,6500.00,Rs./Quintal
Karnataka,Oil Seeds,Ground Nut Seed,November-2025,1765.82,Metric Tonnes,9187.96,Rs./Quintal
Karnataka,Oil Seeds,Groundnut,November-2025,1223.87,Metric Tonnes,6015.50,Rs./Quintal
Karnataka,Oil Seeds,Mustard,November-2025,11.01,Metric Tonnes,7063.37,Rs./Quintal
Karnataka,Oil Seeds,Safflower,November-2025,43.86,Metric Tonnes,8122.45,Rs./Quintal
Karnataka,Oil Seeds,"Sesamum(Sesame,Gingelly,Til)",November-2025,0.36,Metric Tonnes,10416.83,Rs./Quintal
Karnataka,Oil Seeds,Soyabean,November-2025,8839.83,Metric Tonnes,4340.12,Rs./Quintal
Karnataka,Oil Seeds,Sunflower/Sunflower Seed,November-2025,331.36,Metric Tonnes,6256.28,Rs./Quintal
Karnataka,Oil Seeds,Castor Seed,December-2025,20.50,Metric Tonnes,5530.40,Rs./Quintal
Karnataka,Oil Seeds,Copra,December-2025,248.20,Metric Tonnes,17033.26,Rs./Quintal
Karnataka,Oil Seeds,Ground Nut Seed,December-2025,400.30,Metric Tonnes,9479.21,Rs./Quintal
Karnataka,Oil Seeds,Groundnut,December-2025,637.70,Metric Tonnes,6833.66,Rs./Quintal
Karnataka,Oil Seeds,Gurellu,December-2025,0.30,Metric Tonnes,7432.33,Rs./Quintal
Karnataka,Oil Seeds,Mustard,December-2025,41.60,Metric Tonnes,7384.56,Rs./Quintal
Karnataka,Oil Seeds,Safflower,December-2025,30.80,Metric Tonnes,8418.29,Rs./Quintal
Karnataka,Oil Seeds,"Sesamum(Sesame,Gingelly,Til)",December-2025,5.50,Metric Tonnes,9180.93,Rs./Quintal
Karnataka,Oil Seeds,Soyabean,December-2025,6264.80,Metric Tonnes,4499.29,Rs./Quintal
Karnataka,Oil Seeds,Sunflower/Sunflower Seed,December-2025,412.70,Metric Tonnes,6810.89,Rs./Quintal
Keralam,Oil Seeds,Coconut Seed,January-2023,1957.97,Metric Tonnes,3033.03,Rs./Quintal
Keralam,Oil Seeds,Copra,January-2023,1179.25,Metric Tonnes,8157.45,Rs./Quintal
Keralam,Oil Seeds,Coconut Seed,February-2023,1625.97,Metric Tonnes,3007.78,Rs./Quintal
Keralam,Oil Seeds,Copra,February-2023,887.05,Metric Tonnes,7876.69,Rs./Quintal
Keralam,Oil Seeds,Coconut Seed,March-2023,1412.62,Metric Tonnes,2759.43,Rs./Quintal
Keralam,Oil Seeds,Copra,March-2023,946.95,Metric Tonnes,7842.72,Rs./Quintal
Keralam,Oil Seeds,Coconut Seed,April-2023,6634.46,Metric Tonnes,3520.74,Rs./Quintal
Keralam,Oil Seeds,Copra,April-2023,800.25,Metric Tonnes,7735.27,Rs./Quintal
Keralam,Oil Seeds,Coconut Seed,May-2023,1368.84,Metric Tonnes,2632.41,Rs./Quintal
Keralam,Oil Seeds,Copra,May-2023,821.05,Metric Tonnes,7605.39,Rs./Quintal
Keralam,Oil Seeds,Coconut Seed,June-2023,7508.37,Metric Tonnes,3571.80,Rs./Quintal
Keralam,Oil Seeds,Copra,June-2023,792.65,Metric Tonnes,7574.74,Rs./Quintal
Keralam,Oil Seeds,Coconut Seed,July-2023,926.89,Metric Tonnes,2506.65,Rs./Quintal
Keralam,Oil Seeds,Copra,July-2023,607.55,Metric Tonnes,7630.42,Rs./Quintal
Keralam,Oil Seeds,Coconut Seed,August-2023,1277.84,Metric Tonnes,2806.87,Rs./Quintal
Keralam,Oil Seeds,Copra,August-2023,545.05,Metric Tonnes,7867.30,Rs./Quintal
Keralam,Oil Seeds,Coconut Seed,September-2023,1306.88,Metric Tonnes,2767.59,Rs./Quintal
Keralam,Oil Seeds,Copra,September-2023,516.55,Metric Tonnes,7930.87,Rs./Quintal
Keralam,Oil Seeds,Coconut Seed,October-2023,1218.39,Metric Tonnes,2830.71,Rs./Quintal
Keralam,Oil Seeds,Copra,October-2023,564.15,Metric Tonnes,8013.60,Rs./Quintal
Keralam,Oil Seeds,Coconut Seed,November-2023,1220.68,Metric Tonnes,2981.20,Rs./Quintal
Keralam,Oil Seeds,Copra,November-2023,657.75,Metric Tonnes,8168.65,Rs./Quintal
Keralam,Oil Seeds,Coconut Seed,December-2023,1461.82,Metric Tonnes,3046.93,Rs./Quintal
Keralam,Oil Seeds,Copra,December-2023,748.93,Metric Tonnes,8391.43,Rs./Quintal
Keralam,Oil Seeds,Coconut Seed,January-2024,2045.76,Metric Tonnes,3086.66,Rs./Quintal
Keralam,Oil Seeds,Copra,January-2024,731.13,Metric Tonnes,8716.31,Rs./Quintal
Keralam,Oil Seeds,Coconut Seed,February-2024,2019.30,Metric Tonnes,3165.26,Rs./Quintal
Keralam,Oil Seeds,Copra,February-2024,869.70,Metric Tonnes,8889.69,Rs./Quintal
Keralam,Oil Seeds,Coconut Seed,March-2024,2046.91,Metric Tonnes,3121.62,Rs./Quintal
Keralam,Oil Seeds,Copra,March-2024,761.89,Metric Tonnes,8378.10,Rs./Quintal
Keralam,Oil Seeds,Coconut Seed,April-2024,1864.69,Metric Tonnes,3159.89,Rs./Quintal
Keralam,Oil Seeds,Copra,April-2024,748.90,Metric Tonnes,8748.40,Rs./Quintal
Keralam,Oil Seeds,Coconut Seed,May-2024,1861.35,Metric Tonnes,3181.56,Rs./Quintal
Keralam,Oil Seeds,Copra,May-2024,689.51,Metric Tonnes,9044.15,Rs./Quintal
Keralam,Oil Seeds,Coconut Seed,June-2024,1938.90,Metric Tonnes,3060.75,Rs./Quintal
Keralam,Oil Seeds,Copra,June-2024,532.25,Metric Tonnes,8621.30,Rs./Quintal
Keralam,Oil Seeds,Coconut Seed,July-2024,1783.07,Metric Tonnes,3152.82,Rs./Quintal
Keralam,Oil Seeds,Copra,July-2024,460.25,Metric Tonnes,9087.73,Rs./Quintal
Keralam,Oil Seeds,Coconut Seed,August-2024,1713.40,Metric Tonnes,3240.44,Rs./Quintal
Keralam,Oil Seeds,Copra,August-2024,457.76,Metric Tonnes,9583.54,Rs./Quintal
Keralam,Oil Seeds,Coconut Seed,September-2024,1873.37,Metric Tonnes,3424.25,Rs./Quintal
Keralam,Oil Seeds,Copra,September-2024,517.94,Metric Tonnes,10204.56,Rs./Quintal
Keralam,Oil Seeds,Coconut Seed,October-2024,1859.17,Metric Tonnes,4160.92,Rs./Quintal
Keralam,Oil Seeds,Copra,October-2024,465.11,Metric Tonnes,12402.94,Rs./Quintal
Keralam,Oil Seeds,Coconut Seed,November-2024,1738.22,Metric Tonnes,4606.28,Rs./Quintal
Keralam,Oil Seeds,Copra,November-2024,594.88,Metric Tonnes,12554.95,Rs./Quintal
Keralam,Oil Seeds,Coconut Seed,December-2024,1608.67,Metric Tonnes,4844.52,Rs./Quintal
Keralam,Oil Seeds,Copra,December-2024,528.56,Metric Tonnes,12828.46,Rs./Quintal
Keralam,Oil Seeds,Coconut Seed,January-2025,1533.28,Metric Tonnes,5388.67,Rs./Quintal
Keralam,Oil Seeds,Copra,January-2025,496.03,Metric Tonnes,13539.63,Rs./Quintal
Keralam,Oil Seeds,Coconut Seed,February-2025,1449.06,Metric Tonnes,5538.13,Rs./Quintal
Keralam,Oil Seeds,Copra,February-2025,611.78,Metric Tonnes,13612.81,Rs./Quintal
Keralam,Oil Seeds,Coconut Seed,March-2025,1532.42,Metric Tonnes,5537.51,Rs./Quintal
Keralam,Oil Seeds,Copra,March-2025,568.72,Metric Tonnes,14487.31,Rs./Quintal
Keralam,Oil Seeds,Coconut Seed,April-2025,1689.79,Metric Tonnes,5965.77,Rs./Quintal
Keralam,Oil Seeds,Copra,April-2025,592.19,Metric Tonnes,15901.37,Rs./Quintal
Keralam,Oil Seeds,Coconut Seed,May-2025,1586.47,Metric Tonnes,6096.92,Rs./Quintal
Keralam,Oil Seeds,Copra,May-2025,621.51,Metric Tonnes,17140.90,Rs./Quintal
Keralam,Oil Seeds,Coconut Seed,June-2025,1450.84,Metric Tonnes,6719.76,Rs./Quintal
Keralam,Oil Seeds,Copra,June-2025,245.36,Metric Tonnes,18402.57,Rs./Quintal
Keralam,Oil Seeds,Coconut Seed,July-2025,2826.51,Metric Tonnes,4435.15,Rs./Quintal
Keralam,Oil Seeds,Copra,July-2025,326.95,Metric Tonnes,20817.33,Rs./Quintal
Keralam,Oil Seeds,Coconut Seed,August-2025,2543.79,Metric Tonnes,4530.06,Rs./Quintal
Keralam,Oil Seeds,Copra,August-2025,279.75,Metric Tonnes,20233.51,Rs./Quintal
Keralam,Oil Seeds,Coconut Seed,September-2025,3056.53,Metric Tonnes,3633.14,Rs./Quintal
Keralam,Oil Seeds,Copra,September-2025,249.30,Metric Tonnes,21129.28,Rs./Quintal
Keralam,Oil Seeds,Coconut Seed,October-2025,3109.50,Metric Tonnes,3943.09,Rs./Quintal
Keralam,Oil Seeds,Copra,October-2025,250.93,Metric Tonnes,20716.08,Rs./Quintal
Keralam,Oil Seeds,Coconut Seed,November-2025,1657.69,Metric Tonnes,5987.62,Rs./Quintal
Keralam,Oil Seeds,Copra,November-2025,323.88,Metric Tonnes,20433.05,Rs./Quintal
Keralam,Oil Seeds,Coconut Seed,December-2025,960.56,Metric Tonnes,6096.78,Rs./Quintal
Keralam,Oil Seeds,Copra,December-2025,374.21,Metric Tonnes,20021.67,Rs./Quintal
Madhya Pradesh,Oil Seeds,Castor Seed,January-2023,277.80,Metric Tonnes,6476.61,Rs./Quintal
Madhya Pradesh,Oil Seeds,Ground Nut Seed,January-2023,25.00,Metric Tonnes,5691.80,Rs./Quintal
Madhya Pradesh,Oil Seeds,Groundnut,January-2023,5208.96,Metric Tonnes,5790.31,Rs./Quintal
Madhya Pradesh,Oil Seeds,Linseed,January-2023,3509.67,Metric Tonnes,5433.96,Rs./Quintal
Madhya Pradesh,Oil Seeds,Mustard,January-2023,25387.80,Metric Tonnes,5432.73,Rs./Quintal
Madhya Pradesh,Oil Seeds,Niger Seed(Ramtil),January-2023,461.70,Metric Tonnes,7077.73,Rs./Quintal
Madhya Pradesh,Oil Seeds,"Sesamum(Sesame,Gingelly,Til)",January-2023,1167.31,Metric Tonnes,11925.03,Rs./Quintal
Madhya Pradesh,Oil Seeds,Soyabean,January-2023,343823.73,Metric Tonnes,5330.30,Rs./Quintal
Madhya Pradesh,Oil Seeds,Suva(Dill Seed),January-2023,0.20,Metric Tonnes,5601.00,Rs./Quintal
Madhya Pradesh,Oil Seeds,Taramira,January-2023,9.30,Metric Tonnes,4813.67,Rs./Quintal
Madhya Pradesh,Oil Seeds,Castor Seed,February-2023,108.80,Metric Tonnes,6332.32,Rs./Quintal
Madhya Pradesh,Oil Seeds,Groundnut,February-2023,4504.29,Metric Tonnes,6271.32,Rs./Quintal
Madhya Pradesh,Oil Seeds,Linseed,February-2023,2560.99,Metric Tonnes,5193.18,Rs./Quintal
Madhya Pradesh,Oil Seeds,Mustard,February-2023,102409.73,Metric Tonnes,4986.71,Rs./Quintal
Madhya Pradesh,Oil Seeds,Niger Seed(Ramtil),February-2023,454.39,Metric Tonnes,6975.91,Rs./Quintal
Madhya Pradesh,Oil Seeds,"Sesamum(Sesame,Gingelly,Til)",February-2023,642.13,Metric Tonnes,9322.11,Rs./Quintal
Madhya Pradesh,Oil Seeds,Soyabean,February-2023,288209.34,Metric Tonnes,5242.97,Rs./Quintal
Madhya Pradesh,Oil Seeds,Taramira,February-2023,23.30,Metric Tonnes,5107.66,Rs./Quintal
Madhya Pradesh,Oil Seeds,Castor Seed,March-2023,39.40,Metric Tonnes,5604.31,Rs./Quintal
Madhya Pradesh,Oil Seeds,Groundnut,March-2023,820.63,Metric Tonnes,6015.72,Rs./Quintal
Madhya Pradesh,Oil Seeds,Linseed,March-2023,5852.46,Metric Tonnes,4680.85,Rs./Quintal
Madhya Pradesh,Oil Seeds,Mustard,March-2023,182705.56,Metric Tonnes,4823.82,Rs./Quintal
Madhya Pradesh,Oil Seeds,Niger Seed(Ramtil),March-2023,195.55,Metric Tonnes,6911.04,Rs./Quintal
Madhya Pradesh,Oil Seeds,"Sesamum(Sesame,Gingelly,Til)",March-2023,167.10,Metric Tonnes,8586.33,Rs./Quintal
Madhya Pradesh,Oil Seeds,Soyabean,March-2023,117518.33,Metric Tonnes,5135.43,Rs./Quintal
Madhya Pradesh,Oil Seeds,Suva(Dill Seed),March-2023,3.60,Metric Tonnes,6073.61,Rs./Quintal
Madhya Pradesh,Oil Seeds,Taramira,March-2023,20.30,Metric Tonnes,5133.29,Rs./Quintal
Madhya Pradesh,Oil Seeds,Castor Seed,April-2023,56.10,Metric Tonnes,5376.84,Rs./Quintal
Madhya Pradesh,Oil Seeds,Groundnut,April-2023,312.74,Metric Tonnes,5861.19,Rs./Quintal
Madhya Pradesh,Oil Seeds,Linseed,April-2023,12735.90,Metric Tonnes,4239.99,Rs./Quintal
Madhya Pradesh,Oil Seeds,Mustard,April-2023,113626.15,Metric Tonnes,4756.13,Rs./Quintal
Madhya Pradesh,Oil Seeds,Niger Seed(Ramtil),April-2023,96.47,Metric Tonnes,7715.17,Rs./Quintal
Madhya Pradesh,Oil Seeds,"Sesamum(Sesame,Gingelly,Til)",April-2023,72.68,Metric Tonnes,11406.44,Rs./Quintal
Madhya Pradesh,Oil Seeds,Soyabean,April-2023,110625.93,Metric Tonnes,5176.40,Rs./Quintal
Madhya Pradesh,Oil Seeds,Taramira,April-2023,15.00,Metric Tonnes,5273.40,Rs./Quintal
Madhya Pradesh,Oil Seeds,Castor Seed,May-2023,26.95,Metric Tonnes,3517.86,Rs./Quintal
Madhya Pradesh,Oil Seeds,Groundnut,May-2023,349.73,Metric Tonnes,6045.21,Rs./Quintal
Madhya Pradesh,Oil Seeds,Linseed,May-2023,10383.62,Metric Tonnes,4263.75,Rs./Quintal
Madhya Pradesh,Oil Seeds,Mustard,May-2023,55194.62,Metric Tonnes,4556.95,Rs./Quintal
Madhya Pradesh,Oil Seeds,Niger Seed(Ramtil),May-2023,343.66,Metric Tonnes,8345.40,Rs./Quintal
Madhya Pradesh,Oil Seeds,"Sesamum(Sesame,Gingelly,Til)",May-2023,10.65,Metric Tonnes,11366.15,Rs./Quintal
Madhya Pradesh,Oil Seeds,Soyabean,May-2023,111023.68,Metric Tonnes,5095.67,Rs./Quintal
Madhya Pradesh,Oil Seeds,Suva(Dill Seed),May-2023,0.10,Metric Tonnes,6520.00,Rs./Quintal
Madhya Pradesh,Oil Seeds,Taramira,May-2023,49.38,Metric Tonnes,2963.83,Rs./Quintal
Madhya Pradesh,Oil Seeds,Castor Seed,June-2023,57.31,Metric Tonnes,4442.03,Rs./Quintal
Madhya Pradesh,Oil Seeds,Groundnut,June-2023,1004.03,Metric Tonnes,5643.82,Rs./Quintal
Madhya Pradesh,Oil Seeds,Linseed,June-2023,8995.69,Metric Tonnes,3971.53,Rs./Quintal
Madhya Pradesh,Oil Seeds,Mustard,June-2023,44619.07,Metric Tonnes,4538.90,Rs./Quintal
Madhya Pradesh,Oil Seeds,Niger Seed(Ramtil),June-2023,942.40,Metric Tonnes,8776.25,Rs./Quintal
Madhya Pradesh,Oil Seeds,"Sesamum(Sesame,Gingelly,Til)",June-2023,620.20,Metric Tonnes,13228.05,Rs./Quintal
Madhya Pradesh,Oil Seeds,Soyabean,June-2023,162521.43,Metric Tonnes,4969.69,Rs./Quintal
Madhya Pradesh,Oil Seeds,Suva(Dill Seed),June-2023,0.30,Metric Tonnes,6500.00,Rs./Quintal
Madhya Pradesh,Oil Seeds,Taramira,June-2023,13.30,Metric Tonnes,4843.58,Rs./Quintal
Madhya Pradesh,Oil Seeds,Castor Seed,July-2023,4.30,Metric Tonnes,5220.93,Rs./Quintal
Madhya Pradesh,Oil Seeds,Groundnut,July-2023,315.67,Metric Tonnes,6047.52,Rs./Quintal
Madhya Pradesh,Oil Seeds,Honge seed,July-2023,0.28,Metric Tonnes,3378.89,Rs./Quintal
Madhya Pradesh,Oil Seeds,Linseed,July-2023,5141.41,Metric Tonnes,4755.07,Rs./Quintal
Madhya Pradesh,Oil Seeds,Mustard,July-2023,39011.94,Metric Tonnes,4981.27,Rs./Quintal
Madhya Pradesh,Oil Seeds,Niger Seed(Ramtil),July-2023,19.20,Metric Tonnes,8229.70,Rs./Quintal
Madhya Pradesh,Oil Seeds,"Sesamum(Sesame,Gingelly,Til)",July-2023,439.04,Metric Tonnes,13263.78,Rs./Quintal
Madhya Pradesh,Oil Seeds,Soyabean,July-2023,227683.48,Metric Tonnes,4787.21,Rs./Quintal
Madhya Pradesh,Oil Seeds,Taramira,July-2023,7.70,Metric Tonnes,5056.71,Rs./Quintal
Madhya Pradesh,Oil Seeds,Castor Seed,August-2023,76.60,Metric Tonnes,5131.82,Rs./Quintal
Madhya Pradesh,Oil Seeds,Groundnut,August-2023,117.79,Metric Tonnes,5493.22,Rs./Quintal
Madhya Pradesh,Oil Seeds,Honge seed,August-2023,0.16,Metric Tonnes,3387.19,Rs./Quintal
Madhya Pradesh,Oil Seeds,Linseed,August-2023,4935.02,Metric Tonnes,4777.22,Rs./Quintal
Madhya Pradesh,Oil Seeds,Mustard,August-2023,25416.25,Metric Tonnes,5186.16,Rs./Quintal
Madhya Pradesh,Oil Seeds,Niger Seed(Ramtil),August-2023,1.40,Metric Tonnes,8400.00,Rs./Quintal
Madhya Pradesh,Oil Seeds,"Sesamum(Sesame,Gingelly,Til)",August-2023,224.28,Metric Tonnes,12852.70,Rs./Quintal
Madhya Pradesh,Oil Seeds,Soyabean,August-2023,167228.11,Metric Tonnes,4795.27,Rs./Quintal
Madhya Pradesh,Oil Seeds,Suva(Dill Seed),August-2023,0.40,Metric Tonnes,17000.00,Rs./Quintal
Madhya Pradesh,Oil Seeds,Taramira,August-2023,7.10,Metric Tonnes,5240.87,Rs./Quintal
Madhya Pradesh,Oil Seeds,Castor Seed,September-2023,14.10,Metric Tonnes,5400.00,Rs./Quintal
Madhya Pradesh,Oil Seeds,Groundnut,September-2023,252.80,Metric Tonnes,977.18,Rs./Quintal
Madhya Pradesh,Oil Seeds,Linseed,September-2023,1950.56,Metric Tonnes,4965.10,Rs./Quintal
Madhya Pradesh,Oil Seeds,Mustard,September-2023,11503.85,Metric Tonnes,5096.12,Rs./Quintal
Madhya Pradesh,Oil Seeds,Niger Seed(Ramtil),September-2023,334.10,Metric Tonnes,8066.12,Rs./Quintal
Madhya Pradesh,Oil Seeds,"Sesamum(Sesame,Gingelly,Til)",September-2023,594.40,Metric Tonnes,13895.04,Rs./Quintal
Madhya Pradesh,Oil Seeds,Soyabean,September-2023,97006.34,Metric Tonnes,4480.75,Rs./Quintal
Madhya Pradesh,Oil Seeds,Taramira,September-2023,1.20,Metric Tonnes,5151.17,Rs./Quintal
Madhya Pradesh,Oil Seeds,Castor Seed,October-2023,81.65,Metric Tonnes,5125.83,Rs./Quintal
Madhya Pradesh,Oil Seeds,Ground Nut Seed,October-2023,1555.70,Metric Tonnes,4841.07,Rs./Quintal
Madhya Pradesh,Oil Seeds,Groundnut,October-2023,16811.61,Metric Tonnes,4963.46,Rs./Quintal
Madhya Pradesh,Oil Seeds,Linseed,October-2023,7199.84,Metric Tonnes,5133.48,Rs./Quintal
Madhya Pradesh,Oil Seeds,Mustard,October-2023,25701.90,Metric Tonnes,5074.34,Rs./Quintal
Madhya Pradesh,Oil Seeds,Niger Seed(Ramtil),October-2023,558.94,Metric Tonnes,8013.00,Rs./Quintal
Madhya Pradesh,Oil Seeds,"Sesamum(Sesame,Gingelly,Til)",October-2023,9553.56,Metric Tonnes,14136.32,Rs./Quintal
Madhya Pradesh,Oil Seeds,Soyabean,October-2023,835690.11,Metric Tonnes,4374.79,Rs./Quintal
Madhya Pradesh,Oil Seeds,Suva(Dill Seed),October-2023,0.30,Metric Tonnes,13200.33,Rs./Quintal
Madhya Pradesh,Oil Seeds,Taramira,October-2023,4.90,Metric Tonnes,4895.16,Rs./Quintal
Madhya Pradesh,Oil Seeds,Castor Seed,November-2023,84.50,Metric Tonnes,5049.25,Rs./Quintal
Madhya Pradesh,Oil Seeds,Ground Nut Seed,November-2023,1248.10,Metric Tonnes,4818.33,Rs./Quintal
Madhya Pradesh,Oil Seeds,Groundnut,November-2023,24352.99,Metric Tonnes,5370.55,Rs./Quintal
Madhya Pradesh,Oil Seeds,Linseed,November-2023,4478.44,Metric Tonnes,5028.00,Rs./Quintal
Madhya Pradesh,Oil Seeds,Mustard,November-2023,18980.01,Metric Tonnes,5120.14,Rs./Quintal
Madhya Pradesh,Oil Seeds,Niger Seed(Ramtil),November-2023,120.05,Metric Tonnes,8120.26,Rs./Quintal
Madhya Pradesh,Oil Seeds,"Sesamum(Sesame,Gingelly,Til)",November-2023,2283.22,Metric Tonnes,13182.38,Rs./Quintal
Madhya Pradesh,Oil Seeds,Soyabean,November-2023,562881.76,Metric Tonnes,4797.92,Rs./Quintal
Madhya Pradesh,Oil Seeds,Suva(Dill Seed),November-2023,0.10,Metric Tonnes,6500.00,Rs./Quintal
Madhya Pradesh,Oil Seeds,Taramira,November-2023,8.20,Metric Tonnes,4708.29,Rs./Quintal
Madhya Pradesh,Oil Seeds,Castor Seed,December-2023,305.60,Metric Tonnes,5349.09,Rs./Quintal
Madhya Pradesh,Oil Seeds,Ground Nut Seed,December-2023,286.10,Metric Tonnes,5472.51,Rs./Quintal
Madhya Pradesh,Oil Seeds,Groundnut,December-2023,15759.68,Metric Tonnes,5685.34,Rs./Quintal
Madhya Pradesh,Oil Seeds,Linseed,December-2023,3565.93,Metric Tonnes,5120.40,Rs./Quintal
Madhya Pradesh,Oil Seeds,Mustard,December-2023,12844.71,Metric Tonnes,5027.14,Rs./Quintal
Madhya Pradesh,Oil Seeds,Niger Seed(Ramtil),December-2023,3.39,Metric Tonnes,8573.89,Rs./Quintal
Madhya Pradesh,Oil Seeds,"Sesamum(Sesame,Gingelly,Til)",December-2023,1557.76,Metric Tonnes,13132.06,Rs./Quintal
Madhya Pradesh,Oil Seeds,Soyabean,December-2023,405469.10,Metric Tonnes,4643.03,Rs./Quintal
Madhya Pradesh,Oil Seeds,Taramira,December-2023,4.60,Metric Tonnes,4810.89,Rs./Quintal
Madhya Pradesh,Oil Seeds,Groundnut,January-2024,35.35,Metric Tonnes,8774.12,Rs./Quintal
Madhya Pradesh,Oil Seeds,Linseed,January-2024,88.34,Metric Tonnes,4894.11,Rs./Quintal
Madhya Pradesh,Oil Seeds,Mustard,January-2024,4423.38,Metric Tonnes,4749.24,Rs./Quintal
Madhya Pradesh,Oil Seeds,"Sesamum(Sesame,Gingelly,Til)",January-2024,696.39,Metric Tonnes,12607.27,Rs./Quintal
Madhya Pradesh,Oil Seeds,Soyabean,January-2024,286980.97,Metric Tonnes,4461.46,Rs./Quintal
Madhya Pradesh,Oil Seeds,Groundnut,February-2024,1557.66,Metric Tonnes,5038.66,Rs./Quintal
Madhya Pradesh,Oil Seeds,Linseed,February-2024,0.34,Metric Tonnes,4790.00,Rs./Quintal
Madhya Pradesh,Oil Seeds,Mustard,February-2024,62797.28,Metric Tonnes,4573.13,Rs./Quintal
Madhya Pradesh,Oil Seeds,"Sesamum(Sesame,Gingelly,Til)",February-2024,901.74,Metric Tonnes,12303.69,Rs./Quintal
Madhya Pradesh,Oil Seeds,Soyabean,February-2024,247271.42,Metric Tonnes,4299.99,Rs./Quintal
Madhya Pradesh,Oil Seeds,Sunflower/Sunflower Seed,February-2024,1.28,Metric Tonnes,4270.00,Rs./Quintal
Madhya Pradesh,Oil Seeds,Groundnut,March-2024,3683.63,Metric Tonnes,5228.29,Rs./Quintal
Madhya Pradesh,Oil Seeds,Linseed,March-2024,101.66,Metric Tonnes,4898.48,Rs./Quintal
Madhya Pradesh,Oil Seeds,Mustard,March-2024,126760.39,Metric Tonnes,4820.26,Rs./Quintal
Madhya Pradesh,Oil Seeds,"Sesamum(Sesame,Gingelly,Til)",March-2024,620.86,Metric Tonnes,11968.42,Rs./Quintal
Madhya Pradesh,Oil Seeds,Soyabean,March-2024,184113.44,Metric Tonnes,4392.99,Rs./Quintal
Madhya Pradesh,Oil Seeds,Sunflower/Sunflower Seed,March-2024,1.39,Metric Tonnes,3801.00,Rs./Quintal
Madhya Pradesh,Oil Seeds,Groundnut,April-2024,1910.80,Metric Tonnes,5596.93,Rs./Quintal
Madhya Pradesh,Oil Seeds,Linseed,April-2024,670.94,Metric Tonnes,5005.76,Rs./Quintal
Madhya Pradesh,Oil Seeds,Mustard,April-2024,58491.46,Metric Tonnes,4871.32,Rs./Quintal
Madhya Pradesh,Oil Seeds,"Sesamum(Sesame,Gingelly,Til)",April-2024,238.70,Metric Tonnes,11095.64,Rs./Quintal
Madhya Pradesh,Oil Seeds,Soyabean,April-2024,160148.45,Metric Tonnes,4520.84,Rs./Quintal
Madhya Pradesh,Oil Seeds,Groundnut,May-2024,4596.26,Metric Tonnes,5968.01,Rs./Quintal
Madhya Pradesh,Oil Seeds,Linseed,May-2024,575.10,Metric Tonnes,5747.88,Rs./Quintal
Madhya Pradesh,Oil Seeds,Mustard,May-2024,45626.23,Metric Tonnes,5318.90,Rs./Quintal
Madhya Pradesh,Oil Seeds,"Sesamum(Sesame,Gingelly,Til)",May-2024,174.55,Metric Tonnes,11558.22,Rs./Quintal
Madhya Pradesh,Oil Seeds,Soyabean,May-2024,230091.64,Metric Tonnes,4539.10,Rs./Quintal
Madhya Pradesh,Oil Seeds,Groundnut,June-2024,4408.29,Metric Tonnes,5737.58,Rs./Quintal
Madhya Pradesh,Oil Seeds,Linseed,June-2024,135.71,Metric Tonnes,6023.47,Rs./Quintal
Madhya Pradesh,Oil Seeds,Mustard,June-2024,33108.19,Metric Tonnes,5483.12,Rs./Quintal
Madhya Pradesh,Oil Seeds,"Sesamum(Sesame,Gingelly,Til)",June-2024,2098.00,Metric Tonnes,12020.08,Rs./Quintal
Madhya Pradesh,Oil Seeds,Soyabean,June-2024,298348.35,Metric Tonnes,4444.47,Rs./Quintal
Madhya Pradesh,Oil Seeds,Sunflower/Sunflower Seed,June-2024,20.07,Metric Tonnes,4650.00,Rs./Quintal
Madhya Pradesh,Oil Seeds,Groundnut,July-2024,5544.15,Metric Tonnes,5333.98,Rs./Quintal
Madhya Pradesh,Oil Seeds,Linseed,July-2024,85.18,Metric Tonnes,6005.60,Rs./Quintal
Madhya Pradesh,Oil Seeds,Mustard,July-2024,17369.24,Metric Tonnes,5404.53,Rs./Quintal
Madhya Pradesh,Oil Seeds,"Sesamum(Sesame,Gingelly,Til)",July-2024,1291.34,Metric Tonnes,11593.09,Rs./Quintal
Madhya Pradesh,Oil Seeds,Soyabean,July-2024,312829.71,Metric Tonnes,4336.61,Rs./Quintal
Madhya Pradesh,Oil Seeds,Groundnut,August-2024,2566.34,Metric Tonnes,5172.76,Rs./Quintal
Madhya Pradesh,Oil Seeds,Linseed,August-2024,2570.87,Metric Tonnes,5735.26,Rs./Quintal
Madhya Pradesh,Oil Seeds,Mustard,August-2024,16505.24,Metric Tonnes,5387.38,Rs./Quintal
Madhya Pradesh,Oil Seeds,Niger Seed(Ramtil),August-2024,60.82,Metric Tonnes,8548.07,Rs./Quintal
Madhya Pradesh,Oil Seeds,Safflower,August-2024,5.55,Metric Tonnes,4003.24,Rs./Quintal
Madhya Pradesh,Oil Seeds,"Sesamum(Sesame,Gingelly,Til)",August-2024,703.32,Metric Tonnes,10951.52,Rs./Quintal
Madhya Pradesh,Oil Seeds,Soha,August-2024,7.20,Metric Tonnes,4950.00,Rs./Quintal
Madhya Pradesh,Oil Seeds,Soyabean,August-2024,166903.34,Metric Tonnes,4229.94,Rs./Quintal
Madhya Pradesh,Oil Seeds,Sunflower/Sunflower Seed,August-2024,1.06,Metric Tonnes,4214.13,Rs./Quintal
Madhya Pradesh,Oil Seeds,Cotton Seed,September-2024,1.19,Metric Tonnes,4540.00,Rs./Quintal
Madhya Pradesh,Oil Seeds,Groundnut,September-2024,1734.43,Metric Tonnes,5681.20,Rs./Quintal
Madhya Pradesh,Oil Seeds,Linseed,September-2024,4534.85,Metric Tonnes,5917.32,Rs./Quintal
Madhya Pradesh,Oil Seeds,Mustard,September-2024,26937.76,Metric Tonnes,5860.32,Rs./Quintal
Madhya Pradesh,Oil Seeds,Niger Seed(Ramtil),September-2024,108.76,Metric Tonnes,7894.27,Rs./Quintal
Madhya Pradesh,Oil Seeds,Safflower,September-2024,2.52,Metric Tonnes,3780.28,Rs./Quintal
Madhya Pradesh,Oil Seeds,"Sesamum(Sesame,Gingelly,Til)",September-2024,477.00,Metric Tonnes,11701.86,Rs./Quintal
Madhya Pradesh,Oil Seeds,Soyabean,September-2024,238369.08,Metric Tonnes,4393.55,Rs./Quintal
Madhya Pradesh,Oil Seeds,Sunflower/Sunflower Seed,September-2024,2.40,Metric Tonnes,3785.00,Rs./Quintal
Madhya Pradesh,Oil Seeds,Groundnut,October-2024,18596.13,Metric Tonnes,4767.56,Rs./Quintal
Madhya Pradesh,Oil Seeds,Linseed,October-2024,3836.91,Metric Tonnes,5956.92,Rs./Quintal
Madhya Pradesh,Oil Seeds,Mustard,October-2024,16398.14,Metric Tonnes,5976.21,Rs./Quintal
Madhya Pradesh,Oil Seeds,Niger Seed(Ramtil),October-2024,65.12,Metric Tonnes,8382.23,Rs./Quintal
Madhya Pradesh,Oil Seeds,Safflower,October-2024,0.47,Metric Tonnes,3710.94,Rs./Quintal
Madhya Pradesh,Oil Seeds,"Sesamum(Sesame,Gingelly,Til)",October-2024,5309.64,Metric Tonnes,11085.11,Rs./Quintal
Madhya Pradesh,Oil Seeds,Soha,October-2024,3.46,Metric Tonnes,4177.25,Rs./Quintal
Madhya Pradesh,Oil Seeds,Soyabean,October-2024,764812.19,Metric Tonnes,4186.24,Rs./Quintal
Madhya Pradesh,Oil Seeds,Sunflower/Sunflower Seed,October-2024,2.39,Metric Tonnes,3937.93,Rs./Quintal
Madhya Pradesh,Oil Seeds,Suva(Dill Seed),October-2024,2.32,Metric Tonnes,12900.00,Rs./Quintal
Madhya Pradesh,Oil Seeds,Castor Seed,November-2024,7.50,Metric Tonnes,5010.00,Rs./Quintal
Madhya Pradesh,Oil Seeds,Groundnut,November-2024,38629.12,Metric Tonnes,4346.09,Rs./Quintal
Madhya Pradesh,Oil Seeds,Linseed,November-2024,3412.09,Metric Tonnes,5888.30,Rs./Quintal
Madhya Pradesh,Oil Seeds,Mustard,November-2024,9022.78,Metric Tonnes,5768.49,Rs./Quintal
Madhya Pradesh,Oil Seeds,Niger Seed(Ramtil),November-2024,13.50,Metric Tonnes,5162.96,Rs./Quintal
Madhya Pradesh,Oil Seeds,Safflower,November-2024,0.67,Metric Tonnes,4372.69,Rs./Quintal
Madhya Pradesh,Oil Seeds,"Sesamum(Sesame,Gingelly,Til)",November-2024,2945.89,Metric Tonnes,10676.34,Rs./Quintal
Madhya Pradesh,Oil Seeds,Soyabean,November-2024,638539.71,Metric Tonnes,4166.11,Rs./Quintal
Madhya Pradesh,Oil Seeds,Sunflower/Sunflower Seed,November-2024,4.30,Metric Tonnes,4253.46,Rs./Quintal
Madhya Pradesh,Oil Seeds,Groundnut,December-2024,30927.59,Metric Tonnes,4266.81,Rs./Quintal
Madhya Pradesh,Oil Seeds,Linseed,December-2024,2346.98,Metric Tonnes,5825.17,Rs./Quintal
Madhya Pradesh,Oil Seeds,Mustard,December-2024,5532.87,Metric Tonnes,5619.66,Rs./Quintal
Madhya Pradesh,Oil Seeds,Niger Seed(Ramtil),December-2024,86.56,Metric Tonnes,7691.28,Rs./Quintal
Madhya Pradesh,Oil Seeds,Safflower,December-2024,0.97,Metric Tonnes,4892.78,Rs./Quintal
Madhya Pradesh,Oil Seeds,"Sesamum(Sesame,Gingelly,Til)",December-2024,1717.63,Metric Tonnes,10170.00,Rs./Quintal
Madhya Pradesh,Oil Seeds,Soyabean,December-2024,332785.34,Metric Tonnes,4092.95,Rs./Quintal
Madhya Pradesh,Oil Seeds,Groundnut,January-2025,26380.61,Metric Tonnes,4218.92,Rs./Quintal
Madhya Pradesh,Oil Seeds,Linseed,January-2025,2266.63,Metric Tonnes,5876.11,Rs./Quintal
Madhya Pradesh,Oil Seeds,Mustard,January-2025,8074.59,Metric Tonnes,5536.36,Rs./Quintal
Madhya Pradesh,Oil Seeds,Niger Seed(Ramtil),January-2025,272.50,Metric Tonnes,7849.04,Rs./Quintal
Madhya Pradesh,Oil Seeds,Safflower,January-2025,0.25,Metric Tonnes,4501.00,Rs./Quintal
Madhya Pradesh,Oil Seeds,"Sesamum(Sesame,Gingelly,Til)",January-2025,902.63,Metric Tonnes,9690.54,Rs./Quintal
Madhya Pradesh,Oil Seeds,Soha,January-2025,0.11,Metric Tonnes,3990.00,Rs./Quintal
Madhya Pradesh,Oil Seeds,Soyabean,January-2025,323790.75,Metric Tonnes,4097.13,Rs./Quintal
Madhya Pradesh,Oil Seeds,Groundnut,February-2025,30223.65,Metric Tonnes,4145.76,Rs./Quintal
Madhya Pradesh,Oil Seeds,Linseed,February-2025,1279.81,Metric Tonnes,5862.74,Rs./Quintal
Madhya Pradesh,Oil Seeds,Mustard,February-2025,49706.36,Metric Tonnes,5601.49,Rs./Quintal
Madhya Pradesh,Oil Seeds,Niger Seed(Ramtil),February-2025,161.65,Metric Tonnes,8040.19,Rs./Quintal
Madhya Pradesh,Oil Seeds,Safflower,February-2025,0.17,Metric Tonnes,4458.82,Rs./Quintal
Madhya Pradesh,Oil Seeds,"Sesamum(Sesame,Gingelly,Til)",February-2025,646.21,Metric Tonnes,9015.05,Rs./Quintal
Madhya Pradesh,Oil Seeds,Soha,February-2025,0.63,Metric Tonnes,2801.00,Rs./Quintal
Madhya Pradesh,Oil Seeds,Soyabean,February-2025,301890.94,Metric Tonnes,3971.71,Rs./Quintal
Madhya Pradesh,Oil Seeds,Groundnut,March-2025,13605.11,Metric Tonnes,4452.97,Rs./Quintal
Madhya Pradesh,Oil Seeds,Laha,March-2025,4.00,Metric Tonnes,5200.00,Rs./Quintal
Madhya Pradesh,Oil Seeds,Linseed,March-2025,1689.85,Metric Tonnes,5777.27,Rs./Quintal
Madhya Pradesh,Oil Seeds,Mustard,March-2025,134131.75,Metric Tonnes,5533.64,Rs./Quintal
Madhya Pradesh,Oil Seeds,Niger Seed(Ramtil),March-2025,138.81,Metric Tonnes,8149.95,Rs./Quintal
Madhya Pradesh,Oil Seeds,Safflower,March-2025,0.39,Metric Tonnes,4280.00,Rs./Quintal
Madhya Pradesh,Oil Seeds,"Sesamum(Sesame,Gingelly,Til)",March-2025,469.92,Metric Tonnes,8750.74,Rs./Quintal
Madhya Pradesh,Oil Seeds,Soha,March-2025,1.08,Metric Tonnes,3300.00,Rs./Quintal
Madhya Pradesh,Oil Seeds,Soyabean,March-2025,214415.38,Metric Tonnes,3905.76,Rs./Quintal
Madhya Pradesh,Oil Seeds,Suva(Dill Seed),March-2025,0.58,Metric Tonnes,5900.00,Rs./Quintal
Madhya Pradesh,Oil Seeds,Groundnut,April-2025,8110.84,Metric Tonnes,4684.78,Rs./Quintal
Madhya Pradesh,Oil Seeds,Linseed,April-2025,4465.16,Metric Tonnes,6751.42,Rs./Quintal
Madhya Pradesh,Oil Seeds,Mustard,April-2025,63257.01,Metric Tonnes,5879.32,Rs./Quintal
Madhya Pradesh,Oil Seeds,Niger Seed(Ramtil),April-2025,55.51,Metric Tonnes,7858.91,Rs./Quintal
Madhya Pradesh,Oil Seeds,Safflower,April-2025,11.25,Metric Tonnes,4919.38,Rs./Quintal
Madhya Pradesh,Oil Seeds,"Sesamum(Sesame,Gingelly,Til)",April-2025,233.60,Metric Tonnes,8716.10,Rs./Quintal
Madhya Pradesh,Oil Seeds,Soyabean,April-2025,189161.66,Metric Tonnes,4243.92,Rs./Quintal
Madhya Pradesh,Oil Seeds,Suva(Dill Seed),April-2025,3.27,Metric Tonnes,2200.00,Rs./Quintal
Madhya Pradesh,Oil Seeds,Groundnut,May-2025,5279.89,Metric Tonnes,4869.32,Rs./Quintal
Madhya Pradesh,Oil Seeds,Linseed,May-2025,3484.56,Metric Tonnes,6967.00,Rs./Quintal
Madhya Pradesh,Oil Seeds,Mustard,May-2025,47230.99,Metric Tonnes,6083.24,Rs./Quintal
Madhya Pradesh,Oil Seeds,Niger Seed(Ramtil),May-2025,71.40,Metric Tonnes,8013.28,Rs./Quintal
Madhya Pradesh,Oil Seeds,Safflower,May-2025,8.88,Metric Tonnes,5953.07,Rs./Quintal
Madhya Pradesh,Oil Seeds,"Sesamum(Sesame,Gingelly,Til)",May-2025,217.05,Metric Tonnes,8338.02,Rs./Quintal
Madhya Pradesh,Oil Seeds,Soha,May-2025,1.34,Metric Tonnes,3708.96,Rs./Quintal
Madhya Pradesh,Oil Seeds,Soyabean,May-2025,232410.06,Metric Tonnes,4177.42,Rs./Quintal
Madhya Pradesh,Oil Seeds,Suva(Dill Seed),May-2025,19.60,Metric Tonnes,2990.05,Rs./Quintal
Madhya Pradesh,Oil Seeds,Groundnut,June-2025,6518.86,Metric Tonnes,5024.23,Rs./Quintal
Madhya Pradesh,Oil Seeds,Linseed,June-2025,1717.72,Metric Tonnes,6942.54,Rs./Quintal
Madhya Pradesh,Oil Seeds,Mustard,June-2025,26775.17,Metric Tonnes,6236.29,Rs./Quintal
Madhya Pradesh,Oil Seeds,Niger Seed(Ramtil),June-2025,58.91,Metric Tonnes,8033.44,Rs./Quintal
Madhya Pradesh,Oil Seeds,Safflower,June-2025,0.02,Metric Tonnes,4000.00,Rs./Quintal
Madhya Pradesh,Oil Seeds,"Sesamum(Sesame,Gingelly,Til)",June-2025,1039.21,Metric Tonnes,7766.87,Rs./Quintal
Madhya Pradesh,Oil Seeds,Soha,June-2025,1.50,Metric Tonnes,5600.00,Rs./Quintal
Madhya Pradesh,Oil Seeds,Soyabean,June-2025,266800.79,Metric Tonnes,4182.57,Rs./Quintal
Madhya Pradesh,Oil Seeds,Groundnut,July-2025,5167.92,Metric Tonnes,5007.26,Rs./Quintal
Madhya Pradesh,Oil Seeds,Linseed,July-2025,1488.55,Metric Tonnes,7145.65,Rs./Quintal
Madhya Pradesh,Oil Seeds,Mustard,July-2025,18439.72,Metric Tonnes,6644.61,Rs./Quintal
Madhya Pradesh,Oil Seeds,Niger Seed(Ramtil),July-2025,274.06,Metric Tonnes,8793.13,Rs./Quintal
Madhya Pradesh,Oil Seeds,Safflower,July-2025,1.29,Metric Tonnes,7144.00,Rs./Quintal
Madhya Pradesh,Oil Seeds,"Sesamum(Sesame,Gingelly,Til)",July-2025,2121.51,Metric Tonnes,7973.12,Rs./Quintal
Madhya Pradesh,Oil Seeds,Soyabean,July-2025,237129.61,Metric Tonnes,4239.17,Rs./Quintal
Madhya Pradesh,Oil Seeds,Groundnut,August-2025,2403.97,Metric Tonnes,4926.88,Rs./Quintal
Madhya Pradesh,Oil Seeds,Linseed,August-2025,1139.96,Metric Tonnes,7508.16,Rs./Quintal
Madhya Pradesh,Oil Seeds,Mustard,August-2025,12877.38,Metric Tonnes,6735.29,Rs./Quintal
Madhya Pradesh,Oil Seeds,Niger Seed(Ramtil),August-2025,86.62,Metric Tonnes,9297.76,Rs./Quintal
Madhya Pradesh,Oil Seeds,Safflower,August-2025,0.44,Metric Tonnes,7411.34,Rs./Quintal
Madhya Pradesh,Oil Seeds,"Sesamum(Sesame,Gingelly,Til)",August-2025,1026.68,Metric Tonnes,8551.62,Rs./Quintal
Madhya Pradesh,Oil Seeds,Soha,August-2025,10.22,Metric Tonnes,4804.31,Rs./Quintal
Madhya Pradesh,Oil Seeds,Soyabean,August-2025,183246.83,Metric Tonnes,4552.80,Rs./Quintal
Madhya Pradesh,Oil Seeds,Suva(Dill Seed),August-2025,13.46,Metric Tonnes,6305.00,Rs./Quintal
Madhya Pradesh,Oil Seeds,Groundnut,September-2025,1098.24,Metric Tonnes,5891.89,Rs./Quintal
Madhya Pradesh,Oil Seeds,Linseed,September-2025,1116.31,Metric Tonnes,7297.84,Rs./Quintal
Madhya Pradesh,Oil Seeds,Mustard,September-2025,13766.47,Metric Tonnes,6669.12,Rs./Quintal
Madhya Pradesh,Oil Seeds,Niger Seed(Ramtil),September-2025,35.54,Metric Tonnes,8678.28,Rs./Quintal
Madhya Pradesh,Oil Seeds,"Sesamum(Sesame,Gingelly,Til)",September-2025,509.49,Metric Tonnes,8976.81,Rs./Quintal
Madhya Pradesh,Oil Seeds,Soha,September-2025,0.97,Metric Tonnes,5228.76,Rs./Quintal
Madhya Pradesh,Oil Seeds,Soyabean,September-2025,208982.06,Metric Tonnes,4080.41,Rs./Quintal
Madhya Pradesh,Oil Seeds,Cotton Seed,October-2025,0.76,Metric Tonnes,6771.00,Rs./Quintal
Madhya Pradesh,Oil Seeds,Groundnut,October-2025,15937.34,Metric Tonnes,4639.43,Rs./Quintal
Madhya Pradesh,Oil Seeds,Linseed,October-2025,849.50,Metric Tonnes,7275.02,Rs./Quintal
Madhya Pradesh,Oil Seeds,Mustard,October-2025,7436.83,Metric Tonnes,6349.53,Rs./Quintal
Madhya Pradesh,Oil Seeds,Niger Seed(Ramtil),October-2025,75.75,Metric Tonnes,8760.26,Rs./Quintal
Madhya Pradesh,Oil Seeds,Safflower,October-2025,0.02,Metric Tonnes,5500.00,Rs./Quintal
Madhya Pradesh,Oil Seeds,"Sesamum(Sesame,Gingelly,Til)",October-2025,441.46,Metric Tonnes,9062.17,Rs./Quintal
Madhya Pradesh,Oil Seeds,Soha,October-2025,3.37,Metric Tonnes,4261.68,Rs./Quintal
Madhya Pradesh,Oil Seeds,Soyabean,October-2025,453791.93,Metric Tonnes,3915.01,Rs./Quintal
Madhya Pradesh,Oil Seeds,Groundnut,November-2025,42766.00,Metric Tonnes,5006.61,Rs./Quintal
Madhya Pradesh,Oil Seeds,Linseed,November-2025,1115.67,Metric Tonnes,8139.09,Rs./Quintal
Madhya Pradesh,Oil Seeds,Mustard,November-2025,12362.06,Metric Tonnes,6525.92,Rs./Quintal
Madhya Pradesh,Oil Seeds,Niger Seed(Ramtil),November-2025,73.53,Metric Tonnes,9026.28,Rs./Quintal
Madhya Pradesh,Oil Seeds,Safflower,November-2025,0.72,Metric Tonnes,7302.18,Rs./Quintal
Madhya Pradesh,Oil Seeds,"Sesamum(Sesame,Gingelly,Til)",November-2025,1185.50,Metric Tonnes,9953.31,Rs./Quintal
Madhya Pradesh,Oil Seeds,Soha,November-2025,0.83,Metric Tonnes,5555.00,Rs./Quintal
Madhya Pradesh,Oil Seeds,Soyabean,November-2025,968501.13,Metric Tonnes,4264.53,Rs./Quintal
Madhya Pradesh,Oil Seeds,Suva(Dill Seed),November-2025,12.00,Metric Tonnes,8400.00,Rs./Quintal
Madhya Pradesh,Oil Seeds,Groundnut,December-2025,31260.68,Metric Tonnes,5665.91,Rs./Quintal
Madhya Pradesh,Oil Seeds,Linseed,December-2025,1109.20,Metric Tonnes,8306.25,Rs./Quintal
Madhya Pradesh,Oil Seeds,Mustard,December-2025,13597.98,Metric Tonnes,6468.19,Rs./Quintal
Madhya Pradesh,Oil Seeds,Niger Seed(Ramtil),December-2025,205.81,Metric Tonnes,9327.43,Rs./Quintal
Madhya Pradesh,Oil Seeds,Safflower,December-2025,0.71,Metric Tonnes,7843.98,Rs./Quintal
Madhya Pradesh,Oil Seeds,"Sesamum(Sesame,Gingelly,Til)",December-2025,833.66,Metric Tonnes,9043.66,Rs./Quintal
Madhya Pradesh,Oil Seeds,Soha,December-2025,5.06,Metric Tonnes,4494.22,Rs./Quintal
Madhya Pradesh,Oil Seeds,Soyabean,December-2025,590203.49,Metric Tonnes,4301.13,Rs./Quintal
Madhya Pradesh,Oil Seeds,Sunflower/Sunflower Seed,December-2025,0.68,Metric Tonnes,5925.00,Rs./Quintal
Maharashtra,Oil Seeds,Castor Seed,January-2023,6.00,Metric Tonnes,5104.17,Rs./Quintal
Maharashtra,Oil Seeds,Ground Nut Seed,January-2023,1753.00,Metric Tonnes,12343.98,Rs./Quintal
Maharashtra,Oil Seeds,Groundnut,January-2023,47.00,Metric Tonnes,6933.70,Rs./Quintal
Maharashtra,Oil Seeds,Mustard,January-2023,130.00,Metric Tonnes,6978.46,Rs./Quintal
Maharashtra,Oil Seeds,Safflower,January-2023,69.00,Metric Tonnes,5248.77,Rs./Quintal
Maharashtra,Oil Seeds,"Sesamum(Sesame,Gingelly,Til)",January-2023,920.00,Metric Tonnes,14490.96,Rs./Quintal
Maharashtra,Oil Seeds,Soyabean,January-2023,138791.00,Metric Tonnes,5192.46,Rs./Quintal
Maharashtra,Oil Seeds,Sunflower/Sunflower Seed,January-2023,1080.00,Metric Tonnes,5226.92,Rs./Quintal
Maharashtra,Oil Seeds,Castor Seed,February-2023,5.00,Metric Tonnes,5830.00,Rs./Quintal
Maharashtra,Oil Seeds,Ground Nut Seed,February-2023,2126.00,Metric Tonnes,12000.00,Rs./Quintal
Maharashtra,Oil Seeds,Groundnut,February-2023,231.00,Metric Tonnes,6733.88,Rs./Quintal
Maharashtra,Oil Seeds,Linseed,February-2023,7.00,Metric Tonnes,4599.71,Rs./Quintal
Maharashtra,Oil Seeds,Mustard,February-2023,331.00,Metric Tonnes,6913.50,Rs./Quintal
Maharashtra,Oil Seeds,Niger Seed(Ramtil),February-2023,5.00,Metric Tonnes,2450.00,Rs./Quintal
Maharashtra,Oil Seeds,Safflower,February-2023,150.00,Metric Tonnes,4671.69,Rs./Quintal
Maharashtra,Oil Seeds,"Sesamum(Sesame,Gingelly,Til)",February-2023,109.00,Metric Tonnes,15770.64,Rs./Quintal
Maharashtra,Oil Seeds,Soyabean,February-2023,167358.00,Metric Tonnes,5110.73,Rs./Quintal
Maharashtra,Oil Seeds,Sunflower/Sunflower Seed,February-2023,2156.00,Metric Tonnes,5025.10,Rs./Quintal
Maharashtra,Oil Seeds,Castor Seed,March-2023,26.00,Metric Tonnes,5255.77,Rs./Quintal
Maharashtra,Oil Seeds,Ground Nut Seed,March-2023,2219.00,Metric Tonnes,11539.43,Rs./Quintal
Maharashtra,Oil Seeds,Groundnut,March-2023,82.00,Metric Tonnes,5686.89,Rs./Quintal
Maharashtra,Oil Seeds,Linseed,March-2023,14.00,Metric Tonnes,6691.00,Rs./Quintal
Maharashtra,Oil Seeds,Mustard,March-2023,497.00,Metric Tonnes,6808.00,Rs./Quintal
Maharashtra,Oil Seeds,Safflower,March-2023,627.00,Metric Tonnes,4264.67,Rs./Quintal
Maharashtra,Oil Seeds,"Sesamum(Sesame,Gingelly,Til)",March-2023,103.00,Metric Tonnes,20577.67,Rs./Quintal
Maharashtra,Oil Seeds,Soyabean,March-2023,103516.00,Metric Tonnes,4982.52,Rs./Quintal
Maharashtra,Oil Seeds,Sunflower/Sunflower Seed,March-2023,3556.00,Metric Tonnes,4357.63,Rs./Quintal
Maharashtra,Oil Seeds,Castor Seed,April-2023,26.00,Metric Tonnes,5154.88,Rs./Quintal
Maharashtra,Oil Seeds,Ground Nut Seed,April-2023,1953.00,Metric Tonnes,11000.00,Rs./Quintal
Maharashtra,Oil Seeds,Groundnut,April-2023,96.00,Metric Tonnes,5941.35,Rs./Quintal
Maharashtra,Oil Seeds,Linseed,April-2023,16.00,Metric Tonnes,6530.50,Rs./Quintal
Maharashtra,Oil Seeds,Mustard,April-2023,455.00,Metric Tonnes,7329.70,Rs./Quintal
Maharashtra,Oil Seeds,Safflower,April-2023,1152.00,Metric Tonnes,4015.94,Rs./Quintal
Maharashtra,Oil Seeds,"Sesamum(Sesame,Gingelly,Til)",April-2023,124.46,Metric Tonnes,20778.09,Rs./Quintal
Maharashtra,Oil Seeds,Soyabean,April-2023,128024.59,Metric Tonnes,5008.73,Rs./Quintal
Maharashtra,Oil Seeds,Sunflower/Sunflower Seed,April-2023,5287.00,Metric Tonnes,4140.66,Rs./Quintal
Maharashtra,Oil Seeds,Castor Seed,May-2023,10.00,Metric Tonnes,5167.50,Rs./Quintal
Maharashtra,Oil Seeds,Ground Nut Seed,May-2023,2333.00,Metric Tonnes,11000.00,Rs./Quintal
Maharashtra,Oil Seeds,Groundnut,May-2023,9610.00,Metric Tonnes,5963.90,Rs./Quintal
Maharashtra,Oil Seeds,Linseed,May-2023,9.00,Metric Tonnes,6050.00,Rs./Quintal
Maharashtra,Oil Seeds,Mustard,May-2023,349.00,Metric Tonnes,6929.12,Rs./Quintal
Maharashtra,Oil Seeds,Niger Seed(Ramtil),May-2023,3.00,Metric Tonnes,3884.67,Rs./Quintal
Maharashtra,Oil Seeds,Safflower,May-2023,545.00,Metric Tonnes,3852.95,Rs./Quintal
Maharashtra,Oil Seeds,"Sesamum(Sesame,Gingelly,Til)",May-2023,490.00,Metric Tonnes,14276.41,Rs./Quintal
Maharashtra,Oil Seeds,Soyabean,May-2023,125662.58,Metric Tonnes,4830.45,Rs./Quintal
Maharashtra,Oil Seeds,Sunflower/Sunflower Seed,May-2023,3396.00,Metric Tonnes,4149.37,Rs./Quintal
Maharashtra,Oil Seeds,Castor Seed,June-2023,23.00,Metric Tonnes,5025.74,Rs./Quintal
Maharashtra,Oil Seeds,Ground Nut Seed,June-2023,2142.00,Metric Tonnes,11327.26,Rs./Quintal
Maharashtra,Oil Seeds,Groundnut,June-2023,10642.70,Metric Tonnes,6074.52,Rs./Quintal
Maharashtra,Oil Seeds,Mustard,June-2023,306.00,Metric Tonnes,6751.26,Rs./Quintal
Maharashtra,Oil Seeds,Safflower,June-2023,505.00,Metric Tonnes,3844.72,Rs./Quintal
Maharashtra,Oil Seeds,"Sesamum(Sesame,Gingelly,Til)",June-2023,677.63,Metric Tonnes,13441.11,Rs./Quintal
Maharashtra,Oil Seeds,Soyabean,June-2023,111285.25,Metric Tonnes,4778.63,Rs./Quintal
Maharashtra,Oil Seeds,Sunflower/Sunflower Seed,June-2023,1191.00,Metric Tonnes,3953.44,Rs./Quintal
Maharashtra,Oil Seeds,Castor Seed,July-2023,31.02,Metric Tonnes,5159.38,Rs./Quintal
Maharashtra,Oil Seeds,Ground Nut Seed,July-2023,2497.00,Metric Tonnes,11200.00,Rs./Quintal
Maharashtra,Oil Seeds,Groundnut,July-2023,4974.19,Metric Tonnes,7332.96,Rs./Quintal
Maharashtra,Oil Seeds,Linseed,July-2023,1.00,Metric Tonnes,5000.00,Rs./Quintal
Maharashtra,Oil Seeds,Mustard,July-2023,352.99,Metric Tonnes,6874.15,Rs./Quintal
Maharashtra,Oil Seeds,Safflower,July-2023,222.00,Metric Tonnes,4132.18,Rs./Quintal
Maharashtra,Oil Seeds,"Sesamum(Sesame,Gingelly,Til)",July-2023,426.42,Metric Tonnes,14194.36,Rs./Quintal
Maharashtra,Oil Seeds,Soyabean,July-2023,81183.92,Metric Tonnes,4754.91,Rs./Quintal
Maharashtra,Oil Seeds,Sunflower/Sunflower Seed,July-2023,278.76,Metric Tonnes,4263.63,Rs./Quintal
Maharashtra,Oil Seeds,Castor Seed,August-2023,8.02,Metric Tonnes,5706.36,Rs./Quintal
Maharashtra,Oil Seeds,Ground Nut Seed,August-2023,2555.00,Metric Tonnes,11766.11,Rs./Quintal
Maharashtra,Oil Seeds,Groundnut,August-2023,704.73,Metric Tonnes,7071.66,Rs./Quintal
Maharashtra,Oil Seeds,Linseed,August-2023,3.00,Metric Tonnes,4333.33,Rs./Quintal
Maharashtra,Oil Seeds,Mustard,August-2023,241.00,Metric Tonnes,6963.59,Rs./Quintal
Maharashtra,Oil Seeds,Safflower,August-2023,169.00,Metric Tonnes,4243.17,Rs./Quintal
Maharashtra,Oil Seeds,"Sesamum(Sesame,Gingelly,Til)",August-2023,270.04,Metric Tonnes,13746.37,Rs./Quintal
Maharashtra,Oil Seeds,Soyabean,August-2023,67713.64,Metric Tonnes,4713.22,Rs./Quintal
Maharashtra,Oil Seeds,Sunflower/Sunflower Seed,August-2023,374.00,Metric Tonnes,4351.69,Rs./Quintal
Maharashtra,Oil Seeds,Castor Seed,September-2023,3.00,Metric Tonnes,5383.33,Rs./Quintal
Maharashtra,Oil Seeds,Ground Nut Seed,September-2023,1909.00,Metric Tonnes,12380.83,Rs./Quintal
Maharashtra,Oil Seeds,Groundnut,September-2023,76.89,Metric Tonnes,5569.80,Rs./Quintal
Maharashtra,Oil Seeds,Linseed,September-2023,0.17,Metric Tonnes,5500.00,Rs./Quintal
Maharashtra,Oil Seeds,Mustard,September-2023,150.00,Metric Tonnes,6931.00,Rs./Quintal
Maharashtra,Oil Seeds,Safflower,September-2023,31.00,Metric Tonnes,4068.48,Rs./Quintal
Maharashtra,Oil Seeds,"Sesamum(Sesame,Gingelly,Til)",September-2023,179.40,Metric Tonnes,15738.35,Rs./Quintal
Maharashtra,Oil Seeds,Soyabean,September-2023,44351.17,Metric Tonnes,4684.52,Rs./Quintal
Maharashtra,Oil Seeds,Sunflower/Sunflower Seed,September-2023,68.15,Metric Tonnes,4227.31,Rs./Quintal
Maharashtra,Oil Seeds,Castor Seed,October-2023,3.68,Metric Tonnes,4462.77,Rs./Quintal
Maharashtra,Oil Seeds,Ground Nut Seed,October-2023,3065.00,Metric Tonnes,13000.00,Rs./Quintal
Maharashtra,Oil Seeds,Groundnut,October-2023,772.03,Metric Tonnes,7037.87,Rs./Quintal
Maharashtra,Oil Seeds,Linseed,October-2023,3.00,Metric Tonnes,4421.00,Rs./Quintal
Maharashtra,Oil Seeds,Mustard,October-2023,246.00,Metric Tonnes,5263.82,Rs./Quintal
Maharashtra,Oil Seeds,Safflower,October-2023,224.00,Metric Tonnes,3887.25,Rs./Quintal
Maharashtra,Oil Seeds,"Sesamum(Sesame,Gingelly,Til)",October-2023,376.03,Metric Tonnes,15560.14,Rs./Quintal
Maharashtra,Oil Seeds,Soyabean,October-2023,373003.92,Metric Tonnes,4456.16,Rs./Quintal
Maharashtra,Oil Seeds,Sunflower/Sunflower Seed,October-2023,117.23,Metric Tonnes,4146.70,Rs./Quintal
Maharashtra,Oil Seeds,Castor Seed,November-2023,1.00,Metric Tonnes,5200.00,Rs./Quintal
Maharashtra,Oil Seeds,Ground Nut Seed,November-2023,1770.00,Metric Tonnes,12855.54,Rs./Quintal
Maharashtra,Oil Seeds,Groundnut,November-2023,197.89,Metric Tonnes,6534.16,Rs./Quintal
Maharashtra,Oil Seeds,Mustard,November-2023,298.00,Metric Tonnes,6234.06,Rs./Quintal
Maharashtra,Oil Seeds,Safflower,November-2023,214.00,Metric Tonnes,4093.06,Rs./Quintal
Maharashtra,Oil Seeds,"Sesamum(Sesame,Gingelly,Til)",November-2023,209.00,Metric Tonnes,16737.51,Rs./Quintal
Maharashtra,Oil Seeds,Soyabean,November-2023,362094.25,Metric Tonnes,4811.44,Rs./Quintal
Maharashtra,Oil Seeds,Sunflower/Sunflower Seed,November-2023,362.76,Metric Tonnes,4738.55,Rs./Quintal
Maharashtra,Oil Seeds,Castor Seed,December-2023,6.00,Metric Tonnes,5150.00,Rs./Quintal
Maharashtra,Oil Seeds,Ground Nut Seed,December-2023,1929.00,Metric Tonnes,12500.00,Rs./Quintal
Maharashtra,Oil Seeds,Groundnut,December-2023,147.00,Metric Tonnes,6887.12,Rs./Quintal
Maharashtra,Oil Seeds,Mustard,December-2023,568.00,Metric Tonnes,4654.98,Rs./Quintal
Maharashtra,Oil Seeds,Safflower,December-2023,178.00,Metric Tonnes,4245.92,Rs./Quintal
Maharashtra,Oil Seeds,"Sesamum(Sesame,Gingelly,Til)",December-2023,576.00,Metric Tonnes,16943.93,Rs./Quintal
Maharashtra,Oil Seeds,Soyabean,December-2023,144853.31,Metric Tonnes,4688.87,Rs./Quintal
Maharashtra,Oil Seeds,Sunflower/Sunflower Seed,December-2023,295.00,Metric Tonnes,3940.60,Rs./Quintal
Maharashtra,Oil Seeds,Castor Seed,January-2024,1.00,Metric Tonnes,5100.00,Rs./Quintal
Maharashtra,Oil Seeds,Ground Nut Seed,January-2024,2456.00,Metric Tonnes,12000.00,Rs./Quintal
Maharashtra,Oil Seeds,Groundnut,January-2024,80.00,Metric Tonnes,6594.00,Rs./Quintal
Maharashtra,Oil Seeds,Mustard,January-2024,218.00,Metric Tonnes,6500.00,Rs./Quintal
Maharashtra,Oil Seeds,Safflower,January-2024,79.00,Metric Tonnes,4032.71,Rs./Quintal
Maharashtra,Oil Seeds,"Sesamum(Sesame,Gingelly,Til)",January-2024,269.00,Metric Tonnes,16661.81,Rs./Quintal
Maharashtra,Oil Seeds,Soyabean,January-2024,137427.00,Metric Tonnes,4475.22,Rs./Quintal
Maharashtra,Oil Seeds,Sunflower/Sunflower Seed,January-2024,76.00,Metric Tonnes,4140.80,Rs./Quintal
Maharashtra,Oil Seeds,Castor Seed,February-2024,4.20,Metric Tonnes,4969.05,Rs./Quintal
Maharashtra,Oil Seeds,Ground Nut Seed,February-2024,2381.00,Metric Tonnes,11903.82,Rs./Quintal
Maharashtra,Oil Seeds,Groundnut,February-2024,33.60,Metric Tonnes,5473.84,Rs./Quintal
Maharashtra,Oil Seeds,Linseed,February-2024,13.10,Metric Tonnes,3125.19,Rs./Quintal
Maharashtra,Oil Seeds,Mustard,February-2024,319.10,Metric Tonnes,6484.14,Rs./Quintal
Maharashtra,Oil Seeds,Safflower,February-2024,76.30,Metric Tonnes,4002.48,Rs./Quintal
Maharashtra,Oil Seeds,"Sesamum(Sesame,Gingelly,Til)",February-2024,2.20,Metric Tonnes,14159.09,Rs./Quintal
Maharashtra,Oil Seeds,Soyabean,February-2024,88541.60,Metric Tonnes,4322.13,Rs./Quintal
Maharashtra,Oil Seeds,Sunflower/Sunflower Seed,February-2024,540.50,Metric Tonnes,4068.53,Rs./Quintal
Maharashtra,Oil Seeds,Castor Seed,March-2024,14.60,Metric Tonnes,4983.33,Rs./Quintal
Maharashtra,Oil Seeds,Ground Nut Seed,March-2024,4679.30,Metric Tonnes,11065.10,Rs./Quintal
Maharashtra,Oil Seeds,Groundnut,March-2024,33.90,Metric Tonnes,5716.16,Rs./Quintal
Maharashtra,Oil Seeds,Linseed,March-2024,5.40,Metric Tonnes,5371.20,Rs./Quintal
Maharashtra,Oil Seeds,Mustard,March-2024,374.00,Metric Tonnes,6257.09,Rs./Quintal
Maharashtra,Oil Seeds,Safflower,March-2024,248.90,Metric Tonnes,4295.84,Rs./Quintal
Maharashtra,Oil Seeds,"Sesamum(Sesame,Gingelly,Til)",March-2024,10.00,Metric Tonnes,14797.00,Rs./Quintal
Maharashtra,Oil Seeds,Soyabean,March-2024,93026.66,Metric Tonnes,4294.60,Rs./Quintal
Maharashtra,Oil Seeds,Sunflower/Sunflower Seed,March-2024,453.80,Metric Tonnes,4096.12,Rs./Quintal
Maharashtra,Oil Seeds,Castor Seed,April-2024,6.46,Metric Tonnes,4587.07,Rs./Quintal
Maharashtra,Oil Seeds,Ground Nut Seed,April-2024,1615.10,Metric Tonnes,12000.00,Rs./Quintal
Maharashtra,Oil Seeds,Groundnut,April-2024,166.88,Metric Tonnes,5429.22,Rs./Quintal
Maharashtra,Oil Seeds,Linseed,April-2024,5.42,Metric Tonnes,5962.18,Rs./Quintal
Maharashtra,Oil Seeds,Mustard,April-2024,223.10,Metric Tonnes,5873.78,Rs./Quintal
Maharashtra,Oil Seeds,Safflower,April-2024,234.60,Metric Tonnes,4163.58,Rs./Quintal
Maharashtra,Oil Seeds,"Sesamum(Sesame,Gingelly,Til)",April-2024,54.10,Metric Tonnes,13754.57,Rs./Quintal
Maharashtra,Oil Seeds,Soyabean,April-2024,57544.85,Metric Tonnes,4403.90,Rs./Quintal
Maharashtra,Oil Seeds,Sunflower/Sunflower Seed,April-2024,379.67,Metric Tonnes,3859.80,Rs./Quintal
Maharashtra,Oil Seeds,Castor Seed,May-2024,31.00,Metric Tonnes,4745.33,Rs./Quintal
Maharashtra,Oil Seeds,Ground Nut Seed,May-2024,1809.30,Metric Tonnes,11862.46,Rs./Quintal
Maharashtra,Oil Seeds,Groundnut,May-2024,9010.45,Metric Tonnes,5571.81,Rs./Quintal
Maharashtra,Oil Seeds,Linseed,May-2024,4.20,Metric Tonnes,4908.45,Rs./Quintal
Maharashtra,Oil Seeds,Mustard,May-2024,370.10,Metric Tonnes,5899.71,Rs./Quintal
Maharashtra,Oil Seeds,Niger Seed(Ramtil),May-2024,0.50,Metric Tonnes,4413.00,Rs./Quintal
Maharashtra,Oil Seeds,Safflower,May-2024,332.10,Metric Tonnes,4185.52,Rs./Quintal
Maharashtra,Oil Seeds,"Sesamum(Sesame,Gingelly,Til)",May-2024,1154.84,Metric Tonnes,11797.53,Rs./Quintal
Maharashtra,Oil Seeds,Soyabean,May-2024,137704.21,Metric Tonnes,4370.61,Rs./Quintal
Maharashtra,Oil Seeds,Sunflower/Sunflower Seed,May-2024,648.47,Metric Tonnes,4080.57,Rs./Quintal
Maharashtra,Oil Seeds,Castor Seed,June-2024,7.16,Metric Tonnes,4736.69,Rs./Quintal
Maharashtra,Oil Seeds,Ground Nut Seed,June-2024,810.70,Metric Tonnes,11274.58,Rs./Quintal
Maharashtra,Oil Seeds,Groundnut,June-2024,7330.54,Metric Tonnes,5655.73,Rs./Quintal
Maharashtra,Oil Seeds,Linseed,June-2024,1.80,Metric Tonnes,2970.00,Rs./Quintal
Maharashtra,Oil Seeds,Mustard,June-2024,105.40,Metric Tonnes,6088.03,Rs./Quintal
Maharashtra,Oil Seeds,Safflower,June-2024,157.14,Metric Tonnes,4204.49,Rs./Quintal
Maharashtra,Oil Seeds,"Sesamum(Sesame,Gingelly,Til)",June-2024,1428.95,Metric Tonnes,11783.21,Rs./Quintal
Maharashtra,Oil Seeds,Soyabean,June-2024,92529.33,Metric Tonnes,4344.25,Rs./Quintal
Maharashtra,Oil Seeds,Sunflower/Sunflower Seed,June-2024,99.30,Metric Tonnes,4052.62,Rs./Quintal
Maharashtra,Oil Seeds,Castor Seed,July-2024,7.22,Metric Tonnes,5069.60,Rs./Quintal
Maharashtra,Oil Seeds,Ground Nut Seed,July-2024,1993.40,Metric Tonnes,11000.00,Rs./Quintal
Maharashtra,Oil Seeds,Groundnut,July-2024,4969.54,Metric Tonnes,6248.46,Rs./Quintal
Maharashtra,Oil Seeds,Linseed,July-2024,4.70,Metric Tonnes,3916.06,Rs./Quintal
Maharashtra,Oil Seeds,Mustard,July-2024,207.80,Metric Tonnes,5945.88,Rs./Quintal
Maharashtra,Oil Seeds,Niger Seed(Ramtil),July-2024,0.30,Metric Tonnes,15000.00,Rs./Quintal
Maharashtra,Oil Seeds,Safflower,July-2024,49.30,Metric Tonnes,4260.80,Rs./Quintal
Maharashtra,Oil Seeds,"Sesamum(Sesame,Gingelly,Til)",July-2024,1663.05,Metric Tonnes,11761.40,Rs./Quintal
Maharashtra,Oil Seeds,Soyabean,July-2024,72629.65,Metric Tonnes,4264.43,Rs./Quintal
Maharashtra,Oil Seeds,Sunflower/Sunflower Seed,July-2024,46.54,Metric Tonnes,4154.38,Rs./Quintal
Maharashtra,Oil Seeds,Castor Seed,August-2024,4.70,Metric Tonnes,5228.43,Rs./Quintal
Maharashtra,Oil Seeds,Ground Nut Seed,August-2024,2553.50,Metric Tonnes,11341.03,Rs./Quintal
Maharashtra,Oil Seeds,Groundnut,August-2024,2407.07,Metric Tonnes,5703.36,Rs./Quintal
Maharashtra,Oil Seeds,Linseed,August-2024,1.40,Metric Tonnes,4812.79,Rs./Quintal
Maharashtra,Oil Seeds,Mustard,August-2024,166.90,Metric Tonnes,6422.54,Rs./Quintal
Maharashtra,Oil Seeds,Niger Seed(Ramtil),August-2024,0.10,Metric Tonnes,10000.00,Rs./Quintal
Maharashtra,Oil Seeds,Safflower,August-2024,131.30,Metric Tonnes,4479.16,Rs./Quintal
Maharashtra,Oil Seeds,"Sesamum(Sesame,Gingelly,Til)",August-2024,468.11,Metric Tonnes,11848.09,Rs./Quintal
Maharashtra,Oil Seeds,Soyabean,August-2024,71111.62,Metric Tonnes,4220.50,Rs./Quintal
Maharashtra,Oil Seeds,Sunflower/Sunflower Seed,August-2024,24.50,Metric Tonnes,4034.86,Rs./Quintal
Maharashtra,Oil Seeds,Castor Seed,September-2024,2.92,Metric Tonnes,4868.49,Rs./Quintal
Maharashtra,Oil Seeds,Ground Nut Seed,September-2024,2492.60,Metric Tonnes,11077.60,Rs./Quintal
Maharashtra,Oil Seeds,Groundnut,September-2024,1528.15,Metric Tonnes,5600.19,Rs./Quintal
Maharashtra,Oil Seeds,Linseed,September-2024,10.00,Metric Tonnes,2782.86,Rs./Quintal
Maharashtra,Oil Seeds,Mustard,September-2024,249.40,Metric Tonnes,6541.32,Rs./Quintal
Maharashtra,Oil Seeds,Safflower,September-2024,127.50,Metric Tonnes,5032.23,Rs./Quintal
Maharashtra,Oil Seeds,"Sesamum(Sesame,Gingelly,Til)",September-2024,412.00,Metric Tonnes,13662.32,Rs./Quintal
Maharashtra,Oil Seeds,Soyabean,September-2024,95634.50,Metric Tonnes,4441.45,Rs./Quintal
Maharashtra,Oil Seeds,Sunflower/Sunflower Seed,September-2024,132.95,Metric Tonnes,4565.69,Rs./Quintal
Maharashtra,Oil Seeds,Castor Seed,October-2024,5.30,Metric Tonnes,6355.00,Rs./Quintal
Maharashtra,Oil Seeds,Ground Nut Seed,October-2024,1779.10,Metric Tonnes,10999.99,Rs./Quintal
Maharashtra,Oil Seeds,Groundnut,October-2024,718.71,Metric Tonnes,5353.51,Rs./Quintal
Maharashtra,Oil Seeds,Linseed,October-2024,7.20,Metric Tonnes,3031.33,Rs./Quintal
Maharashtra,Oil Seeds,Mustard,October-2024,179.20,Metric Tonnes,6719.41,Rs./Quintal
Maharashtra,Oil Seeds,Safflower,October-2024,83.90,Metric Tonnes,4995.53,Rs./Quintal
Maharashtra,Oil Seeds,"Sesamum(Sesame,Gingelly,Til)",October-2024,314.32,Metric Tonnes,15451.47,Rs./Quintal
Maharashtra,Oil Seeds,Soyabean,October-2024,340933.62,Metric Tonnes,4129.08,Rs./Quintal
Maharashtra,Oil Seeds,Sunflower/Sunflower Seed,October-2024,189.81,Metric Tonnes,5177.05,Rs./Quintal
Maharashtra,Oil Seeds,Castor Seed,November-2024,3.30,Metric Tonnes,4916.70,Rs./Quintal
Maharashtra,Oil Seeds,Ground Nut Seed,November-2024,1898.20,Metric Tonnes,10877.82,Rs./Quintal
Maharashtra,Oil Seeds,Groundnut,November-2024,213.60,Metric Tonnes,5613.24,Rs./Quintal
Maharashtra,Oil Seeds,Linseed,November-2024,3.60,Metric Tonnes,4579.00,Rs./Quintal
Maharashtra,Oil Seeds,Mustard,November-2024,261.20,Metric Tonnes,6707.12,Rs./Quintal
Maharashtra,Oil Seeds,Safflower,November-2024,81.40,Metric Tonnes,4796.87,Rs./Quintal
Maharashtra,Oil Seeds,"Sesamum(Sesame,Gingelly,Til)",November-2024,291.79,Metric Tonnes,15642.39,Rs./Quintal
Maharashtra,Oil Seeds,Soyabean,November-2024,317201.68,Metric Tonnes,4062.26,Rs./Quintal
Maharashtra,Oil Seeds,Sunflower/Sunflower Seed,November-2024,100.24,Metric Tonnes,4864.13,Rs./Quintal
Maharashtra,Oil Seeds,Castor Seed,December-2024,2.30,Metric Tonnes,5289.13,Rs./Quintal
Maharashtra,Oil Seeds,Ground Nut Seed,December-2024,2854.70,Metric Tonnes,9998.00,Rs./Quintal
Maharashtra,Oil Seeds,Groundnut,December-2024,253.11,Metric Tonnes,5561.31,Rs./Quintal
Maharashtra,Oil Seeds,Linseed,December-2024,2.20,Metric Tonnes,5334.91,Rs./Quintal
Maharashtra,Oil Seeds,Mustard,December-2024,288.50,Metric Tonnes,6755.66,Rs./Quintal
Maharashtra,Oil Seeds,Safflower,December-2024,76.00,Metric Tonnes,4938.59,Rs./Quintal
Maharashtra,Oil Seeds,"Sesamum(Sesame,Gingelly,Til)",December-2024,858.33,Metric Tonnes,15799.46,Rs./Quintal
Maharashtra,Oil Seeds,Soyabean,December-2024,264932.51,Metric Tonnes,4036.47,Rs./Quintal
Maharashtra,Oil Seeds,Sunflower/Sunflower Seed,December-2024,53.00,Metric Tonnes,4777.41,Rs./Quintal
Maharashtra,Oil Seeds,Castor Seed,January-2025,3.60,Metric Tonnes,5310.31,Rs./Quintal
Maharashtra,Oil Seeds,Ground Nut Seed,January-2025,3029.70,Metric Tonnes,10530.36,Rs./Quintal
Maharashtra,Oil Seeds,Groundnut,January-2025,110.00,Metric Tonnes,5526.67,Rs./Quintal
Maharashtra,Oil Seeds,Linseed,January-2025,0.50,Metric Tonnes,5160.60,Rs./Quintal
Maharashtra,Oil Seeds,Mustard,January-2025,340.30,Metric Tonnes,6824.32,Rs./Quintal
Maharashtra,Oil Seeds,Safflower,January-2025,62.70,Metric Tonnes,4692.51,Rs./Quintal
Maharashtra,Oil Seeds,"Sesamum(Sesame,Gingelly,Til)",January-2025,616.88,Metric Tonnes,13467.02,Rs./Quintal
Maharashtra,Oil Seeds,Soyabean,January-2025,230809.72,Metric Tonnes,4011.56,Rs./Quintal
Maharashtra,Oil Seeds,Sunflower/Sunflower Seed,January-2025,281.70,Metric Tonnes,4798.06,Rs./Quintal
Maharashtra,Oil Seeds,Castor Seed,February-2025,5.60,Metric Tonnes,5339.29,Rs./Quintal
Maharashtra,Oil Seeds,Ground Nut Seed,February-2025,2371.90,Metric Tonnes,11490.51,Rs./Quintal
Maharashtra,Oil Seeds,Groundnut,February-2025,342.90,Metric Tonnes,3972.79,Rs./Quintal
Maharashtra,Oil Seeds,Linseed,February-2025,2.80,Metric Tonnes,5809.29,Rs./Quintal
Maharashtra,Oil Seeds,Mustard,February-2025,298.00,Metric Tonnes,6632.04,Rs./Quintal
Maharashtra,Oil Seeds,Safflower,February-2025,52.80,Metric Tonnes,5125.36,Rs./Quintal
Maharashtra,Oil Seeds,"Sesamum(Sesame,Gingelly,Til)",February-2025,170.62,Metric Tonnes,13517.81,Rs./Quintal
Maharashtra,Oil Seeds,Soyabean,February-2025,127817.65,Metric Tonnes,3940.15,Rs./Quintal
Maharashtra,Oil Seeds,Sunflower/Sunflower Seed,February-2025,656.30,Metric Tonnes,4290.82,Rs./Quintal
Maharashtra,Oil Seeds,Castor Seed,March-2025,11.60,Metric Tonnes,5359.48,Rs./Quintal
Maharashtra,Oil Seeds,Ground Nut Seed,March-2025,2728.30,Metric Tonnes,11494.25,Rs./Quintal
Maharashtra,Oil Seeds,Groundnut,March-2025,72.30,Metric Tonnes,5550.73,Rs./Quintal
Maharashtra,Oil Seeds,Linseed,March-2025,5.70,Metric Tonnes,5878.28,Rs./Quintal
Maharashtra,Oil Seeds,Mustard,March-2025,396.10,Metric Tonnes,6419.83,Rs./Quintal
Maharashtra,Oil Seeds,Safflower,March-2025,192.00,Metric Tonnes,5279.54,Rs./Quintal
Maharashtra,Oil Seeds,"Sesamum(Sesame,Gingelly,Til)",March-2025,134.19,Metric Tonnes,13922.58,Rs./Quintal
Maharashtra,Oil Seeds,Soyabean,March-2025,89762.99,Metric Tonnes,3895.26,Rs./Quintal
Maharashtra,Oil Seeds,Sunflower/Sunflower Seed,March-2025,1302.40,Metric Tonnes,4532.86,Rs./Quintal
Maharashtra,Oil Seeds,Castor Seed,April-2025,35.10,Metric Tonnes,5178.45,Rs./Quintal
Maharashtra,Oil Seeds,Ground Nut Seed,April-2025,2595.30,Metric Tonnes,11493.91,Rs./Quintal
Maharashtra,Oil Seeds,Groundnut,April-2025,781.18,Metric Tonnes,5620.35,Rs./Quintal
Maharashtra,Oil Seeds,Linseed,April-2025,3.00,Metric Tonnes,5698.53,Rs./Quintal
Maharashtra,Oil Seeds,Mustard,April-2025,474.90,Metric Tonnes,6506.48,Rs./Quintal
Maharashtra,Oil Seeds,Safflower,April-2025,220.60,Metric Tonnes,6216.09,Rs./Quintal
Maharashtra,Oil Seeds,"Sesamum(Sesame,Gingelly,Til)",April-2025,198.86,Metric Tonnes,13886.35,Rs./Quintal
Maharashtra,Oil Seeds,Soyabean,April-2025,87963.68,Metric Tonnes,4223.66,Rs./Quintal
Maharashtra,Oil Seeds,Sunflower/Sunflower Seed,April-2025,1316.10,Metric Tonnes,4729.15,Rs./Quintal
Maharashtra,Oil Seeds,Castor Seed,May-2025,27.70,Metric Tonnes,5162.70,Rs./Quintal
Maharashtra,Oil Seeds,Ground Nut Seed,May-2025,2204.10,Metric Tonnes,11304.85,Rs./Quintal
Maharashtra,Oil Seeds,Groundnut,May-2025,6511.43,Metric Tonnes,5229.44,Rs./Quintal
Maharashtra,Oil Seeds,Linseed,May-2025,3.00,Metric Tonnes,4745.83,Rs./Quintal
Maharashtra,Oil Seeds,Mustard,May-2025,330.10,Metric Tonnes,6491.15,Rs./Quintal
Maharashtra,Oil Seeds,Safflower,May-2025,256.20,Metric Tonnes,6964.19,Rs./Quintal
Maharashtra,Oil Seeds,"Sesamum(Sesame,Gingelly,Til)",May-2025,1197.32,Metric Tonnes,9047.15,Rs./Quintal
Maharashtra,Oil Seeds,Soyabean,May-2025,83086.02,Metric Tonnes,4142.49,Rs./Quintal
Maharashtra,Oil Seeds,Sunflower/Sunflower Seed,May-2025,464.60,Metric Tonnes,4937.93,Rs./Quintal
Maharashtra,Oil Seeds,Castor Seed,June-2025,26.70,Metric Tonnes,5315.67,Rs./Quintal
Maharashtra,Oil Seeds,Ground Nut Seed,June-2025,4348.90,Metric Tonnes,9998.12,Rs./Quintal
Maharashtra,Oil Seeds,Groundnut,June-2025,7600.67,Metric Tonnes,5021.06,Rs./Quintal
Maharashtra,Oil Seeds,Linseed,June-2025,3.30,Metric Tonnes,5006.09,Rs./Quintal
Maharashtra,Oil Seeds,Mustard,June-2025,289.60,Metric Tonnes,6523.97,Rs./Quintal
Maharashtra,Oil Seeds,Safflower,June-2025,2185.00,Metric Tonnes,6576.71,Rs./Quintal
Maharashtra,Oil Seeds,"Sesamum(Sesame,Gingelly,Til)",June-2025,3310.45,Metric Tonnes,8041.47,Rs./Quintal
Maharashtra,Oil Seeds,Soyabean,June-2025,78081.28,Metric Tonnes,4156.05,Rs./Quintal
Maharashtra,Oil Seeds,Sunflower/Sunflower Seed,June-2025,1841.40,Metric Tonnes,5423.68,Rs./Quintal
Maharashtra,Oil Seeds,Castor Seed,July-2025,17.90,Metric Tonnes,5760.35,Rs./Quintal
Maharashtra,Oil Seeds,Ground Nut Seed,July-2025,2865.80,Metric Tonnes,10064.97,Rs./Quintal
Maharashtra,Oil Seeds,Groundnut,July-2025,4631.13,Metric Tonnes,5508.71,Rs./Quintal
Maharashtra,Oil Seeds,Linseed,July-2025,1.90,Metric Tonnes,5539.47,Rs./Quintal
Maharashtra,Oil Seeds,Mustard,July-2025,314.00,Metric Tonnes,7441.09,Rs./Quintal
Maharashtra,Oil Seeds,Safflower,July-2025,120.90,Metric Tonnes,8209.59,Rs./Quintal
Maharashtra,Oil Seeds,"Sesamum(Sesame,Gingelly,Til)",July-2025,1930.63,Metric Tonnes,8354.55,Rs./Quintal
Maharashtra,Oil Seeds,Soyabean,July-2025,41683.46,Metric Tonnes,4183.79,Rs./Quintal
Maharashtra,Oil Seeds,Sunflower/Sunflower Seed,July-2025,23.50,Metric Tonnes,5002.22,Rs./Quintal
Maharashtra,Oil Seeds,Castor Seed,August-2025,13.00,Metric Tonnes,5705.92,Rs./Quintal
Maharashtra,Oil Seeds,Ground Nut Seed,August-2025,3351.60,Metric Tonnes,10800.12,Rs./Quintal
Maharashtra,Oil Seeds,Groundnut,August-2025,1652.29,Metric Tonnes,5391.27,Rs./Quintal
Maharashtra,Oil Seeds,Linseed,August-2025,0.30,Metric Tonnes,6233.33,Rs./Quintal
Maharashtra,Oil Seeds,Mustard,August-2025,180.70,Metric Tonnes,7424.43,Rs./Quintal
Maharashtra,Oil Seeds,Niger Seed(Ramtil),August-2025,0.10,Metric Tonnes,6851.00,Rs./Quintal
Maharashtra,Oil Seeds,Safflower,August-2025,80.80,Metric Tonnes,8370.68,Rs./Quintal
Maharashtra,Oil Seeds,"Sesamum(Sesame,Gingelly,Til)",August-2025,1409.71,Metric Tonnes,9330.72,Rs./Quintal
Maharashtra,Oil Seeds,Soyabean,August-2025,39998.52,Metric Tonnes,4495.84,Rs./Quintal
Maharashtra,Oil Seeds,Sunflower/Sunflower Seed,August-2025,24.70,Metric Tonnes,4617.31,Rs./Quintal
Maharashtra,Oil Seeds,Castor Seed,September-2025,33.70,Metric Tonnes,3247.48,Rs./Quintal
Maharashtra,Oil Seeds,Ground Nut Seed,September-2025,2927.60,Metric Tonnes,10782.38,Rs./Quintal
Maharashtra,Oil Seeds,Groundnut,September-2025,480.89,Metric Tonnes,5340.97,Rs./Quintal
Maharashtra,Oil Seeds,Linseed,September-2025,1.10,Metric Tonnes,6381.91,Rs./Quintal
Maharashtra,Oil Seeds,Mustard,September-2025,259.40,Metric Tonnes,7451.86,Rs./Quintal
Maharashtra,Oil Seeds,Safflower,September-2025,69.30,Metric Tonnes,7959.88,Rs./Quintal
Maharashtra,Oil Seeds,"Sesamum(Sesame,Gingelly,Til)",September-2025,712.55,Metric Tonnes,10519.72,Rs./Quintal
Maharashtra,Oil Seeds,Soyabean,September-2025,26590.30,Metric Tonnes,4170.04,Rs./Quintal
Maharashtra,Oil Seeds,Sunflower/Sunflower Seed,September-2025,19.20,Metric Tonnes,5207.10,Rs./Quintal
Maharashtra,Oil Seeds,Castor Seed,October-2025,1.70,Metric Tonnes,5494.12,Rs./Quintal
Maharashtra,Oil Seeds,Ground Nut Seed,October-2025,2262.40,Metric Tonnes,10796.39,Rs./Quintal
Maharashtra,Oil Seeds,Groundnut,October-2025,318.80,Metric Tonnes,6857.99,Rs./Quintal
Maharashtra,Oil Seeds,Linseed,October-2025,0.40,Metric Tonnes,5262.50,Rs./Quintal
Maharashtra,Oil Seeds,Mustard,October-2025,129.10,Metric Tonnes,7845.04,Rs./Quintal
Maharashtra,Oil Seeds,Safflower,October-2025,754.90,Metric Tonnes,4483.65,Rs./Quintal
Maharashtra,Oil Seeds,"Sesamum(Sesame,Gingelly,Til)",October-2025,453.28,Metric Tonnes,10980.97,Rs./Quintal
Maharashtra,Oil Seeds,Soyabean,October-2025,229634.95,Metric Tonnes,3925.10,Rs./Quintal
Maharashtra,Oil Seeds,Sunflower/Sunflower Seed,October-2025,30.30,Metric Tonnes,5901.03,Rs./Quintal
Maharashtra,Oil Seeds,Castor Seed,November-2025,1.30,Metric Tonnes,5535.77,Rs./Quintal
Maharashtra,Oil Seeds,Ground Nut Seed,November-2025,2419.20,Metric Tonnes,10940.42,Rs./Quintal
Maharashtra,Oil Seeds,Groundnut,November-2025,105.70,Metric Tonnes,5538.41,Rs./Quintal
Maharashtra,Oil Seeds,Linseed,November-2025,0.70,Metric Tonnes,6935.71,Rs./Quintal
Maharashtra,Oil Seeds,Mustard,November-2025,299.60,Metric Tonnes,6834.33,Rs./Quintal
Maharashtra,Oil Seeds,Safflower,November-2025,32.80,Metric Tonnes,7646.68,Rs./Quintal
Maharashtra,Oil Seeds,"Sesamum(Sesame,Gingelly,Til)",November-2025,454.03,Metric Tonnes,13531.00,Rs./Quintal
Maharashtra,Oil Seeds,Soyabean,November-2025,243654.24,Metric Tonnes,4331.42,Rs./Quintal
Maharashtra,Oil Seeds,Sunflower/Sunflower Seed,November-2025,143.20,Metric Tonnes,4281.55,Rs./Quintal
Maharashtra,Oil Seeds,Castor Seed,December-2025,2.20,Metric Tonnes,5702.27,Rs./Quintal
Maharashtra,Oil Seeds,Ground Nut Seed,December-2025,2411.90,Metric Tonnes,12395.66,Rs./Quintal
Maharashtra,Oil Seeds,Groundnut,December-2025,93.50,Metric Tonnes,5946.91,Rs./Quintal
Maharashtra,Oil Seeds,Linseed,December-2025,0.30,Metric Tonnes,6170.00,Rs./Quintal
Maharashtra,Oil Seeds,Mustard,December-2025,179.60,Metric Tonnes,6651.64,Rs./Quintal
Maharashtra,Oil Seeds,Safflower,December-2025,59.70,Metric Tonnes,8128.95,Rs./Quintal
Maharashtra,Oil Seeds,"Sesamum(Sesame,Gingelly,Til)",December-2025,710.52,Metric Tonnes,13511.14,Rs./Quintal
Maharashtra,Oil Seeds,Soyabean,December-2025,181760.05,Metric Tonnes,4388.94,Rs./Quintal
Maharashtra,Oil Seeds,Sunflower/Sunflower Seed,December-2025,32.80,Metric Tonnes,5392.96,Rs./Quintal
Manipur,Oil Seeds,Soyabean,January-2023,111.80,Metric Tonnes,9405.77,Rs./Quintal
Manipur,Oil Seeds,Soyabean,February-2023,119.70,Metric Tonnes,9405.10,Rs./Quintal
Manipur,Oil Seeds,Soyabean,March-2023,111.60,Metric Tonnes,9423.21,Rs./Quintal
Manipur,Oil Seeds,Soyabean,April-2023,111.80,Metric Tonnes,9421.56,Rs./Quintal
Manipur,Oil Seeds,Soyabean,May-2023,12.50,Metric Tonnes,9421.60,Rs./Quintal
Manipur,Oil Seeds,Soyabean,July-2023,39.50,Metric Tonnes,9431.01,Rs./Quintal
Manipur,Oil Seeds,Soyabean,August-2023,89.50,Metric Tonnes,9415.70,Rs./Quintal
Manipur,Oil Seeds,Soyabean,September-2023,64.30,Metric Tonnes,9561.04,Rs./Quintal
Manipur,Oil Seeds,Soyabean,October-2023,101.40,Metric Tonnes,11129.34,Rs./Quintal
Manipur,Oil Seeds,Soyabean,November-2023,93.20,Metric Tonnes,11227.47,Rs./Quintal
Manipur,Oil Seeds,Soyabean,December-2023,34.00,Metric Tonnes,10033.68,Rs./Quintal
Manipur,Oil Seeds,Soyabean,February-2024,21.70,Metric Tonnes,8693.55,Rs./Quintal
Manipur,Oil Seeds,Soyabean,March-2024,11.10,Metric Tonnes,8747.75,Rs./Quintal
Manipur,Oil Seeds,Soyabean,April-2024,9.00,Metric Tonnes,8766.67,Rs./Quintal
Manipur,Oil Seeds,Soyabean,May-2024,10.50,Metric Tonnes,8754.76,Rs./Quintal
Manipur,Oil Seeds,Soyabean,June-2024,8.13,Metric Tonnes,8750.00,Rs./Quintal
Manipur,Oil Seeds,Mustard,July-2024,0.50,Metric Tonnes,10750.00,Rs./Quintal
Manipur,Oil Seeds,Soyabean,July-2024,10.30,Metric Tonnes,8750.00,Rs./Quintal
Manipur,Oil Seeds,Soyabean,August-2024,13.20,Metric Tonnes,8750.00,Rs./Quintal
Manipur,Oil Seeds,Soyabean,September-2024,9.98,Metric Tonnes,8750.00,Rs./Quintal
Manipur,Oil Seeds,Soyabean,October-2024,12.62,Metric Tonnes,8750.00,Rs./Quintal
Manipur,Oil Seeds,Soyabean,November-2024,5.13,Metric Tonnes,8750.00,Rs./Quintal
Manipur,Oil Seeds,Soyabean,December-2024,16.55,Metric Tonnes,8750.00,Rs./Quintal
Manipur,Oil Seeds,Soyabean,January-2025,12.76,Metric Tonnes,8750.00,Rs./Quintal
Manipur,Oil Seeds,Soyabean,February-2025,12.65,Metric Tonnes,8750.00,Rs./Quintal
Manipur,Oil Seeds,Soyabean,March-2025,1.33,Metric Tonnes,8750.00,Rs./Quintal
Manipur,Oil Seeds,Mustard,July-2025,0.40,Metric Tonnes,10500.00,Rs./Quintal
Manipur,Oil Seeds,Mustard,September-2025,0.40,Metric Tonnes,10500.00,Rs./Quintal
Manipur,Oil Seeds,Soyabean,November-2025,6.20,Metric Tonnes,5300.00,Rs./Quintal
NCT of Delhi,Oil Seeds,Mustard,January-2023,125.50,Metric Tonnes,5579.90,Rs./Quintal
NCT of Delhi,Oil Seeds,Mustard,February-2023,197.70,Metric Tonnes,5189.98,Rs./Quintal
NCT of Delhi,Oil Seeds,Mustard,March-2023,357.40,Metric Tonnes,5067.15,Rs./Quintal
NCT of Delhi,Oil Seeds,Mustard,April-2023,1196.40,Metric Tonnes,4832.29,Rs./Quintal
NCT of Delhi,Oil Seeds,Cotton Seed,May-2023,1.90,Metric Tonnes,4312.58,Rs./Quintal
NCT of Delhi,Oil Seeds,Mustard,May-2023,222.80,Metric Tonnes,4505.13,Rs./Quintal
NCT of Delhi,Oil Seeds,Mustard,June-2023,338.10,Metric Tonnes,4535.59,Rs./Quintal
NCT of Delhi,Oil Seeds,Mustard,July-2023,323.30,Metric Tonnes,5033.04,Rs./Quintal
NCT of Delhi,Oil Seeds,Mustard,August-2023,401.20,Metric Tonnes,5141.49,Rs./Quintal
NCT of Delhi,Oil Seeds,Mustard,September-2023,236.50,Metric Tonnes,4991.14,Rs./Quintal
NCT of Delhi,Oil Seeds,Mustard,October-2023,220.50,Metric Tonnes,5001.30,Rs./Quintal
NCT of Delhi,Oil Seeds,Mustard,November-2023,36.35,Metric Tonnes,4928.05,Rs./Quintal
NCT of Delhi,Oil Seeds,Mustard,December-2023,242.30,Metric Tonnes,4875.61,Rs./Quintal
NCT of Delhi,Oil Seeds,Mustard,January-2024,5.00,Metric Tonnes,5027.00,Rs./Quintal
NCT of Delhi,Oil Seeds,Mustard,February-2024,2.30,Metric Tonnes,4837.52,Rs./Quintal
NCT of Delhi,Oil Seeds,Mustard,March-2024,25.70,Metric Tonnes,4766.68,Rs./Quintal
NCT of Delhi,Oil Seeds,Mustard,April-2024,39.80,Metric Tonnes,4744.79,Rs./Quintal
NCT of Delhi,Oil Seeds,Mustard,June-2024,43.60,Metric Tonnes,5553.50,Rs./Quintal
NCT of Delhi,Oil Seeds,Mustard,July-2024,46.50,Metric Tonnes,5518.98,Rs./Quintal
NCT of Delhi,Oil Seeds,Mustard,August-2024,79.60,Metric Tonnes,5604.02,Rs./Quintal
NCT of Delhi,Oil Seeds,Mustard,September-2024,166.90,Metric Tonnes,5958.56,Rs./Quintal
NCT of Delhi,Oil Seeds,Sunflower/Sunflower Seed,September-2024,0.20,Metric Tonnes,9610.00,Rs./Quintal
NCT of Delhi,Oil Seeds,Mustard,October-2024,94.40,Metric Tonnes,5822.48,Rs./Quintal
NCT of Delhi,Oil Seeds,Mustard,November-2024,29.30,Metric Tonnes,5792.10,Rs./Quintal
NCT of Delhi,Oil Seeds,Mustard,December-2024,25.30,Metric Tonnes,5691.78,Rs./Quintal
NCT of Delhi,Oil Seeds,Mustard,January-2025,54.80,Metric Tonnes,5902.30,Rs./Quintal
NCT of Delhi,Oil Seeds,Mustard,February-2025,227.90,Metric Tonnes,5647.31,Rs./Quintal
NCT of Delhi,Oil Seeds,Mustard,March-2025,2708.60,Metric Tonnes,5662.91,Rs./Quintal
NCT of Delhi,Oil Seeds,Cotton Seed,April-2025,2.50,Metric Tonnes,4200.00,Rs./Quintal
NCT of Delhi,Oil Seeds,Mustard,April-2025,315.40,Metric Tonnes,5599.11,Rs./Quintal
NCT of Delhi,Oil Seeds,Mustard,May-2025,86.10,Metric Tonnes,5905.53,Rs./Quintal
NCT of Delhi,Oil Seeds,Mustard,June-2025,75.90,Metric Tonnes,6097.14,Rs./Quintal
NCT of Delhi,Oil Seeds,Mustard,July-2025,103.10,Metric Tonnes,6461.02,Rs./Quintal
NCT of Delhi,Oil Seeds,Mustard,August-2025,28.00,Metric Tonnes,6710.62,Rs./Quintal
NCT of Delhi,Oil Seeds,Mustard,September-2025,88.70,Metric Tonnes,6596.92,Rs./Quintal
NCT of Delhi,Oil Seeds,Mustard,October-2025,41.20,Metric Tonnes,6306.86,Rs./Quintal
NCT of Delhi,Oil Seeds,Mustard,November-2025,31.60,Metric Tonnes,6562.23,Rs./Quintal
NCT of Delhi,Oil Seeds,Mustard,December-2025,85.60,Metric Tonnes,6514.03,Rs./Quintal
Nagaland,Oil Seeds,Soyabean,January-2023,19.00,Metric Tonnes,5147.37,Rs./Quintal
Nagaland,Oil Seeds,Soyabean,February-2023,27.00,Metric Tonnes,5192.59,Rs./Quintal
Nagaland,Oil Seeds,Soyabean,March-2023,28.00,Metric Tonnes,5235.71,Rs./Quintal
Nagaland,Oil Seeds,Soyabean,April-2023,24.40,Metric Tonnes,4268.03,Rs./Quintal
Nagaland,Oil Seeds,Soyabean,May-2023,2.25,Metric Tonnes,4882.22,Rs./Quintal
Nagaland,Oil Seeds,Soyabean,January-2024,0.50,Metric Tonnes,3100.00,Rs./Quintal
Nagaland,Oil Seeds,Soyabean,April-2025,0.39,Metric Tonnes,5700.00,Rs./Quintal
Nagaland,Oil Seeds,Soyabean,May-2025,0.36,Metric Tonnes,6600.00,Rs./Quintal
Odisha,Oil Seeds,Groundnut,February-2023,0.10,Metric Tonnes,4600.00,Rs./Quintal
Odisha,Oil Seeds,Suva(Dill Seed),February-2023,60.00,Metric Tonnes,2000.00,Rs./Quintal
Odisha,Oil Seeds,Suva(Dill Seed),March-2023,25.00,Metric Tonnes,2000.00,Rs./Quintal
Odisha,Oil Seeds,Groundnut,April-2023,0.20,Metric Tonnes,7500.00,Rs./Quintal
Odisha,Oil Seeds,Groundnut,June-2023,7.00,Metric Tonnes,5870.00,Rs./Quintal
Odisha,Oil Seeds,Groundnut,July-2023,64.00,Metric Tonnes,5996.88,Rs./Quintal
Odisha,Oil Seeds,Groundnut,October-2023,0.35,Metric Tonnes,6271.43,Rs./Quintal
Odisha,Oil Seeds,Groundnut,February-2024,0.10,Metric Tonnes,7200.00,Rs./Quintal
Odisha,Oil Seeds,Groundnut,March-2024,0.10,Metric Tonnes,7500.00,Rs./Quintal
Odisha,Oil Seeds,Groundnut,April-2024,0.10,Metric Tonnes,7200.00,Rs./Quintal
Odisha,Oil Seeds,Groundnut,May-2024,0.10,Metric Tonnes,7500.00,Rs./Quintal
Odisha,Oil Seeds,Suva(Dill Seed),June-2024,15.00,Metric Tonnes,2000.00,Rs./Quintal
Odisha,Oil Seeds,Groundnut,August-2024,5.00,Metric Tonnes,6390.00,Rs./Quintal
Odisha,Oil Seeds,Suva(Dill Seed),August-2024,15.00,Metric Tonnes,2000.00,Rs./Quintal
Odisha,Oil Seeds,Groundnut,September-2024,0.10,Metric Tonnes,7200.00,Rs./Quintal
Odisha,Oil Seeds,Groundnut,October-2024,0.30,Metric Tonnes,7200.00,Rs./Quintal
Odisha,Oil Seeds,Groundnut,November-2024,0.20,Metric Tonnes,7200.00,Rs./Quintal
Odisha,Oil Seeds,Groundnut,December-2024,0.20,Metric Tonnes,7400.00,Rs./Quintal
Odisha,Oil Seeds,Groundnut,January-2025,0.10,Metric Tonnes,7200.00,Rs./Quintal
Odisha,Oil Seeds,Groundnut,May-2025,0.30,Metric Tonnes,7366.67,Rs./Quintal
Odisha,Oil Seeds,Groundnut,June-2025,0.10,Metric Tonnes,7200.00,Rs./Quintal
Odisha,Oil Seeds,Groundnut,July-2025,0.30,Metric Tonnes,7266.67,Rs./Quintal
Odisha,Oil Seeds,Groundnut,August-2025,0.10,Metric Tonnes,7200.00,Rs./Quintal
Odisha,Oil Seeds,Groundnut,September-2025,170.20,Metric Tonnes,7429.14,Rs./Quintal
Odisha,Oil Seeds,Groundnut,October-2025,100.40,Metric Tonnes,7000.80,Rs./Quintal
Pondicherry,Oil Seeds,Groundnut,January-2023,0.80,Metric Tonnes,8041.20,Rs./Quintal
Pondicherry,Oil Seeds,Groundnut(Split),January-2023,5.76,Metric Tonnes,4396.88,Rs./Quintal
Pondicherry,Oil Seeds,"Sesamum(Sesame,Gingelly,Til)",January-2023,1.36,Metric Tonnes,12391.47,Rs./Quintal
Pondicherry,Oil Seeds,Groundnut,February-2023,0.16,Metric Tonnes,10606.00,Rs./Quintal
Pondicherry,Oil Seeds,Groundnut(Split),February-2023,3.41,Metric Tonnes,6474.05,Rs./Quintal
Pondicherry,Oil Seeds,"Sesamum(Sesame,Gingelly,Til)",February-2023,1.32,Metric Tonnes,12758.39,Rs./Quintal
Pondicherry,Oil Seeds,Groundnut,March-2023,0.12,Metric Tonnes,10237.00,Rs./Quintal
Pondicherry,Oil Seeds,Groundnut(Split),March-2023,264.13,Metric Tonnes,6697.00,Rs./Quintal
Pondicherry,Oil Seeds,"Sesamum(Sesame,Gingelly,Til)",March-2023,9.84,Metric Tonnes,14077.74,Rs./Quintal
Pondicherry,Oil Seeds,Groundnut,April-2023,11.87,Metric Tonnes,9759.89,Rs./Quintal
Pondicherry,Oil Seeds,Groundnut(Split),April-2023,572.50,Metric Tonnes,6036.01,Rs./Quintal
Pondicherry,Oil Seeds,"Sesamum(Sesame,Gingelly,Til)",April-2023,4.64,Metric Tonnes,13841.84,Rs./Quintal
Pondicherry,Oil Seeds,Groundnut,May-2023,10.48,Metric Tonnes,8254.32,Rs./Quintal
Pondicherry,Oil Seeds,Groundnut(Split),May-2023,245.16,Metric Tonnes,5803.32,Rs./Quintal
Pondicherry,Oil Seeds,"Sesamum(Sesame,Gingelly,Til)",May-2023,23.29,Metric Tonnes,11877.78,Rs./Quintal
Pondicherry,Oil Seeds,Groundnut,June-2023,1.84,Metric Tonnes,8837.57,Rs./Quintal
Pondicherry,Oil Seeds,Groundnut(Split),June-2023,74.36,Metric Tonnes,6002.33,Rs./Quintal
Pondicherry,Oil Seeds,"Sesamum(Sesame,Gingelly,Til)",June-2023,59.93,Metric Tonnes,10879.33,Rs./Quintal
Pondicherry,Oil Seeds,Groundnut,July-2023,0.48,Metric Tonnes,9164.50,Rs./Quintal
Pondicherry,Oil Seeds,Groundnut(Split),July-2023,44.56,Metric Tonnes,6044.42,Rs./Quintal
Pondicherry,Oil Seeds,"Sesamum(Sesame,Gingelly,Til)",July-2023,31.27,Metric Tonnes,11261.71,Rs./Quintal
Pondicherry,Oil Seeds,Groundnut,August-2023,1.70,Metric Tonnes,9914.80,Rs./Quintal
Pondicherry,Oil Seeds,Groundnut(Split),August-2023,37.77,Metric Tonnes,5944.60,Rs./Quintal
Pondicherry,Oil Seeds,"Sesamum(Sesame,Gingelly,Til)",August-2023,10.83,Metric Tonnes,13672.90,Rs./Quintal
Pondicherry,Oil Seeds,Groundnut,September-2023,0.88,Metric Tonnes,10123.36,Rs./Quintal
Pondicherry,Oil Seeds,Groundnut(Split),September-2023,34.19,Metric Tonnes,6004.44,Rs./Quintal
Pondicherry,Oil Seeds,"Sesamum(Sesame,Gingelly,Til)",September-2023,5.68,Metric Tonnes,14252.35,Rs./Quintal
Pondicherry,Oil Seeds,Groundnut,October-2023,0.32,Metric Tonnes,9663.00,Rs./Quintal
Pondicherry,Oil Seeds,Groundnut(Split),October-2023,34.38,Metric Tonnes,6126.26,Rs./Quintal
Pondicherry,Oil Seeds,"Sesamum(Sesame,Gingelly,Til)",October-2023,3.27,Metric Tonnes,12758.56,Rs./Quintal
Pondicherry,Oil Seeds,Groundnut,November-2023,0.64,Metric Tonnes,8939.75,Rs./Quintal
Pondicherry,Oil Seeds,Groundnut(Split),November-2023,14.58,Metric Tonnes,5791.91,Rs./Quintal
Pondicherry,Oil Seeds,"Sesamum(Sesame,Gingelly,Til)",November-2023,1.08,Metric Tonnes,12748.93,Rs./Quintal
Pondicherry,Oil Seeds,Groundnut,December-2023,0.35,Metric Tonnes,9529.77,Rs./Quintal
Pondicherry,Oil Seeds,Groundnut(Split),December-2023,5.31,Metric Tonnes,5483.64,Rs./Quintal
Pondicherry,Oil Seeds,"Sesamum(Sesame,Gingelly,Til)",December-2023,0.48,Metric Tonnes,13318.33,Rs./Quintal
Pondicherry,Oil Seeds,"Sesamum(Sesame,Gingelly,Til)",July-2024,4.56,Metric Tonnes,9881.32,Rs./Quintal
Pondicherry,Oil Seeds,"Sesamum(Sesame,Gingelly,Til)",August-2024,14.93,Metric Tonnes,10423.12,Rs./Quintal
Pondicherry,Oil Seeds,"Sesamum(Sesame,Gingelly,Til)",September-2024,7.82,Metric Tonnes,10230.46,Rs./Quintal
Pondicherry,Oil Seeds,"Sesamum(Sesame,Gingelly,Til)",October-2024,2.44,Metric Tonnes,11537.69,Rs./Quintal
Pondicherry,Oil Seeds,"Sesamum(Sesame,Gingelly,Til)",November-2024,2.00,Metric Tonnes,9359.40,Rs./Quintal
Pondicherry,Oil Seeds,"Sesamum(Sesame,Gingelly,Til)",December-2024,0.01,Metric Tonnes,6261.00,Rs./Quintal
Pondicherry,Oil Seeds,"Sesamum(Sesame,Gingelly,Til)",June-2025,1.41,Metric Tonnes,8168.08,Rs./Quintal
Pondicherry,Oil Seeds,"Sesamum(Sesame,Gingelly,Til)",July-2025,10.85,Metric Tonnes,8090.11,Rs./Quintal
Pondicherry,Oil Seeds,"Sesamum(Sesame,Gingelly,Til)",August-2025,5.56,Metric Tonnes,9034.12,Rs./Quintal
Pondicherry,Oil Seeds,"Sesamum(Sesame,Gingelly,Til)",September-2025,1.67,Metric Tonnes,8170.55,Rs./Quintal
Pondicherry,Oil Seeds,"Sesamum(Sesame,Gingelly,Til)",October-2025,1.28,Metric Tonnes,9901.25,Rs./Quintal
Pondicherry,Oil Seeds,Groundnut,November-2025,0.48,Metric Tonnes,10251.25,Rs./Quintal
Pondicherry,Oil Seeds,Groundnut(Split),November-2025,2.60,Metric Tonnes,5522.20,Rs./Quintal
Pondicherry,Oil Seeds,"Sesamum(Sesame,Gingelly,Til)",November-2025,2.32,Metric Tonnes,8952.28,Rs./Quintal
Pondicherry,Oil Seeds,Groundnut(Split),December-2025,0.76,Metric Tonnes,7501.32,Rs./Quintal
Pondicherry,Oil Seeds,"Sesamum(Sesame,Gingelly,Til)",December-2025,1.12,Metric Tonnes,9939.82,Rs./Quintal
Punjab,Oil Seeds,Mustard,January-2023,68.50,Metric Tonnes,5297.67,Rs./Quintal
Punjab,Oil Seeds,Mustard,February-2023,49.10,Metric Tonnes,4960.20,Rs./Quintal
Punjab,Oil Seeds,Mustard,April-2023,5.00,Metric Tonnes,4200.00,Rs./Quintal
Punjab,Oil Seeds,Toria,April-2023,0.03,Metric Tonnes,5166.67,Rs./Quintal
Punjab,Oil Seeds,Sunflower/Sunflower Seed,May-2023,402.00,Metric Tonnes,3842.00,Rs./Quintal
Punjab,Oil Seeds,Toria,May-2023,0.14,Metric Tonnes,1271.43,Rs./Quintal
Punjab,Oil Seeds,Mustard,June-2023,18.90,Metric Tonnes,4177.88,Rs./Quintal
Punjab,Oil Seeds,Sunflower/Sunflower Seed,June-2023,4622.20,Metric Tonnes,3993.51,Rs./Quintal
Punjab,Oil Seeds,Toria,June-2023,0.78,Metric Tonnes,1269.23,Rs./Quintal
Punjab,Oil Seeds,Mustard,July-2023,0.90,Metric Tonnes,4470.00,Rs./Quintal
Punjab,Oil Seeds,Sunflower/Sunflower Seed,July-2023,18.00,Metric Tonnes,3737.19,Rs./Quintal
Punjab,Oil Seeds,Toria,July-2023,0.05,Metric Tonnes,1920.00,Rs./Quintal
Punjab,Oil Seeds,Toria,August-2023,0.33,Metric Tonnes,1457.58,Rs./Quintal
Punjab,Oil Seeds,Mustard,September-2023,13.00,Metric Tonnes,4786.54,Rs./Quintal
Punjab,Oil Seeds,Toria,September-2023,0.55,Metric Tonnes,1694.55,Rs./Quintal
Punjab,Oil Seeds,Mustard,October-2023,81.00,Metric Tonnes,4924.88,Rs./Quintal
Punjab,Oil Seeds,Toria,October-2023,0.10,Metric Tonnes,2420.00,Rs./Quintal
Punjab,Oil Seeds,Mustard,April-2024,741.00,Metric Tonnes,4547.37,Rs./Quintal
Punjab,Oil Seeds,Mustard,May-2024,494.77,Metric Tonnes,5940.55,Rs./Quintal
Punjab,Oil Seeds,Sunflower/Sunflower Seed,May-2024,12.30,Metric Tonnes,4500.00,Rs./Quintal
Punjab,Oil Seeds,Mustard,June-2024,226.79,Metric Tonnes,5475.05,Rs./Quintal
Punjab,Oil Seeds,Sunflower/Sunflower Seed,June-2024,134.56,Metric Tonnes,4486.24,Rs./Quintal
Punjab,Oil Seeds,Toria,June-2024,0.16,Metric Tonnes,3312.50,Rs./Quintal
Punjab,Oil Seeds,Mustard,July-2024,91.42,Metric Tonnes,5322.15,Rs./Quintal
Punjab,Oil Seeds,Toria,July-2024,0.08,Metric Tonnes,2650.00,Rs./Quintal
Punjab,Oil Seeds,Mustard,August-2024,47.00,Metric Tonnes,5376.28,Rs./Quintal
Punjab,Oil Seeds,Toria,August-2024,0.13,Metric Tonnes,4207.69,Rs./Quintal
Punjab,Oil Seeds,Mustard,September-2024,24.55,Metric Tonnes,5698.88,Rs./Quintal
Punjab,Oil Seeds,Toria,September-2024,0.40,Metric Tonnes,3087.50,Rs./Quintal
Punjab,Oil Seeds,Toria,October-2024,0.03,Metric Tonnes,2000.00,Rs./Quintal
Punjab,Oil Seeds,Mustard,December-2024,2.48,Metric Tonnes,5622.00,Rs./Quintal
Punjab,Oil Seeds,Mustard,March-2025,445.00,Metric Tonnes,5683.54,Rs./Quintal
Punjab,Oil Seeds,Mustard,April-2025,2699.41,Metric Tonnes,5633.17,Rs./Quintal
Punjab,Oil Seeds,Mustard,May-2025,138.76,Metric Tonnes,5730.56,Rs./Quintal
Punjab,Oil Seeds,Toria,May-2025,0.01,Metric Tonnes,3500.00,Rs./Quintal
Punjab,Oil Seeds,Mustard,June-2025,60.40,Metric Tonnes,6135.37,Rs./Quintal
Punjab,Oil Seeds,Sunflower/Sunflower Seed,June-2025,14.70,Metric Tonnes,6159.32,Rs./Quintal
Punjab,Oil Seeds,Mustard,July-2025,54.80,Metric Tonnes,6385.50,Rs./Quintal
Punjab,Oil Seeds,Toria,July-2025,0.09,Metric Tonnes,2666.67,Rs./Quintal
Punjab,Oil Seeds,Mustard,August-2025,71.00,Metric Tonnes,6530.60,Rs./Quintal
Punjab,Oil Seeds,Toria,August-2025,0.30,Metric Tonnes,3416.67,Rs./Quintal
Punjab,Oil Seeds,Mustard,September-2025,80.90,Metric Tonnes,6514.30,Rs./Quintal
Punjab,Oil Seeds,Toria,September-2025,0.08,Metric Tonnes,4375.00,Rs./Quintal
Punjab,Oil Seeds,Mustard,October-2025,10.50,Metric Tonnes,6204.05,Rs./Quintal
Punjab,Oil Seeds,Toria,October-2025,0.01,Metric Tonnes,3000.00,Rs./Quintal
Punjab,Oil Seeds,Mustard,November-2025,2.50,Metric Tonnes,6000.00,Rs./Quintal
Punjab,Oil Seeds,Mustard,December-2025,5.00,Metric Tonnes,6360.20,Rs./Quintal
Rajasthan,Oil Seeds,Castor Seed,January-2023,259.32,Metric Tonnes,6890.53,Rs./Quintal
Rajasthan,Oil Seeds,Cotton Seed,January-2023,1.60,Metric Tonnes,7648.75,Rs./Quintal
Rajasthan,Oil Seeds,Ground Nut Seed,January-2023,317.70,Metric Tonnes,6366.59,Rs./Quintal
Rajasthan,Oil Seeds,Groundnut,January-2023,14018.98,Metric Tonnes,6658.02,Rs./Quintal
Rajasthan,Oil Seeds,Linseed,January-2023,473.20,Metric Tonnes,5501.57,Rs./Quintal
Rajasthan,Oil Seeds,Mustard,January-2023,58189.47,Metric Tonnes,5714.63,Rs./Quintal
Rajasthan,Oil Seeds,"Sesamum(Sesame,Gingelly,Til)",January-2023,523.99,Metric Tonnes,13363.30,Rs./Quintal
Rajasthan,Oil Seeds,Soyabean,January-2023,32758.63,Metric Tonnes,5281.86,Rs./Quintal
Rajasthan,Oil Seeds,Taramira,January-2023,129.17,Metric Tonnes,4907.52,Rs./Quintal
Rajasthan,Oil Seeds,Castor Seed,February-2023,1737.26,Metric Tonnes,6532.08,Rs./Quintal
Rajasthan,Oil Seeds,Ground Nut Seed,February-2023,111.30,Metric Tonnes,7011.82,Rs./Quintal
Rajasthan,Oil Seeds,Groundnut,February-2023,3530.59,Metric Tonnes,6502.12,Rs./Quintal
Rajasthan,Oil Seeds,Linseed,February-2023,266.60,Metric Tonnes,5112.75,Rs./Quintal
Rajasthan,Oil Seeds,Mustard,February-2023,165004.24,Metric Tonnes,5139.60,Rs./Quintal
Rajasthan,Oil Seeds,"Sesamum(Sesame,Gingelly,Til)",February-2023,167.87,Metric Tonnes,13148.81,Rs./Quintal
Rajasthan,Oil Seeds,Soyabean,February-2023,25867.98,Metric Tonnes,5181.92,Rs./Quintal
Rajasthan,Oil Seeds,Taramira,February-2023,444.74,Metric Tonnes,4983.66,Rs./Quintal
Rajasthan,Oil Seeds,Castor Seed,March-2023,1259.48,Metric Tonnes,6098.84,Rs./Quintal
Rajasthan,Oil Seeds,Ground Nut Seed,March-2023,39.90,Metric Tonnes,7460.90,Rs./Quintal
Rajasthan,Oil Seeds,Groundnut,March-2023,566.16,Metric Tonnes,6770.20,Rs./Quintal
Rajasthan,Oil Seeds,Linseed,March-2023,1520.30,Metric Tonnes,4547.62,Rs./Quintal
Rajasthan,Oil Seeds,Mustard,March-2023,314608.67,Metric Tonnes,4963.19,Rs./Quintal
Rajasthan,Oil Seeds,"Sesamum(Sesame,Gingelly,Til)",March-2023,46.80,Metric Tonnes,13107.49,Rs./Quintal
Rajasthan,Oil Seeds,Soyabean,March-2023,9464.95,Metric Tonnes,5138.17,Rs./Quintal
Rajasthan,Oil Seeds,Taramira,March-2023,1824.06,Metric Tonnes,5139.72,Rs./Quintal
Rajasthan,Oil Seeds,Castor Seed,April-2023,706.21,Metric Tonnes,5865.61,Rs./Quintal
Rajasthan,Oil Seeds,Ground Nut Seed,April-2023,4.00,Metric Tonnes,6500.00,Rs./Quintal
Rajasthan,Oil Seeds,Groundnut,April-2023,638.58,Metric Tonnes,6624.96,Rs./Quintal
Rajasthan,Oil Seeds,Linseed,April-2023,4526.20,Metric Tonnes,4264.45,Rs./Quintal
Rajasthan,Oil Seeds,Mustard,April-2023,321729.86,Metric Tonnes,4855.23,Rs./Quintal
Rajasthan,Oil Seeds,"Sesamum(Sesame,Gingelly,Til)",April-2023,42.82,Metric Tonnes,13076.76,Rs./Quintal
Rajasthan,Oil Seeds,Soyabean,April-2023,9876.10,Metric Tonnes,5117.84,Rs./Quintal
Rajasthan,Oil Seeds,Taramira,April-2023,1508.86,Metric Tonnes,5136.38,Rs./Quintal
Rajasthan,Oil Seeds,Castor Seed,May-2023,1562.23,Metric Tonnes,5576.99,Rs./Quintal
Rajasthan,Oil Seeds,Groundnut,May-2023,302.97,Metric Tonnes,6918.77,Rs./Quintal
Rajasthan,Oil Seeds,Linseed,May-2023,3431.40,Metric Tonnes,4138.43,Rs./Quintal
Rajasthan,Oil Seeds,Mustard,May-2023,151432.58,Metric Tonnes,4648.35,Rs./Quintal
Rajasthan,Oil Seeds,"Sesamum(Sesame,Gingelly,Til)",May-2023,22.70,Metric Tonnes,12422.44,Rs./Quintal
Rajasthan,Oil Seeds,Soyabean,May-2023,11399.30,Metric Tonnes,5017.58,Rs./Quintal
Rajasthan,Oil Seeds,Taramira,May-2023,557.91,Metric Tonnes,4912.38,Rs./Quintal
Rajasthan,Oil Seeds,Castor Seed,June-2023,306.82,Metric Tonnes,5471.12,Rs./Quintal
Rajasthan,Oil Seeds,Ground Nut Seed,June-2023,4.00,Metric Tonnes,5589.00,Rs./Quintal
Rajasthan,Oil Seeds,Groundnut,June-2023,582.45,Metric Tonnes,6368.33,Rs./Quintal
Rajasthan,Oil Seeds,Linseed,June-2023,2137.60,Metric Tonnes,4172.84,Rs./Quintal
Rajasthan,Oil Seeds,Mustard,June-2023,125163.18,Metric Tonnes,4672.27,Rs./Quintal
Rajasthan,Oil Seeds,"Sesamum(Sesame,Gingelly,Til)",June-2023,16.48,Metric Tonnes,11337.89,Rs./Quintal
Rajasthan,Oil Seeds,Soyabean,June-2023,19505.60,Metric Tonnes,4842.83,Rs./Quintal
Rajasthan,Oil Seeds,Taramira,June-2023,327.69,Metric Tonnes,4814.88,Rs./Quintal
Rajasthan,Oil Seeds,Castor Seed,July-2023,269.40,Metric Tonnes,5523.50,Rs./Quintal
Rajasthan,Oil Seeds,Cotton Seed,July-2023,0.80,Metric Tonnes,6200.00,Rs./Quintal
Rajasthan,Oil Seeds,Ground Nut Seed,July-2023,3.10,Metric Tonnes,7950.00,Rs./Quintal
Rajasthan,Oil Seeds,Groundnut,July-2023,769.65,Metric Tonnes,6374.94,Rs./Quintal
Rajasthan,Oil Seeds,Linseed,July-2023,1257.90,Metric Tonnes,4663.07,Rs./Quintal
Rajasthan,Oil Seeds,Mustard,July-2023,104944.88,Metric Tonnes,5064.57,Rs./Quintal
Rajasthan,Oil Seeds,Niger Seed(Ramtil),July-2023,7.60,Metric Tonnes,14275.50,Rs./Quintal
Rajasthan,Oil Seeds,"Sesamum(Sesame,Gingelly,Til)",July-2023,43.20,Metric Tonnes,12984.76,Rs./Quintal
Rajasthan,Oil Seeds,Soyabean,July-2023,34081.13,Metric Tonnes,4770.29,Rs./Quintal
Rajasthan,Oil Seeds,Taramira,July-2023,208.32,Metric Tonnes,5042.49,Rs./Quintal
Rajasthan,Oil Seeds,Castor Seed,August-2023,100.34,Metric Tonnes,5859.10,Rs./Quintal
Rajasthan,Oil Seeds,Cotton Seed,August-2023,162.10,Metric Tonnes,6378.56,Rs./Quintal
Rajasthan,Oil Seeds,Ground Nut Seed,August-2023,15.90,Metric Tonnes,5877.74,Rs./Quintal
Rajasthan,Oil Seeds,Groundnut,August-2023,239.40,Metric Tonnes,6595.89,Rs./Quintal
Rajasthan,Oil Seeds,Linseed,August-2023,713.30,Metric Tonnes,4809.14,Rs./Quintal
Rajasthan,Oil Seeds,Mustard,August-2023,84591.79,Metric Tonnes,5270.73,Rs./Quintal
Rajasthan,Oil Seeds,"Sesamum(Sesame,Gingelly,Til)",August-2023,33.30,Metric Tonnes,13663.84,Rs./Quintal
Rajasthan,Oil Seeds,Soyabean,August-2023,17044.85,Metric Tonnes,4720.20,Rs./Quintal
Rajasthan,Oil Seeds,Taramira,August-2023,208.89,Metric Tonnes,5159.41,Rs./Quintal
Rajasthan,Oil Seeds,Castor Seed,September-2023,88.56,Metric Tonnes,5675.08,Rs./Quintal
Rajasthan,Oil Seeds,Cotton Seed,September-2023,323.20,Metric Tonnes,7053.78,Rs./Quintal
Rajasthan,Oil Seeds,Ground Nut Seed,September-2023,1484.10,Metric Tonnes,6346.17,Rs./Quintal
Rajasthan,Oil Seeds,Groundnut,September-2023,1709.76,Metric Tonnes,6121.81,Rs./Quintal
Rajasthan,Oil Seeds,Linseed,September-2023,1046.40,Metric Tonnes,4778.17,Rs./Quintal
Rajasthan,Oil Seeds,Mustard,September-2023,62722.52,Metric Tonnes,5179.89,Rs./Quintal
Rajasthan,Oil Seeds,"Sesamum(Sesame,Gingelly,Til)",September-2023,149.20,Metric Tonnes,14603.22,Rs./Quintal
Rajasthan,Oil Seeds,Soyabean,September-2023,25822.60,Metric Tonnes,4428.57,Rs./Quintal
Rajasthan,Oil Seeds,Taramira,September-2023,100.75,Metric Tonnes,5063.36,Rs./Quintal
Rajasthan,Oil Seeds,Castor Seed,October-2023,43.99,Metric Tonnes,5638.45,Rs./Quintal
Rajasthan,Oil Seeds,Cotton Seed,October-2023,479.20,Metric Tonnes,6778.96,Rs./Quintal
Rajasthan,Oil Seeds,Ground Nut Seed,October-2023,25209.30,Metric Tonnes,5847.05,Rs./Quintal
Rajasthan,Oil Seeds,Groundnut,October-2023,39736.40,Metric Tonnes,5885.58,Rs./Quintal
Rajasthan,Oil Seeds,Linseed,October-2023,846.90,Metric Tonnes,4804.59,Rs./Quintal
Rajasthan,Oil Seeds,Mustard,October-2023,70740.78,Metric Tonnes,5281.43,Rs./Quintal
Rajasthan,Oil Seeds,"Sesamum(Sesame,Gingelly,Til)",October-2023,7893.04,Metric Tonnes,14305.44,Rs./Quintal
Rajasthan,Oil Seeds,Soyabean,October-2023,196797.20,Metric Tonnes,4396.29,Rs./Quintal
Rajasthan,Oil Seeds,Taramira,October-2023,316.87,Metric Tonnes,4951.37,Rs./Quintal
Rajasthan,Oil Seeds,Castor Seed,November-2023,94.03,Metric Tonnes,5383.15,Rs./Quintal
Rajasthan,Oil Seeds,Cotton Seed,November-2023,89.80,Metric Tonnes,6731.96,Rs./Quintal
Rajasthan,Oil Seeds,Ground Nut Seed,November-2023,9412.30,Metric Tonnes,6098.08,Rs./Quintal
Rajasthan,Oil Seeds,Groundnut,November-2023,17193.10,Metric Tonnes,6091.31,Rs./Quintal
Rajasthan,Oil Seeds,Linseed,November-2023,630.00,Metric Tonnes,4842.20,Rs./Quintal
Rajasthan,Oil Seeds,Mustard,November-2023,49820.53,Metric Tonnes,5301.10,Rs./Quintal
Rajasthan,Oil Seeds,"Sesamum(Sesame,Gingelly,Til)",November-2023,2267.70,Metric Tonnes,14337.71,Rs./Quintal
Rajasthan,Oil Seeds,Soyabean,November-2023,83168.50,Metric Tonnes,4782.93,Rs./Quintal
Rajasthan,Oil Seeds,Taramira,November-2023,103.58,Metric Tonnes,5345.81,Rs./Quintal
Rajasthan,Oil Seeds,Castor Seed,December-2023,696.06,Metric Tonnes,5432.36,Rs./Quintal
Rajasthan,Oil Seeds,Cotton Seed,December-2023,40.40,Metric Tonnes,6553.78,Rs./Quintal
Rajasthan,Oil Seeds,Ground Nut Seed,December-2023,4007.10,Metric Tonnes,6410.36,Rs./Quintal
Rajasthan,Oil Seeds,Groundnut,December-2023,16098.95,Metric Tonnes,6081.33,Rs./Quintal
Rajasthan,Oil Seeds,Linseed,December-2023,696.90,Metric Tonnes,4830.02,Rs./Quintal
Rajasthan,Oil Seeds,Mustard,December-2023,51111.95,Metric Tonnes,5178.36,Rs./Quintal
Rajasthan,Oil Seeds,"Sesamum(Sesame,Gingelly,Til)",December-2023,1684.80,Metric Tonnes,13720.79,Rs./Quintal
Rajasthan,Oil Seeds,Soyabean,December-2023,48580.70,Metric Tonnes,4629.73,Rs./Quintal
Rajasthan,Oil Seeds,Taramira,December-2023,76.34,Metric Tonnes,4904.63,Rs./Quintal
Rajasthan,Oil Seeds,Castor Seed,January-2024,1880.42,Metric Tonnes,5541.67,Rs./Quintal
Rajasthan,Oil Seeds,Ground Nut Seed,January-2024,600.90,Metric Tonnes,5448.27,Rs./Quintal
Rajasthan,Oil Seeds,Groundnut,January-2024,17537.33,Metric Tonnes,5540.85,Rs./Quintal
Rajasthan,Oil Seeds,Linseed,January-2024,585.80,Metric Tonnes,4801.29,Rs./Quintal
Rajasthan,Oil Seeds,Mustard,January-2024,55725.74,Metric Tonnes,5013.24,Rs./Quintal
Rajasthan,Oil Seeds,"Sesamum(Sesame,Gingelly,Til)",January-2024,647.67,Metric Tonnes,13244.27,Rs./Quintal
Rajasthan,Oil Seeds,Soyabean,January-2024,29226.00,Metric Tonnes,4508.52,Rs./Quintal
Rajasthan,Oil Seeds,Taramira,January-2024,62.70,Metric Tonnes,4811.48,Rs./Quintal
Rajasthan,Oil Seeds,Toria,January-2024,0.90,Metric Tonnes,4200.00,Rs./Quintal
Rajasthan,Oil Seeds,Castor Seed,February-2024,1532.12,Metric Tonnes,5454.29,Rs./Quintal
Rajasthan,Oil Seeds,Ground Nut Seed,February-2024,20.60,Metric Tonnes,4961.41,Rs./Quintal
Rajasthan,Oil Seeds,Groundnut,February-2024,18331.41,Metric Tonnes,5255.13,Rs./Quintal
Rajasthan,Oil Seeds,Linseed,February-2024,391.90,Metric Tonnes,4656.13,Rs./Quintal
Rajasthan,Oil Seeds,Mustard,February-2024,145075.29,Metric Tonnes,4738.08,Rs./Quintal
Rajasthan,Oil Seeds,"Sesamum(Sesame,Gingelly,Til)",February-2024,1725.24,Metric Tonnes,13042.78,Rs./Quintal
Rajasthan,Oil Seeds,Soyabean,February-2024,32296.10,Metric Tonnes,4397.37,Rs./Quintal
Rajasthan,Oil Seeds,Taramira,February-2024,257.02,Metric Tonnes,4541.43,Rs./Quintal
Rajasthan,Oil Seeds,Castor Seed,March-2024,449.67,Metric Tonnes,5552.10,Rs./Quintal
Rajasthan,Oil Seeds,Ground Nut Seed,March-2024,166.80,Metric Tonnes,5477.70,Rs./Quintal
Rajasthan,Oil Seeds,Groundnut,March-2024,7830.59,Metric Tonnes,5276.55,Rs./Quintal
Rajasthan,Oil Seeds,Linseed,March-2024,835.20,Metric Tonnes,4824.02,Rs./Quintal
Rajasthan,Oil Seeds,Mustard,March-2024,395175.46,Metric Tonnes,4848.20,Rs./Quintal
Rajasthan,Oil Seeds,"Sesamum(Sesame,Gingelly,Til)",March-2024,109.30,Metric Tonnes,12538.14,Rs./Quintal
Rajasthan,Oil Seeds,Soyabean,March-2024,29135.86,Metric Tonnes,4405.42,Rs./Quintal
Rajasthan,Oil Seeds,Taramira,March-2024,1907.90,Metric Tonnes,4357.54,Rs./Quintal
Rajasthan,Oil Seeds,Castor Seed,April-2024,1279.18,Metric Tonnes,5597.25,Rs./Quintal
Rajasthan,Oil Seeds,Ground Nut Seed,April-2024,5.50,Metric Tonnes,5455.00,Rs./Quintal
Rajasthan,Oil Seeds,Groundnut,April-2024,2080.54,Metric Tonnes,5676.47,Rs./Quintal
Rajasthan,Oil Seeds,Linseed,April-2024,1325.90,Metric Tonnes,4961.79,Rs./Quintal
Rajasthan,Oil Seeds,Mustard,April-2024,283045.55,Metric Tonnes,4834.98,Rs./Quintal
Rajasthan,Oil Seeds,"Sesamum(Sesame,Gingelly,Til)",April-2024,34.65,Metric Tonnes,10904.90,Rs./Quintal
Rajasthan,Oil Seeds,Soyabean,April-2024,15789.15,Metric Tonnes,4528.62,Rs./Quintal
Rajasthan,Oil Seeds,Taramira,April-2024,1314.33,Metric Tonnes,4366.67,Rs./Quintal
Rajasthan,Oil Seeds,Castor Seed,May-2024,2636.60,Metric Tonnes,5324.19,Rs./Quintal
Rajasthan,Oil Seeds,Ground Nut Seed,May-2024,10.00,Metric Tonnes,5460.00,Rs./Quintal
Rajasthan,Oil Seeds,Groundnut,May-2024,9734.58,Metric Tonnes,6035.42,Rs./Quintal
Rajasthan,Oil Seeds,Linseed,May-2024,1186.70,Metric Tonnes,5711.36,Rs./Quintal
Rajasthan,Oil Seeds,Mustard,May-2024,175798.77,Metric Tonnes,5263.55,Rs./Quintal
Rajasthan,Oil Seeds,"Sesamum(Sesame,Gingelly,Til)",May-2024,15.28,Metric Tonnes,11368.73,Rs./Quintal
Rajasthan,Oil Seeds,Soyabean,May-2024,21292.10,Metric Tonnes,4539.49,Rs./Quintal
Rajasthan,Oil Seeds,Taramira,May-2024,2138.02,Metric Tonnes,3239.04,Rs./Quintal
Rajasthan,Oil Seeds,Castor Seed,June-2024,714.81,Metric Tonnes,5358.89,Rs./Quintal
Rajasthan,Oil Seeds,Ground Nut Seed,June-2024,5.00,Metric Tonnes,5500.00,Rs./Quintal
Rajasthan,Oil Seeds,Groundnut,June-2024,3474.92,Metric Tonnes,4937.16,Rs./Quintal
Rajasthan,Oil Seeds,Linseed,June-2024,995.20,Metric Tonnes,5788.49,Rs./Quintal
Rajasthan,Oil Seeds,Mustard,June-2024,116021.89,Metric Tonnes,5549.04,Rs./Quintal
Rajasthan,Oil Seeds,"Sesamum(Sesame,Gingelly,Til)",June-2024,69.90,Metric Tonnes,11221.57,Rs./Quintal
Rajasthan,Oil Seeds,Soyabean,June-2024,36130.00,Metric Tonnes,4463.52,Rs./Quintal
Rajasthan,Oil Seeds,Taramira,June-2024,311.27,Metric Tonnes,4821.21,Rs./Quintal
Rajasthan,Oil Seeds,Castor Seed,July-2024,465.42,Metric Tonnes,5672.00,Rs./Quintal
Rajasthan,Oil Seeds,Groundnut,July-2024,4434.62,Metric Tonnes,4188.67,Rs./Quintal
Rajasthan,Oil Seeds,Linseed,July-2024,530.10,Metric Tonnes,5712.17,Rs./Quintal
Rajasthan,Oil Seeds,Mustard,July-2024,63887.28,Metric Tonnes,5523.41,Rs./Quintal
Rajasthan,Oil Seeds,"Sesamum(Sesame,Gingelly,Til)",July-2024,108.78,Metric Tonnes,10549.22,Rs./Quintal
Rajasthan,Oil Seeds,Soyabean,July-2024,47967.64,Metric Tonnes,4309.65,Rs./Quintal
Rajasthan,Oil Seeds,Taramira,July-2024,121.64,Metric Tonnes,4724.88,Rs./Quintal
Rajasthan,Oil Seeds,Castor Seed,August-2024,258.73,Metric Tonnes,5711.01,Rs./Quintal
Rajasthan,Oil Seeds,Ground Nut Seed,August-2024,2.80,Metric Tonnes,4553.57,Rs./Quintal
Rajasthan,Oil Seeds,Groundnut,August-2024,2675.33,Metric Tonnes,4428.97,Rs./Quintal
Rajasthan,Oil Seeds,Linseed,August-2024,259.30,Metric Tonnes,5595.24,Rs./Quintal
Rajasthan,Oil Seeds,Mustard,August-2024,40148.40,Metric Tonnes,5587.11,Rs./Quintal
Rajasthan,Oil Seeds,"Sesamum(Sesame,Gingelly,Til)",August-2024,150.95,Metric Tonnes,11006.42,Rs./Quintal
Rajasthan,Oil Seeds,Soyabean,August-2024,20359.90,Metric Tonnes,4150.59,Rs./Quintal
Rajasthan,Oil Seeds,Taramira,August-2024,79.25,Metric Tonnes,4711.85,Rs./Quintal
Rajasthan,Oil Seeds,Castor Seed,September-2024,277.72,Metric Tonnes,5883.03,Rs./Quintal
Rajasthan,Oil Seeds,Cotton Seed,September-2024,106.70,Metric Tonnes,6665.34,Rs./Quintal
Rajasthan,Oil Seeds,Groundnut,September-2024,3396.25,Metric Tonnes,4666.89,Rs./Quintal
Rajasthan,Oil Seeds,Linseed,September-2024,400.20,Metric Tonnes,5916.24,Rs./Quintal
Rajasthan,Oil Seeds,Mustard,September-2024,76156.70,Metric Tonnes,6134.36,Rs./Quintal
Rajasthan,Oil Seeds,"Sesamum(Sesame,Gingelly,Til)",September-2024,56.62,Metric Tonnes,11796.40,Rs./Quintal
Rajasthan,Oil Seeds,Soyabean,September-2024,35740.50,Metric Tonnes,4366.10,Rs./Quintal
Rajasthan,Oil Seeds,Taramira,September-2024,244.30,Metric Tonnes,4899.38,Rs./Quintal
Rajasthan,Oil Seeds,Castor Seed,October-2024,225.23,Metric Tonnes,6029.29,Rs./Quintal
Rajasthan,Oil Seeds,Cotton Seed,October-2024,656.30,Metric Tonnes,7619.43,Rs./Quintal
Rajasthan,Oil Seeds,Ground Nut Seed,October-2024,121.70,Metric Tonnes,4547.22,Rs./Quintal
Rajasthan,Oil Seeds,Groundnut,October-2024,51162.75,Metric Tonnes,5575.16,Rs./Quintal
Rajasthan,Oil Seeds,Linseed,October-2024,288.80,Metric Tonnes,5846.00,Rs./Quintal
Rajasthan,Oil Seeds,Mustard,October-2024,47139.53,Metric Tonnes,6203.08,Rs./Quintal
Rajasthan,Oil Seeds,"Sesamum(Sesame,Gingelly,Til)",October-2024,1162.46,Metric Tonnes,11900.30,Rs./Quintal
Rajasthan,Oil Seeds,Soyabean,October-2024,140303.10,Metric Tonnes,4315.72,Rs./Quintal
Rajasthan,Oil Seeds,Taramira,October-2024,581.00,Metric Tonnes,3321.20,Rs./Quintal
Rajasthan,Oil Seeds,Castor Seed,November-2024,739.40,Metric Tonnes,5881.33,Rs./Quintal
Rajasthan,Oil Seeds,Cotton Seed,November-2024,120.70,Metric Tonnes,7309.40,Rs./Quintal
Rajasthan,Oil Seeds,Ground Nut Seed,November-2024,176.50,Metric Tonnes,4639.69,Rs./Quintal
Rajasthan,Oil Seeds,Groundnut,November-2024,88822.09,Metric Tonnes,5300.73,Rs./Quintal
Rajasthan,Oil Seeds,Linseed,November-2024,390.20,Metric Tonnes,5796.44,Rs./Quintal
Rajasthan,Oil Seeds,Mustard,November-2024,25172.46,Metric Tonnes,6083.42,Rs./Quintal
Rajasthan,Oil Seeds,"Sesamum(Sesame,Gingelly,Til)",November-2024,3620.36,Metric Tonnes,11019.17,Rs./Quintal
Rajasthan,Oil Seeds,Soyabean,November-2024,80212.40,Metric Tonnes,4240.50,Rs./Quintal
Rajasthan,Oil Seeds,Taramira,November-2024,100.45,Metric Tonnes,4322.10,Rs./Quintal
Rajasthan,Oil Seeds,Castor Seed,December-2024,340.92,Metric Tonnes,5514.51,Rs./Quintal
Rajasthan,Oil Seeds,Cotton Seed,December-2024,28.10,Metric Tonnes,6880.43,Rs./Quintal
Rajasthan,Oil Seeds,Ground Nut Seed,December-2024,145.00,Metric Tonnes,4485.44,Rs./Quintal
Rajasthan,Oil Seeds,Groundnut,December-2024,78970.81,Metric Tonnes,5145.57,Rs./Quintal
Rajasthan,Oil Seeds,Linseed,December-2024,219.00,Metric Tonnes,5710.52,Rs./Quintal
Rajasthan,Oil Seeds,Mustard,December-2024,26287.60,Metric Tonnes,5924.37,Rs./Quintal
Rajasthan,Oil Seeds,"Sesamum(Sesame,Gingelly,Til)",December-2024,1139.57,Metric Tonnes,10642.94,Rs./Quintal
Rajasthan,Oil Seeds,Soyabean,December-2024,45194.40,Metric Tonnes,4176.90,Rs./Quintal
Rajasthan,Oil Seeds,Taramira,December-2024,105.65,Metric Tonnes,4726.15,Rs./Quintal
Rajasthan,Oil Seeds,Castor Seed,January-2025,445.06,Metric Tonnes,6106.79,Rs./Quintal
Rajasthan,Oil Seeds,Ground Nut Seed,January-2025,88.00,Metric Tonnes,4460.20,Rs./Quintal
Rajasthan,Oil Seeds,Groundnut,January-2025,48308.89,Metric Tonnes,4980.92,Rs./Quintal
Rajasthan,Oil Seeds,Linseed,January-2025,487.95,Metric Tonnes,5791.08,Rs./Quintal
Rajasthan,Oil Seeds,Mustard,January-2025,36591.24,Metric Tonnes,5817.63,Rs./Quintal
Rajasthan,Oil Seeds,"Sesamum(Sesame,Gingelly,Til)",January-2025,670.03,Metric Tonnes,10132.89,Rs./Quintal
Rajasthan,Oil Seeds,Soyabean,January-2025,35487.96,Metric Tonnes,4239.55,Rs./Quintal
Rajasthan,Oil Seeds,Taramira,January-2025,311.55,Metric Tonnes,4035.45,Rs./Quintal
Rajasthan,Oil Seeds,Castor Seed,February-2025,1228.22,Metric Tonnes,6081.08,Rs./Quintal
Rajasthan,Oil Seeds,Ground Nut Seed,February-2025,40.60,Metric Tonnes,4257.47,Rs./Quintal
Rajasthan,Oil Seeds,Groundnut,February-2025,10097.75,Metric Tonnes,4786.11,Rs./Quintal
Rajasthan,Oil Seeds,Linseed,February-2025,587.70,Metric Tonnes,5613.14,Rs./Quintal
Rajasthan,Oil Seeds,Mustard,February-2025,39889.84,Metric Tonnes,5645.51,Rs./Quintal
Rajasthan,Oil Seeds,"Sesamum(Sesame,Gingelly,Til)",February-2025,902.52,Metric Tonnes,9899.24,Rs./Quintal
Rajasthan,Oil Seeds,Soyabean,February-2025,27353.45,Metric Tonnes,4073.56,Rs./Quintal
Rajasthan,Oil Seeds,Taramira,February-2025,72.55,Metric Tonnes,4631.97,Rs./Quintal
Rajasthan,Oil Seeds,Castor Seed,March-2025,2421.72,Metric Tonnes,6045.50,Rs./Quintal
Rajasthan,Oil Seeds,Ground Nut Seed,March-2025,8.20,Metric Tonnes,4292.87,Rs./Quintal
Rajasthan,Oil Seeds,Groundnut,March-2025,6823.44,Metric Tonnes,4791.84,Rs./Quintal
Rajasthan,Oil Seeds,Linseed,March-2025,2536.00,Metric Tonnes,5577.36,Rs./Quintal
Rajasthan,Oil Seeds,Mustard,March-2025,405303.21,Metric Tonnes,5493.03,Rs./Quintal
Rajasthan,Oil Seeds,"Sesamum(Sesame,Gingelly,Til)",March-2025,201.70,Metric Tonnes,9542.83,Rs./Quintal
Rajasthan,Oil Seeds,Soyabean,March-2025,29671.30,Metric Tonnes,3918.93,Rs./Quintal
Rajasthan,Oil Seeds,Taramira,March-2025,1400.75,Metric Tonnes,4774.44,Rs./Quintal
Rajasthan,Oil Seeds,Castor Seed,April-2025,6280.29,Metric Tonnes,5934.08,Rs./Quintal
Rajasthan,Oil Seeds,Ground Nut Seed,April-2025,12.30,Metric Tonnes,4382.95,Rs./Quintal
Rajasthan,Oil Seeds,Groundnut,April-2025,3549.59,Metric Tonnes,4867.95,Rs./Quintal
Rajasthan,Oil Seeds,Linseed,April-2025,8900.30,Metric Tonnes,6522.96,Rs./Quintal
Rajasthan,Oil Seeds,Mustard,April-2025,338270.01,Metric Tonnes,5682.12,Rs./Quintal
Rajasthan,Oil Seeds,"Sesamum(Sesame,Gingelly,Til)",April-2025,119.50,Metric Tonnes,9880.55,Rs./Quintal
Rajasthan,Oil Seeds,Soyabean,April-2025,21300.30,Metric Tonnes,4250.40,Rs./Quintal
Rajasthan,Oil Seeds,Taramira,April-2025,1471.47,Metric Tonnes,5234.17,Rs./Quintal
Rajasthan,Oil Seeds,Castor Seed,May-2025,7503.73,Metric Tonnes,5902.00,Rs./Quintal
Rajasthan,Oil Seeds,Ground Nut Seed,May-2025,17.70,Metric Tonnes,4194.98,Rs./Quintal
Rajasthan,Oil Seeds,Groundnut,May-2025,5750.48,Metric Tonnes,4848.05,Rs./Quintal
Rajasthan,Oil Seeds,Linseed,May-2025,4092.60,Metric Tonnes,6873.16,Rs./Quintal
Rajasthan,Oil Seeds,Mustard,May-2025,170399.85,Metric Tonnes,5938.65,Rs./Quintal
Rajasthan,Oil Seeds,"Sesamum(Sesame,Gingelly,Til)",May-2025,165.90,Metric Tonnes,9196.85,Rs./Quintal
Rajasthan,Oil Seeds,Soyabean,May-2025,29144.90,Metric Tonnes,4146.35,Rs./Quintal
Rajasthan,Oil Seeds,Taramira,May-2025,458.05,Metric Tonnes,4938.79,Rs./Quintal
Rajasthan,Oil Seeds,Castor Seed,June-2025,1040.61,Metric Tonnes,6065.69,Rs./Quintal
Rajasthan,Oil Seeds,Ground Nut Seed,June-2025,22.60,Metric Tonnes,4310.04,Rs./Quintal
Rajasthan,Oil Seeds,Groundnut,June-2025,6162.09,Metric Tonnes,4844.56,Rs./Quintal
Rajasthan,Oil Seeds,Linseed,June-2025,1558.30,Metric Tonnes,6812.51,Rs./Quintal
Rajasthan,Oil Seeds,Mustard,June-2025,85918.76,Metric Tonnes,6195.39,Rs./Quintal
Rajasthan,Oil Seeds,"Sesamum(Sesame,Gingelly,Til)",June-2025,49.00,Metric Tonnes,8518.14,Rs./Quintal
Rajasthan,Oil Seeds,Soyabean,June-2025,36862.20,Metric Tonnes,4128.13,Rs./Quintal
Rajasthan,Oil Seeds,Taramira,June-2025,293.15,Metric Tonnes,5131.51,Rs./Quintal
Rajasthan,Oil Seeds,Castor Seed,July-2025,269.21,Metric Tonnes,6325.11,Rs./Quintal
Rajasthan,Oil Seeds,Ground Nut Seed,July-2025,5.70,Metric Tonnes,4532.91,Rs./Quintal
Rajasthan,Oil Seeds,Groundnut,July-2025,3317.09,Metric Tonnes,4966.08,Rs./Quintal
Rajasthan,Oil Seeds,Linseed,July-2025,956.50,Metric Tonnes,6984.35,Rs./Quintal
Rajasthan,Oil Seeds,Mustard,July-2025,65056.38,Metric Tonnes,6711.24,Rs./Quintal
Rajasthan,Oil Seeds,"Sesamum(Sesame,Gingelly,Til)",July-2025,39.10,Metric Tonnes,8026.46,Rs./Quintal
Rajasthan,Oil Seeds,Soyabean,July-2025,31112.75,Metric Tonnes,4182.44,Rs./Quintal
Rajasthan,Oil Seeds,Taramira,July-2025,128.20,Metric Tonnes,5336.60,Rs./Quintal
Rajasthan,Oil Seeds,Castor Seed,August-2025,174.66,Metric Tonnes,6242.00,Rs./Quintal
Rajasthan,Oil Seeds,Ground Nut Seed,August-2025,2.50,Metric Tonnes,4632.24,Rs./Quintal
Rajasthan,Oil Seeds,Groundnut,August-2025,1775.97,Metric Tonnes,5043.26,Rs./Quintal
Rajasthan,Oil Seeds,Linseed,August-2025,1004.30,Metric Tonnes,7352.72,Rs./Quintal
Rajasthan,Oil Seeds,Mustard,August-2025,42885.58,Metric Tonnes,6759.92,Rs./Quintal
Rajasthan,Oil Seeds,"Sesamum(Sesame,Gingelly,Til)",August-2025,19.10,Metric Tonnes,8178.18,Rs./Quintal
Rajasthan,Oil Seeds,Soyabean,August-2025,22439.50,Metric Tonnes,4474.89,Rs./Quintal
Rajasthan,Oil Seeds,Taramira,August-2025,105.50,Metric Tonnes,5432.94,Rs./Quintal
Rajasthan,Oil Seeds,Castor Seed,September-2025,159.56,Metric Tonnes,6187.91,Rs./Quintal
Rajasthan,Oil Seeds,Cotton Seed,September-2025,92.80,Metric Tonnes,7070.01,Rs./Quintal
Rajasthan,Oil Seeds,Ground Nut Seed,September-2025,0.20,Metric Tonnes,4350.00,Rs./Quintal
Rajasthan,Oil Seeds,Groundnut,September-2025,6739.38,Metric Tonnes,5404.68,Rs./Quintal
Rajasthan,Oil Seeds,Linseed,September-2025,844.30,Metric Tonnes,7248.72,Rs./Quintal
Rajasthan,Oil Seeds,Mustard,September-2025,43067.07,Metric Tonnes,6613.94,Rs./Quintal
Rajasthan,Oil Seeds,"Sesamum(Sesame,Gingelly,Til)",September-2025,24.80,Metric Tonnes,8866.03,Rs./Quintal
Rajasthan,Oil Seeds,Soyabean,September-2025,22612.55,Metric Tonnes,4246.56,Rs./Quintal
Rajasthan,Oil Seeds,Taramira,September-2025,72.55,Metric Tonnes,5172.45,Rs./Quintal
Rajasthan,Oil Seeds,Castor Seed,October-2025,69.80,Metric Tonnes,6217.35,Rs./Quintal
Rajasthan,Oil Seeds,Cotton Seed,October-2025,116.80,Metric Tonnes,7243.39,Rs./Quintal
Rajasthan,Oil Seeds,Ground Nut Seed,October-2025,49.50,Metric Tonnes,3872.76,Rs./Quintal
Rajasthan,Oil Seeds,Groundnut,October-2025,43709.06,Metric Tonnes,5494.28,Rs./Quintal
Rajasthan,Oil Seeds,Linseed,October-2025,200.50,Metric Tonnes,7176.49,Rs./Quintal
Rajasthan,Oil Seeds,Mustard,October-2025,23702.64,Metric Tonnes,6487.61,Rs./Quintal
Rajasthan,Oil Seeds,"Sesamum(Sesame,Gingelly,Til)",October-2025,278.10,Metric Tonnes,9450.14,Rs./Quintal
Rajasthan,Oil Seeds,Soyabean,October-2025,62795.50,Metric Tonnes,4167.12,Rs./Quintal
Rajasthan,Oil Seeds,Taramira,October-2025,55.80,Metric Tonnes,5090.15,Rs./Quintal
Rajasthan,Oil Seeds,Castor Seed,November-2025,27.00,Metric Tonnes,6030.45,Rs./Quintal
Rajasthan,Oil Seeds,Cotton Seed,November-2025,134.80,Metric Tonnes,7179.10,Rs./Quintal
Rajasthan,Oil Seeds,Ground Nut Seed,November-2025,147.92,Metric Tonnes,4814.08,Rs./Quintal
Rajasthan,Oil Seeds,Groundnut,November-2025,76601.23,Metric Tonnes,5347.06,Rs./Quintal
Rajasthan,Oil Seeds,Linseed,November-2025,164.33,Metric Tonnes,7957.97,Rs./Quintal
Rajasthan,Oil Seeds,Mustard,November-2025,26975.79,Metric Tonnes,6692.83,Rs./Quintal
Rajasthan,Oil Seeds,"Sesamum(Sesame,Gingelly,Til)",November-2025,1882.55,Metric Tonnes,10718.94,Rs./Quintal
Rajasthan,Oil Seeds,Soyabean,November-2025,40820.57,Metric Tonnes,4408.79,Rs./Quintal
Rajasthan,Oil Seeds,Taramira,November-2025,16.80,Metric Tonnes,4649.02,Rs./Quintal
Rajasthan,Oil Seeds,Toria,November-2025,0.40,Metric Tonnes,2600.00,Rs./Quintal
Rajasthan,Oil Seeds,Castor Seed,December-2025,605.73,Metric Tonnes,6314.95,Rs./Quintal
Rajasthan,Oil Seeds,Cotton Seed,December-2025,61.50,Metric Tonnes,6927.83,Rs./Quintal
Rajasthan,Oil Seeds,Ground Nut Seed,December-2025,1153.40,Metric Tonnes,5798.71,Rs./Quintal
Rajasthan,Oil Seeds,Groundnut,December-2025,71434.24,Metric Tonnes,5856.80,Rs./Quintal
Rajasthan,Oil Seeds,Linseed,December-2025,839.90,Metric Tonnes,7848.84,Rs./Quintal
Rajasthan,Oil Seeds,Mustard,December-2025,31576.33,Metric Tonnes,6563.11,Rs./Quintal
Rajasthan,Oil Seeds,"Sesamum(Sesame,Gingelly,Til)",December-2025,402.38,Metric Tonnes,9992.07,Rs./Quintal
Rajasthan,Oil Seeds,Soyabean,December-2025,27800.82,Metric Tonnes,4466.02,Rs./Quintal
Rajasthan,Oil Seeds,Taramira,December-2025,59.00,Metric Tonnes,4255.69,Rs./Quintal
Tamil Nadu,Oil Seeds,Castor Seed,January-2023,3.36,Metric Tonnes,7061.94,Rs./Quintal
Tamil Nadu,Oil Seeds,Copra,January-2023,664.52,Metric Tonnes,8155.39,Rs./Quintal
Tamil Nadu,Oil Seeds,Groundnut,January-2023,773.98,Metric Tonnes,8148.47,Rs./Quintal
Tamil Nadu,Oil Seeds,Groundnut(Split),January-2023,47.30,Metric Tonnes,10906.42,Rs./Quintal
Tamil Nadu,Oil Seeds,"Sesamum(Sesame,Gingelly,Til)",January-2023,49.06,Metric Tonnes,14377.95,Rs./Quintal
Tamil Nadu,Oil Seeds,Castor Seed,February-2023,4.64,Metric Tonnes,7414.90,Rs./Quintal
Tamil Nadu,Oil Seeds,Copra,February-2023,753.25,Metric Tonnes,7868.95,Rs./Quintal
Tamil Nadu,Oil Seeds,Ground Nut Seed,February-2023,20.53,Metric Tonnes,8941.53,Rs./Quintal
Tamil Nadu,Oil Seeds,Groundnut,February-2023,1860.85,Metric Tonnes,9509.08,Rs./Quintal
Tamil Nadu,Oil Seeds,Groundnut(Split),February-2023,17.81,Metric Tonnes,10560.51,Rs./Quintal
Tamil Nadu,Oil Seeds,"Sesamum(Sesame,Gingelly,Til)",February-2023,197.36,Metric Tonnes,15472.72,Rs./Quintal
Tamil Nadu,Oil Seeds,Castor Seed,March-2023,8.94,Metric Tonnes,6836.18,Rs./Quintal
Tamil Nadu,Oil Seeds,Copra,March-2023,1084.81,Metric Tonnes,7893.96,Rs./Quintal
Tamil Nadu,Oil Seeds,Ground Nut Seed,March-2023,219.08,Metric Tonnes,8087.11,Rs./Quintal
Tamil Nadu,Oil Seeds,Groundnut,March-2023,17019.93,Metric Tonnes,9930.71,Rs./Quintal
Tamil Nadu,Oil Seeds,Groundnut(Split),March-2023,229.88,Metric Tonnes,9420.14,Rs./Quintal
Tamil Nadu,Oil Seeds,"Sesamum(Sesame,Gingelly,Til)",March-2023,685.71,Metric Tonnes,14805.71,Rs./Quintal
Tamil Nadu,Oil Seeds,Sunflower/Sunflower Seed,March-2023,267.61,Metric Tonnes,4694.03,Rs./Quintal
Tamil Nadu,Oil Seeds,Castor Seed,April-2023,5.34,Metric Tonnes,6169.36,Rs./Quintal
Tamil Nadu,Oil Seeds,Copra,April-2023,4908.80,Metric Tonnes,7704.45,Rs./Quintal
Tamil Nadu,Oil Seeds,Ground Nut Seed,April-2023,39.21,Metric Tonnes,7937.50,Rs./Quintal
Tamil Nadu,Oil Seeds,Groundnut,April-2023,5514.92,Metric Tonnes,9277.50,Rs./Quintal
Tamil Nadu,Oil Seeds,Groundnut(Split),April-2023,468.32,Metric Tonnes,9438.00,Rs./Quintal
Tamil Nadu,Oil Seeds,"Sesamum(Sesame,Gingelly,Til)",April-2023,2369.59,Metric Tonnes,14214.27,Rs./Quintal
Tamil Nadu,Oil Seeds,Sunflower/Sunflower Seed,April-2023,400.20,Metric Tonnes,4837.85,Rs./Quintal
Tamil Nadu,Oil Seeds,Castor Seed,May-2023,1.07,Metric Tonnes,6109.71,Rs./Quintal
Tamil Nadu,Oil Seeds,Copra,May-2023,3487.45,Metric Tonnes,7719.83,Rs./Quintal
Tamil Nadu,Oil Seeds,Groundnut,May-2023,3128.87,Metric Tonnes,7029.67,Rs./Quintal
Tamil Nadu,Oil Seeds,Groundnut(Split),May-2023,161.05,Metric Tonnes,9872.24,Rs./Quintal
Tamil Nadu,Oil Seeds,"Sesamum(Sesame,Gingelly,Til)",May-2023,9416.69,Metric Tonnes,13981.89,Rs./Quintal
Tamil Nadu,Oil Seeds,Sunflower/Sunflower Seed,May-2023,337.44,Metric Tonnes,4237.67,Rs./Quintal
Tamil Nadu,Oil Seeds,Castor Seed,June-2023,2.34,Metric Tonnes,6055.85,Rs./Quintal
Tamil Nadu,Oil Seeds,Copra,June-2023,1896.28,Metric Tonnes,7561.03,Rs./Quintal
Tamil Nadu,Oil Seeds,Groundnut,June-2023,3329.73,Metric Tonnes,7667.07,Rs./Quintal
Tamil Nadu,Oil Seeds,Groundnut(Split),June-2023,617.08,Metric Tonnes,10141.63,Rs./Quintal
Tamil Nadu,Oil Seeds,"Sesamum(Sesame,Gingelly,Til)",June-2023,7992.81,Metric Tonnes,13946.09,Rs./Quintal
Tamil Nadu,Oil Seeds,Sunflower/Sunflower Seed,June-2023,258.76,Metric Tonnes,4334.76,Rs./Quintal
Tamil Nadu,Oil Seeds,Castor Seed,July-2023,0.13,Metric Tonnes,6934.85,Rs./Quintal
Tamil Nadu,Oil Seeds,Copra,July-2023,757.63,Metric Tonnes,7481.79,Rs./Quintal
Tamil Nadu,Oil Seeds,Ground Nut Seed,July-2023,2.14,Metric Tonnes,8561.91,Rs./Quintal
Tamil Nadu,Oil Seeds,Groundnut,July-2023,11858.25,Metric Tonnes,8817.17,Rs./Quintal
Tamil Nadu,Oil Seeds,Groundnut(Split),July-2023,234.40,Metric Tonnes,10603.07,Rs./Quintal
Tamil Nadu,Oil Seeds,"Sesamum(Sesame,Gingelly,Til)",July-2023,1180.72,Metric Tonnes,14189.94,Rs./Quintal
Tamil Nadu,Oil Seeds,Sunflower/Sunflower Seed,July-2023,144.52,Metric Tonnes,4863.55,Rs./Quintal
Tamil Nadu,Oil Seeds,Castor Seed,August-2023,13.55,Metric Tonnes,6625.87,Rs./Quintal
Tamil Nadu,Oil Seeds,Copra,August-2023,5880.90,Metric Tonnes,7706.81,Rs./Quintal
Tamil Nadu,Oil Seeds,Ground Nut Seed,August-2023,5.44,Metric Tonnes,8343.96,Rs./Quintal
Tamil Nadu,Oil Seeds,Groundnut,August-2023,7653.01,Metric Tonnes,8400.02,Rs./Quintal
Tamil Nadu,Oil Seeds,Groundnut(Split),August-2023,18.05,Metric Tonnes,11088.60,Rs./Quintal
Tamil Nadu,Oil Seeds,"Sesamum(Sesame,Gingelly,Til)",August-2023,337.42,Metric Tonnes,15511.37,Rs./Quintal
Tamil Nadu,Oil Seeds,Sunflower/Sunflower Seed,August-2023,144.05,Metric Tonnes,4989.59,Rs./Quintal
Tamil Nadu,Oil Seeds,Castor Seed,September-2023,5.40,Metric Tonnes,5015.47,Rs./Quintal
Tamil Nadu,Oil Seeds,Copra,September-2023,1291.84,Metric Tonnes,7593.06,Rs./Quintal
Tamil Nadu,Oil Seeds,Ground Nut Seed,September-2023,27.35,Metric Tonnes,8556.67,Rs./Quintal
Tamil Nadu,Oil Seeds,Groundnut,September-2023,4257.59,Metric Tonnes,8548.64,Rs./Quintal
Tamil Nadu,Oil Seeds,"Sesamum(Sesame,Gingelly,Til)",September-2023,123.73,Metric Tonnes,14703.99,Rs./Quintal
Tamil Nadu,Oil Seeds,Sunflower/Sunflower Seed,September-2023,217.43,Metric Tonnes,4699.37,Rs./Quintal
Tamil Nadu,Oil Seeds,Castor Seed,October-2023,0.56,Metric Tonnes,6200.00,Rs./Quintal
Tamil Nadu,Oil Seeds,Copra,October-2023,1289.43,Metric Tonnes,7881.25,Rs./Quintal
Tamil Nadu,Oil Seeds,Ground Nut Seed,October-2023,263.13,Metric Tonnes,9759.52,Rs./Quintal
Tamil Nadu,Oil Seeds,Groundnut,October-2023,5204.99,Metric Tonnes,8227.93,Rs./Quintal
Tamil Nadu,Oil Seeds,"Sesamum(Sesame,Gingelly,Til)",October-2023,97.65,Metric Tonnes,14556.31,Rs./Quintal
Tamil Nadu,Oil Seeds,Sunflower/Sunflower Seed,October-2023,45.25,Metric Tonnes,4781.94,Rs./Quintal
Tamil Nadu,Oil Seeds,Castor Seed,November-2023,2.26,Metric Tonnes,6014.16,Rs./Quintal
Tamil Nadu,Oil Seeds,Coconut Seed,November-2023,2.50,Metric Tonnes,7760.00,Rs./Quintal
Tamil Nadu,Oil Seeds,Copra,November-2023,1050.16,Metric Tonnes,8359.59,Rs./Quintal
Tamil Nadu,Oil Seeds,Ground Nut Seed,November-2023,218.61,Metric Tonnes,9197.44,Rs./Quintal
Tamil Nadu,Oil Seeds,Groundnut,November-2023,3074.67,Metric Tonnes,6767.91,Rs./Quintal
Tamil Nadu,Oil Seeds,Groundnut(Split),November-2023,74.48,Metric Tonnes,10902.12,Rs./Quintal
Tamil Nadu,Oil Seeds,"Sesamum(Sesame,Gingelly,Til)",November-2023,103.17,Metric Tonnes,14181.40,Rs./Quintal
Tamil Nadu,Oil Seeds,Sunflower/Sunflower Seed,November-2023,32.85,Metric Tonnes,5177.90,Rs./Quintal
Tamil Nadu,Oil Seeds,Castor Seed,December-2023,2.69,Metric Tonnes,6179.07,Rs./Quintal
Tamil Nadu,Oil Seeds,Coconut Seed,December-2023,0.50,Metric Tonnes,1500.00,Rs./Quintal
Tamil Nadu,Oil Seeds,Copra,December-2023,870.32,Metric Tonnes,8020.45,Rs./Quintal
Tamil Nadu,Oil Seeds,Ground Nut Seed,December-2023,184.37,Metric Tonnes,10059.04,Rs./Quintal
Tamil Nadu,Oil Seeds,Groundnut,December-2023,1333.39,Metric Tonnes,8563.40,Rs./Quintal
Tamil Nadu,Oil Seeds,Groundnut(Split),December-2023,79.68,Metric Tonnes,10867.27,Rs./Quintal
Tamil Nadu,Oil Seeds,"Sesamum(Sesame,Gingelly,Til)",December-2023,459.58,Metric Tonnes,14791.56,Rs./Quintal
Tamil Nadu,Oil Seeds,Castor Seed,January-2024,0.91,Metric Tonnes,6200.00,Rs./Quintal
Tamil Nadu,Oil Seeds,Copra,January-2024,862.25,Metric Tonnes,8256.57,Rs./Quintal
Tamil Nadu,Oil Seeds,Ground Nut Seed,January-2024,250.99,Metric Tonnes,9530.32,Rs./Quintal
Tamil Nadu,Oil Seeds,Groundnut,January-2024,883.21,Metric Tonnes,8316.89,Rs./Quintal
Tamil Nadu,Oil Seeds,"Sesamum(Sesame,Gingelly,Til)",January-2024,74.69,Metric Tonnes,14383.42,Rs./Quintal
Tamil Nadu,Oil Seeds,Castor Seed,February-2024,2.11,Metric Tonnes,6388.91,Rs./Quintal
Tamil Nadu,Oil Seeds,Copra,February-2024,1013.26,Metric Tonnes,8243.29,Rs./Quintal
Tamil Nadu,Oil Seeds,Ground Nut Seed,February-2024,1132.83,Metric Tonnes,9624.98,Rs./Quintal
Tamil Nadu,Oil Seeds,Groundnut,February-2024,1832.88,Metric Tonnes,8906.92,Rs./Quintal
Tamil Nadu,Oil Seeds,"Sesamum(Sesame,Gingelly,Til)",February-2024,178.46,Metric Tonnes,15199.06,Rs./Quintal
Tamil Nadu,Oil Seeds,Castor Seed,March-2024,5.15,Metric Tonnes,6158.25,Rs./Quintal
Tamil Nadu,Oil Seeds,Copra,March-2024,1225.75,Metric Tonnes,8395.90,Rs./Quintal
Tamil Nadu,Oil Seeds,Ground Nut Seed,March-2024,963.59,Metric Tonnes,7572.60,Rs./Quintal
Tamil Nadu,Oil Seeds,Groundnut,March-2024,10869.49,Metric Tonnes,8987.13,Rs./Quintal
Tamil Nadu,Oil Seeds,"Sesamum(Sesame,Gingelly,Til)",March-2024,2072.33,Metric Tonnes,13553.40,Rs./Quintal
Tamil Nadu,Oil Seeds,Sunflower/Sunflower Seed,March-2024,15.92,Metric Tonnes,4221.00,Rs./Quintal
Tamil Nadu,Oil Seeds,Castor Seed,April-2024,1.59,Metric Tonnes,6214.72,Rs./Quintal
Tamil Nadu,Oil Seeds,Copra,April-2024,1133.48,Metric Tonnes,9043.86,Rs./Quintal
Tamil Nadu,Oil Seeds,Ground Nut Seed,April-2024,4105.84,Metric Tonnes,7707.60,Rs./Quintal
Tamil Nadu,Oil Seeds,Groundnut,April-2024,5161.12,Metric Tonnes,8138.55,Rs./Quintal
Tamil Nadu,Oil Seeds,"Sesamum(Sesame,Gingelly,Til)",April-2024,7225.62,Metric Tonnes,13466.93,Rs./Quintal
Tamil Nadu,Oil Seeds,Sunflower/Sunflower Seed,April-2024,55.25,Metric Tonnes,4447.52,Rs./Quintal
Tamil Nadu,Oil Seeds,Castor Seed,May-2024,0.70,Metric Tonnes,6548.91,Rs./Quintal
Tamil Nadu,Oil Seeds,Coconut Seed,May-2024,3.55,Metric Tonnes,3903.94,Rs./Quintal
Tamil Nadu,Oil Seeds,Copra,May-2024,1990.45,Metric Tonnes,9196.01,Rs./Quintal
Tamil Nadu,Oil Seeds,Ground Nut Seed,May-2024,1252.83,Metric Tonnes,8846.11,Rs./Quintal
Tamil Nadu,Oil Seeds,Groundnut,May-2024,3460.62,Metric Tonnes,8083.26,Rs./Quintal
Tamil Nadu,Oil Seeds,"Sesamum(Sesame,Gingelly,Til)",May-2024,15108.18,Metric Tonnes,13339.64,Rs./Quintal
Tamil Nadu,Oil Seeds,Sunflower/Sunflower Seed,May-2024,26.14,Metric Tonnes,4415.20,Rs./Quintal
Tamil Nadu,Oil Seeds,Castor Seed,June-2024,0.21,Metric Tonnes,5564.14,Rs./Quintal
Tamil Nadu,Oil Seeds,Coconut Seed,June-2024,2.00,Metric Tonnes,1300.00,Rs./Quintal
Tamil Nadu,Oil Seeds,Copra,June-2024,1342.45,Metric Tonnes,9071.34,Rs./Quintal
Tamil Nadu,Oil Seeds,Ground Nut Seed,June-2024,287.05,Metric Tonnes,8820.07,Rs./Quintal
Tamil Nadu,Oil Seeds,Groundnut,June-2024,2126.74,Metric Tonnes,8243.63,Rs./Quintal
Tamil Nadu,Oil Seeds,"Sesamum(Sesame,Gingelly,Til)",June-2024,5893.25,Metric Tonnes,12804.27,Rs./Quintal
Tamil Nadu,Oil Seeds,Copra,July-2024,127.11,Metric Tonnes,9131.00,Rs./Quintal
Tamil Nadu,Oil Seeds,Groundnut,July-2024,898.19,Metric Tonnes,8149.29,Rs./Quintal
Tamil Nadu,Oil Seeds,"Sesamum(Sesame,Gingelly,Til)",July-2024,577.51,Metric Tonnes,12019.54,Rs./Quintal
Tamil Nadu,Oil Seeds,Soyabean,July-2024,0.39,Metric Tonnes,9000.00,Rs./Quintal
Tamil Nadu,Oil Seeds,Copra,August-2024,80.15,Metric Tonnes,9796.22,Rs./Quintal
Tamil Nadu,Oil Seeds,Groundnut,August-2024,2497.13,Metric Tonnes,8457.57,Rs./Quintal
Tamil Nadu,Oil Seeds,"Sesamum(Sesame,Gingelly,Til)",August-2024,20.92,Metric Tonnes,11878.54,Rs./Quintal
Tamil Nadu,Oil Seeds,Soyabean,August-2024,8.04,Metric Tonnes,8923.26,Rs./Quintal
Tamil Nadu,Oil Seeds,Copra,September-2024,94.77,Metric Tonnes,10327.37,Rs./Quintal
Tamil Nadu,Oil Seeds,Groundnut,September-2024,369.34,Metric Tonnes,6542.83,Rs./Quintal
Tamil Nadu,Oil Seeds,"Sesamum(Sesame,Gingelly,Til)",September-2024,0.61,Metric Tonnes,8091.16,Rs./Quintal
Tamil Nadu,Oil Seeds,Soyabean,September-2024,7.55,Metric Tonnes,8919.74,Rs./Quintal
Tamil Nadu,Oil Seeds,Copra,October-2024,10.30,Metric Tonnes,12336.54,Rs./Quintal
Tamil Nadu,Oil Seeds,Groundnut,October-2024,357.50,Metric Tonnes,6187.61,Rs./Quintal
Tamil Nadu,Oil Seeds,"Sesamum(Sesame,Gingelly,Til)",October-2024,0.22,Metric Tonnes,12507.41,Rs./Quintal
Tamil Nadu,Oil Seeds,Copra,November-2024,0.02,Metric Tonnes,7787.00,Rs./Quintal
Tamil Nadu,Oil Seeds,Groundnut,November-2024,234.84,Metric Tonnes,6237.54,Rs./Quintal
Tamil Nadu,Oil Seeds,Copra,December-2024,17.30,Metric Tonnes,11780.00,Rs./Quintal
Tamil Nadu,Oil Seeds,Groundnut,December-2024,245.15,Metric Tonnes,6413.86,Rs./Quintal
Tamil Nadu,Oil Seeds,Soyabean,December-2024,0.48,Metric Tonnes,8947.92,Rs./Quintal
Tamil Nadu,Oil Seeds,Groundnut,January-2025,238.14,Metric Tonnes,6674.52,Rs./Quintal
Tamil Nadu,Oil Seeds,Soyabean,January-2025,2.53,Metric Tonnes,8671.94,Rs./Quintal
Tamil Nadu,Oil Seeds,Groundnut,February-2025,265.39,Metric Tonnes,6640.26,Rs./Quintal
Tamil Nadu,Oil Seeds,Soyabean,February-2025,23.32,Metric Tonnes,8278.34,Rs./Quintal
Tamil Nadu,Oil Seeds,Groundnut,March-2025,331.98,Metric Tonnes,6254.47,Rs./Quintal
Tamil Nadu,Oil Seeds,Soyabean,March-2025,14.55,Metric Tonnes,8285.77,Rs./Quintal
Tamil Nadu,Oil Seeds,Groundnut,April-2025,320.39,Metric Tonnes,6404.01,Rs./Quintal
Tamil Nadu,Oil Seeds,Soyabean,April-2025,0.06,Metric Tonnes,9000.00,Rs./Quintal
Tamil Nadu,Oil Seeds,Groundnut,May-2025,283.18,Metric Tonnes,6540.73,Rs./Quintal
Tamil Nadu,Oil Seeds,Soyabean,May-2025,0.17,Metric Tonnes,9000.00,Rs./Quintal
Tamil Nadu,Oil Seeds,Groundnut,June-2025,252.11,Metric Tonnes,6524.60,Rs./Quintal
Tamil Nadu,Oil Seeds,Soyabean,June-2025,0.05,Metric Tonnes,6000.00,Rs./Quintal
Tamil Nadu,Oil Seeds,Groundnut,July-2025,280.44,Metric Tonnes,6487.84,Rs./Quintal
Tamil Nadu,Oil Seeds,Groundnut,August-2025,341.31,Metric Tonnes,6383.23,Rs./Quintal
Tamil Nadu,Oil Seeds,Soyabean,August-2025,1.47,Metric Tonnes,4517.01,Rs./Quintal
Tamil Nadu,Oil Seeds,Groundnut,September-2025,375.10,Metric Tonnes,6149.13,Rs./Quintal
Tamil Nadu,Oil Seeds,Soyabean,September-2025,8.50,Metric Tonnes,8561.88,Rs./Quintal
Tamil Nadu,Oil Seeds,Groundnut,October-2025,321.92,Metric Tonnes,6090.44,Rs./Quintal
Tamil Nadu,Oil Seeds,Soyabean,October-2025,4.67,Metric Tonnes,8973.88,Rs./Quintal
Tamil Nadu,Oil Seeds,Groundnut,November-2025,315.06,Metric Tonnes,6204.68,Rs./Quintal
Tamil Nadu,Oil Seeds,Soyabean,November-2025,3.70,Metric Tonnes,9948.92,Rs./Quintal
Tamil Nadu,Oil Seeds,Groundnut,December-2025,282.19,Metric Tonnes,6388.38,Rs./Quintal
Tamil Nadu,Oil Seeds,Soyabean,December-2025,5.68,Metric Tonnes,10161.53,Rs./Quintal
Telangana,Oil Seeds,Castor Seed,January-2023,62.85,Metric Tonnes,6126.03,Rs./Quintal
Telangana,Oil Seeds,Cotton Seed,January-2023,521.50,Metric Tonnes,7453.02,Rs./Quintal
Telangana,Oil Seeds,Groundnut,January-2023,16828.03,Metric Tonnes,7300.51,Rs./Quintal
Telangana,Oil Seeds,"Sesamum(Sesame,Gingelly,Til)",January-2023,9.04,Metric Tonnes,13785.33,Rs./Quintal
Telangana,Oil Seeds,Soyabean,January-2023,1195.61,Metric Tonnes,5179.95,Rs./Quintal
Telangana,Oil Seeds,Sunflower/Sunflower Seed,January-2023,8.27,Metric Tonnes,5268.83,Rs./Quintal
Telangana,Oil Seeds,Castor Seed,February-2023,85.16,Metric Tonnes,6412.86,Rs./Quintal
Telangana,Oil Seeds,Cotton Seed,February-2023,85.00,Metric Tonnes,7500.00,Rs./Quintal
Telangana,Oil Seeds,Groundnut,February-2023,33284.05,Metric Tonnes,7348.00,Rs./Quintal
Telangana,Oil Seeds,Groundnut(Split),February-2023,2.24,Metric Tonnes,6749.13,Rs./Quintal
Telangana,Oil Seeds,Mustard,February-2023,0.30,Metric Tonnes,4000.00,Rs./Quintal
Telangana,Oil Seeds,Safflower,February-2023,23.83,Metric Tonnes,4442.12,Rs./Quintal
Telangana,Oil Seeds,"Sesamum(Sesame,Gingelly,Til)",February-2023,11.15,Metric Tonnes,13307.05,Rs./Quintal
Telangana,Oil Seeds,Soyabean,February-2023,916.42,Metric Tonnes,5045.76,Rs./Quintal
Telangana,Oil Seeds,Sunflower/Sunflower Seed,February-2023,321.99,Metric Tonnes,6126.51,Rs./Quintal
Telangana,Oil Seeds,Castor Seed,March-2023,712.51,Metric Tonnes,6068.08,Rs./Quintal
Telangana,Oil Seeds,Groundnut,March-2023,25598.33,Metric Tonnes,6538.97,Rs./Quintal
Telangana,Oil Seeds,Groundnut(Split),March-2023,2.32,Metric Tonnes,6017.24,Rs./Quintal
Telangana,Oil Seeds,Mustard,March-2023,0.13,Metric Tonnes,5021.00,Rs./Quintal
Telangana,Oil Seeds,Safflower,March-2023,191.07,Metric Tonnes,4360.37,Rs./Quintal
Telangana,Oil Seeds,"Sesamum(Sesame,Gingelly,Til)",March-2023,2.49,Metric Tonnes,12931.76,Rs./Quintal
Telangana,Oil Seeds,Soyabean,March-2023,412.95,Metric Tonnes,4881.38,Rs./Quintal
Telangana,Oil Seeds,Sunflower/Sunflower Seed,March-2023,188.17,Metric Tonnes,5878.73,Rs./Quintal
Telangana,Oil Seeds,Castor Seed,April-2023,2229.92,Metric Tonnes,5665.64,Rs./Quintal
Telangana,Oil Seeds,Groundnut,April-2023,17874.92,Metric Tonnes,6493.78,Rs./Quintal
Telangana,Oil Seeds,Groundnut(Split),April-2023,2.60,Metric Tonnes,6668.62,Rs./Quintal
Telangana,Oil Seeds,Mustard,April-2023,0.33,Metric Tonnes,5079.03,Rs./Quintal
Telangana,Oil Seeds,Safflower,April-2023,38.33,Metric Tonnes,4020.53,Rs./Quintal
Telangana,Oil Seeds,"Sesamum(Sesame,Gingelly,Til)",April-2023,9.11,Metric Tonnes,13747.55,Rs./Quintal
Telangana,Oil Seeds,Soyabean,April-2023,301.35,Metric Tonnes,4928.82,Rs./Quintal
Telangana,Oil Seeds,Sunflower/Sunflower Seed,April-2023,43.47,Metric Tonnes,4540.58,Rs./Quintal
Telangana,Oil Seeds,Castor Seed,May-2023,475.55,Metric Tonnes,5362.26,Rs./Quintal
Telangana,Oil Seeds,Groundnut,May-2023,6264.89,Metric Tonnes,6522.98,Rs./Quintal
Telangana,Oil Seeds,Groundnut(Split),May-2023,1.00,Metric Tonnes,6302.00,Rs./Quintal
Telangana,Oil Seeds,Mustard,May-2023,0.19,Metric Tonnes,4402.68,Rs./Quintal
Telangana,Oil Seeds,Safflower,May-2023,11.73,Metric Tonnes,3571.63,Rs./Quintal
Telangana,Oil Seeds,"Sesamum(Sesame,Gingelly,Til)",May-2023,564.19,Metric Tonnes,13141.58,Rs./Quintal
Telangana,Oil Seeds,Soyabean,May-2023,133.79,Metric Tonnes,4867.49,Rs./Quintal
Telangana,Oil Seeds,Sunflower/Sunflower Seed,May-2023,44.73,Metric Tonnes,4087.54,Rs./Quintal
Telangana,Oil Seeds,Castor Seed,June-2023,90.90,Metric Tonnes,5341.23,Rs./Quintal
Telangana,Oil Seeds,Groundnut,June-2023,2780.61,Metric Tonnes,6371.96,Rs./Quintal
Telangana,Oil Seeds,Mustard,June-2023,0.01,Metric Tonnes,4521.00,Rs./Quintal
Telangana,Oil Seeds,Safflower,June-2023,9.42,Metric Tonnes,3551.85,Rs./Quintal
Telangana,Oil Seeds,"Sesamum(Sesame,Gingelly,Til)",June-2023,347.99,Metric Tonnes,13229.29,Rs./Quintal
Telangana,Oil Seeds,Soyabean,June-2023,202.19,Metric Tonnes,4771.77,Rs./Quintal
Telangana,Oil Seeds,Sunflower/Sunflower Seed,June-2023,15.89,Metric Tonnes,3945.98,Rs./Quintal
Telangana,Oil Seeds,Castor Seed,July-2023,23.05,Metric Tonnes,5809.87,Rs./Quintal
Telangana,Oil Seeds,Groundnut,July-2023,1409.34,Metric Tonnes,5690.34,Rs./Quintal
Telangana,Oil Seeds,Mustard,July-2023,0.08,Metric Tonnes,4775.50,Rs./Quintal
Telangana,Oil Seeds,Safflower,July-2023,8.93,Metric Tonnes,4489.69,Rs./Quintal
Telangana,Oil Seeds,"Sesamum(Sesame,Gingelly,Til)",July-2023,77.74,Metric Tonnes,15882.62,Rs./Quintal
Telangana,Oil Seeds,Soyabean,July-2023,111.14,Metric Tonnes,4710.95,Rs./Quintal
Telangana,Oil Seeds,Sunflower/Sunflower Seed,July-2023,114.53,Metric Tonnes,6314.76,Rs./Quintal
Telangana,Oil Seeds,Castor Seed,August-2023,41.81,Metric Tonnes,6021.88,Rs./Quintal
Telangana,Oil Seeds,Groundnut,August-2023,1998.04,Metric Tonnes,5917.44,Rs./Quintal
Telangana,Oil Seeds,Mustard,August-2023,0.09,Metric Tonnes,3211.00,Rs./Quintal
Telangana,Oil Seeds,Safflower,August-2023,6.75,Metric Tonnes,3606.78,Rs./Quintal
Telangana,Oil Seeds,"Sesamum(Sesame,Gingelly,Til)",August-2023,57.13,Metric Tonnes,15802.12,Rs./Quintal
Telangana,Oil Seeds,Soyabean,August-2023,72.98,Metric Tonnes,4851.59,Rs./Quintal
Telangana,Oil Seeds,Sunflower/Sunflower Seed,August-2023,5.98,Metric Tonnes,3709.24,Rs./Quintal
Telangana,Oil Seeds,Castor Seed,September-2023,8.24,Metric Tonnes,5695.02,Rs./Quintal
Telangana,Oil Seeds,Groundnut,September-2023,1281.15,Metric Tonnes,5605.62,Rs./Quintal
Telangana,Oil Seeds,Mustard,September-2023,0.07,Metric Tonnes,4162.00,Rs./Quintal
Telangana,Oil Seeds,Safflower,September-2023,1.50,Metric Tonnes,3699.70,Rs./Quintal
Telangana,Oil Seeds,"Sesamum(Sesame,Gingelly,Til)",September-2023,21.75,Metric Tonnes,15411.27,Rs./Quintal
Telangana,Oil Seeds,Soyabean,September-2023,181.49,Metric Tonnes,4268.50,Rs./Quintal
Telangana,Oil Seeds,Sunflower/Sunflower Seed,September-2023,1.67,Metric Tonnes,3695.00,Rs./Quintal
Telangana,Oil Seeds,Castor Seed,October-2023,422.13,Metric Tonnes,5338.02,Rs./Quintal
Telangana,Oil Seeds,Groundnut,October-2023,827.24,Metric Tonnes,5477.52,Rs./Quintal
Telangana,Oil Seeds,Mustard,October-2023,0.03,Metric Tonnes,4011.00,Rs./Quintal
Telangana,Oil Seeds,Safflower,October-2023,3.35,Metric Tonnes,3894.42,Rs./Quintal
Telangana,Oil Seeds,"Sesamum(Sesame,Gingelly,Til)",October-2023,20.38,Metric Tonnes,15459.19,Rs./Quintal
Telangana,Oil Seeds,Soyabean,October-2023,9192.63,Metric Tonnes,4590.47,Rs./Quintal
Telangana,Oil Seeds,Sunflower/Sunflower Seed,October-2023,0.58,Metric Tonnes,3869.00,Rs./Quintal
Telangana,Oil Seeds,Castor Seed,November-2023,202.48,Metric Tonnes,5315.94,Rs./Quintal
Telangana,Oil Seeds,Cotton Seed,November-2023,158.00,Metric Tonnes,6613.92,Rs./Quintal
Telangana,Oil Seeds,Groundnut,November-2023,4328.70,Metric Tonnes,6589.97,Rs./Quintal
Telangana,Oil Seeds,Groundnut(Split),November-2023,1.17,Metric Tonnes,5578.00,Rs./Quintal
Telangana,Oil Seeds,Safflower,November-2023,0.50,Metric Tonnes,4253.00,Rs./Quintal
Telangana,Oil Seeds,"Sesamum(Sesame,Gingelly,Til)",November-2023,19.11,Metric Tonnes,16402.30,Rs./Quintal
Telangana,Oil Seeds,Soyabean,November-2023,8218.93,Metric Tonnes,4929.26,Rs./Quintal
Telangana,Oil Seeds,Sunflower/Sunflower Seed,November-2023,0.05,Metric Tonnes,4122.00,Rs./Quintal
Telangana,Oil Seeds,Castor Seed,December-2023,171.15,Metric Tonnes,5352.56,Rs./Quintal
Telangana,Oil Seeds,Cotton Seed,December-2023,968.00,Metric Tonnes,6733.42,Rs./Quintal
Telangana,Oil Seeds,Groundnut,December-2023,8646.85,Metric Tonnes,7040.31,Rs./Quintal
Telangana,Oil Seeds,Mustard,December-2023,0.04,Metric Tonnes,4212.00,Rs./Quintal
Telangana,Oil Seeds,"Sesamum(Sesame,Gingelly,Til)",December-2023,0.81,Metric Tonnes,15591.91,Rs./Quintal
Telangana,Oil Seeds,Soyabean,December-2023,1336.64,Metric Tonnes,4881.94,Rs./Quintal
Telangana,Oil Seeds,Sunflower/Sunflower Seed,December-2023,0.20,Metric Tonnes,3501.00,Rs./Quintal
Telangana,Oil Seeds,Groundnut,January-2024,23964.73,Metric Tonnes,6826.18,Rs./Quintal
Telangana,Oil Seeds,"Sesamum(Sesame,Gingelly,Til)",January-2024,0.25,Metric Tonnes,14349.00,Rs./Quintal
Telangana,Oil Seeds,Soyabean,January-2024,477.89,Metric Tonnes,4605.39,Rs./Quintal
Telangana,Oil Seeds,Castor Seed,February-2024,2.45,Metric Tonnes,5473.37,Rs./Quintal
Telangana,Oil Seeds,Groundnut,February-2024,38758.91,Metric Tonnes,6646.65,Rs./Quintal
Telangana,Oil Seeds,"Sesamum(Sesame,Gingelly,Til)",February-2024,2.29,Metric Tonnes,13719.00,Rs./Quintal
Telangana,Oil Seeds,Soyabean,February-2024,371.24,Metric Tonnes,4501.31,Rs./Quintal
Telangana,Oil Seeds,Castor Seed,March-2024,201.85,Metric Tonnes,5728.90,Rs./Quintal
Telangana,Oil Seeds,Groundnut,March-2024,10682.88,Metric Tonnes,6384.96,Rs./Quintal
Telangana,Oil Seeds,"Sesamum(Sesame,Gingelly,Til)",March-2024,13.07,Metric Tonnes,11057.86,Rs./Quintal
Telangana,Oil Seeds,Soyabean,March-2024,318.03,Metric Tonnes,4476.40,Rs./Quintal
Telangana,Oil Seeds,Castor Seed,April-2024,370.37,Metric Tonnes,5545.41,Rs./Quintal
Telangana,Oil Seeds,Groundnut,April-2024,2672.05,Metric Tonnes,6103.58,Rs./Quintal
Telangana,Oil Seeds,Safflower,April-2024,9.40,Metric Tonnes,4542.43,Rs./Quintal
Telangana,Oil Seeds,"Sesamum(Sesame,Gingelly,Til)",April-2024,97.37,Metric Tonnes,13136.62,Rs./Quintal
Telangana,Oil Seeds,Soyabean,April-2024,229.53,Metric Tonnes,4572.81,Rs./Quintal
Telangana,Oil Seeds,Castor Seed,May-2024,98.85,Metric Tonnes,5406.86,Rs./Quintal
Telangana,Oil Seeds,Groundnut,May-2024,950.17,Metric Tonnes,5814.69,Rs./Quintal
Telangana,Oil Seeds,Safflower,May-2024,19.05,Metric Tonnes,4376.06,Rs./Quintal
Telangana,Oil Seeds,"Sesamum(Sesame,Gingelly,Til)",May-2024,681.90,Metric Tonnes,13144.65,Rs./Quintal
Telangana,Oil Seeds,Soyabean,May-2024,195.11,Metric Tonnes,4481.89,Rs./Quintal
Telangana,Oil Seeds,Sunflower/Sunflower Seed,May-2024,8.59,Metric Tonnes,3699.11,Rs./Quintal
Telangana,Oil Seeds,Castor Seed,June-2024,21.03,Metric Tonnes,5376.79,Rs./Quintal
Telangana,Oil Seeds,Groundnut,June-2024,581.53,Metric Tonnes,5491.54,Rs./Quintal
Telangana,Oil Seeds,Mustard,June-2024,1.40,Metric Tonnes,4236.07,Rs./Quintal
Telangana,Oil Seeds,Safflower,June-2024,4.95,Metric Tonnes,4322.64,Rs./Quintal
Telangana,Oil Seeds,"Sesamum(Sesame,Gingelly,Til)",June-2024,266.99,Metric Tonnes,12732.00,Rs./Quintal
Telangana,Oil Seeds,Soyabean,June-2024,86.91,Metric Tonnes,4448.86,Rs./Quintal
Telangana,Oil Seeds,Sunflower/Sunflower Seed,June-2024,2.78,Metric Tonnes,3625.45,Rs./Quintal
Telangana,Oil Seeds,Castor Seed,July-2024,23.98,Metric Tonnes,5662.46,Rs./Quintal
Telangana,Oil Seeds,Groundnut,July-2024,2436.98,Metric Tonnes,4668.34,Rs./Quintal
Telangana,Oil Seeds,Safflower,July-2024,0.55,Metric Tonnes,3919.64,Rs./Quintal
Telangana,Oil Seeds,"Sesamum(Sesame,Gingelly,Til)",July-2024,89.45,Metric Tonnes,12416.59,Rs./Quintal
Telangana,Oil Seeds,Soyabean,July-2024,102.13,Metric Tonnes,4514.26,Rs./Quintal
Telangana,Oil Seeds,Sunflower/Sunflower Seed,July-2024,4.30,Metric Tonnes,3743.80,Rs./Quintal
Telangana,Oil Seeds,Castor Seed,August-2024,6.70,Metric Tonnes,5845.18,Rs./Quintal
Telangana,Oil Seeds,Groundnut,August-2024,2539.85,Metric Tonnes,4681.79,Rs./Quintal
Telangana,Oil Seeds,Safflower,August-2024,0.65,Metric Tonnes,4377.77,Rs./Quintal
Telangana,Oil Seeds,"Sesamum(Sesame,Gingelly,Til)",August-2024,121.54,Metric Tonnes,11978.66,Rs./Quintal
Telangana,Oil Seeds,Soyabean,August-2024,38.53,Metric Tonnes,4259.69,Rs./Quintal
Telangana,Oil Seeds,Castor Seed,September-2024,149.40,Metric Tonnes,5841.30,Rs./Quintal
Telangana,Oil Seeds,Groundnut,September-2024,1795.64,Metric Tonnes,4233.43,Rs./Quintal
Telangana,Oil Seeds,Safflower,September-2024,0.45,Metric Tonnes,4860.56,Rs./Quintal
Telangana,Oil Seeds,"Sesamum(Sesame,Gingelly,Til)",September-2024,94.22,Metric Tonnes,12327.12,Rs./Quintal
Telangana,Oil Seeds,Soyabean,September-2024,1748.42,Metric Tonnes,4305.11,Rs./Quintal
Telangana,Oil Seeds,Sunflower/Sunflower Seed,September-2024,0.70,Metric Tonnes,4255.00,Rs./Quintal
Telangana,Oil Seeds,Castor Seed,October-2024,250.17,Metric Tonnes,5801.30,Rs./Quintal
Telangana,Oil Seeds,Ground Nut Seed,October-2024,10.00,Metric Tonnes,2800.00,Rs./Quintal
Telangana,Oil Seeds,Groundnut,October-2024,1694.76,Metric Tonnes,4655.82,Rs./Quintal
Telangana,Oil Seeds,Safflower,October-2024,0.20,Metric Tonnes,4531.00,Rs./Quintal
Telangana,Oil Seeds,"Sesamum(Sesame,Gingelly,Til)",October-2024,43.79,Metric Tonnes,11769.55,Rs./Quintal
Telangana,Oil Seeds,Soyabean,October-2024,11942.62,Metric Tonnes,4339.00,Rs./Quintal
Telangana,Oil Seeds,Castor Seed,November-2024,129.80,Metric Tonnes,5612.81,Rs./Quintal
Telangana,Oil Seeds,Groundnut,November-2024,4072.99,Metric Tonnes,5892.89,Rs./Quintal
Telangana,Oil Seeds,Safflower,November-2024,1.30,Metric Tonnes,5101.31,Rs./Quintal
Telangana,Oil Seeds,"Sesamum(Sesame,Gingelly,Til)",November-2024,13.37,Metric Tonnes,10878.03,Rs./Quintal
Telangana,Oil Seeds,Soyabean,November-2024,3118.34,Metric Tonnes,4148.35,Rs./Quintal
Telangana,Oil Seeds,Castor Seed,December-2024,1.40,Metric Tonnes,5689.57,Rs./Quintal
Telangana,Oil Seeds,Ground Nut Seed,December-2024,162.00,Metric Tonnes,6783.00,Rs./Quintal
Telangana,Oil Seeds,Groundnut,December-2024,4566.09,Metric Tonnes,6204.60,Rs./Quintal
Telangana,Oil Seeds,Safflower,December-2024,0.35,Metric Tonnes,4803.71,Rs./Quintal
Telangana,Oil Seeds,"Sesamum(Sesame,Gingelly,Til)",December-2024,9.43,Metric Tonnes,11288.84,Rs./Quintal
Telangana,Oil Seeds,Soyabean,December-2024,562.45,Metric Tonnes,4176.44,Rs./Quintal
Telangana,Oil Seeds,Sunflower/Sunflower Seed,December-2024,0.05,Metric Tonnes,4721.00,Rs./Quintal
Telangana,Oil Seeds,Castor Seed,January-2025,3.49,Metric Tonnes,5329.21,Rs./Quintal
Telangana,Oil Seeds,Groundnut,January-2025,19488.23,Metric Tonnes,5567.77,Rs./Quintal
Telangana,Oil Seeds,Safflower,January-2025,0.05,Metric Tonnes,5622.00,Rs./Quintal
Telangana,Oil Seeds,"Sesamum(Sesame,Gingelly,Til)",January-2025,26.33,Metric Tonnes,11033.87,Rs./Quintal
Telangana,Oil Seeds,Soyabean,January-2025,353.77,Metric Tonnes,4200.01,Rs./Quintal
Telangana,Oil Seeds,Castor Seed,February-2025,19.90,Metric Tonnes,5447.67,Rs./Quintal
Telangana,Oil Seeds,Groundnut,February-2025,16006.29,Metric Tonnes,5776.58,Rs./Quintal
Telangana,Oil Seeds,Safflower,February-2025,1.00,Metric Tonnes,5112.25,Rs./Quintal
Telangana,Oil Seeds,"Sesamum(Sesame,Gingelly,Til)",February-2025,36.19,Metric Tonnes,9820.96,Rs./Quintal
Telangana,Oil Seeds,Soyabean,February-2025,252.83,Metric Tonnes,4062.09,Rs./Quintal
Telangana,Oil Seeds,Castor Seed,March-2025,92.42,Metric Tonnes,6036.14,Rs./Quintal
Telangana,Oil Seeds,Groundnut,March-2025,4736.91,Metric Tonnes,5858.41,Rs./Quintal
Telangana,Oil Seeds,Safflower,March-2025,6.38,Metric Tonnes,5261.25,Rs./Quintal
Telangana,Oil Seeds,"Sesamum(Sesame,Gingelly,Til)",March-2025,30.97,Metric Tonnes,10132.98,Rs./Quintal
Telangana,Oil Seeds,Soyabean,March-2025,141.35,Metric Tonnes,4009.54,Rs./Quintal
Telangana,Oil Seeds,Sunflower/Sunflower Seed,March-2025,1.14,Metric Tonnes,4277.77,Rs./Quintal
Telangana,Oil Seeds,Castor Seed,April-2025,330.61,Metric Tonnes,6023.72,Rs./Quintal
Telangana,Oil Seeds,Groundnut,April-2025,2033.73,Metric Tonnes,5556.14,Rs./Quintal
Telangana,Oil Seeds,Safflower,April-2025,15.00,Metric Tonnes,6326.41,Rs./Quintal
Telangana,Oil Seeds,"Sesamum(Sesame,Gingelly,Til)",April-2025,559.73,Metric Tonnes,9521.96,Rs./Quintal
Telangana,Oil Seeds,Soyabean,April-2025,111.15,Metric Tonnes,4341.27,Rs./Quintal
Telangana,Oil Seeds,Castor Seed,May-2025,94.34,Metric Tonnes,5876.74,Rs./Quintal
Telangana,Oil Seeds,Groundnut,May-2025,760.73,Metric Tonnes,5519.29,Rs./Quintal
Telangana,Oil Seeds,Safflower,May-2025,8.25,Metric Tonnes,7081.78,Rs./Quintal
Telangana,Oil Seeds,"Sesamum(Sesame,Gingelly,Til)",May-2025,258.30,Metric Tonnes,9649.68,Rs./Quintal
Telangana,Oil Seeds,Soyabean,May-2025,53.01,Metric Tonnes,4328.78,Rs./Quintal
Telangana,Oil Seeds,Sunflower/Sunflower Seed,May-2025,3.55,Metric Tonnes,5063.54,Rs./Quintal
Telangana,Oil Seeds,Castor Seed,June-2025,34.09,Metric Tonnes,6118.32,Rs./Quintal
Telangana,Oil Seeds,Groundnut,June-2025,456.65,Metric Tonnes,5142.77,Rs./Quintal
Telangana,Oil Seeds,Safflower,June-2025,1.70,Metric Tonnes,6728.29,Rs./Quintal
Telangana,Oil Seeds,"Sesamum(Sesame,Gingelly,Til)",June-2025,273.43,Metric Tonnes,9088.15,Rs./Quintal
Telangana,Oil Seeds,Soyabean,June-2025,29.68,Metric Tonnes,4335.22,Rs./Quintal
Telangana,Oil Seeds,Sunflower/Sunflower Seed,June-2025,1.10,Metric Tonnes,4696.59,Rs./Quintal
Telangana,Oil Seeds,Castor Seed,July-2025,9.05,Metric Tonnes,5839.00,Rs./Quintal
Telangana,Oil Seeds,Groundnut,July-2025,459.83,Metric Tonnes,5314.88,Rs./Quintal
Telangana,Oil Seeds,Safflower,July-2025,0.85,Metric Tonnes,7285.53,Rs./Quintal
Telangana,Oil Seeds,"Sesamum(Sesame,Gingelly,Til)",July-2025,133.86,Metric Tonnes,8816.28,Rs./Quintal
Telangana,Oil Seeds,Soyabean,July-2025,9.35,Metric Tonnes,4423.73,Rs./Quintal
Telangana,Oil Seeds,Sunflower/Sunflower Seed,July-2025,0.10,Metric Tonnes,4832.00,Rs./Quintal
Telangana,Oil Seeds,Castor Seed,August-2025,4.10,Metric Tonnes,6140.29,Rs./Quintal
Telangana,Oil Seeds,Groundnut,August-2025,541.13,Metric Tonnes,4917.58,Rs./Quintal
Telangana,Oil Seeds,Safflower,August-2025,0.90,Metric Tonnes,7908.00,Rs./Quintal
Telangana,Oil Seeds,"Sesamum(Sesame,Gingelly,Til)",August-2025,95.83,Metric Tonnes,9594.43,Rs./Quintal
Telangana,Oil Seeds,Soyabean,August-2025,14.27,Metric Tonnes,4655.56,Rs./Quintal
Telangana,Oil Seeds,Castor Seed,September-2025,67.50,Metric Tonnes,5893.57,Rs./Quintal
Telangana,Oil Seeds,Groundnut,September-2025,430.48,Metric Tonnes,4297.04,Rs./Quintal
Telangana,Oil Seeds,Safflower,September-2025,0.45,Metric Tonnes,8689.67,Rs./Quintal
Telangana,Oil Seeds,"Sesamum(Sesame,Gingelly,Til)",September-2025,126.26,Metric Tonnes,9740.80,Rs./Quintal
Telangana,Oil Seeds,Soyabean,September-2025,49.27,Metric Tonnes,4182.43,Rs./Quintal
Telangana,Oil Seeds,Sunflower/Sunflower Seed,September-2025,0.41,Metric Tonnes,5224.20,Rs./Quintal
Telangana,Oil Seeds,Castor Seed,October-2025,684.30,Metric Tonnes,5807.96,Rs./Quintal
Telangana,Oil Seeds,Groundnut,October-2025,649.55,Metric Tonnes,4673.54,Rs./Quintal
Telangana,Oil Seeds,Safflower,October-2025,0.70,Metric Tonnes,8525.29,Rs./Quintal
Telangana,Oil Seeds,"Sesamum(Sesame,Gingelly,Til)",October-2025,72.66,Metric Tonnes,9482.24,Rs./Quintal
Telangana,Oil Seeds,Soyabean,October-2025,8577.43,Metric Tonnes,4077.04,Rs./Quintal
Telangana,Oil Seeds,Castor Seed,November-2025,61.80,Metric Tonnes,5815.76,Rs./Quintal
Telangana,Oil Seeds,Cotton Seed,November-2025,133.65,Metric Tonnes,6660.58,Rs./Quintal
Telangana,Oil Seeds,Groundnut,November-2025,991.57,Metric Tonnes,6034.87,Rs./Quintal
Telangana,Oil Seeds,Safflower,November-2025,0.25,Metric Tonnes,8558.20,Rs./Quintal
Telangana,Oil Seeds,"Sesamum(Sesame,Gingelly,Til)",November-2025,192.90,Metric Tonnes,10373.71,Rs./Quintal
Telangana,Oil Seeds,Soyabean,November-2025,3748.48,Metric Tonnes,4460.12,Rs./Quintal
Telangana,Oil Seeds,Castor Seed,December-2025,9.82,Metric Tonnes,5904.84,Rs./Quintal
Telangana,Oil Seeds,Cotton Seed,December-2025,229.50,Metric Tonnes,7009.96,Rs./Quintal
Telangana,Oil Seeds,Groundnut,December-2025,1680.34,Metric Tonnes,6969.13,Rs./Quintal
Telangana,Oil Seeds,"Sesamum(Sesame,Gingelly,Til)",December-2025,74.35,Metric Tonnes,10217.95,Rs./Quintal
Telangana,Oil Seeds,Soyabean,December-2025,2306.80,Metric Tonnes,4609.14,Rs./Quintal
Uttar Pradesh,Oil Seeds,Ground Nut Seed,January-2023,5.30,Metric Tonnes,5200.00,Rs./Quintal
Uttar Pradesh,Oil Seeds,Groundnut,January-2023,73562.20,Metric Tonnes,5998.46,Rs./Quintal
Uttar Pradesh,Oil Seeds,Linseed,January-2023,201.30,Metric Tonnes,6359.08,Rs./Quintal
Uttar Pradesh,Oil Seeds,Mustard,January-2023,63494.61,Metric Tonnes,6108.75,Rs./Quintal
Uttar Pradesh,Oil Seeds,"Sesamum(Sesame,Gingelly,Til)",January-2023,3817.50,Metric Tonnes,12767.17,Rs./Quintal
Uttar Pradesh,Oil Seeds,Soyabean,January-2023,836.00,Metric Tonnes,5213.98,Rs./Quintal
Uttar Pradesh,Oil Seeds,Groundnut,February-2023,42478.80,Metric Tonnes,6221.97,Rs./Quintal
Uttar Pradesh,Oil Seeds,Linseed,February-2023,208.40,Metric Tonnes,5882.38,Rs./Quintal
Uttar Pradesh,Oil Seeds,Mustard,February-2023,70031.70,Metric Tonnes,5784.94,Rs./Quintal
Uttar Pradesh,Oil Seeds,"Sesamum(Sesame,Gingelly,Til)",February-2023,1738.80,Metric Tonnes,13232.98,Rs./Quintal
Uttar Pradesh,Oil Seeds,Soyabean,February-2023,1830.00,Metric Tonnes,4812.62,Rs./Quintal
Uttar Pradesh,Oil Seeds,Groundnut,March-2023,14212.00,Metric Tonnes,6234.76,Rs./Quintal
Uttar Pradesh,Oil Seeds,Linseed,March-2023,281.10,Metric Tonnes,5403.13,Rs./Quintal
Uttar Pradesh,Oil Seeds,Mustard,March-2023,125026.70,Metric Tonnes,5315.84,Rs./Quintal
Uttar Pradesh,Oil Seeds,"Sesamum(Sesame,Gingelly,Til)",March-2023,663.50,Metric Tonnes,12784.81,Rs./Quintal
Uttar Pradesh,Oil Seeds,Soyabean,March-2023,338.50,Metric Tonnes,4658.42,Rs./Quintal
Uttar Pradesh,Oil Seeds,Groundnut,April-2023,6925.03,Metric Tonnes,6058.72,Rs./Quintal
Uttar Pradesh,Oil Seeds,Linseed,April-2023,818.30,Metric Tonnes,4973.94,Rs./Quintal
Uttar Pradesh,Oil Seeds,Mustard,April-2023,121232.95,Metric Tonnes,5243.43,Rs./Quintal
Uttar Pradesh,Oil Seeds,"Sesamum(Sesame,Gingelly,Til)",April-2023,245.40,Metric Tonnes,12541.74,Rs./Quintal
Uttar Pradesh,Oil Seeds,Soyabean,April-2023,88.00,Metric Tonnes,4576.36,Rs./Quintal
Uttar Pradesh,Oil Seeds,Groundnut,May-2023,3117.40,Metric Tonnes,6195.91,Rs./Quintal
Uttar Pradesh,Oil Seeds,Linseed,May-2023,268.30,Metric Tonnes,4998.64,Rs./Quintal
Uttar Pradesh,Oil Seeds,Mustard,May-2023,57687.81,Metric Tonnes,5362.24,Rs./Quintal
Uttar Pradesh,Oil Seeds,"Sesamum(Sesame,Gingelly,Til)",May-2023,118.50,Metric Tonnes,12638.37,Rs./Quintal
Uttar Pradesh,Oil Seeds,Soyabean,May-2023,485.00,Metric Tonnes,4465.77,Rs./Quintal
Uttar Pradesh,Oil Seeds,Groundnut,June-2023,41024.60,Metric Tonnes,5959.35,Rs./Quintal
Uttar Pradesh,Oil Seeds,Linseed,June-2023,262.70,Metric Tonnes,5231.63,Rs./Quintal
Uttar Pradesh,Oil Seeds,Mustard,June-2023,43050.26,Metric Tonnes,5454.28,Rs./Quintal
Uttar Pradesh,Oil Seeds,"Sesamum(Sesame,Gingelly,Til)",June-2023,40.00,Metric Tonnes,12740.00,Rs./Quintal
Uttar Pradesh,Oil Seeds,Soyabean,June-2023,300.00,Metric Tonnes,4411.17,Rs./Quintal
Uttar Pradesh,Oil Seeds,Groundnut,July-2023,116496.70,Metric Tonnes,6359.52,Rs./Quintal
Uttar Pradesh,Oil Seeds,Linseed,July-2023,63.30,Metric Tonnes,5261.75,Rs./Quintal
Uttar Pradesh,Oil Seeds,Mustard,July-2023,42177.46,Metric Tonnes,5397.41,Rs./Quintal
Uttar Pradesh,Oil Seeds,"Sesamum(Sesame,Gingelly,Til)",July-2023,256.00,Metric Tonnes,15519.61,Rs./Quintal
Uttar Pradesh,Oil Seeds,Soyabean,July-2023,321.00,Metric Tonnes,4577.57,Rs./Quintal
Uttar Pradesh,Oil Seeds,Groundnut,August-2023,120898.71,Metric Tonnes,6104.61,Rs./Quintal
Uttar Pradesh,Oil Seeds,Linseed,August-2023,37.60,Metric Tonnes,5180.63,Rs./Quintal
Uttar Pradesh,Oil Seeds,Mustard,August-2023,39092.10,Metric Tonnes,5448.91,Rs./Quintal
Uttar Pradesh,Oil Seeds,"Sesamum(Sesame,Gingelly,Til)",August-2023,217.20,Metric Tonnes,13971.02,Rs./Quintal
Uttar Pradesh,Oil Seeds,Soyabean,August-2023,765.00,Metric Tonnes,4449.28,Rs./Quintal
Uttar Pradesh,Oil Seeds,Groundnut,September-2023,31362.00,Metric Tonnes,6358.81,Rs./Quintal
Uttar Pradesh,Oil Seeds,Linseed,September-2023,60.16,Metric Tonnes,5245.21,Rs./Quintal
Uttar Pradesh,Oil Seeds,Mustard,September-2023,42677.25,Metric Tonnes,5451.67,Rs./Quintal
Uttar Pradesh,Oil Seeds,"Sesamum(Sesame,Gingelly,Til)",September-2023,2063.60,Metric Tonnes,13987.53,Rs./Quintal
Uttar Pradesh,Oil Seeds,Soyabean,September-2023,522.00,Metric Tonnes,4730.56,Rs./Quintal
Uttar Pradesh,Oil Seeds,Groundnut,October-2023,78906.00,Metric Tonnes,6275.22,Rs./Quintal
Uttar Pradesh,Oil Seeds,Linseed,October-2023,75.40,Metric Tonnes,5209.01,Rs./Quintal
Uttar Pradesh,Oil Seeds,Mustard,October-2023,58190.70,Metric Tonnes,5428.43,Rs./Quintal
Uttar Pradesh,Oil Seeds,"Sesamum(Sesame,Gingelly,Til)",October-2023,13625.30,Metric Tonnes,14714.28,Rs./Quintal
Uttar Pradesh,Oil Seeds,Soyabean,October-2023,3781.00,Metric Tonnes,4430.18,Rs./Quintal
Uttar Pradesh,Oil Seeds,Castor Seed,November-2023,3.90,Metric Tonnes,5100.00,Rs./Quintal
Uttar Pradesh,Oil Seeds,Groundnut,November-2023,73219.40,Metric Tonnes,6293.15,Rs./Quintal
Uttar Pradesh,Oil Seeds,Linseed,November-2023,49.00,Metric Tonnes,7603.53,Rs./Quintal
Uttar Pradesh,Oil Seeds,Mustard,November-2023,41128.95,Metric Tonnes,5471.13,Rs./Quintal
Uttar Pradesh,Oil Seeds,"Sesamum(Sesame,Gingelly,Til)",November-2023,2280.80,Metric Tonnes,15297.56,Rs./Quintal
Uttar Pradesh,Oil Seeds,Soyabean,November-2023,4853.10,Metric Tonnes,4950.45,Rs./Quintal
Uttar Pradesh,Oil Seeds,Groundnut,December-2023,44385.70,Metric Tonnes,5995.66,Rs./Quintal
Uttar Pradesh,Oil Seeds,Linseed,December-2023,66.40,Metric Tonnes,5146.43,Rs./Quintal
Uttar Pradesh,Oil Seeds,Mustard,December-2023,36391.92,Metric Tonnes,5420.82,Rs./Quintal
Uttar Pradesh,Oil Seeds,"Sesamum(Sesame,Gingelly,Til)",December-2023,672.70,Metric Tonnes,13886.03,Rs./Quintal
Uttar Pradesh,Oil Seeds,Soyabean,December-2023,2339.00,Metric Tonnes,4502.24,Rs./Quintal
Uttar Pradesh,Oil Seeds,Groundnut,January-2024,33104.10,Metric Tonnes,5925.74,Rs./Quintal
Uttar Pradesh,Oil Seeds,Linseed,January-2024,55.10,Metric Tonnes,5158.85,Rs./Quintal
Uttar Pradesh,Oil Seeds,Mustard,January-2024,27517.31,Metric Tonnes,5351.73,Rs./Quintal
Uttar Pradesh,Oil Seeds,"Sesamum(Sesame,Gingelly,Til)",January-2024,417.30,Metric Tonnes,12988.11,Rs./Quintal
Uttar Pradesh,Oil Seeds,Soyabean,January-2024,1120.00,Metric Tonnes,4503.13,Rs./Quintal
Uttar Pradesh,Oil Seeds,Groundnut,February-2024,22277.00,Metric Tonnes,5688.32,Rs./Quintal
Uttar Pradesh,Oil Seeds,Linseed,February-2024,73.70,Metric Tonnes,5105.22,Rs./Quintal
Uttar Pradesh,Oil Seeds,Mustard,February-2024,45041.54,Metric Tonnes,5182.87,Rs./Quintal
Uttar Pradesh,Oil Seeds,"Sesamum(Sesame,Gingelly,Til)",February-2024,752.70,Metric Tonnes,12905.56,Rs./Quintal
Uttar Pradesh,Oil Seeds,Soyabean,February-2024,2510.00,Metric Tonnes,4419.30,Rs./Quintal
Uttar Pradesh,Oil Seeds,Groundnut,March-2024,15818.30,Metric Tonnes,5452.81,Rs./Quintal
Uttar Pradesh,Oil Seeds,Linseed,March-2024,47.70,Metric Tonnes,5153.57,Rs./Quintal
Uttar Pradesh,Oil Seeds,Mustard,March-2024,63270.45,Metric Tonnes,5149.07,Rs./Quintal
Uttar Pradesh,Oil Seeds,"Sesamum(Sesame,Gingelly,Til)",March-2024,243.10,Metric Tonnes,12625.87,Rs./Quintal
Uttar Pradesh,Oil Seeds,Soyabean,March-2024,560.00,Metric Tonnes,4309.20,Rs./Quintal
Uttar Pradesh,Oil Seeds,Groundnut,April-2024,12486.65,Metric Tonnes,5392.41,Rs./Quintal
Uttar Pradesh,Oil Seeds,Linseed,April-2024,65.80,Metric Tonnes,5086.57,Rs./Quintal
Uttar Pradesh,Oil Seeds,Mustard,April-2024,53886.15,Metric Tonnes,5249.99,Rs./Quintal
Uttar Pradesh,Oil Seeds,"Sesamum(Sesame,Gingelly,Til)",April-2024,344.90,Metric Tonnes,12243.78,Rs./Quintal
Uttar Pradesh,Oil Seeds,Soyabean,April-2024,590.00,Metric Tonnes,4493.53,Rs./Quintal
Uttar Pradesh,Oil Seeds,Groundnut,May-2024,17096.20,Metric Tonnes,5438.03,Rs./Quintal
Uttar Pradesh,Oil Seeds,Linseed,May-2024,51.60,Metric Tonnes,5456.69,Rs./Quintal
Uttar Pradesh,Oil Seeds,Mustard,May-2024,33919.50,Metric Tonnes,5193.50,Rs./Quintal
Uttar Pradesh,Oil Seeds,"Sesamum(Sesame,Gingelly,Til)",May-2024,101.50,Metric Tonnes,11315.27,Rs./Quintal
Uttar Pradesh,Oil Seeds,Soyabean,May-2024,1070.00,Metric Tonnes,4335.89,Rs./Quintal
Uttar Pradesh,Oil Seeds,Groundnut,June-2024,35183.40,Metric Tonnes,5667.12,Rs./Quintal
Uttar Pradesh,Oil Seeds,Linseed,June-2024,26.00,Metric Tonnes,5324.56,Rs./Quintal
Uttar Pradesh,Oil Seeds,Mustard,June-2024,26575.20,Metric Tonnes,5497.53,Rs./Quintal
Uttar Pradesh,Oil Seeds,"Sesamum(Sesame,Gingelly,Til)",June-2024,88.50,Metric Tonnes,11671.75,Rs./Quintal
Uttar Pradesh,Oil Seeds,Soyabean,June-2024,540.00,Metric Tonnes,4233.33,Rs./Quintal
Uttar Pradesh,Oil Seeds,Groundnut,July-2024,106724.20,Metric Tonnes,5310.61,Rs./Quintal
Uttar Pradesh,Oil Seeds,Linseed,July-2024,74.00,Metric Tonnes,5658.55,Rs./Quintal
Uttar Pradesh,Oil Seeds,Mustard,July-2024,22862.50,Metric Tonnes,5512.64,Rs./Quintal
Uttar Pradesh,Oil Seeds,"Sesamum(Sesame,Gingelly,Til)",July-2024,107.50,Metric Tonnes,11196.98,Rs./Quintal
Uttar Pradesh,Oil Seeds,Soyabean,July-2024,1958.00,Metric Tonnes,4167.36,Rs./Quintal
Uttar Pradesh,Oil Seeds,Groundnut,August-2024,118362.69,Metric Tonnes,4838.69,Rs./Quintal
Uttar Pradesh,Oil Seeds,Linseed,August-2024,65.10,Metric Tonnes,5804.88,Rs./Quintal
Uttar Pradesh,Oil Seeds,Mustard,August-2024,20005.10,Metric Tonnes,5512.89,Rs./Quintal
Uttar Pradesh,Oil Seeds,"Sesamum(Sesame,Gingelly,Til)",August-2024,201.80,Metric Tonnes,10800.50,Rs./Quintal
Uttar Pradesh,Oil Seeds,Soyabean,August-2024,1887.00,Metric Tonnes,4054.69,Rs./Quintal
Uttar Pradesh,Oil Seeds,Groundnut,September-2024,78892.07,Metric Tonnes,4862.60,Rs./Quintal
Uttar Pradesh,Oil Seeds,Linseed,September-2024,52.60,Metric Tonnes,5822.67,Rs./Quintal
Uttar Pradesh,Oil Seeds,Mustard,September-2024,21315.90,Metric Tonnes,5772.10,Rs./Quintal
Uttar Pradesh,Oil Seeds,"Sesamum(Sesame,Gingelly,Til)",September-2024,446.90,Metric Tonnes,11586.70,Rs./Quintal
Uttar Pradesh,Oil Seeds,Soyabean,September-2024,11497.00,Metric Tonnes,4256.13,Rs./Quintal
Uttar Pradesh,Oil Seeds,Groundnut,October-2024,33591.50,Metric Tonnes,4984.96,Rs./Quintal
Uttar Pradesh,Oil Seeds,Linseed,October-2024,34.10,Metric Tonnes,5907.52,Rs./Quintal
Uttar Pradesh,Oil Seeds,Mustard,October-2024,27977.74,Metric Tonnes,6063.95,Rs./Quintal
Uttar Pradesh,Oil Seeds,"Sesamum(Sesame,Gingelly,Til)",October-2024,13222.70,Metric Tonnes,11179.68,Rs./Quintal
Uttar Pradesh,Oil Seeds,Soyabean,October-2024,42448.00,Metric Tonnes,4377.58,Rs./Quintal
Uttar Pradesh,Oil Seeds,Groundnut,November-2024,85723.28,Metric Tonnes,4627.88,Rs./Quintal
Uttar Pradesh,Oil Seeds,Linseed,November-2024,45.20,Metric Tonnes,6026.55,Rs./Quintal
Uttar Pradesh,Oil Seeds,Mustard,November-2024,24130.80,Metric Tonnes,6031.91,Rs./Quintal
Uttar Pradesh,Oil Seeds,"Sesamum(Sesame,Gingelly,Til)",November-2024,7832.50,Metric Tonnes,11134.58,Rs./Quintal
Uttar Pradesh,Oil Seeds,Soyabean,November-2024,19036.00,Metric Tonnes,4325.01,Rs./Quintal
Uttar Pradesh,Oil Seeds,Groundnut,December-2024,106283.75,Metric Tonnes,4726.17,Rs./Quintal
Uttar Pradesh,Oil Seeds,Linseed,December-2024,52.40,Metric Tonnes,6129.39,Rs./Quintal
Uttar Pradesh,Oil Seeds,Mustard,December-2024,24498.80,Metric Tonnes,5953.39,Rs./Quintal
Uttar Pradesh,Oil Seeds,"Sesamum(Sesame,Gingelly,Til)",December-2024,4870.30,Metric Tonnes,10878.77,Rs./Quintal
Uttar Pradesh,Oil Seeds,Soyabean,December-2024,9033.60,Metric Tonnes,4140.47,Rs./Quintal
Uttar Pradesh,Oil Seeds,Groundnut,January-2025,97631.94,Metric Tonnes,4582.01,Rs./Quintal
Uttar Pradesh,Oil Seeds,Linseed,January-2025,40.30,Metric Tonnes,6037.97,Rs./Quintal
Uttar Pradesh,Oil Seeds,Mustard,January-2025,26804.10,Metric Tonnes,5888.02,Rs./Quintal
Uttar Pradesh,Oil Seeds,"Sesamum(Sesame,Gingelly,Til)",January-2025,2175.80,Metric Tonnes,10263.47,Rs./Quintal
Uttar Pradesh,Oil Seeds,Soyabean,January-2025,5255.00,Metric Tonnes,4126.17,Rs./Quintal
Uttar Pradesh,Oil Seeds,Groundnut,February-2025,83625.41,Metric Tonnes,4365.73,Rs./Quintal
Uttar Pradesh,Oil Seeds,Linseed,February-2025,91.10,Metric Tonnes,6134.63,Rs./Quintal
Uttar Pradesh,Oil Seeds,Mustard,February-2025,29774.90,Metric Tonnes,5776.44,Rs./Quintal
Uttar Pradesh,Oil Seeds,"Sesamum(Sesame,Gingelly,Til)",February-2025,1936.50,Metric Tonnes,9776.91,Rs./Quintal
Uttar Pradesh,Oil Seeds,Soyabean,February-2025,12233.40,Metric Tonnes,4118.30,Rs./Quintal
Uttar Pradesh,Oil Seeds,Groundnut,March-2025,31632.03,Metric Tonnes,4578.83,Rs./Quintal
Uttar Pradesh,Oil Seeds,Linseed,March-2025,334.80,Metric Tonnes,5608.75,Rs./Quintal
Uttar Pradesh,Oil Seeds,Mustard,March-2025,73341.60,Metric Tonnes,5672.01,Rs./Quintal
Uttar Pradesh,Oil Seeds,"Sesamum(Sesame,Gingelly,Til)",March-2025,1383.30,Metric Tonnes,9181.73,Rs./Quintal
Uttar Pradesh,Oil Seeds,Soyabean,March-2025,6293.50,Metric Tonnes,3967.32,Rs./Quintal
Uttar Pradesh,Oil Seeds,Ground Nut Seed,April-2025,45.00,Metric Tonnes,7918.89,Rs./Quintal
Uttar Pradesh,Oil Seeds,Groundnut,April-2025,22828.43,Metric Tonnes,4618.39,Rs./Quintal
Uttar Pradesh,Oil Seeds,Linseed,April-2025,16.30,Metric Tonnes,6225.18,Rs./Quintal
Uttar Pradesh,Oil Seeds,Mustard,April-2025,72298.30,Metric Tonnes,5863.21,Rs./Quintal
Uttar Pradesh,Oil Seeds,"Sesamum(Sesame,Gingelly,Til)",April-2025,531.40,Metric Tonnes,9438.66,Rs./Quintal
Uttar Pradesh,Oil Seeds,Soyabean,April-2025,3150.60,Metric Tonnes,4155.21,Rs./Quintal
Uttar Pradesh,Oil Seeds,Ground Nut Seed,May-2025,470.00,Metric Tonnes,7860.27,Rs./Quintal
Uttar Pradesh,Oil Seeds,Groundnut,May-2025,14108.21,Metric Tonnes,4808.88,Rs./Quintal
Uttar Pradesh,Oil Seeds,Linseed,May-2025,21.70,Metric Tonnes,6376.91,Rs./Quintal
Uttar Pradesh,Oil Seeds,Mustard,May-2025,51832.50,Metric Tonnes,6085.94,Rs./Quintal
Uttar Pradesh,Oil Seeds,"Sesamum(Sesame,Gingelly,Til)",May-2025,373.80,Metric Tonnes,9131.94,Rs./Quintal
Uttar Pradesh,Oil Seeds,Soyabean,May-2025,3320.00,Metric Tonnes,4111.75,Rs./Quintal
Uttar Pradesh,Oil Seeds,Ground Nut Seed,June-2025,235.00,Metric Tonnes,7989.36,Rs./Quintal
Uttar Pradesh,Oil Seeds,Groundnut,June-2025,48806.58,Metric Tonnes,5438.89,Rs./Quintal
Uttar Pradesh,Oil Seeds,Linseed,June-2025,9.40,Metric Tonnes,6369.57,Rs./Quintal
Uttar Pradesh,Oil Seeds,Mustard,June-2025,36018.60,Metric Tonnes,6244.09,Rs./Quintal
Uttar Pradesh,Oil Seeds,Soyabean,June-2025,3137.00,Metric Tonnes,4080.96,Rs./Quintal
Uttar Pradesh,Oil Seeds,Ground Nut Seed,July-2025,493.50,Metric Tonnes,8739.91,Rs./Quintal
Uttar Pradesh,Oil Seeds,Groundnut,July-2025,114271.84,Metric Tonnes,5391.10,Rs./Quintal
Uttar Pradesh,Oil Seeds,Linseed,July-2025,10.90,Metric Tonnes,7090.55,Rs./Quintal
Uttar Pradesh,Oil Seeds,Mustard,July-2025,29364.60,Metric Tonnes,6577.68,Rs./Quintal
Uttar Pradesh,Oil Seeds,"Sesamum(Sesame,Gingelly,Til)",July-2025,19.90,Metric Tonnes,7927.14,Rs./Quintal
Uttar Pradesh,Oil Seeds,Soyabean,July-2025,1672.00,Metric Tonnes,4018.79,Rs./Quintal
Uttar Pradesh,Oil Seeds,Ground Nut Seed,August-2025,532.00,Metric Tonnes,9816.47,Rs./Quintal
Uttar Pradesh,Oil Seeds,Groundnut,August-2025,58885.16,Metric Tonnes,5736.15,Rs./Quintal
Uttar Pradesh,Oil Seeds,Linseed,August-2025,12.40,Metric Tonnes,7393.55,Rs./Quintal
Uttar Pradesh,Oil Seeds,Mustard,August-2025,27284.10,Metric Tonnes,6888.92,Rs./Quintal
Uttar Pradesh,Oil Seeds,"Sesamum(Sesame,Gingelly,Til)",August-2025,10.00,Metric Tonnes,9350.00,Rs./Quintal
Uttar Pradesh,Oil Seeds,Soyabean,August-2025,1021.30,Metric Tonnes,4343.95,Rs./Quintal
Uttar Pradesh,Oil Seeds,Ground Nut Seed,September-2025,527.00,Metric Tonnes,8628.65,Rs./Quintal
Uttar Pradesh,Oil Seeds,Groundnut,September-2025,18373.56,Metric Tonnes,5989.59,Rs./Quintal
Uttar Pradesh,Oil Seeds,Linseed,September-2025,8.40,Metric Tonnes,7236.90,Rs./Quintal
Uttar Pradesh,Oil Seeds,Mustard,September-2025,26042.40,Metric Tonnes,6798.97,Rs./Quintal
Uttar Pradesh,Oil Seeds,"Sesamum(Sesame,Gingelly,Til)",September-2025,127.90,Metric Tonnes,9138.28,Rs./Quintal
Uttar Pradesh,Oil Seeds,Soyabean,September-2025,560.90,Metric Tonnes,4140.06,Rs./Quintal
Uttar Pradesh,Oil Seeds,Ground Nut Seed,October-2025,360.00,Metric Tonnes,8071.11,Rs./Quintal
Uttar Pradesh,Oil Seeds,Groundnut,October-2025,22282.29,Metric Tonnes,5050.70,Rs./Quintal
Uttar Pradesh,Oil Seeds,Linseed,October-2025,9.10,Metric Tonnes,7197.80,Rs./Quintal
Uttar Pradesh,Oil Seeds,Mustard,October-2025,30668.10,Metric Tonnes,6768.34,Rs./Quintal
Uttar Pradesh,Oil Seeds,"Sesamum(Sesame,Gingelly,Til)",October-2025,843.20,Metric Tonnes,9406.12,Rs./Quintal
Uttar Pradesh,Oil Seeds,Soyabean,October-2025,7504.70,Metric Tonnes,4061.59,Rs./Quintal
Uttar Pradesh,Oil Seeds,Ground Nut Seed,November-2025,1.80,Metric Tonnes,10800.00,Rs./Quintal
Uttar Pradesh,Oil Seeds,Groundnut,November-2025,50341.88,Metric Tonnes,5362.69,Rs./Quintal
Uttar Pradesh,Oil Seeds,Linseed,November-2025,19.00,Metric Tonnes,7595.79,Rs./Quintal
Uttar Pradesh,Oil Seeds,Mustard,November-2025,22557.00,Metric Tonnes,6730.30,Rs./Quintal
Uttar Pradesh,Oil Seeds,"Sesamum(Sesame,Gingelly,Til)",November-2025,1471.60,Metric Tonnes,10086.91,Rs./Quintal
Uttar Pradesh,Oil Seeds,Soyabean,November-2025,1695.70,Metric Tonnes,4214.31,Rs./Quintal
Uttar Pradesh,Oil Seeds,Groundnut,December-2025,53942.81,Metric Tonnes,5731.81,Rs./Quintal
Uttar Pradesh,Oil Seeds,Linseed,December-2025,362.80,Metric Tonnes,10293.80,Rs./Quintal
Uttar Pradesh,Oil Seeds,Mustard,December-2025,20518.30,Metric Tonnes,6700.93,Rs./Quintal
Uttar Pradesh,Oil Seeds,"Sesamum(Sesame,Gingelly,Til)",December-2025,1039.80,Metric Tonnes,10032.02,Rs./Quintal
Uttar Pradesh,Oil Seeds,Soyabean,December-2025,1256.00,Metric Tonnes,4433.48,Rs./Quintal
Uttarakhand,Oil Seeds,Coconut Seed,January-2023,0.50,Metric Tonnes,1000.00,Rs./Quintal
Uttarakhand,Oil Seeds,Coconut Seed,February-2023,10.00,Metric Tonnes,1550.00,Rs./Quintal
Uttarakhand,Oil Seeds,Mustard,February-2023,25.68,Metric Tonnes,4800.00,Rs./Quintal
Uttarakhand,Oil Seeds,Soyabean,February-2023,5.00,Metric Tonnes,4408.80,Rs./Quintal
Uttarakhand,Oil Seeds,Groundnut,March-2023,4.20,Metric Tonnes,13261.64,Rs./Quintal
Uttarakhand,Oil Seeds,Mustard,March-2023,590.17,Metric Tonnes,4456.35,Rs./Quintal
Uttarakhand,Oil Seeds,Soyabean,March-2023,23.00,Metric Tonnes,4613.04,Rs./Quintal
Uttarakhand,Oil Seeds,Coconut Seed,April-2023,10.10,Metric Tonnes,1000.00,Rs./Quintal
Uttarakhand,Oil Seeds,Mustard,April-2023,26.10,Metric Tonnes,3440.62,Rs./Quintal
Uttarakhand,Oil Seeds,Soyabean,April-2023,15.00,Metric Tonnes,4050.00,Rs./Quintal
Uttarakhand,Oil Seeds,Toria,April-2023,0.60,Metric Tonnes,1733.33,Rs./Quintal
Uttarakhand,Oil Seeds,Groundnut,May-2023,2.00,Metric Tonnes,13333.00,Rs./Quintal
Uttarakhand,Oil Seeds,Mustard,May-2023,48.20,Metric Tonnes,3948.03,Rs./Quintal
Uttarakhand,Oil Seeds,Soyabean,May-2023,135.30,Metric Tonnes,4613.84,Rs./Quintal
Uttarakhand,Oil Seeds,Toria,May-2023,21.90,Metric Tonnes,696.35,Rs./Quintal
Uttarakhand,Oil Seeds,Groundnut,June-2023,2.00,Metric Tonnes,12709.50,Rs./Quintal
Uttarakhand,Oil Seeds,Mustard,June-2023,3.00,Metric Tonnes,4800.00,Rs./Quintal
Uttarakhand,Oil Seeds,Soyabean,June-2023,111.40,Metric Tonnes,4528.68,Rs./Quintal
Uttarakhand,Oil Seeds,Toria,June-2023,2.00,Metric Tonnes,1750.00,Rs./Quintal
Uttarakhand,Oil Seeds,Coconut Seed,July-2023,36.50,Metric Tonnes,3465.75,Rs./Quintal
Uttarakhand,Oil Seeds,Groundnut,July-2023,2.40,Metric Tonnes,13500.00,Rs./Quintal
Uttarakhand,Oil Seeds,Mustard,July-2023,0.40,Metric Tonnes,5700.00,Rs./Quintal
Uttarakhand,Oil Seeds,Toria,July-2023,0.40,Metric Tonnes,600.00,Rs./Quintal
Uttarakhand,Oil Seeds,Coconut Seed,August-2023,141.20,Metric Tonnes,2741.86,Rs./Quintal
Uttarakhand,Oil Seeds,Soyabean,August-2023,50.80,Metric Tonnes,3955.31,Rs./Quintal
Uttarakhand,Oil Seeds,Coconut Seed,September-2023,317.70,Metric Tonnes,2472.21,Rs./Quintal
Uttarakhand,Oil Seeds,Groundnut,September-2023,8.30,Metric Tonnes,10070.90,Rs./Quintal
Uttarakhand,Oil Seeds,Coconut Seed,October-2023,626.20,Metric Tonnes,2057.71,Rs./Quintal
Uttarakhand,Oil Seeds,Groundnut,October-2023,39.36,Metric Tonnes,9325.45,Rs./Quintal
Uttarakhand,Oil Seeds,Mustard,October-2023,40.00,Metric Tonnes,5184.00,Rs./Quintal
Uttarakhand,Oil Seeds,Soyabean,October-2023,1.00,Metric Tonnes,4100.00,Rs./Quintal
Uttarakhand,Oil Seeds,Coconut Seed,November-2023,195.70,Metric Tonnes,1915.28,Rs./Quintal
Uttarakhand,Oil Seeds,Groundnut,November-2023,34.50,Metric Tonnes,9594.20,Rs./Quintal
Uttarakhand,Oil Seeds,Mustard,November-2023,63.50,Metric Tonnes,5037.64,Rs./Quintal
Uttarakhand,Oil Seeds,Coconut Seed,December-2023,227.90,Metric Tonnes,2025.84,Rs./Quintal
Uttarakhand,Oil Seeds,Groundnut,December-2023,28.50,Metric Tonnes,7102.81,Rs./Quintal
Uttarakhand,Oil Seeds,Mustard,December-2023,253.20,Metric Tonnes,5259.55,Rs./Quintal
Uttarakhand,Oil Seeds,Soyabean,December-2023,80.30,Metric Tonnes,4099.49,Rs./Quintal
Uttarakhand,Oil Seeds,Coconut Seed,January-2024,78.70,Metric Tonnes,1907.88,Rs./Quintal
Uttarakhand,Oil Seeds,Groundnut,January-2024,21.30,Metric Tonnes,7273.38,Rs./Quintal
Uttarakhand,Oil Seeds,Mustard,January-2024,325.60,Metric Tonnes,3820.83,Rs./Quintal
Uttarakhand,Oil Seeds,Soyabean,January-2024,14.50,Metric Tonnes,4239.66,Rs./Quintal
Uttarakhand,Oil Seeds,Coconut Seed,February-2024,157.10,Metric Tonnes,2136.35,Rs./Quintal
Uttarakhand,Oil Seeds,Groundnut,February-2024,5.00,Metric Tonnes,6377.00,Rs./Quintal
Uttarakhand,Oil Seeds,Mustard,February-2024,436.90,Metric Tonnes,4378.38,Rs./Quintal
Uttarakhand,Oil Seeds,Coconut Seed,March-2024,85.40,Metric Tonnes,2952.69,Rs./Quintal
Uttarakhand,Oil Seeds,Mustard,March-2024,1200.63,Metric Tonnes,4032.61,Rs./Quintal
Uttarakhand,Oil Seeds,Soyabean,March-2024,3.60,Metric Tonnes,4000.00,Rs./Quintal
Uttarakhand,Oil Seeds,Coconut Seed,April-2024,180.00,Metric Tonnes,2335.11,Rs./Quintal
Uttarakhand,Oil Seeds,Mustard,April-2024,197.87,Metric Tonnes,4866.98,Rs./Quintal
Uttarakhand,Oil Seeds,Soyabean,April-2024,34.50,Metric Tonnes,3900.00,Rs./Quintal
Uttarakhand,Oil Seeds,Coconut Seed,May-2024,238.70,Metric Tonnes,2319.07,Rs./Quintal
Uttarakhand,Oil Seeds,Mustard,May-2024,22.50,Metric Tonnes,4673.86,Rs./Quintal
Uttarakhand,Oil Seeds,Coconut Seed,June-2024,100.90,Metric Tonnes,3937.96,Rs./Quintal
Uttarakhand,Oil Seeds,Mustard,June-2024,44.80,Metric Tonnes,6000.00,Rs./Quintal
Uttarakhand,Oil Seeds,Coconut Seed,July-2024,29.10,Metric Tonnes,2732.65,Rs./Quintal
Uttarakhand,Oil Seeds,Mustard,July-2024,6.70,Metric Tonnes,5700.00,Rs./Quintal
Uttarakhand,Oil Seeds,Coconut Seed,August-2024,24.40,Metric Tonnes,2500.00,Rs./Quintal
Uttarakhand,Oil Seeds,Soyabean,August-2024,21.20,Metric Tonnes,3909.28,Rs./Quintal
Uttarakhand,Oil Seeds,Coconut Seed,September-2024,69.40,Metric Tonnes,2539.05,Rs./Quintal
Uttarakhand,Oil Seeds,Groundnut,September-2024,1.20,Metric Tonnes,4036.00,Rs./Quintal
Uttarakhand,Oil Seeds,Coconut Seed,October-2024,16.10,Metric Tonnes,2155.28,Rs./Quintal
Uttarakhand,Oil Seeds,Groundnut,October-2024,11.57,Metric Tonnes,6812.90,Rs./Quintal
Uttarakhand,Oil Seeds,Coconut Seed,November-2024,11.10,Metric Tonnes,3243.24,Rs./Quintal
Uttarakhand,Oil Seeds,Coconut Seed,December-2024,44.50,Metric Tonnes,2670.79,Rs./Quintal
Uttarakhand,Oil Seeds,Coconut Seed,January-2025,19.40,Metric Tonnes,2500.00,Rs./Quintal
Uttarakhand,Oil Seeds,Mustard,January-2025,17.50,Metric Tonnes,3970.14,Rs./Quintal
Uttarakhand,Oil Seeds,Coconut Seed,February-2025,25.00,Metric Tonnes,2917.60,Rs./Quintal
Uttarakhand,Oil Seeds,Mustard,February-2025,14.00,Metric Tonnes,4777.50,Rs./Quintal
Uttarakhand,Oil Seeds,Mustard,March-2025,94.80,Metric Tonnes,5985.56,Rs./Quintal
Uttarakhand,Oil Seeds,Coconut Seed,April-2025,17.00,Metric Tonnes,2800.00,Rs./Quintal
Uttarakhand,Oil Seeds,Mustard,April-2025,5.50,Metric Tonnes,6000.00,Rs./Quintal
Uttarakhand,Oil Seeds,Coconut Seed,May-2025,14.00,Metric Tonnes,2500.00,Rs./Quintal
Uttarakhand,Oil Seeds,Soyabean,May-2025,1.50,Metric Tonnes,3600.00,Rs./Quintal
Uttarakhand,Oil Seeds,Coconut Seed,June-2025,13.20,Metric Tonnes,2500.00,Rs./Quintal
Uttarakhand,Oil Seeds,Soyabean,August-2025,4.20,Metric Tonnes,4000.00,Rs./Quintal
Uttarakhand,Oil Seeds,Coconut Seed,September-2025,7.60,Metric Tonnes,2400.00,Rs./Quintal
Uttarakhand,Oil Seeds,Mustard,September-2025,1.50,Metric Tonnes,5400.00,Rs./Quintal
Uttarakhand,Oil Seeds,Coconut Seed,October-2025,51.40,Metric Tonnes,3110.89,Rs./Quintal
Uttarakhand,Oil Seeds,Coconut Seed,December-2025,1.80,Metric Tonnes,3800.00,Rs./Quintal
Uttarakhand,Oil Seeds,Groundnut,December-2025,6.00,Metric Tonnes,6200.00,Rs./Quintal
Uttarakhand,Oil Seeds,Soyabean,December-2025,2.00,Metric Tonnes,3900.00,Rs./Quintal
West Bengal,Oil Seeds,Groundnut,January-2023,0.80,Metric Tonnes,8500.00,Rs./Quintal
West Bengal,Oil Seeds,Mustard,January-2023,1417.06,Metric Tonnes,5972.13,Rs./Quintal
West Bengal,Oil Seeds,"Sesamum(Sesame,Gingelly,Til)",January-2023,90.00,Metric Tonnes,8457.67,Rs./Quintal
West Bengal,Oil Seeds,Groundnut,February-2023,12.10,Metric Tonnes,8747.11,Rs./Quintal
West Bengal,Oil Seeds,Mustard,February-2023,1333.97,Metric Tonnes,5833.86,Rs./Quintal
West Bengal,Oil Seeds,"Sesamum(Sesame,Gingelly,Til)",February-2023,23.80,Metric Tonnes,8300.00,Rs./Quintal
West Bengal,Oil Seeds,Groundnut,March-2023,16.20,Metric Tonnes,8680.25,Rs./Quintal
West Bengal,Oil Seeds,Mustard,March-2023,1604.19,Metric Tonnes,5648.88,Rs./Quintal
West Bengal,Oil Seeds,"Sesamum(Sesame,Gingelly,Til)",March-2023,37.20,Metric Tonnes,8570.43,Rs./Quintal
West Bengal,Oil Seeds,Groundnut,April-2023,14.00,Metric Tonnes,8890.00,Rs./Quintal
West Bengal,Oil Seeds,Mustard,April-2023,1490.95,Metric Tonnes,5855.08,Rs./Quintal
West Bengal,Oil Seeds,"Sesamum(Sesame,Gingelly,Til)",April-2023,22.30,Metric Tonnes,8600.00,Rs./Quintal
West Bengal,Oil Seeds,Groundnut,May-2023,12.60,Metric Tonnes,8816.67,Rs./Quintal
West Bengal,Oil Seeds,Mustard,May-2023,1812.61,Metric Tonnes,5855.19,Rs./Quintal
West Bengal,Oil Seeds,"Sesamum(Sesame,Gingelly,Til)",May-2023,41.90,Metric Tonnes,8521.00,Rs./Quintal
West Bengal,Oil Seeds,Groundnut,June-2023,24.87,Metric Tonnes,8700.00,Rs./Quintal
West Bengal,Oil Seeds,Mustard,June-2023,2000.00,Metric Tonnes,5746.87,Rs./Quintal
West Bengal,Oil Seeds,"Sesamum(Sesame,Gingelly,Til)",June-2023,98.70,Metric Tonnes,7971.94,Rs./Quintal
West Bengal,Oil Seeds,Groundnut,July-2023,60.41,Metric Tonnes,9441.85,Rs./Quintal
West Bengal,Oil Seeds,Mustard,July-2023,2068.93,Metric Tonnes,5745.78,Rs./Quintal
West Bengal,Oil Seeds,"Sesamum(Sesame,Gingelly,Til)",July-2023,144.40,Metric Tonnes,7987.88,Rs./Quintal
West Bengal,Oil Seeds,Groundnut,August-2023,135.70,Metric Tonnes,9690.13,Rs./Quintal
West Bengal,Oil Seeds,Mustard,August-2023,2033.21,Metric Tonnes,5743.64,Rs./Quintal
West Bengal,Oil Seeds,"Sesamum(Sesame,Gingelly,Til)",August-2023,273.60,Metric Tonnes,8711.51,Rs./Quintal
West Bengal,Oil Seeds,Groundnut,September-2023,64.80,Metric Tonnes,9900.00,Rs./Quintal
West Bengal,Oil Seeds,Mustard,September-2023,2191.62,Metric Tonnes,5874.83,Rs./Quintal
West Bengal,Oil Seeds,"Sesamum(Sesame,Gingelly,Til)",September-2023,265.10,Metric Tonnes,8819.05,Rs./Quintal
West Bengal,Oil Seeds,Groundnut,October-2023,84.40,Metric Tonnes,10575.83,Rs./Quintal
West Bengal,Oil Seeds,Mustard,October-2023,1606.98,Metric Tonnes,5969.51,Rs./Quintal
West Bengal,Oil Seeds,"Sesamum(Sesame,Gingelly,Til)",October-2023,189.80,Metric Tonnes,8845.26,Rs./Quintal
West Bengal,Oil Seeds,Groundnut,November-2023,93.10,Metric Tonnes,10840.82,Rs./Quintal
West Bengal,Oil Seeds,Mustard,November-2023,1682.90,Metric Tonnes,5784.11,Rs./Quintal
West Bengal,Oil Seeds,"Sesamum(Sesame,Gingelly,Til)",November-2023,182.10,Metric Tonnes,9045.80,Rs./Quintal
West Bengal,Oil Seeds,Groundnut,December-2023,120.50,Metric Tonnes,10920.75,Rs./Quintal
West Bengal,Oil Seeds,Mustard,December-2023,2075.07,Metric Tonnes,5683.28,Rs./Quintal
West Bengal,Oil Seeds,"Sesamum(Sesame,Gingelly,Til)",December-2023,184.20,Metric Tonnes,9098.91,Rs./Quintal
West Bengal,Oil Seeds,Groundnut,January-2024,111.50,Metric Tonnes,10709.87,Rs./Quintal
West Bengal,Oil Seeds,Mustard,January-2024,2402.91,Metric Tonnes,5624.80,Rs./Quintal
West Bengal,Oil Seeds,"Sesamum(Sesame,Gingelly,Til)",January-2024,218.60,Metric Tonnes,8860.06,Rs./Quintal
West Bengal,Oil Seeds,Groundnut,February-2024,123.80,Metric Tonnes,10901.13,Rs./Quintal
West Bengal,Oil Seeds,Mustard,February-2024,2195.88,Metric Tonnes,5616.60,Rs./Quintal
West Bengal,Oil Seeds,"Sesamum(Sesame,Gingelly,Til)",February-2024,174.30,Metric Tonnes,8962.48,Rs./Quintal
West Bengal,Oil Seeds,Groundnut,March-2024,59.80,Metric Tonnes,10697.99,Rs./Quintal
West Bengal,Oil Seeds,Mustard,March-2024,2004.92,Metric Tonnes,5598.47,Rs./Quintal
West Bengal,Oil Seeds,"Sesamum(Sesame,Gingelly,Til)",March-2024,195.00,Metric Tonnes,9067.64,Rs./Quintal
West Bengal,Oil Seeds,Groundnut,April-2024,1.00,Metric Tonnes,11400.00,Rs./Quintal
West Bengal,Oil Seeds,Mustard,April-2024,1326.15,Metric Tonnes,5665.05,Rs./Quintal
West Bengal,Oil Seeds,"Sesamum(Sesame,Gingelly,Til)",April-2024,132.25,Metric Tonnes,8746.29,Rs./Quintal
West Bengal,Oil Seeds,Groundnut,May-2024,2.80,Metric Tonnes,11571.43,Rs./Quintal
West Bengal,Oil Seeds,Mustard,May-2024,1509.82,Metric Tonnes,5701.80,Rs./Quintal
West Bengal,Oil Seeds,"Sesamum(Sesame,Gingelly,Til)",May-2024,104.20,Metric Tonnes,8847.12,Rs./Quintal
West Bengal,Oil Seeds,Groundnut,June-2024,9.60,Metric Tonnes,11083.85,Rs./Quintal
West Bengal,Oil Seeds,Mustard,June-2024,1352.66,Metric Tonnes,5802.64,Rs./Quintal
West Bengal,Oil Seeds,"Sesamum(Sesame,Gingelly,Til)",June-2024,79.80,Metric Tonnes,8714.54,Rs./Quintal
West Bengal,Oil Seeds,Groundnut,July-2024,4.80,Metric Tonnes,11235.42,Rs./Quintal
West Bengal,Oil Seeds,Mustard,July-2024,1772.05,Metric Tonnes,5879.29,Rs./Quintal
West Bengal,Oil Seeds,"Sesamum(Sesame,Gingelly,Til)",July-2024,248.65,Metric Tonnes,8396.70,Rs./Quintal
West Bengal,Oil Seeds,Groundnut,August-2024,7.00,Metric Tonnes,11451.86,Rs./Quintal
West Bengal,Oil Seeds,Mustard,August-2024,1967.80,Metric Tonnes,5839.98,Rs./Quintal
West Bengal,Oil Seeds,"Sesamum(Sesame,Gingelly,Til)",August-2024,317.10,Metric Tonnes,8378.93,Rs./Quintal
West Bengal,Oil Seeds,Groundnut,September-2024,7.10,Metric Tonnes,11323.24,Rs./Quintal
West Bengal,Oil Seeds,Mustard,September-2024,2262.96,Metric Tonnes,5872.70,Rs./Quintal
West Bengal,Oil Seeds,"Sesamum(Sesame,Gingelly,Til)",September-2024,166.80,Metric Tonnes,7881.18,Rs./Quintal
West Bengal,Oil Seeds,Groundnut,October-2024,7.20,Metric Tonnes,11354.86,Rs./Quintal
West Bengal,Oil Seeds,Mustard,October-2024,2877.58,Metric Tonnes,5943.39,Rs./Quintal
West Bengal,Oil Seeds,Groundnut,November-2024,1.10,Metric Tonnes,11372.73,Rs./Quintal
West Bengal,Oil Seeds,Mustard,November-2024,2415.39,Metric Tonnes,5958.31,Rs./Quintal
West Bengal,Oil Seeds,Mustard,December-2024,2848.74,Metric Tonnes,5891.72,Rs./Quintal
West Bengal,Oil Seeds,"Sesamum(Sesame,Gingelly,Til)",December-2024,147.30,Metric Tonnes,6775.15,Rs./Quintal
West Bengal,Oil Seeds,Mustard,January-2025,2546.78,Metric Tonnes,5945.58,Rs./Quintal
West Bengal,Oil Seeds,"Sesamum(Sesame,Gingelly,Til)",January-2025,221.80,Metric Tonnes,6756.90,Rs./Quintal
West Bengal,Oil Seeds,Mustard,February-2025,2663.83,Metric Tonnes,5900.35,Rs./Quintal
West Bengal,Oil Seeds,"Sesamum(Sesame,Gingelly,Til)",February-2025,203.80,Metric Tonnes,6553.43,Rs./Quintal
West Bengal,Oil Seeds,Mustard,March-2025,3080.80,Metric Tonnes,5876.06,Rs./Quintal
West Bengal,Oil Seeds,"Sesamum(Sesame,Gingelly,Til)",March-2025,213.30,Metric Tonnes,6320.02,Rs./Quintal
West Bengal,Oil Seeds,Mustard,April-2025,3975.91,Metric Tonnes,6051.55,Rs./Quintal
West Bengal,Oil Seeds,"Sesamum(Sesame,Gingelly,Til)",April-2025,186.12,Metric Tonnes,5934.77,Rs./Quintal
West Bengal,Oil Seeds,Mustard,May-2025,3495.95,Metric Tonnes,6147.20,Rs./Quintal
West Bengal,Oil Seeds,"Sesamum(Sesame,Gingelly,Til)",May-2025,204.30,Metric Tonnes,5811.99,Rs./Quintal
West Bengal,Oil Seeds,Mustard,June-2025,2812.87,Metric Tonnes,6389.99,Rs./Quintal
West Bengal,Oil Seeds,"Sesamum(Sesame,Gingelly,Til)",June-2025,185.60,Metric Tonnes,5932.92,Rs./Quintal
West Bengal,Oil Seeds,Mustard,July-2025,3231.61,Metric Tonnes,6719.38,Rs./Quintal
West Bengal,Oil Seeds,"Sesamum(Sesame,Gingelly,Til)",July-2025,166.36,Metric Tonnes,5850.49,Rs./Quintal
West Bengal,Oil Seeds,Mustard,August-2025,3163.23,Metric Tonnes,7021.39,Rs./Quintal
West Bengal,Oil Seeds,"Sesamum(Sesame,Gingelly,Til)",August-2025,169.40,Metric Tonnes,5707.64,Rs./Quintal
West Bengal,Oil Seeds,Mustard,September-2025,3011.62,Metric Tonnes,7144.50,Rs./Quintal
West Bengal,Oil Seeds,"Sesamum(Sesame,Gingelly,Til)",September-2025,122.70,Metric Tonnes,6247.39,Rs./Quintal
West Bengal,Oil Seeds,Mustard,October-2025,2043.14,Metric Tonnes,6919.67,Rs./Quintal
West Bengal,Oil Seeds,"Sesamum(Sesame,Gingelly,Til)",October-2025,111.10,Metric Tonnes,6468.77,Rs./Quintal
West Bengal,Oil Seeds,Groundnut,November-2025,0.40,Metric Tonnes,9500.00,Rs./Quintal
West Bengal,Oil Seeds,Mustard,November-2025,1590.52,Metric Tonnes,6817.85,Rs./Quintal
West Bengal,Oil Seeds,"Sesamum(Sesame,Gingelly,Til)",November-2025,93.30,Metric Tonnes,6606.91,Rs./Quintal
West Bengal,Oil Seeds,Groundnut,December-2025,3.50,Metric Tonnes,9542.86,Rs./Quintal
West Bengal,Oil Seeds,Mustard,December-2025,1659.40,Metric Tonnes,6855.84,Rs./Quintal
West Bengal,Oil Seeds,"Sesamum(Sesame,Gingelly,Til)",December-2025,90.90,Metric Tonnes,6657.43,Rs./Quintal

Note:
Weighted Average Price = ∑(arrival quantity * modal price) / ∑arrival quantity

