,,,,All Type of Report (All Grades) for 01-Jan-2023 to 31-Dec-2025,,,
State/UT,Commodity Group,Commodity,Month,Arrival Quantity 01-01-2023 to 31-12-2025,Arrival Unit,Modal Price 01-01-2023 to 31-12-2025,Price Unit
Andaman and Nicobar,Vegetables,Onion,January-2023,0.21,Metric Tonnes,6000.00,Rs./Quintal
Andaman and Nicobar,Vegetables,Potato,January-2023,0.21,Metric Tonnes,6000.00,Rs./Quintal
Andaman and Nicobar,Vegetables,Tomato,January-2023,0.14,Metric Tonnes,12000.00,Rs./Quintal
Andaman and Nicobar,Vegetables,Onion,February-2023,0.18,Metric Tonnes,6000.00,Rs./Quintal
Andaman and Nicobar,Vegetables,Potato,February-2023,0.18,Metric Tonnes,6000.00,Rs./Quintal
Andaman and Nicobar,Vegetables,Tomato,February-2023,0.12,Metric Tonnes,12000.00,Rs./Quintal
Andaman and Nicobar,Vegetables,Onion,May-2023,0.33,Metric Tonnes,6000.00,Rs./Quintal
Andaman and Nicobar,Vegetables,Potato,May-2023,0.33,Metric Tonnes,6000.00,Rs./Quintal
Andaman and Nicobar,Vegetables,Tomato,May-2023,0.14,Metric Tonnes,12000.00,Rs./Quintal
Andaman and Nicobar,Vegetables,Onion,June-2023,0.33,Metric Tonnes,6000.00,Rs./Quintal
Andaman and Nicobar,Vegetables,Potato,June-2023,0.33,Metric Tonnes,6000.00,Rs./Quintal
Andaman and Nicobar,Vegetables,Tomato,June-2023,0.32,Metric Tonnes,12031.25,Rs./Quintal
Andaman and Nicobar,Vegetables,Onion,September-2023,0.06,Metric Tonnes,6000.00,Rs./Quintal
Andaman and Nicobar,Vegetables,Potato,September-2023,0.06,Metric Tonnes,6000.00,Rs./Quintal
Andaman and Nicobar,Vegetables,Tomato,September-2023,0.06,Metric Tonnes,19000.00,Rs./Quintal
Andaman and Nicobar,Vegetables,Onion,November-2023,0.30,Metric Tonnes,9000.00,Rs./Quintal
Andaman and Nicobar,Vegetables,Potato,November-2023,0.45,Metric Tonnes,4000.00,Rs./Quintal
Andaman and Nicobar,Vegetables,Tomato,November-2023,0.10,Metric Tonnes,9000.00,Rs./Quintal
Andaman and Nicobar,Vegetables,Onion,December-2023,0.20,Metric Tonnes,9000.00,Rs./Quintal
Andaman and Nicobar,Vegetables,Potato,December-2023,0.30,Metric Tonnes,4500.00,Rs./Quintal
Andaman and Nicobar,Vegetables,Tomato,December-2023,0.10,Metric Tonnes,9000.00,Rs./Quintal
Andaman and Nicobar,Vegetables,Onion,February-2024,0.10,Metric Tonnes,7500.00,Rs./Quintal
Andaman and Nicobar,Vegetables,Potato,February-2024,0.20,Metric Tonnes,4500.00,Rs./Quintal
Andaman and Nicobar,Vegetables,Tomato,February-2024,0.35,Metric Tonnes,1051.43,Rs./Quintal
Andaman and Nicobar,Vegetables,Onion,March-2024,0.56,Metric Tonnes,3428.57,Rs./Quintal
Andaman and Nicobar,Vegetables,Potato,March-2024,1.07,Metric Tonnes,3663.55,Rs./Quintal
Andaman and Nicobar,Vegetables,Tomato,March-2024,1.05,Metric Tonnes,3220.00,Rs./Quintal
Andaman and Nicobar,Vegetables,Onion,April-2024,0.05,Metric Tonnes,6000.00,Rs./Quintal
Andaman and Nicobar,Vegetables,Potato,April-2024,0.05,Metric Tonnes,7000.00,Rs./Quintal
Andaman and Nicobar,Vegetables,Tomato,April-2024,0.05,Metric Tonnes,4000.00,Rs./Quintal
Andaman and Nicobar,Vegetables,Tomato,July-2024,0.20,Metric Tonnes,12000.00,Rs./Quintal
Andaman and Nicobar,Vegetables,Tomato,August-2024,1.00,Metric Tonnes,11500.00,Rs./Quintal
Andaman and Nicobar,Vegetables,Tomato,September-2024,0.30,Metric Tonnes,5370.00,Rs./Quintal
Andaman and Nicobar,Vegetables,Tomato,October-2024,0.27,Metric Tonnes,9796.30,Rs./Quintal
Andaman and Nicobar,Vegetables,Tomato,November-2024,0.15,Metric Tonnes,123.33,Rs./Quintal
Andaman and Nicobar,Vegetables,Tomato,December-2024,0.65,Metric Tonnes,9107.69,Rs./Quintal
Andhra Pradesh,Vegetables,Onion,January-2023,476.60,Metric Tonnes,1051.35,Rs./Quintal
Andhra Pradesh,Vegetables,Tomato,January-2023,2407.81,Metric Tonnes,1532.56,Rs./Quintal
Andhra Pradesh,Vegetables,Onion,February-2023,1613.90,Metric Tonnes,708.15,Rs./Quintal
Andhra Pradesh,Vegetables,Tomato,February-2023,1525.36,Metric Tonnes,1494.15,Rs./Quintal
Andhra Pradesh,Vegetables,Onion,March-2023,1151.20,Metric Tonnes,622.02,Rs./Quintal
Andhra Pradesh,Vegetables,Tomato,March-2023,1945.26,Metric Tonnes,958.79,Rs./Quintal
Andhra Pradesh,Vegetables,Onion,April-2023,688.30,Metric Tonnes,643.88,Rs./Quintal
Andhra Pradesh,Vegetables,Potato,April-2023,2.74,Metric Tonnes,1215.33,Rs./Quintal
Andhra Pradesh,Vegetables,Tomato,April-2023,9868.86,Metric Tonnes,680.35,Rs./Quintal
Andhra Pradesh,Vegetables,Onion,May-2023,35.00,Metric Tonnes,725.57,Rs./Quintal
Andhra Pradesh,Vegetables,Potato,May-2023,8.58,Metric Tonnes,1500.00,Rs./Quintal
Andhra Pradesh,Vegetables,Tomato,May-2023,39917.45,Metric Tonnes,1045.65,Rs./Quintal
Andhra Pradesh,Vegetables,Onion,June-2023,25.40,Metric Tonnes,1462.46,Rs./Quintal
Andhra Pradesh,Vegetables,Tomato,June-2023,55659.38,Metric Tonnes,3227.73,Rs./Quintal
Andhra Pradesh,Vegetables,Tomato,July-2023,17654.00,Metric Tonnes,11144.07,Rs./Quintal
Andhra Pradesh,Vegetables,Onion,August-2023,328.80,Metric Tonnes,2059.77,Rs./Quintal
Andhra Pradesh,Vegetables,Tomato,August-2023,4139.30,Metric Tonnes,3062.89,Rs./Quintal
Andhra Pradesh,Vegetables,Onion,September-2023,2869.40,Metric Tonnes,1891.89,Rs./Quintal
Andhra Pradesh,Vegetables,Tomato,September-2023,6501.99,Metric Tonnes,1113.60,Rs./Quintal
Andhra Pradesh,Vegetables,Onion,October-2023,5290.60,Metric Tonnes,2689.23,Rs./Quintal
Andhra Pradesh,Vegetables,Potato,October-2023,4.32,Metric Tonnes,1500.00,Rs./Quintal
Andhra Pradesh,Vegetables,Tomato,October-2023,8862.17,Metric Tonnes,1480.53,Rs./Quintal
Andhra Pradesh,Vegetables,Onion,November-2023,13257.20,Metric Tonnes,3353.05,Rs./Quintal
Andhra Pradesh,Vegetables,Potato,November-2023,9.10,Metric Tonnes,1500.00,Rs./Quintal
Andhra Pradesh,Vegetables,Tomato,November-2023,11412.57,Metric Tonnes,2362.62,Rs./Quintal
Andhra Pradesh,Vegetables,Onion,December-2023,7077.40,Metric Tonnes,2399.17,Rs./Quintal
Andhra Pradesh,Vegetables,Potato,December-2023,10.30,Metric Tonnes,1664.47,Rs./Quintal
Andhra Pradesh,Vegetables,Tomato,December-2023,9316.16,Metric Tonnes,1643.59,Rs./Quintal
Andhra Pradesh,Vegetables,Onion,January-2024,4236.40,Metric Tonnes,1134.85,Rs./Quintal
Andhra Pradesh,Vegetables,Potato,January-2024,0.80,Metric Tonnes,2000.00,Rs./Quintal
Andhra Pradesh,Vegetables,Tomato,January-2024,3221.82,Metric Tonnes,1755.90,Rs./Quintal
Andhra Pradesh,Vegetables,Onion,February-2024,3165.10,Metric Tonnes,1121.72,Rs./Quintal
Andhra Pradesh,Vegetables,Potato,February-2024,15.84,Metric Tonnes,1791.04,Rs./Quintal
Andhra Pradesh,Vegetables,Tomato,February-2024,3718.90,Metric Tonnes,1439.50,Rs./Quintal
Andhra Pradesh,Vegetables,Onion,March-2024,5706.80,Metric Tonnes,1170.15,Rs./Quintal
Andhra Pradesh,Vegetables,Potato,March-2024,16.95,Metric Tonnes,1943.60,Rs./Quintal
Andhra Pradesh,Vegetables,Tomato,March-2024,2561.97,Metric Tonnes,1394.46,Rs./Quintal
Andhra Pradesh,Vegetables,Onion,April-2024,1458.50,Metric Tonnes,1046.85,Rs./Quintal
Andhra Pradesh,Vegetables,Tomato,April-2024,9269.03,Metric Tonnes,1415.96,Rs./Quintal
Andhra Pradesh,Vegetables,Onion,May-2024,187.30,Metric Tonnes,1211.02,Rs./Quintal
Andhra Pradesh,Vegetables,Potato,May-2024,21.84,Metric Tonnes,2333.42,Rs./Quintal
Andhra Pradesh,Vegetables,Tomato,May-2024,38315.86,Metric Tonnes,2032.37,Rs./Quintal
Andhra Pradesh,Vegetables,Onion,June-2024,21.40,Metric Tonnes,3541.76,Rs./Quintal
Andhra Pradesh,Vegetables,Potato,June-2024,16.10,Metric Tonnes,2514.29,Rs./Quintal
Andhra Pradesh,Vegetables,Tomato,June-2024,39561.78,Metric Tonnes,4601.84,Rs./Quintal
Andhra Pradesh,Vegetables,Onion,July-2024,54.60,Metric Tonnes,3597.39,Rs./Quintal
Andhra Pradesh,Vegetables,Potato,July-2024,20.29,Metric Tonnes,2402.17,Rs./Quintal
Andhra Pradesh,Vegetables,Tomato,July-2024,54855.98,Metric Tonnes,4286.76,Rs./Quintal
Andhra Pradesh,Vegetables,Onion,August-2024,102.20,Metric Tonnes,3506.34,Rs./Quintal
Andhra Pradesh,Vegetables,Potato,August-2024,22.73,Metric Tonnes,2401.01,Rs./Quintal
Andhra Pradesh,Vegetables,Tomato,August-2024,34465.30,Metric Tonnes,2329.41,Rs./Quintal
Andhra Pradesh,Vegetables,Onion,September-2024,24.00,Metric Tonnes,4829.17,Rs./Quintal
Andhra Pradesh,Vegetables,Potato,September-2024,18.30,Metric Tonnes,2790.71,Rs./Quintal
Andhra Pradesh,Vegetables,Tomato,September-2024,19117.60,Metric Tonnes,3395.41,Rs./Quintal
Andhra Pradesh,Vegetables,Onion,October-2024,23.00,Metric Tonnes,4473.91,Rs./Quintal
Andhra Pradesh,Vegetables,Potato,October-2024,18.52,Metric Tonnes,3136.34,Rs./Quintal
Andhra Pradesh,Vegetables,Tomato,October-2024,21198.24,Metric Tonnes,5166.38,Rs./Quintal
Andhra Pradesh,Vegetables,Onion,November-2024,972.90,Metric Tonnes,3532.69,Rs./Quintal
Andhra Pradesh,Vegetables,Potato,November-2024,24.70,Metric Tonnes,2874.49,Rs./Quintal
Andhra Pradesh,Vegetables,Tomato,November-2024,19402.43,Metric Tonnes,2887.72,Rs./Quintal
Andhra Pradesh,Vegetables,Onion,December-2024,1662.00,Metric Tonnes,2933.84,Rs./Quintal
Andhra Pradesh,Vegetables,Potato,December-2024,18.96,Metric Tonnes,2500.00,Rs./Quintal
Andhra Pradesh,Vegetables,Tomato,December-2024,10812.13,Metric Tonnes,2202.20,Rs./Quintal
Andhra Pradesh,Vegetables,Onion,January-2025,1610.60,Metric Tonnes,1916.28,Rs./Quintal
Andhra Pradesh,Vegetables,Potato,January-2025,7.82,Metric Tonnes,2500.00,Rs./Quintal
Andhra Pradesh,Vegetables,Tomato,January-2025,5703.94,Metric Tonnes,1391.35,Rs./Quintal
Andhra Pradesh,Vegetables,Onion,February-2025,3867.00,Metric Tonnes,1952.86,Rs./Quintal
Andhra Pradesh,Vegetables,Potato,February-2025,30.08,Metric Tonnes,1944.15,Rs./Quintal
Andhra Pradesh,Vegetables,Tomato,February-2025,5706.85,Metric Tonnes,1392.65,Rs./Quintal
Andhra Pradesh,Vegetables,Onion,March-2025,3813.20,Metric Tonnes,1310.81,Rs./Quintal
Andhra Pradesh,Vegetables,Potato,March-2025,38.00,Metric Tonnes,1592.26,Rs./Quintal
Andhra Pradesh,Vegetables,Tomato,March-2025,7925.22,Metric Tonnes,1033.15,Rs./Quintal
Andhra Pradesh,Vegetables,Onion,April-2025,1706.00,Metric Tonnes,890.56,Rs./Quintal
Andhra Pradesh,Vegetables,Potato,April-2025,50.77,Metric Tonnes,1222.12,Rs./Quintal
Andhra Pradesh,Vegetables,Tomato,April-2025,27117.64,Metric Tonnes,1017.09,Rs./Quintal
Andhra Pradesh,Vegetables,Onion,May-2025,249.80,Metric Tonnes,868.66,Rs./Quintal
Andhra Pradesh,Vegetables,Potato,May-2025,48.42,Metric Tonnes,1554.23,Rs./Quintal
Andhra Pradesh,Vegetables,Tomato,May-2025,78419.01,Metric Tonnes,849.95,Rs./Quintal
Andhra Pradesh,Vegetables,Onion,June-2025,16.90,Metric Tonnes,711.51,Rs./Quintal
Andhra Pradesh,Vegetables,Potato,June-2025,43.29,Metric Tonnes,1881.54,Rs./Quintal
Andhra Pradesh,Vegetables,Tomato,June-2025,92560.57,Metric Tonnes,1703.59,Rs./Quintal
Andhra Pradesh,Vegetables,Onion,July-2025,190.10,Metric Tonnes,1238.30,Rs./Quintal
Andhra Pradesh,Vegetables,Potato,July-2025,46.88,Metric Tonnes,1518.90,Rs./Quintal
Andhra Pradesh,Vegetables,Tomato,July-2025,65080.23,Metric Tonnes,2717.70,Rs./Quintal
Andhra Pradesh,Vegetables,Onion,August-2025,3898.90,Metric Tonnes,953.27,Rs./Quintal
Andhra Pradesh,Vegetables,Potato,August-2025,32.88,Metric Tonnes,1549.21,Rs./Quintal
Andhra Pradesh,Vegetables,Tomato,August-2025,27900.41,Metric Tonnes,3395.69,Rs./Quintal
Andhra Pradesh,Vegetables,Onion,September-2025,7060.50,Metric Tonnes,662.14,Rs./Quintal
Andhra Pradesh,Vegetables,Potato,September-2025,33.80,Metric Tonnes,1571.89,Rs./Quintal
Andhra Pradesh,Vegetables,Tomato,September-2025,34969.90,Metric Tonnes,1860.33,Rs./Quintal
Andhra Pradesh,Vegetables,Onion,October-2025,2844.30,Metric Tonnes,614.72,Rs./Quintal
Andhra Pradesh,Vegetables,Potato,October-2025,27.73,Metric Tonnes,1758.71,Rs./Quintal
Andhra Pradesh,Vegetables,Tomato,October-2025,22005.26,Metric Tonnes,1944.91,Rs./Quintal
Andhra Pradesh,Vegetables,Onion,November-2025,5047.60,Metric Tonnes,640.04,Rs./Quintal
Andhra Pradesh,Vegetables,Potato,November-2025,37.47,Metric Tonnes,2202.72,Rs./Quintal
Andhra Pradesh,Vegetables,Tomato,November-2025,22907.55,Metric Tonnes,1863.93,Rs./Quintal
Andhra Pradesh,Vegetables,Onion,December-2025,4601.90,Metric Tonnes,1283.42,Rs./Quintal
Andhra Pradesh,Vegetables,Potato,December-2025,40.22,Metric Tonnes,1905.26,Rs./Quintal
Andhra Pradesh,Vegetables,Tomato,December-2025,12423.61,Metric Tonnes,3395.02,Rs./Quintal
Assam,Vegetables,Onion,April-2023,117.00,Metric Tonnes,1400.00,Rs./Quintal
Assam,Vegetables,Potato,April-2023,211.00,Metric Tonnes,1482.94,Rs./Quintal
Assam,Vegetables,Tomato,April-2023,41.50,Metric Tonnes,1572.29,Rs./Quintal
Assam,Vegetables,Onion,May-2023,444.10,Metric Tonnes,1864.29,Rs./Quintal
Assam,Vegetables,Potato,May-2023,466.00,Metric Tonnes,1598.82,Rs./Quintal
Assam,Vegetables,Tomato,May-2023,147.00,Metric Tonnes,1510.88,Rs./Quintal
Assam,Vegetables,Onion,June-2023,162.00,Metric Tonnes,1988.58,Rs./Quintal
Assam,Vegetables,Potato,June-2023,179.00,Metric Tonnes,1767.88,Rs./Quintal
Assam,Vegetables,Tomato,June-2023,20.00,Metric Tonnes,8100.00,Rs./Quintal
Assam,Vegetables,Onion,July-2023,310.00,Metric Tonnes,2413.01,Rs./Quintal
Assam,Vegetables,Potato,July-2023,368.50,Metric Tonnes,1769.27,Rs./Quintal
Assam,Vegetables,Tomato,July-2023,85.00,Metric Tonnes,6500.00,Rs./Quintal
Assam,Vegetables,Onion,December-2023,222.00,Metric Tonnes,4592.79,Rs./Quintal
Assam,Vegetables,Potato,December-2023,231.00,Metric Tonnes,1832.18,Rs./Quintal
Assam,Vegetables,Tomato,December-2023,86.00,Metric Tonnes,3640.70,Rs./Quintal
Assam,Vegetables,Potato,September-2024,294.00,Metric Tonnes,3416.67,Rs./Quintal
Assam,Vegetables,Tomato,September-2024,1146.70,Metric Tonnes,3620.89,Rs./Quintal
Assam,Vegetables,Potato,October-2024,20.00,Metric Tonnes,3900.00,Rs./Quintal
Assam,Vegetables,Tomato,October-2024,1064.30,Metric Tonnes,3846.02,Rs./Quintal
Assam,Vegetables,Tomato,November-2024,1483.20,Metric Tonnes,3503.71,Rs./Quintal
Assam,Vegetables,Potato,December-2024,86.00,Metric Tonnes,2581.40,Rs./Quintal
Assam,Vegetables,Tomato,December-2024,2034.70,Metric Tonnes,3309.83,Rs./Quintal
Assam,Vegetables,Potato,January-2025,348.00,Metric Tonnes,1437.07,Rs./Quintal
Assam,Vegetables,Tomato,January-2025,3009.20,Metric Tonnes,1369.58,Rs./Quintal
Assam,Vegetables,Potato,February-2025,452.00,Metric Tonnes,1147.23,Rs./Quintal
Assam,Vegetables,Tomato,February-2025,2482.60,Metric Tonnes,715.41,Rs./Quintal
Assam,Vegetables,Potato,March-2025,394.00,Metric Tonnes,1146.70,Rs./Quintal
Assam,Vegetables,Tomato,March-2025,2599.10,Metric Tonnes,616.36,Rs./Quintal
Assam,Vegetables,Potato,April-2025,349.00,Metric Tonnes,1105.73,Rs./Quintal
Assam,Vegetables,Tomato,April-2025,2185.40,Metric Tonnes,672.65,Rs./Quintal
Assam,Vegetables,Potato,May-2025,59.00,Metric Tonnes,1100.00,Rs./Quintal
Assam,Vegetables,Tomato,May-2025,1523.60,Metric Tonnes,1640.88,Rs./Quintal
Assam,Vegetables,Tomato,June-2025,1423.80,Metric Tonnes,3057.42,Rs./Quintal
Assam,Vegetables,Tomato,July-2025,1766.80,Metric Tonnes,2537.71,Rs./Quintal
Assam,Vegetables,Tomato,August-2025,1212.90,Metric Tonnes,2943.23,Rs./Quintal
Assam,Vegetables,Onion,December-2025,3650.90,Metric Tonnes,2840.43,Rs./Quintal
Assam,Vegetables,Potato,December-2025,5613.30,Metric Tonnes,1422.95,Rs./Quintal
Assam,Vegetables,Tomato,December-2025,1703.10,Metric Tonnes,3281.56,Rs./Quintal
Bihar,Vegetables,Onion,January-2023,26357.60,Metric Tonnes,1936.90,Rs./Quintal
Bihar,Vegetables,Potato,January-2023,60160.18,Metric Tonnes,1359.75,Rs./Quintal
Bihar,Vegetables,Tomato,January-2023,5183.53,Metric Tonnes,1022.06,Rs./Quintal
Bihar,Vegetables,Onion,February-2023,21896.15,Metric Tonnes,1621.65,Rs./Quintal
Bihar,Vegetables,Potato,February-2023,33239.17,Metric Tonnes,952.95,Rs./Quintal
Bihar,Vegetables,Tomato,February-2023,4078.56,Metric Tonnes,868.25,Rs./Quintal
Bihar,Vegetables,Onion,March-2023,10458.90,Metric Tonnes,1362.79,Rs./Quintal
Bihar,Vegetables,Potato,March-2023,14281.72,Metric Tonnes,695.29,Rs./Quintal
Bihar,Vegetables,Tomato,March-2023,1221.50,Metric Tonnes,1222.77,Rs./Quintal
Bihar,Vegetables,Onion,April-2023,10213.20,Metric Tonnes,1208.73,Rs./Quintal
Bihar,Vegetables,Potato,April-2023,10984.85,Metric Tonnes,943.45,Rs./Quintal
Bihar,Vegetables,Tomato,April-2023,997.54,Metric Tonnes,1160.96,Rs./Quintal
Bihar,Vegetables,Onion,May-2023,8794.66,Metric Tonnes,1316.77,Rs./Quintal
Bihar,Vegetables,Potato,May-2023,7488.35,Metric Tonnes,1197.36,Rs./Quintal
Bihar,Vegetables,Tomato,May-2023,768.11,Metric Tonnes,1306.09,Rs./Quintal
Bihar,Vegetables,Onion,June-2023,1370.73,Metric Tonnes,1272.10,Rs./Quintal
Bihar,Vegetables,Potato,June-2023,895.47,Metric Tonnes,1186.13,Rs./Quintal
Bihar,Vegetables,Tomato,June-2023,66.84,Metric Tonnes,1631.42,Rs./Quintal
Bihar,Vegetables,Onion,July-2023,26.90,Metric Tonnes,1952.79,Rs./Quintal
Bihar,Vegetables,Potato,July-2023,18.30,Metric Tonnes,1771.58,Rs./Quintal
Bihar,Vegetables,Tomato,July-2023,1.30,Metric Tonnes,8346.15,Rs./Quintal
Bihar,Vegetables,Onion,August-2023,1318.45,Metric Tonnes,2462.16,Rs./Quintal
Bihar,Vegetables,Potato,August-2023,12365.88,Metric Tonnes,1378.40,Rs./Quintal
Bihar,Vegetables,Onion,September-2023,2496.10,Metric Tonnes,2742.52,Rs./Quintal
Bihar,Vegetables,Potato,September-2023,11817.50,Metric Tonnes,1276.10,Rs./Quintal
Bihar,Vegetables,Onion,October-2023,1777.87,Metric Tonnes,4322.96,Rs./Quintal
Bihar,Vegetables,Potato,October-2023,8805.60,Metric Tonnes,1204.71,Rs./Quintal
Bihar,Vegetables,Onion,November-2023,1859.00,Metric Tonnes,10674.75,Rs./Quintal
Bihar,Vegetables,Potato,November-2023,7199.10,Metric Tonnes,1236.19,Rs./Quintal
Bihar,Vegetables,Onion,December-2023,2615.99,Metric Tonnes,6103.03,Rs./Quintal
Bihar,Vegetables,Potato,December-2023,10393.70,Metric Tonnes,1209.97,Rs./Quintal
Bihar,Vegetables,Onion,January-2024,2348.65,Metric Tonnes,3349.56,Rs./Quintal
Bihar,Vegetables,Potato,January-2024,10545.11,Metric Tonnes,965.44,Rs./Quintal
Bihar,Vegetables,Onion,February-2024,2201.00,Metric Tonnes,3553.42,Rs./Quintal
Bihar,Vegetables,Potato,February-2024,13289.96,Metric Tonnes,989.56,Rs./Quintal
Bihar,Vegetables,Onion,March-2024,1000.13,Metric Tonnes,2364.41,Rs./Quintal
Bihar,Vegetables,Potato,March-2024,4654.80,Metric Tonnes,1277.68,Rs./Quintal
Bihar,Vegetables,Onion,April-2024,1171.00,Metric Tonnes,2261.82,Rs./Quintal
Bihar,Vegetables,Potato,April-2024,4584.80,Metric Tonnes,1681.87,Rs./Quintal
Bihar,Vegetables,Onion,May-2024,2583.20,Metric Tonnes,2251.22,Rs./Quintal
Bihar,Vegetables,Potato,May-2024,8504.61,Metric Tonnes,2192.99,Rs./Quintal
Bihar,Vegetables,Onion,June-2024,2356.29,Metric Tonnes,2780.86,Rs./Quintal
Bihar,Vegetables,Potato,June-2024,9644.55,Metric Tonnes,2403.09,Rs./Quintal
Bihar,Vegetables,Onion,July-2024,2629.50,Metric Tonnes,3783.44,Rs./Quintal
Bihar,Vegetables,Potato,July-2024,8272.91,Metric Tonnes,2656.66,Rs./Quintal
Bihar,Vegetables,Onion,August-2024,1122.30,Metric Tonnes,3979.11,Rs./Quintal
Bihar,Vegetables,Potato,August-2024,4263.11,Metric Tonnes,2639.81,Rs./Quintal
Bihar,Vegetables,Onion,September-2024,2306.68,Metric Tonnes,4797.64,Rs./Quintal
Bihar,Vegetables,Potato,September-2024,9866.39,Metric Tonnes,2695.95,Rs./Quintal
Bihar,Vegetables,Onion,October-2024,2204.64,Metric Tonnes,4829.25,Rs./Quintal
Bihar,Vegetables,Potato,October-2024,8575.16,Metric Tonnes,2694.77,Rs./Quintal
Bihar,Vegetables,Onion,November-2024,1721.11,Metric Tonnes,5214.40,Rs./Quintal
Bihar,Vegetables,Potato,November-2024,6920.92,Metric Tonnes,2593.97,Rs./Quintal
Bihar,Vegetables,Onion,December-2024,1937.40,Metric Tonnes,4577.76,Rs./Quintal
Bihar,Vegetables,Potato,December-2024,7375.71,Metric Tonnes,2373.86,Rs./Quintal
Bihar,Vegetables,Onion,January-2025,1677.16,Metric Tonnes,3110.39,Rs./Quintal
Bihar,Vegetables,Potato,January-2025,6324.88,Metric Tonnes,1756.17,Rs./Quintal
Bihar,Vegetables,Onion,February-2025,1909.90,Metric Tonnes,5062.33,Rs./Quintal
Bihar,Vegetables,Potato,February-2025,8324.05,Metric Tonnes,1356.03,Rs./Quintal
Bihar,Vegetables,Onion,March-2025,1360.27,Metric Tonnes,2861.06,Rs./Quintal
Bihar,Vegetables,Potato,March-2025,7145.26,Metric Tonnes,1145.08,Rs./Quintal
Bihar,Vegetables,Onion,April-2025,1062.28,Metric Tonnes,2300.65,Rs./Quintal
Bihar,Vegetables,Potato,April-2025,6695.58,Metric Tonnes,1120.00,Rs./Quintal
Bihar,Vegetables,Onion,May-2025,1082.51,Metric Tonnes,1702.70,Rs./Quintal
Bihar,Vegetables,Potato,May-2025,6897.35,Metric Tonnes,1216.09,Rs./Quintal
Bihar,Vegetables,Onion,June-2025,999.57,Metric Tonnes,1718.87,Rs./Quintal
Bihar,Vegetables,Potato,June-2025,5923.26,Metric Tonnes,1336.83,Rs./Quintal
Bihar,Vegetables,Onion,July-2025,514.03,Metric Tonnes,3264.78,Rs./Quintal
Bihar,Vegetables,Potato,July-2025,4979.70,Metric Tonnes,1384.53,Rs./Quintal
Bihar,Vegetables,Onion,August-2025,314.73,Metric Tonnes,2589.31,Rs./Quintal
Bihar,Vegetables,Potato,August-2025,3545.35,Metric Tonnes,1461.99,Rs./Quintal
Bihar,Vegetables,Onion,September-2025,217.70,Metric Tonnes,2536.36,Rs./Quintal
Bihar,Vegetables,Potato,September-2025,401.00,Metric Tonnes,1837.78,Rs./Quintal
Bihar,Vegetables,Onion,October-2025,505.21,Metric Tonnes,2109.34,Rs./Quintal
Bihar,Vegetables,Potato,October-2025,646.90,Metric Tonnes,1712.48,Rs./Quintal
Bihar,Vegetables,Onion,November-2025,475.00,Metric Tonnes,1924.91,Rs./Quintal
Bihar,Vegetables,Potato,November-2025,3081.33,Metric Tonnes,1612.26,Rs./Quintal
Bihar,Vegetables,Onion,December-2025,22306.00,Metric Tonnes,1798.80,Rs./Quintal
Bihar,Vegetables,Potato,December-2025,62778.33,Metric Tonnes,1500.11,Rs./Quintal
Chandigarh,Vegetables,Onion,January-2023,2753.44,Metric Tonnes,1475.72,Rs./Quintal
Chandigarh,Vegetables,Potato,January-2023,2526.70,Metric Tonnes,453.20,Rs./Quintal
Chandigarh,Vegetables,Tomato,January-2023,1681.74,Metric Tonnes,967.13,Rs./Quintal
Chandigarh,Vegetables,Onion,February-2023,2661.84,Metric Tonnes,1142.75,Rs./Quintal
Chandigarh,Vegetables,Potato,February-2023,2865.25,Metric Tonnes,300.00,Rs./Quintal
Chandigarh,Vegetables,Tomato,February-2023,1196.50,Metric Tonnes,876.92,Rs./Quintal
Chandigarh,Vegetables,Onion,March-2023,1154.00,Metric Tonnes,1184.83,Rs./Quintal
Chandigarh,Vegetables,Potato,March-2023,1368.95,Metric Tonnes,300.00,Rs./Quintal
Chandigarh,Vegetables,Tomato,March-2023,542.15,Metric Tonnes,977.36,Rs./Quintal
Chandigarh,Vegetables,Onion,April-2023,3963.92,Metric Tonnes,1006.90,Rs./Quintal
Chandigarh,Vegetables,Potato,April-2023,3093.10,Metric Tonnes,429.87,Rs./Quintal
Chandigarh,Vegetables,Tomato,April-2023,2259.56,Metric Tonnes,960.03,Rs./Quintal
Chandigarh,Vegetables,Onion,May-2023,4713.96,Metric Tonnes,990.31,Rs./Quintal
Chandigarh,Vegetables,Potato,May-2023,3004.80,Metric Tonnes,549.71,Rs./Quintal
Chandigarh,Vegetables,Tomato,May-2023,2128.08,Metric Tonnes,745.24,Rs./Quintal
Chandigarh,Vegetables,Onion,June-2023,3825.84,Metric Tonnes,1100.84,Rs./Quintal
Chandigarh,Vegetables,Potato,June-2023,5038.05,Metric Tonnes,1091.84,Rs./Quintal
Chandigarh,Vegetables,Tomato,June-2023,2254.06,Metric Tonnes,1700.21,Rs./Quintal
Chandigarh,Vegetables,Onion,July-2023,4518.66,Metric Tonnes,1399.99,Rs./Quintal
Chandigarh,Vegetables,Potato,July-2023,3551.05,Metric Tonnes,1223.74,Rs./Quintal
Chandigarh,Vegetables,Tomato,July-2023,652.79,Metric Tonnes,7549.37,Rs./Quintal
Chandigarh,Vegetables,Onion,August-2023,4460.28,Metric Tonnes,1763.31,Rs./Quintal
Chandigarh,Vegetables,Potato,August-2023,5025.05,Metric Tonnes,1598.68,Rs./Quintal
Chandigarh,Vegetables,Tomato,August-2023,892.81,Metric Tonnes,4453.23,Rs./Quintal
Chandigarh,Vegetables,Onion,September-2023,4855.76,Metric Tonnes,1989.19,Rs./Quintal
Chandigarh,Vegetables,Potato,September-2023,4983.80,Metric Tonnes,1233.37,Rs./Quintal
Chandigarh,Vegetables,Tomato,September-2023,2145.47,Metric Tonnes,1581.47,Rs./Quintal
Chandigarh,Vegetables,Onion,October-2023,4862.96,Metric Tonnes,2907.79,Rs./Quintal
Chandigarh,Vegetables,Potato,October-2023,7722.35,Metric Tonnes,1341.08,Rs./Quintal
Chandigarh,Vegetables,Tomato,October-2023,2683.47,Metric Tonnes,1617.96,Rs./Quintal
Chandigarh,Vegetables,Onion,November-2023,3815.60,Metric Tonnes,4032.25,Rs./Quintal
Chandigarh,Vegetables,Potato,November-2023,6615.80,Metric Tonnes,1201.80,Rs./Quintal
Chandigarh,Vegetables,Tomato,November-2023,1609.16,Metric Tonnes,2790.94,Rs./Quintal
Chandigarh,Vegetables,Onion,December-2023,5347.08,Metric Tonnes,2456.95,Rs./Quintal
Chandigarh,Vegetables,Potato,December-2023,8049.30,Metric Tonnes,440.58,Rs./Quintal
Chandigarh,Vegetables,Tomato,December-2023,2130.77,Metric Tonnes,1922.32,Rs./Quintal
Chandigarh,Vegetables,Onion,January-2024,7602.74,Metric Tonnes,1862.81,Rs./Quintal
Chandigarh,Vegetables,Potato,January-2024,7706.50,Metric Tonnes,414.24,Rs./Quintal
Chandigarh,Vegetables,Tomato,January-2024,3659.23,Metric Tonnes,1895.22,Rs./Quintal
Chandigarh,Vegetables,Onion,February-2024,2544.90,Metric Tonnes,1579.45,Rs./Quintal
Chandigarh,Vegetables,Potato,February-2024,3225.20,Metric Tonnes,432.75,Rs./Quintal
Chandigarh,Vegetables,Tomato,February-2024,3049.55,Metric Tonnes,2475.51,Rs./Quintal
Chandigarh,Vegetables,Onion,March-2024,5769.24,Metric Tonnes,1960.12,Rs./Quintal
Chandigarh,Vegetables,Potato,March-2024,7394.10,Metric Tonnes,785.71,Rs./Quintal
Chandigarh,Vegetables,Tomato,March-2024,2506.71,Metric Tonnes,1987.18,Rs./Quintal
Chandigarh,Vegetables,Onion,April-2024,4369.00,Metric Tonnes,1633.58,Rs./Quintal
Chandigarh,Vegetables,Potato,April-2024,5985.70,Metric Tonnes,1000.00,Rs./Quintal
Chandigarh,Vegetables,Tomato,April-2024,1918.11,Metric Tonnes,1785.85,Rs./Quintal
Chandigarh,Vegetables,Onion,May-2024,7534.92,Metric Tonnes,1527.55,Rs./Quintal
Chandigarh,Vegetables,Potato,May-2024,8718.30,Metric Tonnes,1354.61,Rs./Quintal
Chandigarh,Vegetables,Tomato,May-2024,2794.52,Metric Tonnes,1301.64,Rs./Quintal
Chandigarh,Vegetables,Onion,June-2024,4270.40,Metric Tonnes,2393.63,Rs./Quintal
Chandigarh,Vegetables,Potato,June-2024,3825.04,Metric Tonnes,1680.19,Rs./Quintal
Chandigarh,Vegetables,Tomato,June-2024,1719.97,Metric Tonnes,1197.98,Rs./Quintal
Chandigarh,Vegetables,Onion,July-2024,3996.04,Metric Tonnes,2620.21,Rs./Quintal
Chandigarh,Vegetables,Potato,July-2024,4309.65,Metric Tonnes,2119.71,Rs./Quintal
Chandigarh,Vegetables,Tomato,July-2024,2570.59,Metric Tonnes,4136.11,Rs./Quintal
Chandigarh,Vegetables,Onion,August-2024,4190.56,Metric Tonnes,2676.42,Rs./Quintal
Chandigarh,Vegetables,Potato,August-2024,6652.95,Metric Tonnes,2118.87,Rs./Quintal
Chandigarh,Vegetables,Tomato,August-2024,3510.36,Metric Tonnes,2790.58,Rs./Quintal
Chandigarh,Vegetables,Onion,September-2024,3968.56,Metric Tonnes,3615.57,Rs./Quintal
Chandigarh,Vegetables,Potato,September-2024,5522.00,Metric Tonnes,1988.15,Rs./Quintal
Chandigarh,Vegetables,Tomato,September-2024,2957.86,Metric Tonnes,2762.72,Rs./Quintal
Chandigarh,Vegetables,Onion,October-2024,4930.04,Metric Tonnes,3646.99,Rs./Quintal
Chandigarh,Vegetables,Potato,October-2024,7204.35,Metric Tonnes,2043.06,Rs./Quintal
Chandigarh,Vegetables,Tomato,October-2024,2816.46,Metric Tonnes,4783.14,Rs./Quintal
Chandigarh,Vegetables,Onion,November-2024,2900.00,Metric Tonnes,4030.84,Rs./Quintal
Chandigarh,Vegetables,Potato,November-2024,5018.60,Metric Tonnes,2232.00,Rs./Quintal
Chandigarh,Vegetables,Tomato,November-2024,2468.38,Metric Tonnes,2792.27,Rs./Quintal
Chandigarh,Vegetables,Onion,December-2024,3579.64,Metric Tonnes,2790.65,Rs./Quintal
Chandigarh,Vegetables,Potato,December-2024,4793.90,Metric Tonnes,1303.34,Rs./Quintal
Chandigarh,Vegetables,Tomato,December-2024,2256.22,Metric Tonnes,2867.72,Rs./Quintal
Chandigarh,Vegetables,Onion,January-2025,3891.36,Metric Tonnes,2130.70,Rs./Quintal
Chandigarh,Vegetables,Potato,January-2025,6727.25,Metric Tonnes,838.45,Rs./Quintal
Chandigarh,Vegetables,Tomato,January-2025,3560.34,Metric Tonnes,1155.06,Rs./Quintal
Chandigarh,Vegetables,Onion,February-2025,3581.40,Metric Tonnes,2364.97,Rs./Quintal
Chandigarh,Vegetables,Potato,February-2025,4948.70,Metric Tonnes,616.30,Rs./Quintal
Chandigarh,Vegetables,Tomato,February-2025,3577.22,Metric Tonnes,995.74,Rs./Quintal
Chandigarh,Vegetables,Onion,March-2025,4502.64,Metric Tonnes,2081.28,Rs./Quintal
Chandigarh,Vegetables,Potato,March-2025,5746.25,Metric Tonnes,521.35,Rs./Quintal
Chandigarh,Vegetables,Tomato,March-2025,4360.90,Metric Tonnes,800.00,Rs./Quintal
Chandigarh,Vegetables,Onion,April-2025,5036.04,Metric Tonnes,1367.02,Rs./Quintal
Chandigarh,Vegetables,Potato,April-2025,5914.00,Metric Tonnes,454.36,Rs./Quintal
Chandigarh,Vegetables,Tomato,April-2025,4448.26,Metric Tonnes,908.43,Rs./Quintal
Chandigarh,Vegetables,Onion,May-2025,4322.08,Metric Tonnes,1075.40,Rs./Quintal
Chandigarh,Vegetables,Potato,May-2025,3352.85,Metric Tonnes,577.76,Rs./Quintal
Chandigarh,Vegetables,Tomato,May-2025,2482.95,Metric Tonnes,834.28,Rs./Quintal
Chandigarh,Vegetables,Onion,June-2025,4355.89,Metric Tonnes,1307.61,Rs./Quintal
Chandigarh,Vegetables,Potato,June-2025,4945.95,Metric Tonnes,1089.12,Rs./Quintal
Chandigarh,Vegetables,Tomato,June-2025,3016.09,Metric Tonnes,2016.86,Rs./Quintal
Chandigarh,Vegetables,Onion,July-2025,4203.28,Metric Tonnes,1406.69,Rs./Quintal
Chandigarh,Vegetables,Potato,July-2025,5657.60,Metric Tonnes,944.82,Rs./Quintal
Chandigarh,Vegetables,Tomato,July-2025,3857.74,Metric Tonnes,2617.33,Rs./Quintal
Chandigarh,Vegetables,Onion,August-2025,4316.44,Metric Tonnes,1378.16,Rs./Quintal
Chandigarh,Vegetables,Potato,August-2025,6589.80,Metric Tonnes,1056.90,Rs./Quintal
Chandigarh,Vegetables,Tomato,August-2025,3090.15,Metric Tonnes,4279.61,Rs./Quintal
Chandigarh,Vegetables,Onion,September-2025,4552.76,Metric Tonnes,1177.96,Rs./Quintal
Chandigarh,Vegetables,Potato,September-2025,7456.40,Metric Tonnes,1264.45,Rs./Quintal
Chandigarh,Vegetables,Tomato,September-2025,4528.85,Metric Tonnes,2102.73,Rs./Quintal
Chandigarh,Vegetables,Onion,October-2025,4680.64,Metric Tonnes,1100.00,Rs./Quintal
Chandigarh,Vegetables,Potato,October-2025,7168.90,Metric Tonnes,1431.79,Rs./Quintal
Chandigarh,Vegetables,Tomato,October-2025,4297.76,Metric Tonnes,2002.18,Rs./Quintal
Chandigarh,Vegetables,Onion,November-2025,6389.64,Metric Tonnes,1044.00,Rs./Quintal
Chandigarh,Vegetables,Potato,November-2025,9045.80,Metric Tonnes,968.29,Rs./Quintal
Chandigarh,Vegetables,Tomato,November-2025,3513.02,Metric Tonnes,3133.04,Rs./Quintal
Chandigarh,Vegetables,Onion,December-2025,4811.96,Metric Tonnes,1644.42,Rs./Quintal
Chandigarh,Vegetables,Potato,December-2025,9995.07,Metric Tonnes,551.24,Rs./Quintal
Chandigarh,Vegetables,Tomato,December-2025,3119.34,Metric Tonnes,3366.44,Rs./Quintal
Chattisgarh,Vegetables,Onion,January-2023,3855.10,Metric Tonnes,1548.75,Rs./Quintal
Chattisgarh,Vegetables,Potato,January-2023,4955.10,Metric Tonnes,1224.10,Rs./Quintal
Chattisgarh,Vegetables,Tomato,January-2023,21790.60,Metric Tonnes,588.98,Rs./Quintal
Chattisgarh,Vegetables,Onion,February-2023,4655.50,Metric Tonnes,1233.05,Rs./Quintal
Chattisgarh,Vegetables,Potato,February-2023,4715.30,Metric Tonnes,1013.20,Rs./Quintal
Chattisgarh,Vegetables,Tomato,February-2023,20161.80,Metric Tonnes,662.82,Rs./Quintal
Chattisgarh,Vegetables,Onion,March-2023,4063.00,Metric Tonnes,1103.99,Rs./Quintal
Chattisgarh,Vegetables,Potato,March-2023,4308.10,Metric Tonnes,1067.79,Rs./Quintal
Chattisgarh,Vegetables,Tomato,March-2023,18247.60,Metric Tonnes,754.48,Rs./Quintal
Chattisgarh,Vegetables,Onion,April-2023,4636.20,Metric Tonnes,851.95,Rs./Quintal
Chattisgarh,Vegetables,Potato,April-2023,4006.00,Metric Tonnes,1009.78,Rs./Quintal
Chattisgarh,Vegetables,Tomato,April-2023,16788.20,Metric Tonnes,664.05,Rs./Quintal
Chattisgarh,Vegetables,Onion,May-2023,7475.90,Metric Tonnes,768.96,Rs./Quintal
Chattisgarh,Vegetables,Potato,May-2023,5580.00,Metric Tonnes,1142.15,Rs./Quintal
Chattisgarh,Vegetables,Tomato,May-2023,19145.30,Metric Tonnes,1184.46,Rs./Quintal
Chattisgarh,Vegetables,Onion,June-2023,6696.20,Metric Tonnes,1128.77,Rs./Quintal
Chattisgarh,Vegetables,Potato,June-2023,5102.70,Metric Tonnes,1286.62,Rs./Quintal
Chattisgarh,Vegetables,Tomato,June-2023,17936.40,Metric Tonnes,2854.17,Rs./Quintal
Chattisgarh,Vegetables,Onion,July-2023,3988.00,Metric Tonnes,1758.06,Rs./Quintal
Chattisgarh,Vegetables,Potato,July-2023,4753.70,Metric Tonnes,1626.47,Rs./Quintal
Chattisgarh,Vegetables,Tomato,July-2023,1384.00,Metric Tonnes,6291.37,Rs./Quintal
Chattisgarh,Vegetables,Onion,August-2023,4410.30,Metric Tonnes,1815.98,Rs./Quintal
Chattisgarh,Vegetables,Potato,August-2023,5496.10,Metric Tonnes,1662.63,Rs./Quintal
Chattisgarh,Vegetables,Tomato,August-2023,9803.10,Metric Tonnes,3064.38,Rs./Quintal
Chattisgarh,Vegetables,Onion,September-2023,4210.70,Metric Tonnes,2002.28,Rs./Quintal
Chattisgarh,Vegetables,Potato,September-2023,5114.90,Metric Tonnes,1664.75,Rs./Quintal
Chattisgarh,Vegetables,Tomato,September-2023,13815.90,Metric Tonnes,1267.94,Rs./Quintal
Chattisgarh,Vegetables,Onion,October-2023,3659.90,Metric Tonnes,2327.61,Rs./Quintal
Chattisgarh,Vegetables,Potato,October-2023,6106.00,Metric Tonnes,1510.19,Rs./Quintal
Chattisgarh,Vegetables,Tomato,October-2023,13689.00,Metric Tonnes,1368.07,Rs./Quintal
Chattisgarh,Vegetables,Onion,November-2023,3466.60,Metric Tonnes,4191.43,Rs./Quintal
Chattisgarh,Vegetables,Potato,November-2023,6512.30,Metric Tonnes,1764.36,Rs./Quintal
Chattisgarh,Vegetables,Tomato,November-2023,12462.10,Metric Tonnes,2203.74,Rs./Quintal
Chattisgarh,Vegetables,Onion,December-2023,4538.30,Metric Tonnes,3071.16,Rs./Quintal
Chattisgarh,Vegetables,Potato,December-2023,6795.10,Metric Tonnes,1364.76,Rs./Quintal
Chattisgarh,Vegetables,Tomato,December-2023,15924.20,Metric Tonnes,1270.95,Rs./Quintal
Chattisgarh,Vegetables,Onion,January-2024,4026.60,Metric Tonnes,1629.05,Rs./Quintal
Chattisgarh,Vegetables,Potato,January-2024,5669.90,Metric Tonnes,1238.58,Rs./Quintal
Chattisgarh,Vegetables,Tomato,January-2024,12936.80,Metric Tonnes,1164.04,Rs./Quintal
Chattisgarh,Vegetables,Onion,February-2024,4232.00,Metric Tonnes,1695.56,Rs./Quintal
Chattisgarh,Vegetables,Potato,February-2024,5285.50,Metric Tonnes,1311.40,Rs./Quintal
Chattisgarh,Vegetables,Tomato,February-2024,14411.50,Metric Tonnes,1397.18,Rs./Quintal
Chattisgarh,Vegetables,Onion,March-2024,3890.00,Metric Tonnes,1741.50,Rs./Quintal
Chattisgarh,Vegetables,Potato,March-2024,4023.40,Metric Tonnes,1503.31,Rs./Quintal
Chattisgarh,Vegetables,Tomato,March-2024,13551.50,Metric Tonnes,1329.60,Rs./Quintal
Chattisgarh,Vegetables,Onion,April-2024,3956.90,Metric Tonnes,1570.27,Rs./Quintal
Chattisgarh,Vegetables,Potato,April-2024,4301.40,Metric Tonnes,1876.28,Rs./Quintal
Chattisgarh,Vegetables,Tomato,April-2024,13170.90,Metric Tonnes,1532.36,Rs./Quintal
Chattisgarh,Vegetables,Onion,May-2024,4841.60,Metric Tonnes,1677.78,Rs./Quintal
Chattisgarh,Vegetables,Potato,May-2024,5044.90,Metric Tonnes,2200.50,Rs./Quintal
Chattisgarh,Vegetables,Tomato,May-2024,14758.60,Metric Tonnes,1820.05,Rs./Quintal
Chattisgarh,Vegetables,Onion,June-2024,4552.20,Metric Tonnes,2751.88,Rs./Quintal
Chattisgarh,Vegetables,Potato,June-2024,4847.30,Metric Tonnes,2568.76,Rs./Quintal
Chattisgarh,Vegetables,Tomato,June-2024,14073.70,Metric Tonnes,3050.64,Rs./Quintal
Chattisgarh,Vegetables,Onion,July-2024,3900.10,Metric Tonnes,3095.04,Rs./Quintal
Chattisgarh,Vegetables,Potato,July-2024,4471.10,Metric Tonnes,3066.30,Rs./Quintal
Chattisgarh,Vegetables,Tomato,July-2024,13093.80,Metric Tonnes,4198.82,Rs./Quintal
Chattisgarh,Vegetables,Onion,August-2024,3298.90,Metric Tonnes,3112.02,Rs./Quintal
Chattisgarh,Vegetables,Potato,August-2024,4388.90,Metric Tonnes,3046.77,Rs./Quintal
Chattisgarh,Vegetables,Tomato,August-2024,13830.60,Metric Tonnes,2254.46,Rs./Quintal
Chattisgarh,Vegetables,Onion,September-2024,2553.40,Metric Tonnes,3424.85,Rs./Quintal
Chattisgarh,Vegetables,Potato,September-2024,4257.90,Metric Tonnes,2927.45,Rs./Quintal
Chattisgarh,Vegetables,Tomato,September-2024,12917.40,Metric Tonnes,3084.38,Rs./Quintal
Chattisgarh,Vegetables,Onion,October-2024,2724.20,Metric Tonnes,3628.17,Rs./Quintal
Chattisgarh,Vegetables,Potato,October-2024,4818.50,Metric Tonnes,2763.75,Rs./Quintal
Chattisgarh,Vegetables,Tomato,October-2024,12005.40,Metric Tonnes,4075.92,Rs./Quintal
Chattisgarh,Vegetables,Onion,November-2024,4212.90,Metric Tonnes,3337.94,Rs./Quintal
Chattisgarh,Vegetables,Potato,November-2024,4991.10,Metric Tonnes,2906.38,Rs./Quintal
Chattisgarh,Vegetables,Tomato,November-2024,17855.40,Metric Tonnes,2888.91,Rs./Quintal
Chattisgarh,Vegetables,Onion,December-2024,4452.20,Metric Tonnes,3151.20,Rs./Quintal
Chattisgarh,Vegetables,Potato,December-2024,6026.70,Metric Tonnes,2869.71,Rs./Quintal
Chattisgarh,Vegetables,Tomato,December-2024,15914.00,Metric Tonnes,2224.92,Rs./Quintal
Chattisgarh,Vegetables,Onion,January-2025,3604.20,Metric Tonnes,2504.33,Rs./Quintal
Chattisgarh,Vegetables,Potato,January-2025,4870.40,Metric Tonnes,2335.85,Rs./Quintal
Chattisgarh,Vegetables,Tomato,January-2025,14990.00,Metric Tonnes,1204.52,Rs./Quintal
Chattisgarh,Vegetables,Onion,February-2025,2530.20,Metric Tonnes,2419.66,Rs./Quintal
Chattisgarh,Vegetables,Potato,February-2025,3807.10,Metric Tonnes,1705.29,Rs./Quintal
Chattisgarh,Vegetables,Tomato,February-2025,11846.20,Metric Tonnes,476.79,Rs./Quintal
Chattisgarh,Vegetables,Onion,March-2025,3675.20,Metric Tonnes,2409.11,Rs./Quintal
Chattisgarh,Vegetables,Potato,March-2025,4596.50,Metric Tonnes,1672.09,Rs./Quintal
Chattisgarh,Vegetables,Tomato,March-2025,12769.90,Metric Tonnes,459.41,Rs./Quintal
Chattisgarh,Vegetables,Onion,April-2025,3381.60,Metric Tonnes,1925.68,Rs./Quintal
Chattisgarh,Vegetables,Potato,April-2025,3663.90,Metric Tonnes,1665.12,Rs./Quintal
Chattisgarh,Vegetables,Tomato,April-2025,10913.10,Metric Tonnes,941.87,Rs./Quintal
Chattisgarh,Vegetables,Onion,May-2025,3695.50,Metric Tonnes,1604.68,Rs./Quintal
Chattisgarh,Vegetables,Potato,May-2025,4252.60,Metric Tonnes,1725.05,Rs./Quintal
Chattisgarh,Vegetables,Tomato,May-2025,11275.20,Metric Tonnes,1255.01,Rs./Quintal
Chattisgarh,Vegetables,Onion,June-2025,3321.90,Metric Tonnes,1467.05,Rs./Quintal
Chattisgarh,Vegetables,Potato,June-2025,3565.50,Metric Tonnes,1735.08,Rs./Quintal
Chattisgarh,Vegetables,Tomato,June-2025,10759.90,Metric Tonnes,1920.72,Rs./Quintal
Chattisgarh,Vegetables,Onion,July-2025,3728.30,Metric Tonnes,1772.53,Rs./Quintal
Chattisgarh,Vegetables,Potato,July-2025,4070.50,Metric Tonnes,1939.35,Rs./Quintal
Chattisgarh,Vegetables,Tomato,July-2025,12616.30,Metric Tonnes,2367.00,Rs./Quintal
Chattisgarh,Vegetables,Onion,August-2025,3218.90,Metric Tonnes,1838.35,Rs./Quintal
Chattisgarh,Vegetables,Potato,August-2025,3748.20,Metric Tonnes,1716.86,Rs./Quintal
Chattisgarh,Vegetables,Tomato,August-2025,10222.20,Metric Tonnes,3345.29,Rs./Quintal
Chattisgarh,Vegetables,Onion,September-2025,3901.70,Metric Tonnes,1719.78,Rs./Quintal
Chattisgarh,Vegetables,Potato,September-2025,4588.80,Metric Tonnes,1842.61,Rs./Quintal
Chattisgarh,Vegetables,Tomato,September-2025,13902.80,Metric Tonnes,2122.13,Rs./Quintal
Chattisgarh,Vegetables,Onion,October-2025,2652.00,Metric Tonnes,1790.83,Rs./Quintal
Chattisgarh,Vegetables,Potato,October-2025,3290.30,Metric Tonnes,1852.46,Rs./Quintal
Chattisgarh,Vegetables,Tomato,October-2025,9007.30,Metric Tonnes,2055.96,Rs./Quintal
Chattisgarh,Vegetables,Onion,November-2025,3926.70,Metric Tonnes,1847.01,Rs./Quintal
Chattisgarh,Vegetables,Potato,November-2025,4627.50,Metric Tonnes,1917.86,Rs./Quintal
Chattisgarh,Vegetables,Tomato,November-2025,11041.00,Metric Tonnes,2987.92,Rs./Quintal
Chattisgarh,Vegetables,Onion,December-2025,4515.20,Metric Tonnes,2053.28,Rs./Quintal
Chattisgarh,Vegetables,Potato,December-2025,5801.20,Metric Tonnes,1933.34,Rs./Quintal
Chattisgarh,Vegetables,Tomato,December-2025,14707.30,Metric Tonnes,3282.27,Rs./Quintal
Goa,Vegetables,Onion,January-2023,374.58,Metric Tonnes,1400.98,Rs./Quintal
Goa,Vegetables,Potato,January-2023,166.13,Metric Tonnes,1593.73,Rs./Quintal
Goa,Vegetables,Onion,February-2023,212.06,Metric Tonnes,1400.00,Rs./Quintal
Goa,Vegetables,Potato,February-2023,140.81,Metric Tonnes,1600.00,Rs./Quintal
Goa,Vegetables,Onion,March-2023,270.48,Metric Tonnes,1249.46,Rs./Quintal
Goa,Vegetables,Potato,March-2023,86.18,Metric Tonnes,1484.75,Rs./Quintal
Goa,Vegetables,Onion,April-2023,217.14,Metric Tonnes,1127.68,Rs./Quintal
Goa,Vegetables,Potato,April-2023,64.75,Metric Tonnes,1431.28,Rs./Quintal
Goa,Vegetables,Onion,May-2023,213.45,Metric Tonnes,1138.22,Rs./Quintal
Goa,Vegetables,Potato,May-2023,68.90,Metric Tonnes,1594.06,Rs./Quintal
Goa,Vegetables,Onion,June-2023,286.31,Metric Tonnes,1180.04,Rs./Quintal
Goa,Vegetables,Potato,June-2023,112.63,Metric Tonnes,1627.18,Rs./Quintal
Goa,Vegetables,Onion,July-2023,230.61,Metric Tonnes,1243.29,Rs./Quintal
Goa,Vegetables,Potato,July-2023,88.77,Metric Tonnes,1598.44,Rs./Quintal
Goa,Vegetables,Onion,August-2023,359.94,Metric Tonnes,1192.14,Rs./Quintal
Goa,Vegetables,Potato,August-2023,139.17,Metric Tonnes,1500.00,Rs./Quintal
Goa,Vegetables,Onion,September-2023,263.87,Metric Tonnes,1263.39,Rs./Quintal
Goa,Vegetables,Potato,September-2023,196.33,Metric Tonnes,1465.53,Rs./Quintal
Goa,Vegetables,Onion,October-2023,273.14,Metric Tonnes,1804.92,Rs./Quintal
Goa,Vegetables,Potato,October-2023,220.05,Metric Tonnes,1564.55,Rs./Quintal
Goa,Vegetables,Onion,November-2023,120.24,Metric Tonnes,3091.29,Rs./Quintal
Goa,Vegetables,Potato,November-2023,295.29,Metric Tonnes,1567.27,Rs./Quintal
Goa,Vegetables,Onion,December-2023,125.40,Metric Tonnes,2323.89,Rs./Quintal
Goa,Vegetables,Potato,December-2023,338.22,Metric Tonnes,1443.33,Rs./Quintal
Goa,Vegetables,Onion,January-2024,168.59,Metric Tonnes,1382.00,Rs./Quintal
Goa,Vegetables,Potato,January-2024,291.84,Metric Tonnes,1404.85,Rs./Quintal
Goa,Vegetables,Onion,February-2024,236.11,Metric Tonnes,1255.77,Rs./Quintal
Goa,Vegetables,Potato,February-2024,146.83,Metric Tonnes,1425.62,Rs./Quintal
Goa,Vegetables,Onion,March-2024,208.36,Metric Tonnes,1392.69,Rs./Quintal
Goa,Vegetables,Potato,March-2024,111.44,Metric Tonnes,1451.63,Rs./Quintal
Goa,Vegetables,Onion,April-2024,206.13,Metric Tonnes,1798.57,Rs./Quintal
Goa,Vegetables,Potato,April-2024,81.15,Metric Tonnes,1788.57,Rs./Quintal
Goa,Vegetables,Onion,May-2024,208.26,Metric Tonnes,1895.54,Rs./Quintal
Goa,Vegetables,Potato,May-2024,111.25,Metric Tonnes,1872.23,Rs./Quintal
Goa,Vegetables,Onion,June-2024,254.31,Metric Tonnes,2029.86,Rs./Quintal
Goa,Vegetables,Potato,June-2024,148.21,Metric Tonnes,2148.58,Rs./Quintal
Goa,Vegetables,Onion,July-2024,237.19,Metric Tonnes,2480.21,Rs./Quintal
Goa,Vegetables,Potato,July-2024,152.01,Metric Tonnes,2500.00,Rs./Quintal
Goa,Vegetables,Onion,August-2024,188.13,Metric Tonnes,2443.84,Rs./Quintal
Goa,Vegetables,Potato,August-2024,220.38,Metric Tonnes,2485.39,Rs./Quintal
Goa,Vegetables,Onion,September-2024,159.48,Metric Tonnes,2500.00,Rs./Quintal
Goa,Vegetables,Potato,September-2024,219.56,Metric Tonnes,2500.00,Rs./Quintal
Goa,Vegetables,Onion,October-2024,167.80,Metric Tonnes,2500.00,Rs./Quintal
Goa,Vegetables,Potato,October-2024,231.72,Metric Tonnes,2664.16,Rs./Quintal
Goa,Vegetables,Onion,November-2024,264.32,Metric Tonnes,3100.41,Rs./Quintal
Goa,Vegetables,Potato,November-2024,247.83,Metric Tonnes,2966.77,Rs./Quintal
Goa,Vegetables,Onion,December-2024,211.27,Metric Tonnes,3171.51,Rs./Quintal
Goa,Vegetables,Potato,December-2024,318.21,Metric Tonnes,2803.56,Rs./Quintal
Goa,Vegetables,Onion,January-2025,205.85,Metric Tonnes,2473.84,Rs./Quintal
Goa,Vegetables,Potato,January-2025,272.06,Metric Tonnes,2033.02,Rs./Quintal
Goa,Vegetables,Onion,February-2025,170.97,Metric Tonnes,2477.04,Rs./Quintal
Goa,Vegetables,Potato,February-2025,231.79,Metric Tonnes,2000.00,Rs./Quintal
Goa,Vegetables,Onion,March-2025,179.50,Metric Tonnes,2500.00,Rs./Quintal
Goa,Vegetables,Potato,March-2025,216.51,Metric Tonnes,2000.00,Rs./Quintal
Goa,Vegetables,Onion,April-2025,211.56,Metric Tonnes,2412.13,Rs./Quintal
Goa,Vegetables,Potato,April-2025,206.00,Metric Tonnes,2000.00,Rs./Quintal
Goa,Vegetables,Onion,May-2025,252.36,Metric Tonnes,2000.00,Rs./Quintal
Goa,Vegetables,Potato,May-2025,184.81,Metric Tonnes,2000.00,Rs./Quintal
Goa,Vegetables,Onion,June-2025,203.09,Metric Tonnes,1751.98,Rs./Quintal
Goa,Vegetables,Potato,June-2025,193.95,Metric Tonnes,1804.75,Rs./Quintal
Goa,Vegetables,Onion,July-2025,185.06,Metric Tonnes,1492.59,Rs./Quintal
Goa,Vegetables,Potato,July-2025,175.95,Metric Tonnes,1621.94,Rs./Quintal
Goa,Vegetables,Onion,August-2025,181.09,Metric Tonnes,1438.61,Rs./Quintal
Goa,Vegetables,Potato,August-2025,212.26,Metric Tonnes,1642.37,Rs./Quintal
Goa,Vegetables,Onion,September-2025,216.68,Metric Tonnes,1350.14,Rs./Quintal
Goa,Vegetables,Potato,September-2025,185.86,Metric Tonnes,1575.37,Rs./Quintal
Goa,Vegetables,Onion,October-2025,223.68,Metric Tonnes,1197.24,Rs./Quintal
Goa,Vegetables,Potato,October-2025,207.53,Metric Tonnes,1646.82,Rs./Quintal
Goa,Vegetables,Onion,November-2025,212.46,Metric Tonnes,1409.22,Rs./Quintal
Goa,Vegetables,Potato,November-2025,166.87,Metric Tonnes,1727.81,Rs./Quintal
Goa,Vegetables,Onion,December-2025,242.90,Metric Tonnes,1505.84,Rs./Quintal
Goa,Vegetables,Potato,December-2025,219.49,Metric Tonnes,1598.58,Rs./Quintal
Gujarat,Vegetables,Onion,January-2023,256347.39,Metric Tonnes,996.39,Rs./Quintal
Gujarat,Vegetables,Potato,January-2023,63793.46,Metric Tonnes,1169.65,Rs./Quintal
Gujarat,Vegetables,Tomato,January-2023,20697.14,Metric Tonnes,769.83,Rs./Quintal
Gujarat,Vegetables,Onion,February-2023,291040.87,Metric Tonnes,932.11,Rs./Quintal
Gujarat,Vegetables,Potato,February-2023,67344.14,Metric Tonnes,888.49,Rs./Quintal
Gujarat,Vegetables,Tomato,February-2023,23581.77,Metric Tonnes,856.19,Rs./Quintal
Gujarat,Vegetables,Onion,March-2023,246977.04,Metric Tonnes,966.47,Rs./Quintal
Gujarat,Vegetables,Potato,March-2023,68960.22,Metric Tonnes,835.37,Rs./Quintal
Gujarat,Vegetables,Tomato,March-2023,21115.45,Metric Tonnes,1048.11,Rs./Quintal
Gujarat,Vegetables,Onion,April-2023,198445.25,Metric Tonnes,766.01,Rs./Quintal
Gujarat,Vegetables,Potato,April-2023,60624.43,Metric Tonnes,1080.42,Rs./Quintal
Gujarat,Vegetables,Tomato,April-2023,25264.58,Metric Tonnes,933.93,Rs./Quintal
Gujarat,Vegetables,Onion,May-2023,103242.02,Metric Tonnes,895.19,Rs./Quintal
Gujarat,Vegetables,Potato,May-2023,63644.73,Metric Tonnes,1222.14,Rs./Quintal
Gujarat,Vegetables,Tomato,May-2023,32026.62,Metric Tonnes,959.09,Rs./Quintal
Gujarat,Vegetables,Onion,June-2023,58082.31,Metric Tonnes,1074.21,Rs./Quintal
Gujarat,Vegetables,Potato,June-2023,62236.44,Metric Tonnes,1316.13,Rs./Quintal
Gujarat,Vegetables,Tomato,June-2023,26697.68,Metric Tonnes,2789.92,Rs./Quintal
Gujarat,Vegetables,Onion,July-2023,49005.93,Metric Tonnes,1344.39,Rs./Quintal
Gujarat,Vegetables,Potato,July-2023,63006.31,Metric Tonnes,1287.41,Rs./Quintal
Gujarat,Vegetables,Tomato,July-2023,11832.28,Metric Tonnes,8908.45,Rs./Quintal
Gujarat,Vegetables,Onion,August-2023,45800.65,Metric Tonnes,1707.13,Rs./Quintal
Gujarat,Vegetables,Potato,August-2023,53552.85,Metric Tonnes,1286.84,Rs./Quintal
Gujarat,Vegetables,Tomato,August-2023,13991.39,Metric Tonnes,4540.39,Rs./Quintal
Gujarat,Vegetables,Onion,September-2023,39864.36,Metric Tonnes,1860.40,Rs./Quintal
Gujarat,Vegetables,Potato,September-2023,56398.99,Metric Tonnes,1245.95,Rs./Quintal
Gujarat,Vegetables,Tomato,September-2023,28214.60,Metric Tonnes,1165.58,Rs./Quintal
Gujarat,Vegetables,Onion,October-2023,49828.70,Metric Tonnes,2666.68,Rs./Quintal
Gujarat,Vegetables,Potato,October-2023,56706.43,Metric Tonnes,1272.01,Rs./Quintal
Gujarat,Vegetables,Tomato,October-2023,28042.98,Metric Tonnes,1002.82,Rs./Quintal
Gujarat,Vegetables,Onion,November-2023,64195.66,Metric Tonnes,3295.09,Rs./Quintal
Gujarat,Vegetables,Potato,November-2023,54507.55,Metric Tonnes,1329.85,Rs./Quintal
Gujarat,Vegetables,Tomato,November-2023,19283.01,Metric Tonnes,2566.51,Rs./Quintal
Gujarat,Vegetables,Onion,December-2023,140729.33,Metric Tonnes,1869.17,Rs./Quintal
Gujarat,Vegetables,Potato,December-2023,70601.70,Metric Tonnes,1470.57,Rs./Quintal
Gujarat,Vegetables,Tomato,December-2023,22118.50,Metric Tonnes,1656.50,Rs./Quintal
Gujarat,Vegetables,Onion,January-2024,287156.59,Metric Tonnes,1308.14,Rs./Quintal
Gujarat,Vegetables,Potato,January-2024,71143.72,Metric Tonnes,1310.99,Rs./Quintal
Gujarat,Vegetables,Tomato,January-2024,23608.97,Metric Tonnes,1555.90,Rs./Quintal
Gujarat,Vegetables,Onion,February-2024,318834.11,Metric Tonnes,1217.75,Rs./Quintal
Gujarat,Vegetables,Potato,February-2024,58861.12,Metric Tonnes,1175.86,Rs./Quintal
Gujarat,Vegetables,Tomato,February-2024,22907.84,Metric Tonnes,1955.54,Rs./Quintal
Gujarat,Vegetables,Onion,March-2024,237357.59,Metric Tonnes,1269.38,Rs./Quintal
Gujarat,Vegetables,Potato,March-2024,55466.19,Metric Tonnes,1418.11,Rs./Quintal
Gujarat,Vegetables,Tomato,March-2024,21450.62,Metric Tonnes,1327.40,Rs./Quintal
Gujarat,Vegetables,Onion,April-2024,209758.15,Metric Tonnes,1207.07,Rs./Quintal
Gujarat,Vegetables,Potato,April-2024,53554.68,Metric Tonnes,1957.70,Rs./Quintal
Gujarat,Vegetables,Tomato,April-2024,22219.08,Metric Tonnes,1016.29,Rs./Quintal
Gujarat,Vegetables,Onion,May-2024,107221.58,Metric Tonnes,1320.31,Rs./Quintal
Gujarat,Vegetables,Potato,May-2024,54054.92,Metric Tonnes,2012.67,Rs./Quintal
Gujarat,Vegetables,Tomato,May-2024,25251.44,Metric Tonnes,1265.31,Rs./Quintal
Gujarat,Vegetables,Onion,June-2024,46992.04,Metric Tonnes,2221.60,Rs./Quintal
Gujarat,Vegetables,Potato,June-2024,51119.18,Metric Tonnes,2208.94,Rs./Quintal
Gujarat,Vegetables,Tomato,June-2024,20459.60,Metric Tonnes,3045.33,Rs./Quintal
Gujarat,Vegetables,Onion,July-2024,47868.82,Metric Tonnes,2563.91,Rs./Quintal
Gujarat,Vegetables,Potato,July-2024,59563.94,Metric Tonnes,2270.92,Rs./Quintal
Gujarat,Vegetables,Tomato,July-2024,22286.27,Metric Tonnes,5039.53,Rs./Quintal
Gujarat,Vegetables,Onion,August-2024,43625.68,Metric Tonnes,2924.26,Rs./Quintal
Gujarat,Vegetables,Potato,August-2024,55451.29,Metric Tonnes,2268.78,Rs./Quintal
Gujarat,Vegetables,Tomato,August-2024,26108.33,Metric Tonnes,2708.39,Rs./Quintal
Gujarat,Vegetables,Onion,September-2024,39284.57,Metric Tonnes,3722.45,Rs./Quintal
Gujarat,Vegetables,Potato,September-2024,52285.36,Metric Tonnes,2244.94,Rs./Quintal
Gujarat,Vegetables,Tomato,September-2024,21969.85,Metric Tonnes,2861.18,Rs./Quintal
Gujarat,Vegetables,Onion,October-2024,50765.59,Metric Tonnes,3790.51,Rs./Quintal
Gujarat,Vegetables,Potato,October-2024,59530.28,Metric Tonnes,2459.26,Rs./Quintal
Gujarat,Vegetables,Tomato,October-2024,23154.54,Metric Tonnes,4847.14,Rs./Quintal
Gujarat,Vegetables,Onion,November-2024,94803.15,Metric Tonnes,3259.56,Rs./Quintal
Gujarat,Vegetables,Potato,November-2024,56544.50,Metric Tonnes,2513.19,Rs./Quintal
Gujarat,Vegetables,Tomato,November-2024,24313.43,Metric Tonnes,2696.37,Rs./Quintal
Gujarat,Vegetables,Onion,December-2024,252666.48,Metric Tonnes,2204.71,Rs./Quintal
Gujarat,Vegetables,Potato,December-2024,70922.42,Metric Tonnes,2300.99,Rs./Quintal
Gujarat,Vegetables,Tomato,December-2024,27482.13,Metric Tonnes,2609.78,Rs./Quintal
Gujarat,Vegetables,Onion,January-2025,286938.44,Metric Tonnes,1754.01,Rs./Quintal
Gujarat,Vegetables,Potato,January-2025,67262.47,Metric Tonnes,1721.04,Rs./Quintal
Gujarat,Vegetables,Tomato,January-2025,28239.20,Metric Tonnes,1036.86,Rs./Quintal
Gujarat,Vegetables,Onion,February-2025,384470.67,Metric Tonnes,1716.36,Rs./Quintal
Gujarat,Vegetables,Potato,February-2025,65843.86,Metric Tonnes,1259.53,Rs./Quintal
Gujarat,Vegetables,Tomato,February-2025,27627.13,Metric Tonnes,691.37,Rs./Quintal
Gujarat,Vegetables,Onion,March-2025,290175.65,Metric Tonnes,1432.49,Rs./Quintal
Gujarat,Vegetables,Potato,March-2025,80929.38,Metric Tonnes,1111.96,Rs./Quintal
Gujarat,Vegetables,Tomato,March-2025,31328.97,Metric Tonnes,632.33,Rs./Quintal
Gujarat,Vegetables,Onion,April-2025,219368.56,Metric Tonnes,888.06,Rs./Quintal
Gujarat,Vegetables,Potato,April-2025,66826.95,Metric Tonnes,1204.14,Rs./Quintal
Gujarat,Vegetables,Tomato,April-2025,28914.48,Metric Tonnes,855.53,Rs./Quintal
Gujarat,Vegetables,Onion,May-2025,185688.62,Metric Tonnes,783.45,Rs./Quintal
Gujarat,Vegetables,Potato,May-2025,62177.04,Metric Tonnes,1335.65,Rs./Quintal
Gujarat,Vegetables,Tomato,May-2025,30556.15,Metric Tonnes,1457.53,Rs./Quintal
Gujarat,Vegetables,Onion,June-2025,108221.60,Metric Tonnes,1083.68,Rs./Quintal
Gujarat,Vegetables,Potato,June-2025,61507.04,Metric Tonnes,1370.63,Rs./Quintal
Gujarat,Vegetables,Tomato,June-2025,32680.00,Metric Tonnes,2263.99,Rs./Quintal
Gujarat,Vegetables,Onion,July-2025,56820.83,Metric Tonnes,1276.76,Rs./Quintal
Gujarat,Vegetables,Potato,July-2025,68929.31,Metric Tonnes,1335.91,Rs./Quintal
Gujarat,Vegetables,Tomato,July-2025,32634.82,Metric Tonnes,2865.40,Rs./Quintal
Gujarat,Vegetables,Onion,August-2025,48444.66,Metric Tonnes,1279.17,Rs./Quintal
Gujarat,Vegetables,Potato,August-2025,64995.94,Metric Tonnes,1267.90,Rs./Quintal
Gujarat,Vegetables,Tomato,August-2025,28176.76,Metric Tonnes,3522.81,Rs./Quintal
Gujarat,Vegetables,Onion,September-2025,60150.56,Metric Tonnes,1108.76,Rs./Quintal
Gujarat,Vegetables,Potato,September-2025,68091.68,Metric Tonnes,1323.59,Rs./Quintal
Gujarat,Vegetables,Tomato,September-2025,34966.24,Metric Tonnes,1744.88,Rs./Quintal
Gujarat,Vegetables,Onion,October-2025,46020.07,Metric Tonnes,1156.53,Rs./Quintal
Gujarat,Vegetables,Potato,October-2025,58489.42,Metric Tonnes,1521.00,Rs./Quintal
Gujarat,Vegetables,Tomato,October-2025,29230.91,Metric Tonnes,1688.00,Rs./Quintal
Gujarat,Vegetables,Onion,November-2025,66275.80,Metric Tonnes,1274.81,Rs./Quintal
Gujarat,Vegetables,Potato,November-2025,54554.60,Metric Tonnes,1744.99,Rs./Quintal
Gujarat,Vegetables,Tomato,November-2025,27194.49,Metric Tonnes,2542.20,Rs./Quintal
Gujarat,Vegetables,Onion,December-2025,134212.87,Metric Tonnes,1145.76,Rs./Quintal
Gujarat,Vegetables,Potato,December-2025,70614.70,Metric Tonnes,1456.16,Rs./Quintal
Gujarat,Vegetables,Tomato,December-2025,21446.03,Metric Tonnes,3000.56,Rs./Quintal
Haryana,Vegetables,Onion,January-2023,7899.14,Metric Tonnes,1342.08,Rs./Quintal
Haryana,Vegetables,Potato,January-2023,78744.73,Metric Tonnes,453.86,Rs./Quintal
Haryana,Vegetables,Tomato,January-2023,8275.42,Metric Tonnes,1007.65,Rs./Quintal
Haryana,Vegetables,Onion,February-2023,10117.32,Metric Tonnes,1150.45,Rs./Quintal
Haryana,Vegetables,Potato,February-2023,76103.50,Metric Tonnes,326.04,Rs./Quintal
Haryana,Vegetables,Tomato,February-2023,8252.80,Metric Tonnes,870.51,Rs./Quintal
Haryana,Vegetables,Onion,March-2023,9790.64,Metric Tonnes,964.67,Rs./Quintal
Haryana,Vegetables,Potato,March-2023,40655.63,Metric Tonnes,375.10,Rs./Quintal
Haryana,Vegetables,Tomato,March-2023,7258.93,Metric Tonnes,1059.05,Rs./Quintal
Haryana,Vegetables,Onion,April-2023,14530.51,Metric Tonnes,895.53,Rs./Quintal
Haryana,Vegetables,Potato,April-2023,17098.95,Metric Tonnes,650.86,Rs./Quintal
Haryana,Vegetables,Tomato,April-2023,10537.43,Metric Tonnes,887.22,Rs./Quintal
Haryana,Vegetables,Onion,May-2023,32855.96,Metric Tonnes,848.24,Rs./Quintal
Haryana,Vegetables,Potato,May-2023,22258.49,Metric Tonnes,756.40,Rs./Quintal
Haryana,Vegetables,Tomato,May-2023,13883.32,Metric Tonnes,707.11,Rs./Quintal
Haryana,Vegetables,Onion,June-2023,19148.29,Metric Tonnes,981.20,Rs./Quintal
Haryana,Vegetables,Potato,June-2023,24683.59,Metric Tonnes,891.50,Rs./Quintal
Haryana,Vegetables,Tomato,June-2023,12374.16,Metric Tonnes,1339.86,Rs./Quintal
Haryana,Vegetables,Onion,July-2023,15416.79,Metric Tonnes,1418.35,Rs./Quintal
Haryana,Vegetables,Potato,July-2023,25135.77,Metric Tonnes,1076.00,Rs./Quintal
Haryana,Vegetables,Tomato,July-2023,3751.76,Metric Tonnes,6661.19,Rs./Quintal
Haryana,Vegetables,Onion,August-2023,14784.77,Metric Tonnes,1623.25,Rs./Quintal
Haryana,Vegetables,Potato,August-2023,25399.79,Metric Tonnes,1046.74,Rs./Quintal
Haryana,Vegetables,Tomato,August-2023,3973.99,Metric Tonnes,3960.89,Rs./Quintal
Haryana,Vegetables,Onion,September-2023,17337.79,Metric Tonnes,1776.26,Rs./Quintal
Haryana,Vegetables,Potato,September-2023,31463.67,Metric Tonnes,1058.70,Rs./Quintal
Haryana,Vegetables,Tomato,September-2023,12634.82,Metric Tonnes,1518.04,Rs./Quintal
Haryana,Vegetables,Onion,October-2023,15663.51,Metric Tonnes,2177.96,Rs./Quintal
Haryana,Vegetables,Potato,October-2023,28533.23,Metric Tonnes,1003.22,Rs./Quintal
Haryana,Vegetables,Tomato,October-2023,11568.68,Metric Tonnes,1475.97,Rs./Quintal
Haryana,Vegetables,Onion,November-2023,9677.87,Metric Tonnes,3070.42,Rs./Quintal
Haryana,Vegetables,Potato,November-2023,34250.34,Metric Tonnes,1001.01,Rs./Quintal
Haryana,Vegetables,Tomato,November-2023,8366.52,Metric Tonnes,2396.30,Rs./Quintal
Haryana,Vegetables,Onion,December-2023,9706.25,Metric Tonnes,2278.51,Rs./Quintal
Haryana,Vegetables,Potato,December-2023,101900.66,Metric Tonnes,579.69,Rs./Quintal
Haryana,Vegetables,Tomato,December-2023,8701.62,Metric Tonnes,1711.56,Rs./Quintal
Haryana,Vegetables,Onion,January-2024,10915.94,Metric Tonnes,1722.67,Rs./Quintal
Haryana,Vegetables,Potato,January-2024,181555.97,Metric Tonnes,401.51,Rs./Quintal
Haryana,Vegetables,Tomato,January-2024,8608.00,Metric Tonnes,1596.92,Rs./Quintal
Haryana,Vegetables,Onion,February-2024,11281.41,Metric Tonnes,1508.55,Rs./Quintal
Haryana,Vegetables,Potato,February-2024,100951.53,Metric Tonnes,525.52,Rs./Quintal
Haryana,Vegetables,Tomato,February-2024,8526.32,Metric Tonnes,1888.71,Rs./Quintal
Haryana,Vegetables,Onion,March-2024,12070.94,Metric Tonnes,1609.47,Rs./Quintal
Haryana,Vegetables,Potato,March-2024,33141.06,Metric Tonnes,859.86,Rs./Quintal
Haryana,Vegetables,Tomato,March-2024,8028.59,Metric Tonnes,1898.79,Rs./Quintal
Haryana,Vegetables,Onion,April-2024,10695.42,Metric Tonnes,1532.11,Rs./Quintal
Haryana,Vegetables,Potato,April-2024,17337.96,Metric Tonnes,1174.57,Rs./Quintal
Haryana,Vegetables,Tomato,April-2024,7000.20,Metric Tonnes,1631.98,Rs./Quintal
Haryana,Vegetables,Onion,May-2024,18836.27,Metric Tonnes,1421.63,Rs./Quintal
Haryana,Vegetables,Potato,May-2024,17653.47,Metric Tonnes,1294.39,Rs./Quintal
Haryana,Vegetables,Tomato,May-2024,8979.03,Metric Tonnes,1050.65,Rs./Quintal
Haryana,Vegetables,Onion,June-2024,10897.03,Metric Tonnes,2019.18,Rs./Quintal
Haryana,Vegetables,Potato,June-2024,18487.77,Metric Tonnes,1494.38,Rs./Quintal
Haryana,Vegetables,Tomato,June-2024,8750.01,Metric Tonnes,1146.60,Rs./Quintal
Haryana,Vegetables,Onion,July-2024,9411.70,Metric Tonnes,2559.73,Rs./Quintal
Haryana,Vegetables,Potato,July-2024,20467.94,Metric Tonnes,1751.90,Rs./Quintal
Haryana,Vegetables,Tomato,July-2024,6483.17,Metric Tonnes,3303.75,Rs./Quintal
Haryana,Vegetables,Onion,August-2024,8947.53,Metric Tonnes,2762.50,Rs./Quintal
Haryana,Vegetables,Potato,August-2024,21305.03,Metric Tonnes,1772.10,Rs./Quintal
Haryana,Vegetables,Tomato,August-2024,7223.68,Metric Tonnes,2666.97,Rs./Quintal
Haryana,Vegetables,Onion,September-2024,9207.43,Metric Tonnes,3492.55,Rs./Quintal
Haryana,Vegetables,Potato,September-2024,21271.47,Metric Tonnes,1763.30,Rs./Quintal
Haryana,Vegetables,Tomato,September-2024,8045.70,Metric Tonnes,2749.69,Rs./Quintal
Haryana,Vegetables,Onion,October-2024,8175.95,Metric Tonnes,3600.69,Rs./Quintal
Haryana,Vegetables,Potato,October-2024,21526.23,Metric Tonnes,1776.34,Rs./Quintal
Haryana,Vegetables,Tomato,October-2024,6767.11,Metric Tonnes,4024.67,Rs./Quintal
Haryana,Vegetables,Onion,November-2024,9485.78,Metric Tonnes,3290.86,Rs./Quintal
Haryana,Vegetables,Potato,November-2024,23568.97,Metric Tonnes,1788.50,Rs./Quintal
Haryana,Vegetables,Tomato,November-2024,7810.89,Metric Tonnes,2735.86,Rs./Quintal
Haryana,Vegetables,Onion,December-2024,10300.09,Metric Tonnes,2775.43,Rs./Quintal
Haryana,Vegetables,Potato,December-2024,91437.03,Metric Tonnes,1497.81,Rs./Quintal
Haryana,Vegetables,Tomato,December-2024,9339.18,Metric Tonnes,2286.24,Rs./Quintal
Haryana,Vegetables,Onion,January-2025,13064.96,Metric Tonnes,2174.84,Rs./Quintal
Haryana,Vegetables,Potato,January-2025,75208.88,Metric Tonnes,911.69,Rs./Quintal
Haryana,Vegetables,Tomato,January-2025,13134.79,Metric Tonnes,993.51,Rs./Quintal
Haryana,Vegetables,Onion,February-2025,12549.33,Metric Tonnes,2327.40,Rs./Quintal
Haryana,Vegetables,Potato,February-2025,99395.64,Metric Tonnes,618.85,Rs./Quintal
Haryana,Vegetables,Tomato,February-2025,13330.15,Metric Tonnes,926.60,Rs./Quintal
Haryana,Vegetables,Onion,March-2025,16690.17,Metric Tonnes,2025.57,Rs./Quintal
Haryana,Vegetables,Potato,March-2025,79507.64,Metric Tonnes,610.50,Rs./Quintal
Haryana,Vegetables,Tomato,March-2025,14507.30,Metric Tonnes,864.02,Rs./Quintal
Haryana,Vegetables,Onion,April-2025,17036.41,Metric Tonnes,1265.63,Rs./Quintal
Haryana,Vegetables,Potato,April-2025,24799.80,Metric Tonnes,851.33,Rs./Quintal
Haryana,Vegetables,Tomato,April-2025,13525.09,Metric Tonnes,885.63,Rs./Quintal
Haryana,Vegetables,Onion,May-2025,32467.22,Metric Tonnes,1019.66,Rs./Quintal
Haryana,Vegetables,Potato,May-2025,24701.31,Metric Tonnes,931.63,Rs./Quintal
Haryana,Vegetables,Tomato,May-2025,13051.20,Metric Tonnes,837.68,Rs./Quintal
Haryana,Vegetables,Onion,June-2025,15837.47,Metric Tonnes,1187.99,Rs./Quintal
Haryana,Vegetables,Potato,June-2025,24373.25,Metric Tonnes,1044.79,Rs./Quintal
Haryana,Vegetables,Tomato,June-2025,11207.47,Metric Tonnes,1638.99,Rs./Quintal
Haryana,Vegetables,Onion,July-2025,11885.85,Metric Tonnes,1485.59,Rs./Quintal
Haryana,Vegetables,Potato,July-2025,23722.68,Metric Tonnes,1173.17,Rs./Quintal
Haryana,Vegetables,Tomato,July-2025,9552.99,Metric Tonnes,2362.21,Rs./Quintal
Haryana,Vegetables,Onion,August-2025,12665.78,Metric Tonnes,1520.89,Rs./Quintal
Haryana,Vegetables,Potato,August-2025,27435.25,Metric Tonnes,1103.71,Rs./Quintal
Haryana,Vegetables,Tomato,August-2025,9976.84,Metric Tonnes,3479.17,Rs./Quintal
Haryana,Vegetables,Onion,September-2025,15441.79,Metric Tonnes,1458.94,Rs./Quintal
Haryana,Vegetables,Potato,September-2025,33034.81,Metric Tonnes,1082.58,Rs./Quintal
Haryana,Vegetables,Tomato,September-2025,13192.51,Metric Tonnes,2304.62,Rs./Quintal
Haryana,Vegetables,Onion,October-2025,21661.72,Metric Tonnes,1666.29,Rs./Quintal
Haryana,Vegetables,Potato,October-2025,31761.15,Metric Tonnes,1123.97,Rs./Quintal
Haryana,Vegetables,Tomato,October-2025,11288.39,Metric Tonnes,2172.82,Rs./Quintal
Haryana,Vegetables,Onion,November-2025,17032.85,Metric Tonnes,1347.73,Rs./Quintal
Haryana,Vegetables,Potato,November-2025,55625.05,Metric Tonnes,1163.15,Rs./Quintal
Haryana,Vegetables,Tomato,November-2025,10968.81,Metric Tonnes,2749.59,Rs./Quintal
Haryana,Vegetables,Onion,December-2025,13332.81,Metric Tonnes,1450.12,Rs./Quintal
Haryana,Vegetables,Potato,December-2025,145502.60,Metric Tonnes,666.25,Rs./Quintal
Haryana,Vegetables,Tomato,December-2025,9892.36,Metric Tonnes,2850.41,Rs./Quintal
Himachal Pradesh,Vegetables,Onion,January-2023,973.69,Metric Tonnes,2080.77,Rs./Quintal
Himachal Pradesh,Vegetables,Potato,January-2023,1217.25,Metric Tonnes,978.80,Rs./Quintal
Himachal Pradesh,Vegetables,Tomato,January-2023,785.07,Metric Tonnes,1773.87,Rs./Quintal
Himachal Pradesh,Vegetables,Onion,February-2023,937.19,Metric Tonnes,1762.10,Rs./Quintal
Himachal Pradesh,Vegetables,Potato,February-2023,1225.55,Metric Tonnes,889.88,Rs./Quintal
Himachal Pradesh,Vegetables,Tomato,February-2023,779.03,Metric Tonnes,1709.20,Rs./Quintal
Himachal Pradesh,Vegetables,Onion,March-2023,951.53,Metric Tonnes,1595.16,Rs./Quintal
Himachal Pradesh,Vegetables,Potato,March-2023,1412.77,Metric Tonnes,854.60,Rs./Quintal
Himachal Pradesh,Vegetables,Tomato,March-2023,704.70,Metric Tonnes,2169.33,Rs./Quintal
Himachal Pradesh,Vegetables,Onion,April-2023,856.38,Metric Tonnes,1558.88,Rs./Quintal
Himachal Pradesh,Vegetables,Potato,April-2023,1164.34,Metric Tonnes,1017.92,Rs./Quintal
Himachal Pradesh,Vegetables,Tomato,April-2023,650.89,Metric Tonnes,1980.30,Rs./Quintal
Himachal Pradesh,Vegetables,Onion,May-2023,907.27,Metric Tonnes,1563.83,Rs./Quintal
Himachal Pradesh,Vegetables,Potato,May-2023,1057.94,Metric Tonnes,1207.73,Rs./Quintal
Himachal Pradesh,Vegetables,Tomato,May-2023,714.92,Metric Tonnes,1463.20,Rs./Quintal
Himachal Pradesh,Vegetables,Onion,June-2023,936.22,Metric Tonnes,1663.42,Rs./Quintal
Himachal Pradesh,Vegetables,Potato,June-2023,1218.34,Metric Tonnes,1477.15,Rs./Quintal
Himachal Pradesh,Vegetables,Tomato,June-2023,1196.92,Metric Tonnes,2824.61,Rs./Quintal
Himachal Pradesh,Vegetables,Onion,July-2023,895.55,Metric Tonnes,2205.64,Rs./Quintal
Himachal Pradesh,Vegetables,Potato,July-2023,1091.42,Metric Tonnes,1600.13,Rs./Quintal
Himachal Pradesh,Vegetables,Tomato,July-2023,901.20,Metric Tonnes,6132.87,Rs./Quintal
Himachal Pradesh,Vegetables,Onion,August-2023,931.44,Metric Tonnes,2584.92,Rs./Quintal
Himachal Pradesh,Vegetables,Potato,August-2023,1169.83,Metric Tonnes,1788.52,Rs./Quintal
Himachal Pradesh,Vegetables,Tomato,August-2023,2027.43,Metric Tonnes,5722.26,Rs./Quintal
Himachal Pradesh,Vegetables,Onion,September-2023,990.35,Metric Tonnes,2741.74,Rs./Quintal
Himachal Pradesh,Vegetables,Potato,September-2023,1240.97,Metric Tonnes,1960.26,Rs./Quintal
Himachal Pradesh,Vegetables,Tomato,September-2023,1965.14,Metric Tonnes,1602.68,Rs./Quintal
Himachal Pradesh,Vegetables,Onion,October-2023,896.74,Metric Tonnes,3471.74,Rs./Quintal
Himachal Pradesh,Vegetables,Potato,October-2023,1179.72,Metric Tonnes,1990.17,Rs./Quintal
Himachal Pradesh,Vegetables,Tomato,October-2023,1170.95,Metric Tonnes,1726.93,Rs./Quintal
Himachal Pradesh,Vegetables,Onion,November-2023,726.58,Metric Tonnes,4526.43,Rs./Quintal
Himachal Pradesh,Vegetables,Potato,November-2023,1126.99,Metric Tonnes,1797.85,Rs./Quintal
Himachal Pradesh,Vegetables,Tomato,November-2023,667.83,Metric Tonnes,3521.88,Rs./Quintal
Himachal Pradesh,Vegetables,Onion,December-2023,1046.79,Metric Tonnes,3445.20,Rs./Quintal
Himachal Pradesh,Vegetables,Potato,December-2023,1360.90,Metric Tonnes,1016.32,Rs./Quintal
Himachal Pradesh,Vegetables,Tomato,December-2023,653.59,Metric Tonnes,2983.88,Rs./Quintal
Himachal Pradesh,Vegetables,Onion,January-2024,882.86,Metric Tonnes,2621.48,Rs./Quintal
Himachal Pradesh,Vegetables,Potato,January-2024,1271.76,Metric Tonnes,846.08,Rs./Quintal
Himachal Pradesh,Vegetables,Tomato,January-2024,653.91,Metric Tonnes,2597.30,Rs./Quintal
Himachal Pradesh,Vegetables,Onion,February-2024,867.06,Metric Tonnes,2105.48,Rs./Quintal
Himachal Pradesh,Vegetables,Potato,February-2024,1257.55,Metric Tonnes,967.75,Rs./Quintal
Himachal Pradesh,Vegetables,Tomato,February-2024,644.86,Metric Tonnes,3211.84,Rs./Quintal
Himachal Pradesh,Vegetables,Onion,March-2024,795.95,Metric Tonnes,2511.31,Rs./Quintal
Himachal Pradesh,Vegetables,Potato,March-2024,1114.99,Metric Tonnes,1330.65,Rs./Quintal
Himachal Pradesh,Vegetables,Tomato,March-2024,642.67,Metric Tonnes,2920.53,Rs./Quintal
Himachal Pradesh,Vegetables,Onion,April-2024,715.25,Metric Tonnes,2388.45,Rs./Quintal
Himachal Pradesh,Vegetables,Potato,April-2024,949.03,Metric Tonnes,1670.55,Rs./Quintal
Himachal Pradesh,Vegetables,Tomato,April-2024,606.94,Metric Tonnes,2725.86,Rs./Quintal
Himachal Pradesh,Vegetables,Onion,May-2024,1118.94,Metric Tonnes,2235.35,Rs./Quintal
Himachal Pradesh,Vegetables,Potato,May-2024,1410.14,Metric Tonnes,2008.91,Rs./Quintal
Himachal Pradesh,Vegetables,Tomato,May-2024,963.63,Metric Tonnes,1905.97,Rs./Quintal
Himachal Pradesh,Vegetables,Onion,June-2024,884.50,Metric Tonnes,3103.80,Rs./Quintal
Himachal Pradesh,Vegetables,Potato,June-2024,1044.20,Metric Tonnes,2338.94,Rs./Quintal
Himachal Pradesh,Vegetables,Tomato,June-2024,1954.35,Metric Tonnes,1926.54,Rs./Quintal
Himachal Pradesh,Vegetables,Onion,July-2024,966.43,Metric Tonnes,3690.41,Rs./Quintal
Himachal Pradesh,Vegetables,Potato,July-2024,1213.60,Metric Tonnes,2646.57,Rs./Quintal
Himachal Pradesh,Vegetables,Tomato,July-2024,6878.12,Metric Tonnes,3132.31,Rs./Quintal
Himachal Pradesh,Vegetables,Onion,August-2024,741.41,Metric Tonnes,4038.45,Rs./Quintal
Himachal Pradesh,Vegetables,Potato,August-2024,951.90,Metric Tonnes,2723.76,Rs./Quintal
Himachal Pradesh,Vegetables,Tomato,August-2024,1874.39,Metric Tonnes,2570.40,Rs./Quintal
Himachal Pradesh,Vegetables,Onion,September-2024,884.49,Metric Tonnes,4903.87,Rs./Quintal
Himachal Pradesh,Vegetables,Potato,September-2024,1081.95,Metric Tonnes,2770.77,Rs./Quintal
Himachal Pradesh,Vegetables,Tomato,September-2024,985.15,Metric Tonnes,3058.01,Rs./Quintal
Himachal Pradesh,Vegetables,Onion,October-2024,970.38,Metric Tonnes,4804.62,Rs./Quintal
Himachal Pradesh,Vegetables,Potato,October-2024,1094.87,Metric Tonnes,2740.58,Rs./Quintal
Himachal Pradesh,Vegetables,Tomato,October-2024,652.62,Metric Tonnes,5397.28,Rs./Quintal
Himachal Pradesh,Vegetables,Onion,November-2024,852.60,Metric Tonnes,4825.26,Rs./Quintal
Himachal Pradesh,Vegetables,Potato,November-2024,1008.42,Metric Tonnes,2754.01,Rs./Quintal
Himachal Pradesh,Vegetables,Tomato,November-2024,593.00,Metric Tonnes,4020.48,Rs./Quintal
Himachal Pradesh,Vegetables,Onion,December-2024,872.81,Metric Tonnes,3852.44,Rs./Quintal
Himachal Pradesh,Vegetables,Potato,December-2024,985.21,Metric Tonnes,2403.00,Rs./Quintal
Himachal Pradesh,Vegetables,Tomato,December-2024,594.20,Metric Tonnes,3828.22,Rs./Quintal
Himachal Pradesh,Vegetables,Onion,January-2025,1110.45,Metric Tonnes,2957.71,Rs./Quintal
Himachal Pradesh,Vegetables,Potato,January-2025,1500.14,Metric Tonnes,1408.90,Rs./Quintal
Himachal Pradesh,Vegetables,Tomato,January-2025,859.11,Metric Tonnes,1962.71,Rs./Quintal
Himachal Pradesh,Vegetables,Onion,February-2025,1045.01,Metric Tonnes,3085.76,Rs./Quintal
Himachal Pradesh,Vegetables,Potato,February-2025,1629.60,Metric Tonnes,1099.72,Rs./Quintal
Himachal Pradesh,Vegetables,Tomato,February-2025,935.06,Metric Tonnes,1607.07,Rs./Quintal
Himachal Pradesh,Vegetables,Onion,March-2025,890.04,Metric Tonnes,2712.15,Rs./Quintal
Himachal Pradesh,Vegetables,Potato,March-2025,1287.32,Metric Tonnes,1081.69,Rs./Quintal
Himachal Pradesh,Vegetables,Tomato,March-2025,869.01,Metric Tonnes,1548.91,Rs./Quintal
Himachal Pradesh,Vegetables,Onion,April-2025,901.24,Metric Tonnes,1943.88,Rs./Quintal
Himachal Pradesh,Vegetables,Potato,April-2025,1260.66,Metric Tonnes,1036.73,Rs./Quintal
Himachal Pradesh,Vegetables,Tomato,April-2025,903.94,Metric Tonnes,1727.65,Rs./Quintal
Himachal Pradesh,Vegetables,Onion,May-2025,1173.44,Metric Tonnes,1639.66,Rs./Quintal
Himachal Pradesh,Vegetables,Potato,May-2025,1508.30,Metric Tonnes,1207.00,Rs./Quintal
Himachal Pradesh,Vegetables,Tomato,May-2025,1159.55,Metric Tonnes,1448.83,Rs./Quintal
Himachal Pradesh,Vegetables,Onion,June-2025,985.22,Metric Tonnes,1844.98,Rs./Quintal
Himachal Pradesh,Vegetables,Potato,June-2025,1481.70,Metric Tonnes,1489.31,Rs./Quintal
Himachal Pradesh,Vegetables,Tomato,June-2025,1804.77,Metric Tonnes,2179.95,Rs./Quintal
Himachal Pradesh,Vegetables,Onion,July-2025,1139.72,Metric Tonnes,2096.02,Rs./Quintal
Himachal Pradesh,Vegetables,Potato,July-2025,1323.96,Metric Tonnes,1573.65,Rs./Quintal
Himachal Pradesh,Vegetables,Tomato,July-2025,7750.69,Metric Tonnes,2321.21,Rs./Quintal
Himachal Pradesh,Vegetables,Onion,August-2025,1004.98,Metric Tonnes,2287.25,Rs./Quintal
Himachal Pradesh,Vegetables,Potato,August-2025,1235.82,Metric Tonnes,1756.62,Rs./Quintal
Himachal Pradesh,Vegetables,Tomato,August-2025,3494.16,Metric Tonnes,3464.10,Rs./Quintal
Himachal Pradesh,Vegetables,Onion,September-2025,966.22,Metric Tonnes,2083.86,Rs./Quintal
Himachal Pradesh,Vegetables,Potato,September-2025,1237.41,Metric Tonnes,1754.57,Rs./Quintal
Himachal Pradesh,Vegetables,Tomato,September-2025,1776.72,Metric Tonnes,2459.07,Rs./Quintal
Himachal Pradesh,Vegetables,Onion,October-2025,912.25,Metric Tonnes,1833.74,Rs./Quintal
Himachal Pradesh,Vegetables,Potato,October-2025,1157.36,Metric Tonnes,1737.90,Rs./Quintal
Himachal Pradesh,Vegetables,Tomato,October-2025,1207.00,Metric Tonnes,2526.62,Rs./Quintal
Himachal Pradesh,Vegetables,Onion,November-2025,1113.43,Metric Tonnes,1629.79,Rs./Quintal
Himachal Pradesh,Vegetables,Potato,November-2025,1373.66,Metric Tonnes,1741.14,Rs./Quintal
Himachal Pradesh,Vegetables,Tomato,November-2025,803.77,Metric Tonnes,3807.40,Rs./Quintal
Himachal Pradesh,Vegetables,Onion,December-2025,1212.15,Metric Tonnes,2038.78,Rs./Quintal
Himachal Pradesh,Vegetables,Potato,December-2025,4300.36,Metric Tonnes,1110.22,Rs./Quintal
Himachal Pradesh,Vegetables,Tomato,December-2025,897.89,Metric Tonnes,4433.37,Rs./Quintal
Jammu and Kashmir,Vegetables,Onion,January-2023,3098.40,Metric Tonnes,1968.69,Rs./Quintal
Jammu and Kashmir,Vegetables,Potato,January-2023,3120.77,Metric Tonnes,849.03,Rs./Quintal
Jammu and Kashmir,Vegetables,Tomato,January-2023,3020.00,Metric Tonnes,1730.05,Rs./Quintal
Jammu and Kashmir,Vegetables,Onion,February-2023,5052.00,Metric Tonnes,1628.39,Rs./Quintal
Jammu and Kashmir,Vegetables,Potato,February-2023,4661.60,Metric Tonnes,905.64,Rs./Quintal
Jammu and Kashmir,Vegetables,Tomato,February-2023,4240.05,Metric Tonnes,1695.90,Rs./Quintal
Jammu and Kashmir,Vegetables,Onion,March-2023,5456.10,Metric Tonnes,1400.33,Rs./Quintal
Jammu and Kashmir,Vegetables,Potato,March-2023,4953.00,Metric Tonnes,807.99,Rs./Quintal
Jammu and Kashmir,Vegetables,Tomato,March-2023,4517.40,Metric Tonnes,1914.85,Rs./Quintal
Jammu and Kashmir,Vegetables,Onion,April-2023,4996.70,Metric Tonnes,1306.30,Rs./Quintal
Jammu and Kashmir,Vegetables,Potato,April-2023,4189.90,Metric Tonnes,794.93,Rs./Quintal
Jammu and Kashmir,Vegetables,Tomato,April-2023,4135.35,Metric Tonnes,1767.89,Rs./Quintal
Jammu and Kashmir,Vegetables,Onion,May-2023,5910.50,Metric Tonnes,1287.98,Rs./Quintal
Jammu and Kashmir,Vegetables,Potato,May-2023,5460.70,Metric Tonnes,1136.11,Rs./Quintal
Jammu and Kashmir,Vegetables,Tomato,May-2023,5226.85,Metric Tonnes,1213.67,Rs./Quintal
Jammu and Kashmir,Vegetables,Onion,June-2023,5086.90,Metric Tonnes,1437.45,Rs./Quintal
Jammu and Kashmir,Vegetables,Potato,June-2023,5034.20,Metric Tonnes,1199.03,Rs./Quintal
Jammu and Kashmir,Vegetables,Tomato,June-2023,4618.80,Metric Tonnes,1937.15,Rs./Quintal
Jammu and Kashmir,Vegetables,Onion,July-2023,4457.00,Metric Tonnes,1912.92,Rs./Quintal
Jammu and Kashmir,Vegetables,Potato,July-2023,4895.40,Metric Tonnes,1467.78,Rs./Quintal
Jammu and Kashmir,Vegetables,Tomato,July-2023,2692.85,Metric Tonnes,8371.77,Rs./Quintal
Jammu and Kashmir,Vegetables,Onion,August-2023,5592.60,Metric Tonnes,2429.86,Rs./Quintal
Jammu and Kashmir,Vegetables,Potato,August-2023,6486.20,Metric Tonnes,1523.42,Rs./Quintal
Jammu and Kashmir,Vegetables,Tomato,August-2023,3972.09,Metric Tonnes,5204.50,Rs./Quintal
Jammu and Kashmir,Vegetables,Onion,September-2023,5224.40,Metric Tonnes,2677.21,Rs./Quintal
Jammu and Kashmir,Vegetables,Potato,September-2023,5021.30,Metric Tonnes,1380.33,Rs./Quintal
Jammu and Kashmir,Vegetables,Tomato,September-2023,4258.60,Metric Tonnes,1806.41,Rs./Quintal
Jammu and Kashmir,Vegetables,Onion,October-2023,4951.95,Metric Tonnes,3353.58,Rs./Quintal
Jammu and Kashmir,Vegetables,Potato,October-2023,8950.80,Metric Tonnes,1325.64,Rs./Quintal
Jammu and Kashmir,Vegetables,Tomato,October-2023,4899.55,Metric Tonnes,1621.60,Rs./Quintal
Jammu and Kashmir,Vegetables,Onion,November-2023,6104.84,Metric Tonnes,4478.18,Rs./Quintal
Jammu and Kashmir,Vegetables,Potato,November-2023,6151.40,Metric Tonnes,1342.96,Rs./Quintal
Jammu and Kashmir,Vegetables,Tomato,November-2023,5445.36,Metric Tonnes,3590.02,Rs./Quintal
Jammu and Kashmir,Vegetables,Onion,December-2023,5876.40,Metric Tonnes,3510.63,Rs./Quintal
Jammu and Kashmir,Vegetables,Potato,December-2023,6358.10,Metric Tonnes,997.44,Rs./Quintal
Jammu and Kashmir,Vegetables,Tomato,December-2023,5494.80,Metric Tonnes,2661.07,Rs./Quintal
Jammu and Kashmir,Vegetables,Onion,January-2024,5818.30,Metric Tonnes,2444.64,Rs./Quintal
Jammu and Kashmir,Vegetables,Potato,January-2024,6704.70,Metric Tonnes,911.52,Rs./Quintal
Jammu and Kashmir,Vegetables,Tomato,January-2024,5337.76,Metric Tonnes,2450.80,Rs./Quintal
Jammu and Kashmir,Vegetables,Onion,February-2024,5416.90,Metric Tonnes,1907.01,Rs./Quintal
Jammu and Kashmir,Vegetables,Potato,February-2024,6095.70,Metric Tonnes,999.46,Rs./Quintal
Jammu and Kashmir,Vegetables,Tomato,February-2024,4875.64,Metric Tonnes,3014.79,Rs./Quintal
Jammu and Kashmir,Vegetables,Onion,March-2024,5029.30,Metric Tonnes,2169.58,Rs./Quintal
Jammu and Kashmir,Vegetables,Potato,March-2024,5081.10,Metric Tonnes,1221.71,Rs./Quintal
Jammu and Kashmir,Vegetables,Tomato,March-2024,4788.70,Metric Tonnes,2726.37,Rs./Quintal
Jammu and Kashmir,Vegetables,Onion,April-2024,4732.15,Metric Tonnes,2172.01,Rs./Quintal
Jammu and Kashmir,Vegetables,Potato,April-2024,4743.30,Metric Tonnes,1810.74,Rs./Quintal
Jammu and Kashmir,Vegetables,Tomato,April-2024,4405.36,Metric Tonnes,2511.82,Rs./Quintal
Jammu and Kashmir,Vegetables,Onion,May-2024,6743.20,Metric Tonnes,2033.87,Rs./Quintal
Jammu and Kashmir,Vegetables,Potato,May-2024,6630.30,Metric Tonnes,1952.62,Rs./Quintal
Jammu and Kashmir,Vegetables,Tomato,May-2024,5748.26,Metric Tonnes,1755.13,Rs./Quintal
Jammu and Kashmir,Vegetables,Onion,June-2024,4011.00,Metric Tonnes,2521.56,Rs./Quintal
Jammu and Kashmir,Vegetables,Potato,June-2024,4318.90,Metric Tonnes,1843.37,Rs./Quintal
Jammu and Kashmir,Vegetables,Tomato,June-2024,3463.60,Metric Tonnes,1823.75,Rs./Quintal
Jammu and Kashmir,Vegetables,Onion,July-2024,4566.60,Metric Tonnes,3463.73,Rs./Quintal
Jammu and Kashmir,Vegetables,Potato,July-2024,4698.80,Metric Tonnes,2368.50,Rs./Quintal
Jammu and Kashmir,Vegetables,Tomato,July-2024,3203.50,Metric Tonnes,4838.27,Rs./Quintal
Jammu and Kashmir,Vegetables,Onion,August-2024,4602.20,Metric Tonnes,3886.25,Rs./Quintal
Jammu and Kashmir,Vegetables,Potato,August-2024,5102.30,Metric Tonnes,2314.34,Rs./Quintal
Jammu and Kashmir,Vegetables,Tomato,August-2024,4192.65,Metric Tonnes,3542.82,Rs./Quintal
Jammu and Kashmir,Vegetables,Onion,September-2024,4625.65,Metric Tonnes,4678.17,Rs./Quintal
Jammu and Kashmir,Vegetables,Potato,September-2024,4835.40,Metric Tonnes,2095.83,Rs./Quintal
Jammu and Kashmir,Vegetables,Tomato,September-2024,4328.65,Metric Tonnes,3472.14,Rs./Quintal
Jammu and Kashmir,Vegetables,Onion,October-2024,5427.65,Metric Tonnes,4730.90,Rs./Quintal
Jammu and Kashmir,Vegetables,Potato,October-2024,5539.90,Metric Tonnes,2188.68,Rs./Quintal
Jammu and Kashmir,Vegetables,Tomato,October-2024,3812.15,Metric Tonnes,5317.67,Rs./Quintal
Jammu and Kashmir,Vegetables,Onion,November-2024,6819.20,Metric Tonnes,4593.73,Rs./Quintal
Jammu and Kashmir,Vegetables,Potato,November-2024,6854.05,Metric Tonnes,2475.72,Rs./Quintal
Jammu and Kashmir,Vegetables,Tomato,November-2024,5002.50,Metric Tonnes,3418.56,Rs./Quintal
Jammu and Kashmir,Vegetables,Onion,December-2024,6647.05,Metric Tonnes,3612.01,Rs./Quintal
Jammu and Kashmir,Vegetables,Potato,December-2024,6732.95,Metric Tonnes,2361.61,Rs./Quintal
Jammu and Kashmir,Vegetables,Tomato,December-2024,5028.25,Metric Tonnes,3275.52,Rs./Quintal
Jammu and Kashmir,Vegetables,Onion,January-2025,5663.40,Metric Tonnes,2831.97,Rs./Quintal
Jammu and Kashmir,Vegetables,Potato,January-2025,6040.40,Metric Tonnes,1248.02,Rs./Quintal
Jammu and Kashmir,Vegetables,Tomato,January-2025,5405.50,Metric Tonnes,1747.12,Rs./Quintal
Jammu and Kashmir,Vegetables,Onion,February-2025,5437.20,Metric Tonnes,2945.83,Rs./Quintal
Jammu and Kashmir,Vegetables,Potato,February-2025,5656.15,Metric Tonnes,1149.65,Rs./Quintal
Jammu and Kashmir,Vegetables,Tomato,February-2025,5016.70,Metric Tonnes,1655.97,Rs./Quintal
Jammu and Kashmir,Vegetables,Onion,March-2025,6498.30,Metric Tonnes,2576.50,Rs./Quintal
Jammu and Kashmir,Vegetables,Potato,March-2025,6640.10,Metric Tonnes,1255.34,Rs./Quintal
Jammu and Kashmir,Vegetables,Tomato,March-2025,5221.20,Metric Tonnes,1567.97,Rs./Quintal
Jammu and Kashmir,Vegetables,Onion,April-2025,6095.20,Metric Tonnes,1863.11,Rs./Quintal
Jammu and Kashmir,Vegetables,Potato,April-2025,6118.80,Metric Tonnes,1262.14,Rs./Quintal
Jammu and Kashmir,Vegetables,Tomato,April-2025,5084.50,Metric Tonnes,1725.97,Rs./Quintal
Jammu and Kashmir,Vegetables,Onion,May-2025,7038.00,Metric Tonnes,1702.28,Rs./Quintal
Jammu and Kashmir,Vegetables,Potato,May-2025,7225.20,Metric Tonnes,1298.82,Rs./Quintal
Jammu and Kashmir,Vegetables,Tomato,May-2025,6440.30,Metric Tonnes,1438.97,Rs./Quintal
Jammu and Kashmir,Vegetables,Onion,June-2025,4699.30,Metric Tonnes,1720.27,Rs./Quintal
Jammu and Kashmir,Vegetables,Potato,June-2025,4272.20,Metric Tonnes,1315.97,Rs./Quintal
Jammu and Kashmir,Vegetables,Tomato,June-2025,3575.60,Metric Tonnes,2286.51,Rs./Quintal
Jammu and Kashmir,Vegetables,Onion,July-2025,6740.20,Metric Tonnes,1896.74,Rs./Quintal
Jammu and Kashmir,Vegetables,Potato,July-2025,6762.20,Metric Tonnes,1374.05,Rs./Quintal
Jammu and Kashmir,Vegetables,Tomato,July-2025,4787.20,Metric Tonnes,3480.59,Rs./Quintal
Jammu and Kashmir,Vegetables,Onion,August-2025,6852.50,Metric Tonnes,1990.10,Rs./Quintal
Jammu and Kashmir,Vegetables,Potato,August-2025,6811.80,Metric Tonnes,1414.20,Rs./Quintal
Jammu and Kashmir,Vegetables,Tomato,August-2025,4159.70,Metric Tonnes,4413.01,Rs./Quintal
Jammu and Kashmir,Vegetables,Onion,September-2025,6651.90,Metric Tonnes,1911.05,Rs./Quintal
Jammu and Kashmir,Vegetables,Potato,September-2025,5980.30,Metric Tonnes,1500.73,Rs./Quintal
Jammu and Kashmir,Vegetables,Tomato,September-2025,4857.70,Metric Tonnes,2615.82,Rs./Quintal
Jammu and Kashmir,Vegetables,Onion,October-2025,7607.80,Metric Tonnes,1751.89,Rs./Quintal
Jammu and Kashmir,Vegetables,Potato,October-2025,7184.00,Metric Tonnes,1494.03,Rs./Quintal
Jammu and Kashmir,Vegetables,Tomato,October-2025,6104.30,Metric Tonnes,2377.72,Rs./Quintal
Jammu and Kashmir,Vegetables,Onion,November-2025,5330.80,Metric Tonnes,1766.67,Rs./Quintal
Jammu and Kashmir,Vegetables,Potato,November-2025,5426.00,Metric Tonnes,1597.64,Rs./Quintal
Jammu and Kashmir,Vegetables,Tomato,November-2025,4024.70,Metric Tonnes,3028.43,Rs./Quintal
Jammu and Kashmir,Vegetables,Onion,December-2025,8200.60,Metric Tonnes,2532.03,Rs./Quintal
Jammu and Kashmir,Vegetables,Potato,December-2025,5131.30,Metric Tonnes,1260.88,Rs./Quintal
Jammu and Kashmir,Vegetables,Tomato,December-2025,2404.00,Metric Tonnes,3996.14,Rs./Quintal
Jharkhand,Vegetables,Potato,January-2023,13.00,Metric Tonnes,1200.00,Rs./Quintal
Jharkhand,Vegetables,Tomato,January-2023,9.00,Metric Tonnes,700.00,Rs./Quintal
Karnataka,Vegetables,Onion,January-2023,90472.00,Metric Tonnes,1364.54,Rs./Quintal
Karnataka,Vegetables,Potato,January-2023,37884.00,Metric Tonnes,2115.51,Rs./Quintal
Karnataka,Vegetables,Tomato,January-2023,28383.00,Metric Tonnes,1070.18,Rs./Quintal
Karnataka,Vegetables,Onion,February-2023,85911.00,Metric Tonnes,1001.25,Rs./Quintal
Karnataka,Vegetables,Potato,February-2023,34505.00,Metric Tonnes,1472.65,Rs./Quintal
Karnataka,Vegetables,Tomato,February-2023,21691.00,Metric Tonnes,1187.88,Rs./Quintal
Karnataka,Vegetables,Onion,March-2023,96212.00,Metric Tonnes,1018.42,Rs./Quintal
Karnataka,Vegetables,Potato,March-2023,37590.00,Metric Tonnes,1164.79,Rs./Quintal
Karnataka,Vegetables,Tomato,March-2023,24383.00,Metric Tonnes,931.21,Rs./Quintal
Karnataka,Vegetables,Onion,April-2023,80779.00,Metric Tonnes,907.13,Rs./Quintal
Karnataka,Vegetables,Potato,April-2023,32122.00,Metric Tonnes,1284.79,Rs./Quintal
Karnataka,Vegetables,Tomato,April-2023,36035.00,Metric Tonnes,540.98,Rs./Quintal
Karnataka,Vegetables,Onion,May-2023,87478.00,Metric Tonnes,840.62,Rs./Quintal
Karnataka,Vegetables,Potato,May-2023,37135.00,Metric Tonnes,1577.67,Rs./Quintal
Karnataka,Vegetables,Tomato,May-2023,44398.00,Metric Tonnes,737.94,Rs./Quintal
Karnataka,Vegetables,Onion,June-2023,80178.00,Metric Tonnes,1104.50,Rs./Quintal
Karnataka,Vegetables,Potato,June-2023,38049.00,Metric Tonnes,1575.78,Rs./Quintal
Karnataka,Vegetables,Tomato,June-2023,66946.00,Metric Tonnes,2105.51,Rs./Quintal
Karnataka,Vegetables,Onion,July-2023,59824.00,Metric Tonnes,1356.19,Rs./Quintal
Karnataka,Vegetables,Potato,July-2023,31800.00,Metric Tonnes,1653.45,Rs./Quintal
Karnataka,Vegetables,Tomato,July-2023,59038.00,Metric Tonnes,5980.51,Rs./Quintal
Karnataka,Vegetables,Onion,August-2023,62571.00,Metric Tonnes,1767.51,Rs./Quintal
Karnataka,Vegetables,Potato,August-2023,39473.00,Metric Tonnes,1800.45,Rs./Quintal
Karnataka,Vegetables,Tomato,August-2023,63375.00,Metric Tonnes,3044.28,Rs./Quintal
Karnataka,Vegetables,Onion,September-2023,44119.00,Metric Tonnes,1980.67,Rs./Quintal
Karnataka,Vegetables,Potato,September-2023,27364.00,Metric Tonnes,1741.22,Rs./Quintal
Karnataka,Vegetables,Tomato,September-2023,77628.00,Metric Tonnes,765.65,Rs./Quintal
Karnataka,Vegetables,Onion,October-2023,87572.00,Metric Tonnes,2847.88,Rs./Quintal
Karnataka,Vegetables,Potato,October-2023,33479.00,Metric Tonnes,1736.09,Rs./Quintal
Karnataka,Vegetables,Tomato,October-2023,68636.00,Metric Tonnes,774.62,Rs./Quintal
Karnataka,Vegetables,Onion,November-2023,97399.00,Metric Tonnes,3352.93,Rs./Quintal
Karnataka,Vegetables,Potato,November-2023,32393.00,Metric Tonnes,1723.08,Rs./Quintal
Karnataka,Vegetables,Tomato,November-2023,46775.00,Metric Tonnes,1423.89,Rs./Quintal
Karnataka,Vegetables,Onion,December-2023,101471.00,Metric Tonnes,2558.44,Rs./Quintal
Karnataka,Vegetables,Potato,December-2023,37777.00,Metric Tonnes,1867.91,Rs./Quintal
Karnataka,Vegetables,Tomato,December-2023,37359.00,Metric Tonnes,1223.31,Rs./Quintal
Karnataka,Vegetables,Onion,January-2024,76550.00,Metric Tonnes,1493.18,Rs./Quintal
Karnataka,Vegetables,Potato,January-2024,27238.00,Metric Tonnes,1858.73,Rs./Quintal
Karnataka,Vegetables,Tomato,January-2024,28204.00,Metric Tonnes,1200.82,Rs./Quintal
Karnataka,Vegetables,Onion,February-2024,58977.00,Metric Tonnes,1530.37,Rs./Quintal
Karnataka,Vegetables,Potato,February-2024,24246.00,Metric Tonnes,1723.37,Rs./Quintal
Karnataka,Vegetables,Tomato,February-2024,35303.00,Metric Tonnes,1001.11,Rs./Quintal
Karnataka,Vegetables,Onion,March-2024,88594.00,Metric Tonnes,1358.24,Rs./Quintal
Karnataka,Vegetables,Potato,March-2024,33154.00,Metric Tonnes,1855.88,Rs./Quintal
Karnataka,Vegetables,Tomato,March-2024,31911.00,Metric Tonnes,949.65,Rs./Quintal
Karnataka,Vegetables,Onion,April-2024,54220.00,Metric Tonnes,1344.71,Rs./Quintal
Karnataka,Vegetables,Potato,April-2024,22684.00,Metric Tonnes,2475.94,Rs./Quintal
Karnataka,Vegetables,Tomato,April-2024,27290.00,Metric Tonnes,1111.77,Rs./Quintal
Karnataka,Vegetables,Onion,May-2024,67145.00,Metric Tonnes,1565.56,Rs./Quintal
Karnataka,Vegetables,Potato,May-2024,41328.00,Metric Tonnes,2636.99,Rs./Quintal
Karnataka,Vegetables,Tomato,May-2024,48206.00,Metric Tonnes,1329.07,Rs./Quintal
Karnataka,Vegetables,Onion,June-2024,68456.00,Metric Tonnes,2279.61,Rs./Quintal
Karnataka,Vegetables,Potato,June-2024,37904.00,Metric Tonnes,2889.51,Rs./Quintal
Karnataka,Vegetables,Tomato,June-2024,52681.00,Metric Tonnes,2910.60,Rs./Quintal
Karnataka,Vegetables,Onion,July-2024,57422.00,Metric Tonnes,2598.49,Rs./Quintal
Karnataka,Vegetables,Potato,July-2024,35238.00,Metric Tonnes,3035.89,Rs./Quintal
Karnataka,Vegetables,Tomato,July-2024,126503.00,Metric Tonnes,2860.83,Rs./Quintal
Karnataka,Vegetables,Onion,August-2024,54956.00,Metric Tonnes,2977.04,Rs./Quintal
Karnataka,Vegetables,Potato,August-2024,35039.00,Metric Tonnes,2584.81,Rs./Quintal
Karnataka,Vegetables,Tomato,August-2024,122115.00,Metric Tonnes,1292.42,Rs./Quintal
Karnataka,Vegetables,Onion,September-2024,91740.00,Metric Tonnes,3233.18,Rs./Quintal
Karnataka,Vegetables,Potato,September-2024,33214.00,Metric Tonnes,2702.27,Rs./Quintal
Karnataka,Vegetables,Tomato,September-2024,57688.00,Metric Tonnes,1610.47,Rs./Quintal
Karnataka,Vegetables,Onion,October-2024,160340.00,Metric Tonnes,2879.51,Rs./Quintal
Karnataka,Vegetables,Potato,October-2024,32634.00,Metric Tonnes,2818.62,Rs./Quintal
Karnataka,Vegetables,Tomato,October-2024,48215.00,Metric Tonnes,2211.88,Rs./Quintal
Karnataka,Vegetables,Onion,November-2024,60663.00,Metric Tonnes,3070.89,Rs./Quintal
Karnataka,Vegetables,Potato,November-2024,9496.00,Metric Tonnes,2732.81,Rs./Quintal
Karnataka,Vegetables,Tomato,November-2024,43164.00,Metric Tonnes,1502.26,Rs./Quintal
Karnataka,Vegetables,Onion,December-2024,66147.00,Metric Tonnes,3140.95,Rs./Quintal
Karnataka,Vegetables,Potato,December-2024,27505.00,Metric Tonnes,2947.67,Rs./Quintal
Karnataka,Vegetables,Tomato,December-2024,36777.00,Metric Tonnes,1228.16,Rs./Quintal
Karnataka,Vegetables,Onion,January-2025,70766.00,Metric Tonnes,2444.30,Rs./Quintal
Karnataka,Vegetables,Potato,January-2025,33462.00,Metric Tonnes,2393.61,Rs./Quintal
Karnataka,Vegetables,Tomato,January-2025,30250.00,Metric Tonnes,740.93,Rs./Quintal
Karnataka,Vegetables,Onion,February-2025,43487.00,Metric Tonnes,2535.92,Rs./Quintal
Karnataka,Vegetables,Potato,February-2025,17436.00,Metric Tonnes,1759.63,Rs./Quintal
Karnataka,Vegetables,Tomato,February-2025,23364.00,Metric Tonnes,792.49,Rs./Quintal
Karnataka,Vegetables,Onion,March-2025,7347.00,Metric Tonnes,2268.34,Rs./Quintal
Karnataka,Vegetables,Potato,March-2025,1964.00,Metric Tonnes,1633.98,Rs./Quintal
Karnataka,Vegetables,Tomato,March-2025,15669.00,Metric Tonnes,611.83,Rs./Quintal
Karnataka,Vegetables,Onion,April-2025,12155.00,Metric Tonnes,1417.24,Rs./Quintal
Karnataka,Vegetables,Potato,April-2025,3203.00,Metric Tonnes,1603.26,Rs./Quintal
Karnataka,Vegetables,Tomato,April-2025,20760.00,Metric Tonnes,627.14,Rs./Quintal
Karnataka,Vegetables,Onion,May-2025,11947.00,Metric Tonnes,1414.89,Rs./Quintal
Karnataka,Vegetables,Potato,May-2025,3120.00,Metric Tonnes,1766.04,Rs./Quintal
Karnataka,Vegetables,Tomato,May-2025,40731.00,Metric Tonnes,605.84,Rs./Quintal
Karnataka,Vegetables,Onion,June-2025,10851.00,Metric Tonnes,1461.48,Rs./Quintal
Karnataka,Vegetables,Potato,June-2025,4833.00,Metric Tonnes,1673.55,Rs./Quintal
Karnataka,Vegetables,Tomato,June-2025,95443.00,Metric Tonnes,1267.31,Rs./Quintal
Karnataka,Vegetables,Onion,July-2025,10240.00,Metric Tonnes,1557.49,Rs./Quintal
Karnataka,Vegetables,Potato,July-2025,5921.00,Metric Tonnes,1517.48,Rs./Quintal
Karnataka,Vegetables,Tomato,July-2025,75370.00,Metric Tonnes,1741.28,Rs./Quintal
Karnataka,Vegetables,Onion,August-2025,6865.00,Metric Tonnes,1474.28,Rs./Quintal
Karnataka,Vegetables,Potato,August-2025,3007.00,Metric Tonnes,1591.29,Rs./Quintal
Karnataka,Vegetables,Tomato,August-2025,50933.40,Metric Tonnes,1952.23,Rs./Quintal
Karnataka,Vegetables,Onion,September-2025,6899.42,Metric Tonnes,1184.23,Rs./Quintal
Karnataka,Vegetables,Potato,September-2025,2007.85,Metric Tonnes,1587.42,Rs./Quintal
Karnataka,Vegetables,Tomato,September-2025,30137.15,Metric Tonnes,1157.03,Rs./Quintal
Karnataka,Vegetables,Onion,October-2025,3558.72,Metric Tonnes,988.85,Rs./Quintal
Karnataka,Vegetables,Potato,October-2025,432.99,Metric Tonnes,1666.24,Rs./Quintal
Karnataka,Vegetables,Tomato,October-2025,2920.03,Metric Tonnes,1270.85,Rs./Quintal
Karnataka,Vegetables,Onion,November-2025,45325.16,Metric Tonnes,927.89,Rs./Quintal
Karnataka,Vegetables,Potato,November-2025,16478.90,Metric Tonnes,1929.56,Rs./Quintal
Karnataka,Vegetables,Tomato,November-2025,15337.89,Metric Tonnes,1870.97,Rs./Quintal
Karnataka,Vegetables,Onion,December-2025,89982.40,Metric Tonnes,1340.90,Rs./Quintal
Karnataka,Vegetables,Potato,December-2025,35496.00,Metric Tonnes,1867.71,Rs./Quintal
Karnataka,Vegetables,Tomato,December-2025,11610.90,Metric Tonnes,2259.17,Rs./Quintal
Keralam,Vegetables,Onion,January-2023,8454.36,Metric Tonnes,3675.41,Rs./Quintal
Keralam,Vegetables,Potato,January-2023,8804.44,Metric Tonnes,19427.61,Rs./Quintal
Keralam,Vegetables,Tomato,January-2023,6456.93,Metric Tonnes,12084.68,Rs./Quintal
Keralam,Vegetables,Onion,February-2023,7799.13,Metric Tonnes,2501.84,Rs./Quintal
Keralam,Vegetables,Potato,February-2023,9381.05,Metric Tonnes,19773.78,Rs./Quintal
Keralam,Vegetables,Tomato,February-2023,6914.15,Metric Tonnes,12795.97,Rs./Quintal
Keralam,Vegetables,Onion,March-2023,9550.88,Metric Tonnes,2391.57,Rs./Quintal
Keralam,Vegetables,Potato,March-2023,10586.99,Metric Tonnes,17670.64,Rs./Quintal
Keralam,Vegetables,Tomato,March-2023,7778.85,Metric Tonnes,11579.99,Rs./Quintal
Keralam,Vegetables,Onion,April-2023,7736.38,Metric Tonnes,2504.07,Rs./Quintal
Keralam,Vegetables,Potato,April-2023,3831.63,Metric Tonnes,2205.18,Rs./Quintal
Keralam,Vegetables,Tomato,April-2023,3648.19,Metric Tonnes,1730.06,Rs./Quintal
Keralam,Vegetables,Onion,May-2023,19877.62,Metric Tonnes,5348.48,Rs./Quintal
Keralam,Vegetables,Potato,May-2023,4519.43,Metric Tonnes,2344.43,Rs./Quintal
Keralam,Vegetables,Tomato,May-2023,4165.62,Metric Tonnes,1953.15,Rs./Quintal
Keralam,Vegetables,Onion,June-2023,8951.81,Metric Tonnes,2993.70,Rs./Quintal
Keralam,Vegetables,Potato,June-2023,5647.24,Metric Tonnes,2274.79,Rs./Quintal
Keralam,Vegetables,Tomato,June-2023,4467.67,Metric Tonnes,3343.67,Rs./Quintal
Keralam,Vegetables,Onion,July-2023,8754.19,Metric Tonnes,3077.38,Rs./Quintal
Keralam,Vegetables,Potato,July-2023,5523.46,Metric Tonnes,2287.46,Rs./Quintal
Keralam,Vegetables,Tomato,July-2023,2497.06,Metric Tonnes,7304.28,Rs./Quintal
Keralam,Vegetables,Onion,August-2023,8146.78,Metric Tonnes,3491.61,Rs./Quintal
Keralam,Vegetables,Potato,August-2023,4897.30,Metric Tonnes,2484.88,Rs./Quintal
Keralam,Vegetables,Tomato,August-2023,2793.78,Metric Tonnes,4069.34,Rs./Quintal
Keralam,Vegetables,Onion,September-2023,7738.66,Metric Tonnes,3673.10,Rs./Quintal
Keralam,Vegetables,Potato,September-2023,3906.01,Metric Tonnes,2755.36,Rs./Quintal
Keralam,Vegetables,Tomato,September-2023,3433.98,Metric Tonnes,1777.02,Rs./Quintal
Keralam,Vegetables,Onion,October-2023,7795.49,Metric Tonnes,4998.48,Rs./Quintal
Keralam,Vegetables,Potato,October-2023,4058.20,Metric Tonnes,2977.22,Rs./Quintal
Keralam,Vegetables,Tomato,October-2023,3690.04,Metric Tonnes,1709.81,Rs./Quintal
Keralam,Vegetables,Onion,November-2023,7522.61,Metric Tonnes,6228.72,Rs./Quintal
Keralam,Vegetables,Potato,November-2023,3733.01,Metric Tonnes,3123.79,Rs./Quintal
Keralam,Vegetables,Tomato,November-2023,3530.92,Metric Tonnes,3176.39,Rs./Quintal
Keralam,Vegetables,Onion,December-2023,7061.29,Metric Tonnes,5116.03,Rs./Quintal
Keralam,Vegetables,Potato,December-2023,3431.20,Metric Tonnes,3150.17,Rs./Quintal
Keralam,Vegetables,Tomato,December-2023,2707.23,Metric Tonnes,3627.77,Rs./Quintal
Keralam,Vegetables,Onion,January-2024,8503.93,Metric Tonnes,3300.75,Rs./Quintal
Keralam,Vegetables,Potato,January-2024,4392.52,Metric Tonnes,2990.80,Rs./Quintal
Keralam,Vegetables,Tomato,January-2024,3564.89,Metric Tonnes,3087.57,Rs./Quintal
Keralam,Vegetables,Onion,February-2024,8578.11,Metric Tonnes,2872.88,Rs./Quintal
Keralam,Vegetables,Potato,February-2024,6057.46,Metric Tonnes,3349.04,Rs./Quintal
Keralam,Vegetables,Tomato,February-2024,3637.13,Metric Tonnes,2993.23,Rs./Quintal
Keralam,Vegetables,Onion,March-2024,7452.83,Metric Tonnes,2865.92,Rs./Quintal
Keralam,Vegetables,Potato,March-2024,6704.42,Metric Tonnes,3346.24,Rs./Quintal
Keralam,Vegetables,Tomato,March-2024,7842.68,Metric Tonnes,4097.40,Rs./Quintal
Keralam,Vegetables,Onion,April-2024,10994.28,Metric Tonnes,3407.74,Rs./Quintal
Keralam,Vegetables,Potato,April-2024,4095.41,Metric Tonnes,3687.93,Rs./Quintal
Keralam,Vegetables,Tomato,April-2024,5590.61,Metric Tonnes,3649.76,Rs./Quintal
Keralam,Vegetables,Onion,May-2024,8937.92,Metric Tonnes,3574.33,Rs./Quintal
Keralam,Vegetables,Potato,May-2024,4267.33,Metric Tonnes,3906.28,Rs./Quintal
Keralam,Vegetables,Tomato,May-2024,3579.42,Metric Tonnes,3429.78,Rs./Quintal
Keralam,Vegetables,Onion,June-2024,8915.80,Metric Tonnes,4401.82,Rs./Quintal
Keralam,Vegetables,Potato,June-2024,4212.28,Metric Tonnes,4056.58,Rs./Quintal
Keralam,Vegetables,Tomato,June-2024,3609.08,Metric Tonnes,5702.38,Rs./Quintal
Keralam,Vegetables,Onion,July-2024,11433.15,Metric Tonnes,4528.43,Rs./Quintal
Keralam,Vegetables,Potato,July-2024,5688.80,Metric Tonnes,4377.12,Rs./Quintal
Keralam,Vegetables,Tomato,July-2024,4081.64,Metric Tonnes,5122.08,Rs./Quintal
Keralam,Vegetables,Onion,August-2024,10854.57,Metric Tonnes,4524.16,Rs./Quintal
Keralam,Vegetables,Potato,August-2024,5526.36,Metric Tonnes,4165.70,Rs./Quintal
Keralam,Vegetables,Tomato,August-2024,3758.65,Metric Tonnes,2500.16,Rs./Quintal
Keralam,Vegetables,Onion,September-2024,10611.51,Metric Tonnes,5403.50,Rs./Quintal
Keralam,Vegetables,Potato,September-2024,5463.92,Metric Tonnes,4158.93,Rs./Quintal
Keralam,Vegetables,Tomato,September-2024,4242.45,Metric Tonnes,3138.64,Rs./Quintal
Keralam,Vegetables,Onion,October-2024,11750.50,Metric Tonnes,5458.51,Rs./Quintal
Keralam,Vegetables,Potato,October-2024,5932.80,Metric Tonnes,4144.58,Rs./Quintal
Keralam,Vegetables,Tomato,October-2024,4145.22,Metric Tonnes,4871.71,Rs./Quintal
Keralam,Vegetables,Onion,November-2024,9892.70,Metric Tonnes,6394.64,Rs./Quintal
Keralam,Vegetables,Potato,November-2024,5318.47,Metric Tonnes,4227.05,Rs./Quintal
Keralam,Vegetables,Tomato,November-2024,4077.76,Metric Tonnes,3038.76,Rs./Quintal
Keralam,Vegetables,Onion,December-2024,10634.31,Metric Tonnes,5572.38,Rs./Quintal
Keralam,Vegetables,Potato,December-2024,5684.60,Metric Tonnes,3973.70,Rs./Quintal
Keralam,Vegetables,Tomato,December-2024,4547.33,Metric Tonnes,3349.67,Rs./Quintal
Keralam,Vegetables,Onion,January-2025,9910.35,Metric Tonnes,5124.94,Rs./Quintal
Keralam,Vegetables,Potato,January-2025,5482.76,Metric Tonnes,3563.63,Rs./Quintal
Keralam,Vegetables,Tomato,January-2025,4081.58,Metric Tonnes,2405.99,Rs./Quintal
Keralam,Vegetables,Onion,February-2025,9935.87,Metric Tonnes,4338.45,Rs./Quintal
Keralam,Vegetables,Potato,February-2025,5350.67,Metric Tonnes,3230.64,Rs./Quintal
Keralam,Vegetables,Tomato,February-2025,3962.04,Metric Tonnes,2321.89,Rs./Quintal
Keralam,Vegetables,Onion,March-2025,11570.24,Metric Tonnes,3352.27,Rs./Quintal
Keralam,Vegetables,Potato,March-2025,5890.84,Metric Tonnes,3081.09,Rs./Quintal
Keralam,Vegetables,Tomato,March-2025,4673.92,Metric Tonnes,2048.56,Rs./Quintal
Keralam,Vegetables,Onion,April-2025,11352.70,Metric Tonnes,2900.97,Rs./Quintal
Keralam,Vegetables,Potato,April-2025,5630.06,Metric Tonnes,3024.94,Rs./Quintal
Keralam,Vegetables,Tomato,April-2025,5447.03,Metric Tonnes,2104.95,Rs./Quintal
Keralam,Vegetables,Onion,May-2025,10924.16,Metric Tonnes,3106.30,Rs./Quintal
Keralam,Vegetables,Potato,May-2025,5577.96,Metric Tonnes,3096.72,Rs./Quintal
Keralam,Vegetables,Tomato,May-2025,4176.70,Metric Tonnes,2180.57,Rs./Quintal
Keralam,Vegetables,Onion,June-2025,10801.50,Metric Tonnes,3552.03,Rs./Quintal
Keralam,Vegetables,Potato,June-2025,5494.97,Metric Tonnes,3114.40,Rs./Quintal
Keralam,Vegetables,Tomato,June-2025,3882.32,Metric Tonnes,2734.48,Rs./Quintal
Keralam,Vegetables,Onion,July-2025,10365.70,Metric Tonnes,3585.30,Rs./Quintal
Keralam,Vegetables,Potato,July-2025,5330.02,Metric Tonnes,3165.04,Rs./Quintal
Keralam,Vegetables,Tomato,July-2025,4044.99,Metric Tonnes,3302.29,Rs./Quintal
Keralam,Vegetables,Onion,August-2025,10584.36,Metric Tonnes,3119.04,Rs./Quintal
Keralam,Vegetables,Potato,August-2025,5334.91,Metric Tonnes,3055.55,Rs./Quintal
Keralam,Vegetables,Tomato,August-2025,6517.89,Metric Tonnes,3793.74,Rs./Quintal
Keralam,Vegetables,Onion,September-2025,9903.07,Metric Tonnes,2871.56,Rs./Quintal
Keralam,Vegetables,Potato,September-2025,5068.03,Metric Tonnes,2916.54,Rs./Quintal
Keralam,Vegetables,Tomato,September-2025,4381.31,Metric Tonnes,2627.41,Rs./Quintal
Keralam,Vegetables,Onion,October-2025,9862.17,Metric Tonnes,3026.08,Rs./Quintal
Keralam,Vegetables,Potato,October-2025,5079.20,Metric Tonnes,3156.08,Rs./Quintal
Keralam,Vegetables,Tomato,October-2025,7272.01,Metric Tonnes,2218.54,Rs./Quintal
Keralam,Vegetables,Onion,November-2025,32587.51,Metric Tonnes,3386.53,Rs./Quintal
Keralam,Vegetables,Potato,November-2025,20708.33,Metric Tonnes,3995.54,Rs./Quintal
Keralam,Vegetables,Tomato,November-2025,29200.48,Metric Tonnes,4338.73,Rs./Quintal
Keralam,Vegetables,Onion,December-2025,37399.34,Metric Tonnes,3457.20,Rs./Quintal
Keralam,Vegetables,Potato,December-2025,24359.04,Metric Tonnes,4102.38,Rs./Quintal
Keralam,Vegetables,Tomato,December-2025,44618.85,Metric Tonnes,5350.65,Rs./Quintal
Madhya Pradesh,Vegetables,Onion,January-2023,78678.42,Metric Tonnes,1083.31,Rs./Quintal
Madhya Pradesh,Vegetables,Potato,January-2023,49116.29,Metric Tonnes,830.09,Rs./Quintal
Madhya Pradesh,Vegetables,Tomato,January-2023,4287.92,Metric Tonnes,739.28,Rs./Quintal
Madhya Pradesh,Vegetables,Onion,February-2023,98987.57,Metric Tonnes,712.97,Rs./Quintal
Madhya Pradesh,Vegetables,Potato,February-2023,48417.24,Metric Tonnes,700.92,Rs./Quintal
Madhya Pradesh,Vegetables,Tomato,February-2023,4214.84,Metric Tonnes,664.22,Rs./Quintal
Madhya Pradesh,Vegetables,Onion,March-2023,82220.73,Metric Tonnes,674.38,Rs./Quintal
Madhya Pradesh,Vegetables,Potato,March-2023,34482.67,Metric Tonnes,706.58,Rs./Quintal
Madhya Pradesh,Vegetables,Tomato,March-2023,4420.55,Metric Tonnes,670.16,Rs./Quintal
Madhya Pradesh,Vegetables,Onion,April-2023,150939.37,Metric Tonnes,633.48,Rs./Quintal
Madhya Pradesh,Vegetables,Potato,April-2023,19627.08,Metric Tonnes,876.68,Rs./Quintal
Madhya Pradesh,Vegetables,Tomato,April-2023,3681.31,Metric Tonnes,680.44,Rs./Quintal
Madhya Pradesh,Vegetables,Onion,May-2023,242812.53,Metric Tonnes,589.21,Rs./Quintal
Madhya Pradesh,Vegetables,Potato,May-2023,11234.47,Metric Tonnes,962.26,Rs./Quintal
Madhya Pradesh,Vegetables,Tomato,May-2023,3689.19,Metric Tonnes,720.87,Rs./Quintal
Madhya Pradesh,Vegetables,Onion,June-2023,201363.65,Metric Tonnes,709.76,Rs./Quintal
Madhya Pradesh,Vegetables,Potato,June-2023,11210.41,Metric Tonnes,1033.97,Rs./Quintal
Madhya Pradesh,Vegetables,Tomato,June-2023,4060.46,Metric Tonnes,1736.77,Rs./Quintal
Madhya Pradesh,Vegetables,Onion,July-2023,282593.33,Metric Tonnes,930.36,Rs./Quintal
Madhya Pradesh,Vegetables,Potato,July-2023,11732.05,Metric Tonnes,1076.42,Rs./Quintal
Madhya Pradesh,Vegetables,Tomato,July-2023,2473.98,Metric Tonnes,4214.48,Rs./Quintal
Madhya Pradesh,Vegetables,Onion,August-2023,269479.80,Metric Tonnes,1356.01,Rs./Quintal
Madhya Pradesh,Vegetables,Potato,August-2023,12402.63,Metric Tonnes,974.73,Rs./Quintal
Madhya Pradesh,Vegetables,Tomato,August-2023,2856.43,Metric Tonnes,2848.49,Rs./Quintal
Madhya Pradesh,Vegetables,Onion,September-2023,253946.52,Metric Tonnes,1468.68,Rs./Quintal
Madhya Pradesh,Vegetables,Potato,September-2023,8450.14,Metric Tonnes,920.00,Rs./Quintal
Madhya Pradesh,Vegetables,Tomato,September-2023,4677.65,Metric Tonnes,1102.77,Rs./Quintal
Madhya Pradesh,Vegetables,Onion,October-2023,224976.21,Metric Tonnes,1929.38,Rs./Quintal
Madhya Pradesh,Vegetables,Potato,October-2023,15020.40,Metric Tonnes,949.58,Rs./Quintal
Madhya Pradesh,Vegetables,Tomato,October-2023,6153.77,Metric Tonnes,981.42,Rs./Quintal
Madhya Pradesh,Vegetables,Onion,November-2023,85831.42,Metric Tonnes,2948.77,Rs./Quintal
Madhya Pradesh,Vegetables,Potato,November-2023,13458.84,Metric Tonnes,897.90,Rs./Quintal
Madhya Pradesh,Vegetables,Tomato,November-2023,4401.85,Metric Tonnes,1630.89,Rs./Quintal
Madhya Pradesh,Vegetables,Onion,December-2023,71020.15,Metric Tonnes,1785.81,Rs./Quintal
Madhya Pradesh,Vegetables,Potato,December-2023,23362.74,Metric Tonnes,717.37,Rs./Quintal
Madhya Pradesh,Vegetables,Tomato,December-2023,5021.79,Metric Tonnes,881.60,Rs./Quintal
Madhya Pradesh,Vegetables,Onion,January-2024,42595.93,Metric Tonnes,721.70,Rs./Quintal
Madhya Pradesh,Vegetables,Potato,January-2024,40961.15,Metric Tonnes,658.78,Rs./Quintal
Madhya Pradesh,Vegetables,Tomato,January-2024,98.80,Metric Tonnes,570.24,Rs./Quintal
Madhya Pradesh,Vegetables,Onion,February-2024,25062.61,Metric Tonnes,659.47,Rs./Quintal
Madhya Pradesh,Vegetables,Potato,February-2024,30762.15,Metric Tonnes,865.92,Rs./Quintal
Madhya Pradesh,Vegetables,Tomato,February-2024,87.30,Metric Tonnes,670.25,Rs./Quintal
Madhya Pradesh,Vegetables,Onion,March-2024,29407.92,Metric Tonnes,1453.63,Rs./Quintal
Madhya Pradesh,Vegetables,Potato,March-2024,17974.19,Metric Tonnes,1208.15,Rs./Quintal
Madhya Pradesh,Vegetables,Tomato,March-2024,29.20,Metric Tonnes,1672.95,Rs./Quintal
Madhya Pradesh,Vegetables,Onion,April-2024,79121.95,Metric Tonnes,1199.63,Rs./Quintal
Madhya Pradesh,Vegetables,Potato,April-2024,6070.38,Metric Tonnes,1781.59,Rs./Quintal
Madhya Pradesh,Vegetables,Tomato,April-2024,49.20,Metric Tonnes,1785.37,Rs./Quintal
Madhya Pradesh,Vegetables,Onion,May-2024,141503.82,Metric Tonnes,1027.42,Rs./Quintal
Madhya Pradesh,Vegetables,Potato,May-2024,1670.56,Metric Tonnes,1706.84,Rs./Quintal
Madhya Pradesh,Vegetables,Tomato,May-2024,39.10,Metric Tonnes,941.82,Rs./Quintal
Madhya Pradesh,Vegetables,Onion,June-2024,187939.81,Metric Tonnes,1934.13,Rs./Quintal
Madhya Pradesh,Vegetables,Potato,June-2024,1637.07,Metric Tonnes,1803.09,Rs./Quintal
Madhya Pradesh,Vegetables,Tomato,June-2024,47.50,Metric Tonnes,1765.47,Rs./Quintal
Madhya Pradesh,Vegetables,Onion,July-2024,165691.09,Metric Tonnes,2413.67,Rs./Quintal
Madhya Pradesh,Vegetables,Potato,July-2024,2849.53,Metric Tonnes,1783.09,Rs./Quintal
Madhya Pradesh,Vegetables,Tomato,July-2024,13.40,Metric Tonnes,3511.19,Rs./Quintal
Madhya Pradesh,Vegetables,Onion,August-2024,170025.43,Metric Tonnes,2821.08,Rs./Quintal
Madhya Pradesh,Vegetables,Potato,August-2024,4415.55,Metric Tonnes,1857.60,Rs./Quintal
Madhya Pradesh,Vegetables,Tomato,August-2024,36.00,Metric Tonnes,1771.11,Rs./Quintal
Madhya Pradesh,Vegetables,Onion,September-2024,208606.25,Metric Tonnes,3439.44,Rs./Quintal
Madhya Pradesh,Vegetables,Potato,September-2024,1993.31,Metric Tonnes,1630.76,Rs./Quintal
Madhya Pradesh,Vegetables,Tomato,September-2024,133.35,Metric Tonnes,1735.62,Rs./Quintal
Madhya Pradesh,Vegetables,Onion,October-2024,143513.18,Metric Tonnes,3448.07,Rs./Quintal
Madhya Pradesh,Vegetables,Potato,October-2024,3909.82,Metric Tonnes,1421.12,Rs./Quintal
Madhya Pradesh,Vegetables,Tomato,October-2024,3539.18,Metric Tonnes,1905.64,Rs./Quintal
Madhya Pradesh,Vegetables,Onion,November-2024,118890.54,Metric Tonnes,3746.20,Rs./Quintal
Madhya Pradesh,Vegetables,Potato,November-2024,4456.94,Metric Tonnes,1486.41,Rs./Quintal
Madhya Pradesh,Vegetables,Tomato,November-2024,4679.96,Metric Tonnes,1611.84,Rs./Quintal
Madhya Pradesh,Vegetables,Onion,December-2024,89201.16,Metric Tonnes,2656.50,Rs./Quintal
Madhya Pradesh,Vegetables,Potato,December-2024,24349.31,Metric Tonnes,1553.95,Rs./Quintal
Madhya Pradesh,Vegetables,Tomato,December-2024,6364.29,Metric Tonnes,1117.75,Rs./Quintal
Madhya Pradesh,Vegetables,Onion,January-2025,83959.62,Metric Tonnes,1781.08,Rs./Quintal
Madhya Pradesh,Vegetables,Potato,January-2025,46876.33,Metric Tonnes,1614.53,Rs./Quintal
Madhya Pradesh,Vegetables,Tomato,January-2025,4961.79,Metric Tonnes,771.61,Rs./Quintal
Madhya Pradesh,Vegetables,Onion,February-2025,73107.49,Metric Tonnes,2180.94,Rs./Quintal
Madhya Pradesh,Vegetables,Potato,February-2025,33811.36,Metric Tonnes,1221.81,Rs./Quintal
Madhya Pradesh,Vegetables,Tomato,February-2025,3202.97,Metric Tonnes,509.58,Rs./Quintal
Madhya Pradesh,Vegetables,Onion,March-2025,76289.23,Metric Tonnes,1491.73,Rs./Quintal
Madhya Pradesh,Vegetables,Potato,March-2025,20781.51,Metric Tonnes,972.60,Rs./Quintal
Madhya Pradesh,Vegetables,Tomato,March-2025,1383.56,Metric Tonnes,493.87,Rs./Quintal
Madhya Pradesh,Vegetables,Onion,April-2025,299205.90,Metric Tonnes,870.20,Rs./Quintal
Madhya Pradesh,Vegetables,Potato,April-2025,26357.39,Metric Tonnes,1094.10,Rs./Quintal
Madhya Pradesh,Vegetables,Tomato,April-2025,3827.80,Metric Tonnes,703.93,Rs./Quintal
Madhya Pradesh,Vegetables,Onion,May-2025,287017.31,Metric Tonnes,661.03,Rs./Quintal
Madhya Pradesh,Vegetables,Potato,May-2025,27009.42,Metric Tonnes,1024.53,Rs./Quintal
Madhya Pradesh,Vegetables,Tomato,May-2025,4630.86,Metric Tonnes,724.69,Rs./Quintal
Madhya Pradesh,Vegetables,Onion,June-2025,263438.21,Metric Tonnes,773.91,Rs./Quintal
Madhya Pradesh,Vegetables,Potato,June-2025,20910.26,Metric Tonnes,975.73,Rs./Quintal
Madhya Pradesh,Vegetables,Tomato,June-2025,6168.93,Metric Tonnes,1060.84,Rs./Quintal
Madhya Pradesh,Vegetables,Onion,July-2025,306310.71,Metric Tonnes,845.21,Rs./Quintal
Madhya Pradesh,Vegetables,Potato,July-2025,24883.31,Metric Tonnes,934.48,Rs./Quintal
Madhya Pradesh,Vegetables,Tomato,July-2025,5941.20,Metric Tonnes,1754.88,Rs./Quintal
Madhya Pradesh,Vegetables,Onion,August-2025,306717.99,Metric Tonnes,971.91,Rs./Quintal
Madhya Pradesh,Vegetables,Potato,August-2025,22014.82,Metric Tonnes,901.36,Rs./Quintal
Madhya Pradesh,Vegetables,Tomato,August-2025,6012.46,Metric Tonnes,2433.56,Rs./Quintal
Madhya Pradesh,Vegetables,Onion,September-2025,397113.25,Metric Tonnes,713.45,Rs./Quintal
Madhya Pradesh,Vegetables,Potato,September-2025,24671.82,Metric Tonnes,925.93,Rs./Quintal
Madhya Pradesh,Vegetables,Tomato,September-2025,8915.24,Metric Tonnes,1528.71,Rs./Quintal
Madhya Pradesh,Vegetables,Onion,October-2025,399372.70,Metric Tonnes,686.34,Rs./Quintal
Madhya Pradesh,Vegetables,Potato,October-2025,26392.95,Metric Tonnes,889.72,Rs./Quintal
Madhya Pradesh,Vegetables,Tomato,October-2025,10571.63,Metric Tonnes,1284.82,Rs./Quintal
Madhya Pradesh,Vegetables,Onion,November-2025,281668.15,Metric Tonnes,625.57,Rs./Quintal
Madhya Pradesh,Vegetables,Potato,November-2025,7209.81,Metric Tonnes,2203.30,Rs./Quintal
Madhya Pradesh,Vegetables,Tomato,November-2025,2195.10,Metric Tonnes,1026.31,Rs./Quintal
Madhya Pradesh,Vegetables,Onion,December-2025,210190.84,Metric Tonnes,1089.99,Rs./Quintal
Madhya Pradesh,Vegetables,Potato,December-2025,9664.02,Metric Tonnes,981.26,Rs./Quintal
Madhya Pradesh,Vegetables,Tomato,December-2025,2418.11,Metric Tonnes,492.78,Rs./Quintal
Maharashtra,Vegetables,Onion,January-2023,603737.00,Metric Tonnes,1232.44,Rs./Quintal
Maharashtra,Vegetables,Potato,January-2023,46242.00,Metric Tonnes,1542.36,Rs./Quintal
Maharashtra,Vegetables,Tomato,January-2023,25783.00,Metric Tonnes,903.08,Rs./Quintal
Maharashtra,Vegetables,Onion,February-2023,801867.00,Metric Tonnes,827.47,Rs./Quintal
Maharashtra,Vegetables,Potato,February-2023,72249.00,Metric Tonnes,1135.12,Rs./Quintal
Maharashtra,Vegetables,Tomato,February-2023,30263.00,Metric Tonnes,1034.63,Rs./Quintal
Maharashtra,Vegetables,Onion,March-2023,1178046.00,Metric Tonnes,731.00,Rs./Quintal
Maharashtra,Vegetables,Potato,March-2023,72025.00,Metric Tonnes,1003.82,Rs./Quintal
Maharashtra,Vegetables,Tomato,March-2023,30750.00,Metric Tonnes,1206.89,Rs./Quintal
Maharashtra,Vegetables,Onion,April-2023,585074.00,Metric Tonnes,618.17,Rs./Quintal
Maharashtra,Vegetables,Potato,April-2023,64603.00,Metric Tonnes,1147.89,Rs./Quintal
Maharashtra,Vegetables,Tomato,April-2023,35169.00,Metric Tonnes,958.78,Rs./Quintal
Maharashtra,Vegetables,Onion,May-2023,770518.67,Metric Tonnes,686.57,Rs./Quintal
Maharashtra,Vegetables,Potato,May-2023,64251.00,Metric Tonnes,1261.27,Rs./Quintal
Maharashtra,Vegetables,Tomato,May-2023,60734.00,Metric Tonnes,680.98,Rs./Quintal
Maharashtra,Vegetables,Onion,June-2023,816944.85,Metric Tonnes,901.39,Rs./Quintal
Maharashtra,Vegetables,Potato,June-2023,67160.00,Metric Tonnes,1285.29,Rs./Quintal
Maharashtra,Vegetables,Tomato,June-2023,56450.00,Metric Tonnes,2115.88,Rs./Quintal
Maharashtra,Vegetables,Onion,July-2023,1067515.96,Metric Tonnes,1212.46,Rs./Quintal
Maharashtra,Vegetables,Potato,July-2023,67314.00,Metric Tonnes,1403.59,Rs./Quintal
Maharashtra,Vegetables,Tomato,July-2023,32888.00,Metric Tonnes,6986.77,Rs./Quintal
Maharashtra,Vegetables,Onion,August-2023,829478.07,Metric Tonnes,1715.82,Rs./Quintal
Maharashtra,Vegetables,Potato,August-2023,72471.00,Metric Tonnes,1389.29,Rs./Quintal
Maharashtra,Vegetables,Tomato,August-2023,69110.98,Metric Tonnes,3162.93,Rs./Quintal
Maharashtra,Vegetables,Onion,September-2023,484416.98,Metric Tonnes,1858.86,Rs./Quintal
Maharashtra,Vegetables,Potato,September-2023,64835.00,Metric Tonnes,1300.31,Rs./Quintal
Maharashtra,Vegetables,Tomato,September-2023,150891.87,Metric Tonnes,578.23,Rs./Quintal
Maharashtra,Vegetables,Onion,October-2023,630243.48,Metric Tonnes,2787.90,Rs./Quintal
Maharashtra,Vegetables,Potato,October-2023,77399.00,Metric Tonnes,1296.42,Rs./Quintal
Maharashtra,Vegetables,Tomato,October-2023,182172.14,Metric Tonnes,611.52,Rs./Quintal
Maharashtra,Vegetables,Onion,November-2023,414880.89,Metric Tonnes,3351.46,Rs./Quintal
Maharashtra,Vegetables,Potato,November-2023,56940.00,Metric Tonnes,1305.16,Rs./Quintal
Maharashtra,Vegetables,Tomato,November-2023,61634.30,Metric Tonnes,1908.95,Rs./Quintal
Maharashtra,Vegetables,Onion,December-2023,596987.00,Metric Tonnes,2066.65,Rs./Quintal
Maharashtra,Vegetables,Potato,December-2023,67236.00,Metric Tonnes,1311.33,Rs./Quintal
Maharashtra,Vegetables,Tomato,December-2023,30365.00,Metric Tonnes,1734.14,Rs./Quintal
Maharashtra,Vegetables,Onion,January-2024,749407.00,Metric Tonnes,1431.67,Rs./Quintal
Maharashtra,Vegetables,Potato,January-2024,73132.00,Metric Tonnes,1334.11,Rs./Quintal
Maharashtra,Vegetables,Tomato,January-2024,23645.00,Metric Tonnes,1855.45,Rs./Quintal
Maharashtra,Vegetables,Onion,February-2024,667437.00,Metric Tonnes,1261.91,Rs./Quintal
Maharashtra,Vegetables,Potato,February-2024,66386.20,Metric Tonnes,1473.62,Rs./Quintal
Maharashtra,Vegetables,Tomato,February-2024,24657.90,Metric Tonnes,1946.06,Rs./Quintal
Maharashtra,Vegetables,Onion,March-2024,608876.97,Metric Tonnes,1348.44,Rs./Quintal
Maharashtra,Vegetables,Potato,March-2024,69437.70,Metric Tonnes,1562.43,Rs./Quintal
Maharashtra,Vegetables,Tomato,March-2024,29835.80,Metric Tonnes,1239.70,Rs./Quintal
Maharashtra,Vegetables,Onion,April-2024,344414.90,Metric Tonnes,1202.63,Rs./Quintal
Maharashtra,Vegetables,Potato,April-2024,46308.90,Metric Tonnes,1977.92,Rs./Quintal
Maharashtra,Vegetables,Tomato,April-2024,30490.90,Metric Tonnes,1001.60,Rs./Quintal
Maharashtra,Vegetables,Onion,May-2024,621868.39,Metric Tonnes,1467.59,Rs./Quintal
Maharashtra,Vegetables,Potato,May-2024,62131.00,Metric Tonnes,2103.10,Rs./Quintal
Maharashtra,Vegetables,Tomato,May-2024,57274.90,Metric Tonnes,1111.26,Rs./Quintal
Maharashtra,Vegetables,Onion,June-2024,544001.33,Metric Tonnes,2373.87,Rs./Quintal
Maharashtra,Vegetables,Potato,June-2024,56219.30,Metric Tonnes,2374.54,Rs./Quintal
Maharashtra,Vegetables,Tomato,June-2024,30480.30,Metric Tonnes,2613.68,Rs./Quintal
Maharashtra,Vegetables,Onion,July-2024,530342.21,Metric Tonnes,2597.45,Rs./Quintal
Maharashtra,Vegetables,Potato,July-2024,60336.20,Metric Tonnes,2579.89,Rs./Quintal
Maharashtra,Vegetables,Tomato,July-2024,29335.00,Metric Tonnes,3781.90,Rs./Quintal
Maharashtra,Vegetables,Onion,August-2024,559196.71,Metric Tonnes,3077.57,Rs./Quintal
Maharashtra,Vegetables,Potato,August-2024,65958.50,Metric Tonnes,2511.80,Rs./Quintal
Maharashtra,Vegetables,Tomato,August-2024,72590.80,Metric Tonnes,1628.16,Rs./Quintal
Maharashtra,Vegetables,Onion,September-2024,428603.55,Metric Tonnes,3861.52,Rs./Quintal
Maharashtra,Vegetables,Potato,September-2024,66481.00,Metric Tonnes,2492.88,Rs./Quintal
Maharashtra,Vegetables,Tomato,September-2024,144316.91,Metric Tonnes,2554.20,Rs./Quintal
Maharashtra,Vegetables,Onion,October-2024,419218.00,Metric Tonnes,3396.31,Rs./Quintal
Maharashtra,Vegetables,Potato,October-2024,74381.80,Metric Tonnes,2626.34,Rs./Quintal
Maharashtra,Vegetables,Tomato,October-2024,130672.80,Metric Tonnes,3410.96,Rs./Quintal
Maharashtra,Vegetables,Onion,November-2024,376254.63,Metric Tonnes,3724.55,Rs./Quintal
Maharashtra,Vegetables,Potato,November-2024,63404.00,Metric Tonnes,2689.41,Rs./Quintal
Maharashtra,Vegetables,Tomato,November-2024,97568.30,Metric Tonnes,1938.40,Rs./Quintal
Maharashtra,Vegetables,Onion,December-2024,753155.47,Metric Tonnes,2666.72,Rs./Quintal
Maharashtra,Vegetables,Potato,December-2024,73910.70,Metric Tonnes,2132.19,Rs./Quintal
Maharashtra,Vegetables,Tomato,December-2024,68497.80,Metric Tonnes,1367.30,Rs./Quintal
Maharashtra,Vegetables,Onion,January-2025,752324.52,Metric Tonnes,2075.34,Rs./Quintal
Maharashtra,Vegetables,Potato,January-2025,76943.10,Metric Tonnes,1679.15,Rs./Quintal
Maharashtra,Vegetables,Tomato,January-2025,38199.10,Metric Tonnes,1074.40,Rs./Quintal
Maharashtra,Vegetables,Onion,February-2025,537211.73,Metric Tonnes,2129.36,Rs./Quintal
Maharashtra,Vegetables,Potato,February-2025,62208.20,Metric Tonnes,1485.97,Rs./Quintal
Maharashtra,Vegetables,Tomato,February-2025,30626.50,Metric Tonnes,908.84,Rs./Quintal
Maharashtra,Vegetables,Onion,March-2025,583586.54,Metric Tonnes,1514.74,Rs./Quintal
Maharashtra,Vegetables,Potato,March-2025,73322.00,Metric Tonnes,1425.98,Rs./Quintal
Maharashtra,Vegetables,Tomato,March-2025,35506.20,Metric Tonnes,881.80,Rs./Quintal
Maharashtra,Vegetables,Onion,April-2025,562495.59,Metric Tonnes,1073.10,Rs./Quintal
Maharashtra,Vegetables,Potato,April-2025,69660.30,Metric Tonnes,1541.10,Rs./Quintal
Maharashtra,Vegetables,Tomato,April-2025,33545.50,Metric Tonnes,944.31,Rs./Quintal
Maharashtra,Vegetables,Onion,May-2025,705322.31,Metric Tonnes,1071.89,Rs./Quintal
Maharashtra,Vegetables,Potato,May-2025,64946.90,Metric Tonnes,1590.81,Rs./Quintal
Maharashtra,Vegetables,Tomato,May-2025,57889.50,Metric Tonnes,1291.19,Rs./Quintal
Maharashtra,Vegetables,Onion,June-2025,698288.15,Metric Tonnes,1358.78,Rs./Quintal
Maharashtra,Vegetables,Potato,June-2025,69859.80,Metric Tonnes,1713.00,Rs./Quintal
Maharashtra,Vegetables,Tomato,June-2025,50026.60,Metric Tonnes,1646.05,Rs./Quintal
Maharashtra,Vegetables,Onion,July-2025,674418.29,Metric Tonnes,1262.87,Rs./Quintal
Maharashtra,Vegetables,Potato,July-2025,69468.50,Metric Tonnes,1552.16,Rs./Quintal
Maharashtra,Vegetables,Tomato,July-2025,47642.60,Metric Tonnes,2217.85,Rs./Quintal
Maharashtra,Vegetables,Onion,August-2025,690102.54,Metric Tonnes,1257.31,Rs./Quintal
Maharashtra,Vegetables,Potato,August-2025,75365.20,Metric Tonnes,1353.45,Rs./Quintal
Maharashtra,Vegetables,Tomato,August-2025,91083.10,Metric Tonnes,2775.42,Rs./Quintal
Maharashtra,Vegetables,Onion,September-2025,669703.66,Metric Tonnes,1096.98,Rs./Quintal
Maharashtra,Vegetables,Potato,September-2025,75582.80,Metric Tonnes,1383.05,Rs./Quintal
Maharashtra,Vegetables,Tomato,September-2025,168915.30,Metric Tonnes,1266.26,Rs./Quintal
Maharashtra,Vegetables,Onion,October-2025,534755.55,Metric Tonnes,1109.20,Rs./Quintal
Maharashtra,Vegetables,Potato,October-2025,62211.90,Metric Tonnes,1491.34,Rs./Quintal
Maharashtra,Vegetables,Tomato,October-2025,131650.80,Metric Tonnes,1087.15,Rs./Quintal
Maharashtra,Vegetables,Onion,November-2025,471381.72,Metric Tonnes,1213.64,Rs./Quintal
Maharashtra,Vegetables,Potato,November-2025,67127.60,Metric Tonnes,1591.69,Rs./Quintal
Maharashtra,Vegetables,Tomato,November-2025,63828.00,Metric Tonnes,2187.34,Rs./Quintal
Maharashtra,Vegetables,Onion,December-2025,602054.79,Metric Tonnes,1532.66,Rs./Quintal
Maharashtra,Vegetables,Potato,December-2025,75835.40,Metric Tonnes,1244.12,Rs./Quintal
Maharashtra,Vegetables,Tomato,December-2025,36902.60,Metric Tonnes,2951.70,Rs./Quintal
Manipur,Vegetables,Onion,January-2023,219.30,Metric Tonnes,3710.74,Rs./Quintal
Manipur,Vegetables,Potato,January-2023,229.10,Metric Tonnes,2208.40,Rs./Quintal
Manipur,Vegetables,Onion,February-2023,230.00,Metric Tonnes,3375.65,Rs./Quintal
Manipur,Vegetables,Potato,February-2023,242.70,Metric Tonnes,1718.21,Rs./Quintal
Manipur,Vegetables,Onion,March-2023,220.60,Metric Tonnes,2419.63,Rs./Quintal
Manipur,Vegetables,Potato,March-2023,233.70,Metric Tonnes,1389.14,Rs./Quintal
Manipur,Vegetables,Onion,April-2023,222.70,Metric Tonnes,2197.46,Rs./Quintal
Manipur,Vegetables,Potato,April-2023,235.10,Metric Tonnes,1483.01,Rs./Quintal
Manipur,Vegetables,Onion,May-2023,24.80,Metric Tonnes,2161.29,Rs./Quintal
Manipur,Vegetables,Potato,May-2023,26.00,Metric Tonnes,1711.15,Rs./Quintal
Manipur,Vegetables,Onion,July-2023,76.60,Metric Tonnes,4067.10,Rs./Quintal
Manipur,Vegetables,Potato,July-2023,81.80,Metric Tonnes,2834.35,Rs./Quintal
Manipur,Vegetables,Onion,August-2023,181.70,Metric Tonnes,4024.38,Rs./Quintal
Manipur,Vegetables,Potato,August-2023,191.20,Metric Tonnes,2703.84,Rs./Quintal
Manipur,Vegetables,Onion,September-2023,124.20,Metric Tonnes,4589.94,Rs./Quintal
Manipur,Vegetables,Potato,September-2023,128.90,Metric Tonnes,2805.86,Rs./Quintal
Manipur,Vegetables,Onion,October-2023,211.60,Metric Tonnes,4768.57,Rs./Quintal
Manipur,Vegetables,Potato,October-2023,221.00,Metric Tonnes,2522.06,Rs./Quintal
Manipur,Vegetables,Onion,November-2023,176.90,Metric Tonnes,7130.53,Rs./Quintal
Manipur,Vegetables,Potato,November-2023,187.00,Metric Tonnes,2703.48,Rs./Quintal
Manipur,Vegetables,Onion,December-2023,167.80,Metric Tonnes,6377.74,Rs./Quintal
Manipur,Vegetables,Potato,December-2023,175.40,Metric Tonnes,2435.92,Rs./Quintal
Manipur,Vegetables,Onion,February-2024,206.10,Metric Tonnes,4214.94,Rs./Quintal
Manipur,Vegetables,Potato,February-2024,229.60,Metric Tonnes,1932.93,Rs./Quintal
Manipur,Vegetables,Onion,March-2024,131.20,Metric Tonnes,4088.41,Rs./Quintal
Manipur,Vegetables,Potato,March-2024,171.40,Metric Tonnes,1883.31,Rs./Quintal
Manipur,Vegetables,Onion,April-2024,170.10,Metric Tonnes,3278.63,Rs./Quintal
Manipur,Vegetables,Potato,April-2024,177.70,Metric Tonnes,2290.24,Rs./Quintal
Manipur,Vegetables,Onion,May-2024,161.80,Metric Tonnes,3427.13,Rs./Quintal
Manipur,Vegetables,Potato,May-2024,171.00,Metric Tonnes,2791.43,Rs./Quintal
Manipur,Vegetables,Onion,June-2024,132.80,Metric Tonnes,4679.14,Rs./Quintal
Manipur,Vegetables,Potato,June-2024,126.60,Metric Tonnes,3622.79,Rs./Quintal
Manipur,Vegetables,Onion,July-2024,168.67,Metric Tonnes,4674.05,Rs./Quintal
Manipur,Vegetables,Potato,July-2024,141.53,Metric Tonnes,3831.40,Rs./Quintal
Manipur,Vegetables,Onion,August-2024,189.30,Metric Tonnes,5322.66,Rs./Quintal
Manipur,Vegetables,Potato,August-2024,196.01,Metric Tonnes,4076.64,Rs./Quintal
Manipur,Vegetables,Onion,September-2024,138.08,Metric Tonnes,6678.09,Rs./Quintal
Manipur,Vegetables,Potato,September-2024,146.69,Metric Tonnes,4621.57,Rs./Quintal
Manipur,Vegetables,Onion,October-2024,178.20,Metric Tonnes,6965.18,Rs./Quintal
Manipur,Vegetables,Potato,October-2024,189.28,Metric Tonnes,4579.22,Rs./Quintal
Manipur,Vegetables,Onion,November-2024,73.64,Metric Tonnes,7625.00,Rs./Quintal
Manipur,Vegetables,Potato,November-2024,78.46,Metric Tonnes,5104.13,Rs./Quintal
Manipur,Vegetables,Onion,December-2024,193.33,Metric Tonnes,7073.20,Rs./Quintal
Manipur,Vegetables,Potato,December-2024,200.90,Metric Tonnes,4070.11,Rs./Quintal
Manipur,Vegetables,Onion,January-2025,222.79,Metric Tonnes,4839.28,Rs./Quintal
Manipur,Vegetables,Potato,January-2025,238.50,Metric Tonnes,3186.00,Rs./Quintal
Manipur,Vegetables,Onion,February-2025,220.89,Metric Tonnes,4191.60,Rs./Quintal
Manipur,Vegetables,Potato,February-2025,235.06,Metric Tonnes,2253.21,Rs./Quintal
Manipur,Vegetables,Onion,March-2025,215.95,Metric Tonnes,4097.16,Rs./Quintal
Manipur,Vegetables,Potato,March-2025,229.15,Metric Tonnes,2246.51,Rs./Quintal
Manipur,Vegetables,Onion,April-2025,210.42,Metric Tonnes,3156.62,Rs./Quintal
Manipur,Vegetables,Potato,April-2025,220.75,Metric Tonnes,1812.40,Rs./Quintal
Manipur,Vegetables,Onion,May-2025,206.69,Metric Tonnes,2825.28,Rs./Quintal
Manipur,Vegetables,Potato,May-2025,213.29,Metric Tonnes,1880.08,Rs./Quintal
Manipur,Vegetables,Onion,June-2025,100.28,Metric Tonnes,3591.34,Rs./Quintal
Manipur,Vegetables,Potato,June-2025,103.66,Metric Tonnes,2663.47,Rs./Quintal
Manipur,Vegetables,Onion,July-2025,236.03,Metric Tonnes,3666.11,Rs./Quintal
Manipur,Vegetables,Potato,July-2025,249.06,Metric Tonnes,2751.04,Rs./Quintal
Manipur,Vegetables,Onion,August-2025,222.24,Metric Tonnes,3667.14,Rs./Quintal
Manipur,Vegetables,Potato,August-2025,240.52,Metric Tonnes,2792.78,Rs./Quintal
Manipur,Vegetables,Onion,September-2025,187.94,Metric Tonnes,3664.41,Rs./Quintal
Manipur,Vegetables,Potato,September-2025,198.84,Metric Tonnes,2820.03,Rs./Quintal
Manipur,Vegetables,Onion,October-2025,197.74,Metric Tonnes,3662.87,Rs./Quintal
Manipur,Vegetables,Potato,October-2025,201.82,Metric Tonnes,2750.00,Rs./Quintal
Manipur,Vegetables,Onion,November-2025,130.78,Metric Tonnes,3664.21,Rs./Quintal
Manipur,Vegetables,Potato,November-2025,2701.80,Metric Tonnes,2750.93,Rs./Quintal
Manipur,Vegetables,Onion,December-2025,98.70,Metric Tonnes,3698.33,Rs./Quintal
Manipur,Vegetables,Potato,December-2025,178.38,Metric Tonnes,3075.63,Rs./Quintal
Meghalaya,Vegetables,Potato,January-2023,10.80,Metric Tonnes,17077.78,Rs./Quintal
Meghalaya,Vegetables,Tomato,January-2023,5.00,Metric Tonnes,11514.00,Rs./Quintal
Meghalaya,Vegetables,Onion,February-2023,1.50,Metric Tonnes,2800.00,Rs./Quintal
Meghalaya,Vegetables,Potato,February-2023,69.60,Metric Tonnes,1655.24,Rs./Quintal
Meghalaya,Vegetables,Tomato,February-2023,38.00,Metric Tonnes,3042.89,Rs./Quintal
Meghalaya,Vegetables,Potato,March-2023,86.40,Metric Tonnes,1440.63,Rs./Quintal
Meghalaya,Vegetables,Tomato,March-2023,46.80,Metric Tonnes,2835.47,Rs./Quintal
Meghalaya,Vegetables,Potato,April-2023,81.40,Metric Tonnes,1652.09,Rs./Quintal
Meghalaya,Vegetables,Tomato,April-2023,38.80,Metric Tonnes,3070.49,Rs./Quintal
Meghalaya,Vegetables,Potato,May-2023,158.70,Metric Tonnes,2631.60,Rs./Quintal
Meghalaya,Vegetables,Tomato,May-2023,186.00,Metric Tonnes,2063.71,Rs./Quintal
Meghalaya,Vegetables,Potato,June-2023,263.00,Metric Tonnes,2345.63,Rs./Quintal
Meghalaya,Vegetables,Tomato,June-2023,170.30,Metric Tonnes,3086.26,Rs./Quintal
Meghalaya,Vegetables,Potato,July-2023,388.80,Metric Tonnes,2142.45,Rs./Quintal
Meghalaya,Vegetables,Tomato,July-2023,164.00,Metric Tonnes,6665.24,Rs./Quintal
Meghalaya,Vegetables,Potato,August-2023,438.60,Metric Tonnes,2455.70,Rs./Quintal
Meghalaya,Vegetables,Tomato,August-2023,215.70,Metric Tonnes,6035.37,Rs./Quintal
Meghalaya,Vegetables,Onion,September-2023,1.00,Metric Tonnes,3800.00,Rs./Quintal
Meghalaya,Vegetables,Potato,September-2023,467.80,Metric Tonnes,2542.97,Rs./Quintal
Meghalaya,Vegetables,Tomato,September-2023,225.70,Metric Tonnes,2907.18,Rs./Quintal
Meghalaya,Vegetables,Onion,October-2023,3.10,Metric Tonnes,4058.06,Rs./Quintal
Meghalaya,Vegetables,Potato,October-2023,332.10,Metric Tonnes,2377.51,Rs./Quintal
Meghalaya,Vegetables,Tomato,October-2023,249.20,Metric Tonnes,2018.22,Rs./Quintal
Meghalaya,Vegetables,Onion,November-2023,12.00,Metric Tonnes,3600.00,Rs./Quintal
Meghalaya,Vegetables,Potato,November-2023,531.70,Metric Tonnes,1963.14,Rs./Quintal
Meghalaya,Vegetables,Tomato,November-2023,286.90,Metric Tonnes,2220.11,Rs./Quintal
Meghalaya,Vegetables,Onion,December-2023,24.00,Metric Tonnes,3600.00,Rs./Quintal
Meghalaya,Vegetables,Potato,December-2023,414.60,Metric Tonnes,1577.86,Rs./Quintal
Meghalaya,Vegetables,Tomato,December-2023,56.90,Metric Tonnes,4311.95,Rs./Quintal
Meghalaya,Vegetables,Onion,January-2024,8.00,Metric Tonnes,3600.00,Rs./Quintal
Meghalaya,Vegetables,Potato,January-2024,123.30,Metric Tonnes,2141.48,Rs./Quintal
Meghalaya,Vegetables,Tomato,January-2024,1.50,Metric Tonnes,3833.33,Rs./Quintal
Meghalaya,Vegetables,Onion,February-2024,8.00,Metric Tonnes,3600.00,Rs./Quintal
Meghalaya,Vegetables,Potato,February-2024,88.10,Metric Tonnes,2174.01,Rs./Quintal
Meghalaya,Vegetables,Tomato,February-2024,14.00,Metric Tonnes,3389.29,Rs./Quintal
Meghalaya,Vegetables,Onion,March-2024,26.50,Metric Tonnes,3486.79,Rs./Quintal
Meghalaya,Vegetables,Potato,March-2024,56.50,Metric Tonnes,1961.95,Rs./Quintal
Meghalaya,Vegetables,Tomato,March-2024,40.50,Metric Tonnes,3029.63,Rs./Quintal
Meghalaya,Vegetables,Onion,April-2024,33.50,Metric Tonnes,3500.00,Rs./Quintal
Meghalaya,Vegetables,Potato,April-2024,71.90,Metric Tonnes,2155.63,Rs./Quintal
Meghalaya,Vegetables,Tomato,April-2024,54.60,Metric Tonnes,2882.78,Rs./Quintal
Meghalaya,Vegetables,Onion,May-2024,13.34,Metric Tonnes,3469.27,Rs./Quintal
Meghalaya,Vegetables,Potato,May-2024,113.30,Metric Tonnes,2482.30,Rs./Quintal
Meghalaya,Vegetables,Tomato,May-2024,168.10,Metric Tonnes,2776.74,Rs./Quintal
Meghalaya,Vegetables,Onion,June-2024,0.36,Metric Tonnes,4312.50,Rs./Quintal
Meghalaya,Vegetables,Potato,June-2024,264.50,Metric Tonnes,2493.19,Rs./Quintal
Meghalaya,Vegetables,Tomato,June-2024,252.30,Metric Tonnes,3501.18,Rs./Quintal
Meghalaya,Vegetables,Onion,July-2024,1.68,Metric Tonnes,4236.61,Rs./Quintal
Meghalaya,Vegetables,Potato,July-2024,389.20,Metric Tonnes,3075.59,Rs./Quintal
Meghalaya,Vegetables,Tomato,July-2024,295.00,Metric Tonnes,4915.63,Rs./Quintal
Meghalaya,Vegetables,Onion,August-2024,0.30,Metric Tonnes,4500.00,Rs./Quintal
Meghalaya,Vegetables,Potato,August-2024,134.70,Metric Tonnes,3610.99,Rs./Quintal
Meghalaya,Vegetables,Tomato,August-2024,96.70,Metric Tonnes,3738.06,Rs./Quintal
Meghalaya,Vegetables,Potato,September-2024,133.00,Metric Tonnes,3004.14,Rs./Quintal
Meghalaya,Vegetables,Tomato,September-2024,0.90,Metric Tonnes,4377.78,Rs./Quintal
Meghalaya,Vegetables,Potato,October-2024,144.00,Metric Tonnes,3409.44,Rs./Quintal
Meghalaya,Vegetables,Tomato,October-2024,2.75,Metric Tonnes,8485.45,Rs./Quintal
Meghalaya,Vegetables,Onion,November-2024,3.50,Metric Tonnes,7614.29,Rs./Quintal
Meghalaya,Vegetables,Potato,November-2024,265.40,Metric Tonnes,3022.34,Rs./Quintal
Meghalaya,Vegetables,Tomato,November-2024,6.60,Metric Tonnes,5337.88,Rs./Quintal
Meghalaya,Vegetables,Onion,December-2024,4.40,Metric Tonnes,7272.73,Rs./Quintal
Meghalaya,Vegetables,Potato,December-2024,222.50,Metric Tonnes,3342.25,Rs./Quintal
Meghalaya,Vegetables,Tomato,December-2024,8.20,Metric Tonnes,5126.83,Rs./Quintal
Meghalaya,Vegetables,Onion,January-2025,5.80,Metric Tonnes,4974.14,Rs./Quintal
Meghalaya,Vegetables,Potato,January-2025,53.40,Metric Tonnes,2861.99,Rs./Quintal
Meghalaya,Vegetables,Tomato,January-2025,9.40,Metric Tonnes,3271.28,Rs./Quintal
Meghalaya,Vegetables,Potato,February-2025,28.10,Metric Tonnes,2498.58,Rs./Quintal
Meghalaya,Vegetables,Tomato,February-2025,5.30,Metric Tonnes,3367.92,Rs./Quintal
Meghalaya,Vegetables,Potato,March-2025,24.90,Metric Tonnes,2373.09,Rs./Quintal
Meghalaya,Vegetables,Tomato,March-2025,5.70,Metric Tonnes,3000.00,Rs./Quintal
Meghalaya,Vegetables,Onion,April-2025,5.60,Metric Tonnes,4000.00,Rs./Quintal
Meghalaya,Vegetables,Potato,April-2025,7.20,Metric Tonnes,3244.44,Rs./Quintal
Meghalaya,Vegetables,Tomato,April-2025,12.30,Metric Tonnes,2308.94,Rs./Quintal
Meghalaya,Vegetables,Potato,May-2025,87.60,Metric Tonnes,1915.87,Rs./Quintal
Meghalaya,Vegetables,Tomato,May-2025,8.20,Metric Tonnes,2500.00,Rs./Quintal
Meghalaya,Vegetables,Potato,June-2025,202.30,Metric Tonnes,1609.99,Rs./Quintal
Meghalaya,Vegetables,Tomato,June-2025,20.90,Metric Tonnes,3363.64,Rs./Quintal
Meghalaya,Vegetables,Potato,July-2025,194.20,Metric Tonnes,1737.00,Rs./Quintal
Meghalaya,Vegetables,Tomato,July-2025,16.10,Metric Tonnes,2720.50,Rs./Quintal
Meghalaya,Vegetables,Onion,August-2025,5.70,Metric Tonnes,3701.75,Rs./Quintal
Meghalaya,Vegetables,Potato,August-2025,140.20,Metric Tonnes,2090.73,Rs./Quintal
Meghalaya,Vegetables,Tomato,August-2025,10.80,Metric Tonnes,3458.33,Rs./Quintal
Meghalaya,Vegetables,Onion,September-2025,5.20,Metric Tonnes,3673.08,Rs./Quintal
Meghalaya,Vegetables,Potato,September-2025,159.00,Metric Tonnes,2089.94,Rs./Quintal
Meghalaya,Vegetables,Tomato,September-2025,4.60,Metric Tonnes,4744.57,Rs./Quintal
Meghalaya,Vegetables,Potato,October-2025,129.70,Metric Tonnes,2415.27,Rs./Quintal
Meghalaya,Vegetables,Tomato,October-2025,9.80,Metric Tonnes,4459.18,Rs./Quintal
Meghalaya,Vegetables,Potato,November-2025,195.50,Metric Tonnes,2310.03,Rs./Quintal
Meghalaya,Vegetables,Tomato,November-2025,8.19,Metric Tonnes,4247.62,Rs./Quintal
Meghalaya,Vegetables,Potato,December-2025,179.40,Metric Tonnes,2045.82,Rs./Quintal
Meghalaya,Vegetables,Tomato,December-2025,14.64,Metric Tonnes,4418.99,Rs./Quintal
NCT of Delhi,Vegetables,Onion,January-2023,25553.29,Metric Tonnes,1560.71,Rs./Quintal
NCT of Delhi,Vegetables,Potato,January-2023,44775.43,Metric Tonnes,838.36,Rs./Quintal
NCT of Delhi,Vegetables,Tomato,January-2023,18798.37,Metric Tonnes,994.64,Rs./Quintal
NCT of Delhi,Vegetables,Onion,February-2023,30421.21,Metric Tonnes,1338.55,Rs./Quintal
NCT of Delhi,Vegetables,Potato,February-2023,44975.47,Metric Tonnes,606.79,Rs./Quintal
NCT of Delhi,Vegetables,Tomato,February-2023,18586.95,Metric Tonnes,1060.20,Rs./Quintal
NCT of Delhi,Vegetables,Onion,March-2023,30777.91,Metric Tonnes,1093.93,Rs./Quintal
NCT of Delhi,Vegetables,Potato,March-2023,43276.16,Metric Tonnes,651.91,Rs./Quintal
NCT of Delhi,Vegetables,Tomato,March-2023,23987.88,Metric Tonnes,1222.92,Rs./Quintal
NCT of Delhi,Vegetables,Onion,April-2023,29389.85,Metric Tonnes,980.83,Rs./Quintal
NCT of Delhi,Vegetables,Potato,April-2023,32459.65,Metric Tonnes,843.80,Rs./Quintal
NCT of Delhi,Vegetables,Tomato,April-2023,16493.95,Metric Tonnes,970.78,Rs./Quintal
NCT of Delhi,Vegetables,Onion,May-2023,36634.02,Metric Tonnes,992.48,Rs./Quintal
NCT of Delhi,Vegetables,Potato,May-2023,33099.80,Metric Tonnes,988.61,Rs./Quintal
NCT of Delhi,Vegetables,Tomato,May-2023,18904.66,Metric Tonnes,686.86,Rs./Quintal
NCT of Delhi,Vegetables,Onion,June-2023,32482.57,Metric Tonnes,1070.66,Rs./Quintal
NCT of Delhi,Vegetables,Potato,June-2023,35364.05,Metric Tonnes,1124.80,Rs./Quintal
NCT of Delhi,Vegetables,Tomato,June-2023,16307.54,Metric Tonnes,1989.26,Rs./Quintal
NCT of Delhi,Vegetables,Onion,July-2023,32683.17,Metric Tonnes,1450.89,Rs./Quintal
NCT of Delhi,Vegetables,Potato,July-2023,37879.66,Metric Tonnes,1311.28,Rs./Quintal
NCT of Delhi,Vegetables,Tomato,July-2023,6213.94,Metric Tonnes,7347.61,Rs./Quintal
NCT of Delhi,Vegetables,Onion,August-2023,30712.78,Metric Tonnes,1715.68,Rs./Quintal
NCT of Delhi,Vegetables,Potato,August-2023,37907.45,Metric Tonnes,1264.80,Rs./Quintal
NCT of Delhi,Vegetables,Tomato,August-2023,10092.06,Metric Tonnes,3589.53,Rs./Quintal
NCT of Delhi,Vegetables,Onion,September-2023,30059.89,Metric Tonnes,1964.83,Rs./Quintal
NCT of Delhi,Vegetables,Potato,September-2023,35720.29,Metric Tonnes,1209.34,Rs./Quintal
NCT of Delhi,Vegetables,Tomato,September-2023,17646.24,Metric Tonnes,1485.10,Rs./Quintal
NCT of Delhi,Vegetables,Onion,October-2023,28034.33,Metric Tonnes,2494.82,Rs./Quintal
NCT of Delhi,Vegetables,Potato,October-2023,47928.61,Metric Tonnes,1238.42,Rs./Quintal
NCT of Delhi,Vegetables,Tomato,October-2023,19152.55,Metric Tonnes,1559.75,Rs./Quintal
NCT of Delhi,Vegetables,Onion,November-2023,21522.59,Metric Tonnes,3473.25,Rs./Quintal
NCT of Delhi,Vegetables,Potato,November-2023,44817.19,Metric Tonnes,1199.32,Rs./Quintal
NCT of Delhi,Vegetables,Tomato,November-2023,15709.07,Metric Tonnes,2878.62,Rs./Quintal
NCT of Delhi,Vegetables,Onion,December-2023,33878.60,Metric Tonnes,2452.82,Rs./Quintal
NCT of Delhi,Vegetables,Potato,December-2023,48862.85,Metric Tonnes,859.72,Rs./Quintal
NCT of Delhi,Vegetables,Tomato,December-2023,19946.60,Metric Tonnes,2178.93,Rs./Quintal
NCT of Delhi,Vegetables,Onion,January-2024,35143.75,Metric Tonnes,1783.94,Rs./Quintal
NCT of Delhi,Vegetables,Potato,January-2024,47137.45,Metric Tonnes,753.62,Rs./Quintal
NCT of Delhi,Vegetables,Tomato,January-2024,18949.82,Metric Tonnes,1663.75,Rs./Quintal
NCT of Delhi,Vegetables,Onion,February-2024,31384.82,Metric Tonnes,1549.13,Rs./Quintal
NCT of Delhi,Vegetables,Potato,February-2024,45555.70,Metric Tonnes,751.50,Rs./Quintal
NCT of Delhi,Vegetables,Tomato,February-2024,19150.48,Metric Tonnes,2365.30,Rs./Quintal
NCT of Delhi,Vegetables,Onion,March-2024,27360.76,Metric Tonnes,1612.81,Rs./Quintal
NCT of Delhi,Vegetables,Potato,March-2024,34853.95,Metric Tonnes,978.09,Rs./Quintal
NCT of Delhi,Vegetables,Tomato,March-2024,16681.35,Metric Tonnes,2078.27,Rs./Quintal
NCT of Delhi,Vegetables,Onion,April-2024,28882.63,Metric Tonnes,1567.17,Rs./Quintal
NCT of Delhi,Vegetables,Potato,April-2024,40769.88,Metric Tonnes,1394.57,Rs./Quintal
NCT of Delhi,Vegetables,Tomato,April-2024,21420.88,Metric Tonnes,1790.74,Rs./Quintal
NCT of Delhi,Vegetables,Onion,May-2024,33794.64,Metric Tonnes,1681.94,Rs./Quintal
NCT of Delhi,Vegetables,Potato,May-2024,36107.47,Metric Tonnes,1565.08,Rs./Quintal
NCT of Delhi,Vegetables,Tomato,May-2024,19359.88,Metric Tonnes,1724.41,Rs./Quintal
NCT of Delhi,Vegetables,Onion,June-2024,31110.64,Metric Tonnes,2118.60,Rs./Quintal
NCT of Delhi,Vegetables,Potato,June-2024,34798.65,Metric Tonnes,1597.09,Rs./Quintal
NCT of Delhi,Vegetables,Tomato,June-2024,17861.20,Metric Tonnes,1540.97,Rs./Quintal
NCT of Delhi,Vegetables,Onion,July-2024,27484.76,Metric Tonnes,2806.71,Rs./Quintal
NCT of Delhi,Vegetables,Potato,July-2024,36502.34,Metric Tonnes,2161.27,Rs./Quintal
NCT of Delhi,Vegetables,Tomato,July-2024,16110.14,Metric Tonnes,4048.21,Rs./Quintal
NCT of Delhi,Vegetables,Onion,August-2024,29823.29,Metric Tonnes,3160.55,Rs./Quintal
NCT of Delhi,Vegetables,Potato,August-2024,39471.89,Metric Tonnes,2117.56,Rs./Quintal
NCT of Delhi,Vegetables,Tomato,August-2024,21191.68,Metric Tonnes,2627.58,Rs./Quintal
NCT of Delhi,Vegetables,Onion,September-2024,28936.34,Metric Tonnes,3852.94,Rs./Quintal
NCT of Delhi,Vegetables,Potato,September-2024,39131.08,Metric Tonnes,2104.01,Rs./Quintal
NCT of Delhi,Vegetables,Tomato,September-2024,18584.08,Metric Tonnes,3198.37,Rs./Quintal
NCT of Delhi,Vegetables,Onion,October-2024,32937.25,Metric Tonnes,3509.65,Rs./Quintal
NCT of Delhi,Vegetables,Potato,October-2024,47836.84,Metric Tonnes,2111.23,Rs./Quintal
NCT of Delhi,Vegetables,Tomato,October-2024,18101.78,Metric Tonnes,5014.77,Rs./Quintal
NCT of Delhi,Vegetables,Onion,November-2024,32556.52,Metric Tonnes,3487.16,Rs./Quintal
NCT of Delhi,Vegetables,Potato,November-2024,42479.42,Metric Tonnes,2145.38,Rs./Quintal
NCT of Delhi,Vegetables,Tomato,November-2024,17575.21,Metric Tonnes,3189.85,Rs./Quintal
NCT of Delhi,Vegetables,Onion,December-2024,38307.69,Metric Tonnes,2461.19,Rs./Quintal
NCT of Delhi,Vegetables,Potato,December-2024,49510.25,Metric Tonnes,2050.50,Rs./Quintal
NCT of Delhi,Vegetables,Tomato,December-2024,23080.07,Metric Tonnes,2516.47,Rs./Quintal
NCT of Delhi,Vegetables,Onion,January-2025,23384.75,Metric Tonnes,2026.22,Rs./Quintal
NCT of Delhi,Vegetables,Potato,January-2025,48695.59,Metric Tonnes,1602.73,Rs./Quintal
NCT of Delhi,Vegetables,Tomato,January-2025,20246.16,Metric Tonnes,922.01,Rs./Quintal
NCT of Delhi,Vegetables,Onion,February-2025,25061.90,Metric Tonnes,2436.45,Rs./Quintal
NCT of Delhi,Vegetables,Potato,February-2025,39861.35,Metric Tonnes,905.99,Rs./Quintal
NCT of Delhi,Vegetables,Tomato,February-2025,18677.56,Metric Tonnes,829.08,Rs./Quintal
NCT of Delhi,Vegetables,Onion,March-2025,29509.05,Metric Tonnes,1815.89,Rs./Quintal
NCT of Delhi,Vegetables,Potato,March-2025,44864.82,Metric Tonnes,1031.54,Rs./Quintal
NCT of Delhi,Vegetables,Tomato,March-2025,22826.16,Metric Tonnes,788.00,Rs./Quintal
NCT of Delhi,Vegetables,Onion,April-2025,27533.74,Metric Tonnes,1363.57,Rs./Quintal
NCT of Delhi,Vegetables,Potato,April-2025,39991.05,Metric Tonnes,986.40,Rs./Quintal
NCT of Delhi,Vegetables,Tomato,April-2025,20826.11,Metric Tonnes,836.37,Rs./Quintal
NCT of Delhi,Vegetables,Onion,May-2025,33903.14,Metric Tonnes,1069.01,Rs./Quintal
NCT of Delhi,Vegetables,Potato,May-2025,36655.35,Metric Tonnes,958.68,Rs./Quintal
NCT of Delhi,Vegetables,Tomato,May-2025,19175.46,Metric Tonnes,833.90,Rs./Quintal
NCT of Delhi,Vegetables,Onion,June-2025,29799.23,Metric Tonnes,1312.78,Rs./Quintal
NCT of Delhi,Vegetables,Potato,June-2025,37868.87,Metric Tonnes,1278.59,Rs./Quintal
NCT of Delhi,Vegetables,Tomato,June-2025,18106.92,Metric Tonnes,1980.20,Rs./Quintal
NCT of Delhi,Vegetables,Onion,July-2025,30957.48,Metric Tonnes,1467.09,Rs./Quintal
NCT of Delhi,Vegetables,Potato,July-2025,42789.89,Metric Tonnes,1343.98,Rs./Quintal
NCT of Delhi,Vegetables,Tomato,July-2025,20197.34,Metric Tonnes,2748.45,Rs./Quintal
NCT of Delhi,Vegetables,Onion,August-2025,33568.70,Metric Tonnes,1434.13,Rs./Quintal
NCT of Delhi,Vegetables,Potato,August-2025,39685.20,Metric Tonnes,1249.10,Rs./Quintal
NCT of Delhi,Vegetables,Tomato,August-2025,21355.15,Metric Tonnes,3452.63,Rs./Quintal
NCT of Delhi,Vegetables,Onion,September-2025,29040.80,Metric Tonnes,1232.18,Rs./Quintal
NCT of Delhi,Vegetables,Potato,September-2025,49544.35,Metric Tonnes,1328.19,Rs./Quintal
NCT of Delhi,Vegetables,Tomato,September-2025,24632.07,Metric Tonnes,2288.44,Rs./Quintal
NCT of Delhi,Vegetables,Onion,October-2025,30166.70,Metric Tonnes,1135.24,Rs./Quintal
NCT of Delhi,Vegetables,Potato,October-2025,37209.14,Metric Tonnes,1450.09,Rs./Quintal
NCT of Delhi,Vegetables,Tomato,October-2025,20754.82,Metric Tonnes,2114.58,Rs./Quintal
NCT of Delhi,Vegetables,Onion,November-2025,13118.61,Metric Tonnes,1116.85,Rs./Quintal
NCT of Delhi,Vegetables,Potato,November-2025,15116.47,Metric Tonnes,1526.30,Rs./Quintal
NCT of Delhi,Vegetables,Tomato,November-2025,8293.12,Metric Tonnes,3152.52,Rs./Quintal
NCT of Delhi,Vegetables,Onion,December-2025,30733.65,Metric Tonnes,1528.73,Rs./Quintal
NCT of Delhi,Vegetables,Potato,December-2025,52167.43,Metric Tonnes,847.80,Rs./Quintal
NCT of Delhi,Vegetables,Tomato,December-2025,20406.14,Metric Tonnes,3558.35,Rs./Quintal
Nagaland,Vegetables,Onion,January-2023,9.50,Metric Tonnes,6989.47,Rs./Quintal
Nagaland,Vegetables,Potato,January-2023,105.00,Metric Tonnes,3625.71,Rs./Quintal
Nagaland,Vegetables,Tomato,January-2023,36.00,Metric Tonnes,3875.00,Rs./Quintal
Nagaland,Vegetables,Onion,February-2023,11.30,Metric Tonnes,5433.63,Rs./Quintal
Nagaland,Vegetables,Potato,February-2023,109.30,Metric Tonnes,3587.37,Rs./Quintal
Nagaland,Vegetables,Tomato,February-2023,39.00,Metric Tonnes,4023.08,Rs./Quintal
Nagaland,Vegetables,Onion,March-2023,35.40,Metric Tonnes,4174.29,Rs./Quintal
Nagaland,Vegetables,Potato,March-2023,132.50,Metric Tonnes,3987.96,Rs./Quintal
Nagaland,Vegetables,Tomato,March-2023,75.30,Metric Tonnes,3574.70,Rs./Quintal
Nagaland,Vegetables,Onion,April-2023,37.91,Metric Tonnes,3301.71,Rs./Quintal
Nagaland,Vegetables,Potato,April-2023,86.26,Metric Tonnes,3405.83,Rs./Quintal
Nagaland,Vegetables,Tomato,April-2023,77.74,Metric Tonnes,3342.44,Rs./Quintal
Nagaland,Vegetables,Onion,May-2023,104.21,Metric Tonnes,5893.20,Rs./Quintal
Nagaland,Vegetables,Potato,May-2023,2904.30,Metric Tonnes,2266.12,Rs./Quintal
Nagaland,Vegetables,Tomato,May-2023,848.85,Metric Tonnes,2501.06,Rs./Quintal
Nagaland,Vegetables,Onion,June-2023,104.52,Metric Tonnes,7869.83,Rs./Quintal
Nagaland,Vegetables,Potato,June-2023,317.17,Metric Tonnes,6157.20,Rs./Quintal
Nagaland,Vegetables,Tomato,June-2023,219.83,Metric Tonnes,5428.66,Rs./Quintal
Nagaland,Vegetables,Onion,July-2023,123.82,Metric Tonnes,7715.64,Rs./Quintal
Nagaland,Vegetables,Potato,July-2023,342.53,Metric Tonnes,6820.97,Rs./Quintal
Nagaland,Vegetables,Tomato,July-2023,199.00,Metric Tonnes,7897.01,Rs./Quintal
Nagaland,Vegetables,Onion,August-2023,138.84,Metric Tonnes,7621.87,Rs./Quintal
Nagaland,Vegetables,Potato,August-2023,302.50,Metric Tonnes,7679.44,Rs./Quintal
Nagaland,Vegetables,Tomato,August-2023,112.30,Metric Tonnes,11811.19,Rs./Quintal
Nagaland,Vegetables,Onion,September-2023,94.58,Metric Tonnes,9657.12,Rs./Quintal
Nagaland,Vegetables,Potato,September-2023,237.95,Metric Tonnes,8308.31,Rs./Quintal
Nagaland,Vegetables,Tomato,September-2023,113.28,Metric Tonnes,9339.50,Rs./Quintal
Nagaland,Vegetables,Onion,October-2023,7.01,Metric Tonnes,3037.80,Rs./Quintal
Nagaland,Vegetables,Potato,October-2023,32.41,Metric Tonnes,3114.93,Rs./Quintal
Nagaland,Vegetables,Tomato,October-2023,17.81,Metric Tonnes,6876.14,Rs./Quintal
Nagaland,Vegetables,Onion,November-2023,5.95,Metric Tonnes,4817.65,Rs./Quintal
Nagaland,Vegetables,Potato,November-2023,30.37,Metric Tonnes,2876.29,Rs./Quintal
Nagaland,Vegetables,Tomato,November-2023,34.93,Metric Tonnes,8142.63,Rs./Quintal
Nagaland,Vegetables,Onion,December-2023,3.76,Metric Tonnes,6034.57,Rs./Quintal
Nagaland,Vegetables,Potato,December-2023,25.34,Metric Tonnes,2924.78,Rs./Quintal
Nagaland,Vegetables,Tomato,December-2023,3.61,Metric Tonnes,4062.60,Rs./Quintal
Nagaland,Vegetables,Onion,January-2024,4.92,Metric Tonnes,5220.53,Rs./Quintal
Nagaland,Vegetables,Potato,January-2024,31.88,Metric Tonnes,3472.62,Rs./Quintal
Nagaland,Vegetables,Tomato,January-2024,5.08,Metric Tonnes,4049.41,Rs./Quintal
Nagaland,Vegetables,Onion,February-2024,6.48,Metric Tonnes,4475.31,Rs./Quintal
Nagaland,Vegetables,Potato,February-2024,29.06,Metric Tonnes,2570.37,Rs./Quintal
Nagaland,Vegetables,Tomato,February-2024,7.33,Metric Tonnes,3267.26,Rs./Quintal
Nagaland,Vegetables,Onion,March-2024,6.64,Metric Tonnes,4820.78,Rs./Quintal
Nagaland,Vegetables,Potato,March-2024,65.93,Metric Tonnes,2896.04,Rs./Quintal
Nagaland,Vegetables,Tomato,March-2024,16.72,Metric Tonnes,3302.87,Rs./Quintal
Nagaland,Vegetables,Onion,April-2024,6.27,Metric Tonnes,3949.60,Rs./Quintal
Nagaland,Vegetables,Potato,April-2024,31.91,Metric Tonnes,2917.36,Rs./Quintal
Nagaland,Vegetables,Tomato,April-2024,55.70,Metric Tonnes,4619.12,Rs./Quintal
Nagaland,Vegetables,Onion,May-2024,4.14,Metric Tonnes,3538.89,Rs./Quintal
Nagaland,Vegetables,Potato,May-2024,32.02,Metric Tonnes,3281.92,Rs./Quintal
Nagaland,Vegetables,Tomato,May-2024,106.73,Metric Tonnes,5024.98,Rs./Quintal
Nagaland,Vegetables,Onion,June-2024,2.98,Metric Tonnes,4546.98,Rs./Quintal
Nagaland,Vegetables,Potato,June-2024,370.54,Metric Tonnes,3070.48,Rs./Quintal
Nagaland,Vegetables,Tomato,June-2024,26.63,Metric Tonnes,5178.90,Rs./Quintal
Nagaland,Vegetables,Onion,July-2024,3.63,Metric Tonnes,5034.44,Rs./Quintal
Nagaland,Vegetables,Potato,July-2024,410.07,Metric Tonnes,4017.32,Rs./Quintal
Nagaland,Vegetables,Tomato,July-2024,92.10,Metric Tonnes,7580.17,Rs./Quintal
Nagaland,Vegetables,Onion,August-2024,4.87,Metric Tonnes,5200.82,Rs./Quintal
Nagaland,Vegetables,Potato,August-2024,540.12,Metric Tonnes,4979.58,Rs./Quintal
Nagaland,Vegetables,Tomato,August-2024,4.43,Metric Tonnes,5528.89,Rs./Quintal
Nagaland,Vegetables,Onion,September-2024,2.06,Metric Tonnes,6189.32,Rs./Quintal
Nagaland,Vegetables,Potato,September-2024,13.59,Metric Tonnes,4552.61,Rs./Quintal
Nagaland,Vegetables,Tomato,September-2024,2.50,Metric Tonnes,5409.60,Rs./Quintal
Nagaland,Vegetables,Onion,October-2024,2.21,Metric Tonnes,6063.35,Rs./Quintal
Nagaland,Vegetables,Potato,October-2024,1331.04,Metric Tonnes,3846.93,Rs./Quintal
Nagaland,Vegetables,Tomato,October-2024,27.91,Metric Tonnes,7802.72,Rs./Quintal
Nagaland,Vegetables,Onion,November-2024,0.81,Metric Tonnes,6160.49,Rs./Quintal
Nagaland,Vegetables,Potato,November-2024,7.43,Metric Tonnes,4651.95,Rs./Quintal
Nagaland,Vegetables,Tomato,November-2024,2.18,Metric Tonnes,6121.10,Rs./Quintal
Nagaland,Vegetables,Onion,December-2024,1.05,Metric Tonnes,5876.19,Rs./Quintal
Nagaland,Vegetables,Potato,December-2024,321.95,Metric Tonnes,4501.32,Rs./Quintal
Nagaland,Vegetables,Tomato,December-2024,2.09,Metric Tonnes,5784.21,Rs./Quintal
Nagaland,Vegetables,Potato,January-2025,3.84,Metric Tonnes,4732.81,Rs./Quintal
Nagaland,Vegetables,Tomato,January-2025,0.76,Metric Tonnes,4285.53,Rs./Quintal
Nagaland,Vegetables,Potato,February-2025,2.92,Metric Tonnes,3736.30,Rs./Quintal
Nagaland,Vegetables,Tomato,February-2025,12.13,Metric Tonnes,4938.00,Rs./Quintal
Nagaland,Vegetables,Potato,March-2025,791.76,Metric Tonnes,2204.99,Rs./Quintal
Nagaland,Vegetables,Tomato,March-2025,3.30,Metric Tonnes,2613.03,Rs./Quintal
Nagaland,Vegetables,Onion,April-2025,0.46,Metric Tonnes,4500.00,Rs./Quintal
Nagaland,Vegetables,Potato,April-2025,971.36,Metric Tonnes,2351.76,Rs./Quintal
Nagaland,Vegetables,Tomato,April-2025,103.49,Metric Tonnes,3077.84,Rs./Quintal
Nagaland,Vegetables,Onion,May-2025,0.40,Metric Tonnes,5000.00,Rs./Quintal
Nagaland,Vegetables,Potato,May-2025,1134.75,Metric Tonnes,2151.92,Rs./Quintal
Nagaland,Vegetables,Tomato,May-2025,22.64,Metric Tonnes,3435.29,Rs./Quintal
Nagaland,Vegetables,Onion,June-2025,0.37,Metric Tonnes,5027.03,Rs./Quintal
Nagaland,Vegetables,Potato,June-2025,6.51,Metric Tonnes,4051.31,Rs./Quintal
Nagaland,Vegetables,Tomato,June-2025,134.58,Metric Tonnes,5145.43,Rs./Quintal
Nagaland,Vegetables,Onion,July-2025,0.13,Metric Tonnes,5000.00,Rs./Quintal
Nagaland,Vegetables,Potato,July-2025,623.41,Metric Tonnes,2042.37,Rs./Quintal
Nagaland,Vegetables,Tomato,July-2025,162.47,Metric Tonnes,5331.32,Rs./Quintal
Nagaland,Vegetables,Potato,August-2025,629.83,Metric Tonnes,2029.52,Rs./Quintal
Nagaland,Vegetables,Tomato,August-2025,142.05,Metric Tonnes,5647.16,Rs./Quintal
Nagaland,Vegetables,Onion,September-2025,0.57,Metric Tonnes,3610.53,Rs./Quintal
Nagaland,Vegetables,Potato,September-2025,1987.48,Metric Tonnes,2319.36,Rs./Quintal
Nagaland,Vegetables,Tomato,September-2025,53.85,Metric Tonnes,6638.89,Rs./Quintal
Nagaland,Vegetables,Onion,October-2025,0.20,Metric Tonnes,3200.00,Rs./Quintal
Nagaland,Vegetables,Potato,October-2025,663.54,Metric Tonnes,2222.82,Rs./Quintal
Nagaland,Vegetables,Tomato,October-2025,153.48,Metric Tonnes,6329.02,Rs./Quintal
Nagaland,Vegetables,Potato,November-2025,684.17,Metric Tonnes,2226.07,Rs./Quintal
Nagaland,Vegetables,Tomato,November-2025,20.71,Metric Tonnes,6011.88,Rs./Quintal
Nagaland,Vegetables,Potato,December-2025,0.55,Metric Tonnes,1235.00,Rs./Quintal
Nagaland,Vegetables,Tomato,December-2025,0.62,Metric Tonnes,4500.00,Rs./Quintal
Odisha,Vegetables,Onion,January-2023,3707.57,Metric Tonnes,2195.41,Rs./Quintal
Odisha,Vegetables,Potato,January-2023,8928.46,Metric Tonnes,1293.06,Rs./Quintal
Odisha,Vegetables,Tomato,January-2023,5712.25,Metric Tonnes,1335.14,Rs./Quintal
Odisha,Vegetables,Onion,February-2023,3000.10,Metric Tonnes,1865.65,Rs./Quintal
Odisha,Vegetables,Potato,February-2023,9897.54,Metric Tonnes,1090.63,Rs./Quintal
Odisha,Vegetables,Tomato,February-2023,6097.74,Metric Tonnes,1114.50,Rs./Quintal
Odisha,Vegetables,Onion,March-2023,3372.68,Metric Tonnes,1752.14,Rs./Quintal
Odisha,Vegetables,Potato,March-2023,8874.72,Metric Tonnes,1242.66,Rs./Quintal
Odisha,Vegetables,Tomato,March-2023,6100.55,Metric Tonnes,1266.56,Rs./Quintal
Odisha,Vegetables,Onion,April-2023,3655.09,Metric Tonnes,1648.14,Rs./Quintal
Odisha,Vegetables,Potato,April-2023,7338.05,Metric Tonnes,1410.34,Rs./Quintal
Odisha,Vegetables,Tomato,April-2023,5985.93,Metric Tonnes,1288.36,Rs./Quintal
Odisha,Vegetables,Onion,May-2023,3920.62,Metric Tonnes,1685.47,Rs./Quintal
Odisha,Vegetables,Potato,May-2023,9605.20,Metric Tonnes,1526.37,Rs./Quintal
Odisha,Vegetables,Tomato,May-2023,5532.31,Metric Tonnes,1647.33,Rs./Quintal
Odisha,Vegetables,Onion,June-2023,3697.37,Metric Tonnes,1759.03,Rs./Quintal
Odisha,Vegetables,Potato,June-2023,8858.46,Metric Tonnes,1548.79,Rs./Quintal
Odisha,Vegetables,Tomato,June-2023,4981.28,Metric Tonnes,2874.83,Rs./Quintal
Odisha,Vegetables,Onion,July-2023,4441.03,Metric Tonnes,2116.64,Rs./Quintal
Odisha,Vegetables,Potato,July-2023,9839.85,Metric Tonnes,1799.83,Rs./Quintal
Odisha,Vegetables,Tomato,July-2023,2778.66,Metric Tonnes,9223.05,Rs./Quintal
Odisha,Vegetables,Onion,August-2023,4177.15,Metric Tonnes,2357.31,Rs./Quintal
Odisha,Vegetables,Potato,August-2023,8083.74,Metric Tonnes,1774.53,Rs./Quintal
Odisha,Vegetables,Tomato,August-2023,2582.20,Metric Tonnes,5566.86,Rs./Quintal
Odisha,Vegetables,Onion,September-2023,4005.68,Metric Tonnes,2633.82,Rs./Quintal
Odisha,Vegetables,Potato,September-2023,8543.74,Metric Tonnes,1711.25,Rs./Quintal
Odisha,Vegetables,Tomato,September-2023,5306.48,Metric Tonnes,2442.66,Rs./Quintal
Odisha,Vegetables,Onion,October-2023,3805.91,Metric Tonnes,2939.69,Rs./Quintal
Odisha,Vegetables,Potato,October-2023,7145.05,Metric Tonnes,1658.93,Rs./Quintal
Odisha,Vegetables,Tomato,October-2023,4789.34,Metric Tonnes,2267.54,Rs./Quintal
Odisha,Vegetables,Onion,November-2023,3315.08,Metric Tonnes,5021.06,Rs./Quintal
Odisha,Vegetables,Potato,November-2023,7158.84,Metric Tonnes,1656.11,Rs./Quintal
Odisha,Vegetables,Tomato,November-2023,4710.78,Metric Tonnes,2991.67,Rs./Quintal
Odisha,Vegetables,Onion,December-2023,2983.40,Metric Tonnes,4173.16,Rs./Quintal
Odisha,Vegetables,Potato,December-2023,6754.29,Metric Tonnes,1668.83,Rs./Quintal
Odisha,Vegetables,Tomato,December-2023,5341.73,Metric Tonnes,2761.54,Rs./Quintal
Odisha,Vegetables,Onion,January-2024,3448.45,Metric Tonnes,2603.55,Rs./Quintal
Odisha,Vegetables,Potato,January-2024,7053.66,Metric Tonnes,1600.89,Rs./Quintal
Odisha,Vegetables,Tomato,January-2024,4999.29,Metric Tonnes,1922.50,Rs./Quintal
Odisha,Vegetables,Onion,February-2024,3764.64,Metric Tonnes,2254.40,Rs./Quintal
Odisha,Vegetables,Potato,February-2024,8369.03,Metric Tonnes,1524.87,Rs./Quintal
Odisha,Vegetables,Tomato,February-2024,5636.41,Metric Tonnes,1787.99,Rs./Quintal
Odisha,Vegetables,Onion,March-2024,3969.81,Metric Tonnes,2478.65,Rs./Quintal
Odisha,Vegetables,Potato,March-2024,8962.03,Metric Tonnes,1652.66,Rs./Quintal
Odisha,Vegetables,Tomato,March-2024,5845.00,Metric Tonnes,2094.61,Rs./Quintal
Odisha,Vegetables,Onion,April-2024,3520.52,Metric Tonnes,2433.54,Rs./Quintal
Odisha,Vegetables,Potato,April-2024,8768.19,Metric Tonnes,1959.11,Rs./Quintal
Odisha,Vegetables,Tomato,April-2024,5366.34,Metric Tonnes,2380.09,Rs./Quintal
Odisha,Vegetables,Onion,May-2024,4747.51,Metric Tonnes,2499.78,Rs./Quintal
Odisha,Vegetables,Potato,May-2024,13361.13,Metric Tonnes,2265.98,Rs./Quintal
Odisha,Vegetables,Tomato,May-2024,6072.46,Metric Tonnes,2879.10,Rs./Quintal
Odisha,Vegetables,Onion,June-2024,4300.49,Metric Tonnes,3051.09,Rs./Quintal
Odisha,Vegetables,Potato,June-2024,9016.84,Metric Tonnes,2536.84,Rs./Quintal
Odisha,Vegetables,Tomato,June-2024,5333.66,Metric Tonnes,4588.29,Rs./Quintal
Odisha,Vegetables,Onion,July-2024,5164.73,Metric Tonnes,3791.75,Rs./Quintal
Odisha,Vegetables,Potato,July-2024,9906.30,Metric Tonnes,3103.62,Rs./Quintal
Odisha,Vegetables,Tomato,July-2024,5574.71,Metric Tonnes,5636.48,Rs./Quintal
Odisha,Vegetables,Onion,August-2024,4396.53,Metric Tonnes,4083.88,Rs./Quintal
Odisha,Vegetables,Potato,August-2024,9501.02,Metric Tonnes,3467.56,Rs./Quintal
Odisha,Vegetables,Tomato,August-2024,4519.21,Metric Tonnes,3756.54,Rs./Quintal
Odisha,Vegetables,Onion,September-2024,4216.07,Metric Tonnes,4576.92,Rs./Quintal
Odisha,Vegetables,Potato,September-2024,8933.05,Metric Tonnes,2842.64,Rs./Quintal
Odisha,Vegetables,Tomato,September-2024,4846.28,Metric Tonnes,3895.57,Rs./Quintal
Odisha,Vegetables,Onion,October-2024,3694.14,Metric Tonnes,4806.54,Rs./Quintal
Odisha,Vegetables,Potato,October-2024,9707.59,Metric Tonnes,3051.20,Rs./Quintal
Odisha,Vegetables,Tomato,October-2024,4248.86,Metric Tonnes,5834.75,Rs./Quintal
Odisha,Vegetables,Onion,November-2024,3816.84,Metric Tonnes,4973.99,Rs./Quintal
Odisha,Vegetables,Potato,November-2024,7858.40,Metric Tonnes,3064.77,Rs./Quintal
Odisha,Vegetables,Tomato,November-2024,4757.87,Metric Tonnes,4358.26,Rs./Quintal
Odisha,Vegetables,Onion,December-2024,3813.31,Metric Tonnes,4265.38,Rs./Quintal
Odisha,Vegetables,Potato,December-2024,7108.25,Metric Tonnes,3350.31,Rs./Quintal
Odisha,Vegetables,Tomato,December-2024,3969.29,Metric Tonnes,3499.91,Rs./Quintal
Odisha,Vegetables,Onion,January-2025,3506.85,Metric Tonnes,3312.67,Rs./Quintal
Odisha,Vegetables,Potato,January-2025,5435.24,Metric Tonnes,2805.98,Rs./Quintal
Odisha,Vegetables,Tomato,January-2025,4295.07,Metric Tonnes,1989.80,Rs./Quintal
Odisha,Vegetables,Onion,February-2025,3309.76,Metric Tonnes,3035.11,Rs./Quintal
Odisha,Vegetables,Potato,February-2025,5283.27,Metric Tonnes,1821.99,Rs./Quintal
Odisha,Vegetables,Tomato,February-2025,4592.42,Metric Tonnes,1184.99,Rs./Quintal
Odisha,Vegetables,Onion,March-2025,3662.98,Metric Tonnes,3066.93,Rs./Quintal
Odisha,Vegetables,Potato,March-2025,6451.70,Metric Tonnes,1525.15,Rs./Quintal
Odisha,Vegetables,Tomato,March-2025,4591.41,Metric Tonnes,1409.32,Rs./Quintal
Odisha,Vegetables,Onion,April-2025,3533.12,Metric Tonnes,2696.99,Rs./Quintal
Odisha,Vegetables,Potato,April-2025,6725.98,Metric Tonnes,1593.24,Rs./Quintal
Odisha,Vegetables,Tomato,April-2025,4211.29,Metric Tonnes,1715.72,Rs./Quintal
Odisha,Vegetables,Onion,May-2025,3868.36,Metric Tonnes,2169.12,Rs./Quintal
Odisha,Vegetables,Potato,May-2025,6019.81,Metric Tonnes,1802.66,Rs./Quintal
Odisha,Vegetables,Tomato,May-2025,3676.86,Metric Tonnes,1980.97,Rs./Quintal
Odisha,Vegetables,Onion,June-2025,3758.99,Metric Tonnes,2038.62,Rs./Quintal
Odisha,Vegetables,Potato,June-2025,5857.69,Metric Tonnes,1898.19,Rs./Quintal
Odisha,Vegetables,Tomato,June-2025,4205.76,Metric Tonnes,2595.81,Rs./Quintal
Odisha,Vegetables,Onion,July-2025,3382.00,Metric Tonnes,2144.47,Rs./Quintal
Odisha,Vegetables,Potato,July-2025,5988.53,Metric Tonnes,1944.90,Rs./Quintal
Odisha,Vegetables,Tomato,July-2025,4173.34,Metric Tonnes,3651.10,Rs./Quintal
Odisha,Vegetables,Onion,August-2025,3567.85,Metric Tonnes,2337.54,Rs./Quintal
Odisha,Vegetables,Potato,August-2025,6591.38,Metric Tonnes,1991.72,Rs./Quintal
Odisha,Vegetables,Tomato,August-2025,3635.74,Metric Tonnes,4422.89,Rs./Quintal
Odisha,Vegetables,Onion,September-2025,4597.49,Metric Tonnes,2183.62,Rs./Quintal
Odisha,Vegetables,Potato,September-2025,8699.41,Metric Tonnes,1686.78,Rs./Quintal
Odisha,Vegetables,Tomato,September-2025,4185.09,Metric Tonnes,3244.39,Rs./Quintal
Odisha,Vegetables,Onion,October-2025,3635.26,Metric Tonnes,2104.69,Rs./Quintal
Odisha,Vegetables,Potato,October-2025,7432.21,Metric Tonnes,1720.06,Rs./Quintal
Odisha,Vegetables,Tomato,October-2025,3442.52,Metric Tonnes,3354.06,Rs./Quintal
Odisha,Vegetables,Onion,November-2025,6587.89,Metric Tonnes,2246.57,Rs./Quintal
Odisha,Vegetables,Potato,November-2025,18358.07,Metric Tonnes,2013.19,Rs./Quintal
Odisha,Vegetables,Tomato,November-2025,7837.78,Metric Tonnes,3149.61,Rs./Quintal
Odisha,Vegetables,Onion,December-2025,10853.80,Metric Tonnes,2696.16,Rs./Quintal
Odisha,Vegetables,Potato,December-2025,19374.35,Metric Tonnes,2256.40,Rs./Quintal
Odisha,Vegetables,Tomato,December-2025,6643.28,Metric Tonnes,3376.56,Rs./Quintal
Punjab,Vegetables,Onion,January-2023,15572.09,Metric Tonnes,1283.60,Rs./Quintal
Punjab,Vegetables,Potato,January-2023,26948.79,Metric Tonnes,480.17,Rs./Quintal
Punjab,Vegetables,Tomato,January-2023,6022.44,Metric Tonnes,1004.46,Rs./Quintal
Punjab,Vegetables,Onion,February-2023,23287.23,Metric Tonnes,1098.45,Rs./Quintal
Punjab,Vegetables,Potato,February-2023,33731.56,Metric Tonnes,401.33,Rs./Quintal
Punjab,Vegetables,Tomato,February-2023,7864.50,Metric Tonnes,988.75,Rs./Quintal
Punjab,Vegetables,Onion,March-2023,24621.98,Metric Tonnes,893.20,Rs./Quintal
Punjab,Vegetables,Potato,March-2023,30288.79,Metric Tonnes,396.48,Rs./Quintal
Punjab,Vegetables,Tomato,March-2023,7274.32,Metric Tonnes,1220.66,Rs./Quintal
Punjab,Vegetables,Onion,April-2023,26773.76,Metric Tonnes,850.26,Rs./Quintal
Punjab,Vegetables,Potato,April-2023,25394.54,Metric Tonnes,472.63,Rs./Quintal
Punjab,Vegetables,Tomato,April-2023,9228.41,Metric Tonnes,1126.78,Rs./Quintal
Punjab,Vegetables,Onion,May-2023,27001.69,Metric Tonnes,915.01,Rs./Quintal
Punjab,Vegetables,Potato,May-2023,17668.28,Metric Tonnes,630.36,Rs./Quintal
Punjab,Vegetables,Tomato,May-2023,8878.68,Metric Tonnes,649.73,Rs./Quintal
Punjab,Vegetables,Onion,June-2023,27527.53,Metric Tonnes,998.10,Rs./Quintal
Punjab,Vegetables,Potato,June-2023,21035.07,Metric Tonnes,753.99,Rs./Quintal
Punjab,Vegetables,Tomato,June-2023,8153.64,Metric Tonnes,845.97,Rs./Quintal
Punjab,Vegetables,Onion,July-2023,21211.75,Metric Tonnes,1421.24,Rs./Quintal
Punjab,Vegetables,Potato,July-2023,21825.77,Metric Tonnes,817.16,Rs./Quintal
Punjab,Vegetables,Tomato,July-2023,2781.43,Metric Tonnes,5646.81,Rs./Quintal
Punjab,Vegetables,Onion,August-2023,13276.30,Metric Tonnes,1634.11,Rs./Quintal
Punjab,Vegetables,Potato,August-2023,17453.62,Metric Tonnes,782.61,Rs./Quintal
Punjab,Vegetables,Tomato,August-2023,2894.14,Metric Tonnes,4469.48,Rs./Quintal
Punjab,Vegetables,Onion,September-2023,23862.19,Metric Tonnes,1814.78,Rs./Quintal
Punjab,Vegetables,Potato,September-2023,24787.51,Metric Tonnes,734.16,Rs./Quintal
Punjab,Vegetables,Tomato,September-2023,8226.83,Metric Tonnes,1399.60,Rs./Quintal
Punjab,Vegetables,Onion,October-2023,16967.98,Metric Tonnes,2240.86,Rs./Quintal
Punjab,Vegetables,Potato,October-2023,22889.51,Metric Tonnes,709.36,Rs./Quintal
Punjab,Vegetables,Tomato,October-2023,9137.06,Metric Tonnes,1154.69,Rs./Quintal
Punjab,Vegetables,Onion,November-2023,14943.69,Metric Tonnes,3296.51,Rs./Quintal
Punjab,Vegetables,Potato,November-2023,33194.99,Metric Tonnes,718.67,Rs./Quintal
Punjab,Vegetables,Tomato,November-2023,6659.17,Metric Tonnes,2330.37,Rs./Quintal
Punjab,Vegetables,Onion,December-2023,20280.65,Metric Tonnes,2333.74,Rs./Quintal
Punjab,Vegetables,Potato,December-2023,49422.08,Metric Tonnes,438.09,Rs./Quintal
Punjab,Vegetables,Tomato,December-2023,7406.02,Metric Tonnes,1890.94,Rs./Quintal
Punjab,Vegetables,Onion,January-2024,20746.21,Metric Tonnes,1724.49,Rs./Quintal
Punjab,Vegetables,Potato,January-2024,36715.83,Metric Tonnes,408.40,Rs./Quintal
Punjab,Vegetables,Tomato,January-2024,6759.98,Metric Tonnes,1732.06,Rs./Quintal
Punjab,Vegetables,Onion,February-2024,22503.32,Metric Tonnes,1397.87,Rs./Quintal
Punjab,Vegetables,Potato,February-2024,35662.48,Metric Tonnes,466.35,Rs./Quintal
Punjab,Vegetables,Tomato,February-2024,7483.45,Metric Tonnes,2168.64,Rs./Quintal
Punjab,Vegetables,Onion,March-2024,24165.61,Metric Tonnes,1601.01,Rs./Quintal
Punjab,Vegetables,Potato,March-2024,30965.29,Metric Tonnes,605.86,Rs./Quintal
Punjab,Vegetables,Tomato,March-2024,8005.65,Metric Tonnes,2088.63,Rs./Quintal
Punjab,Vegetables,Onion,April-2024,27089.67,Metric Tonnes,1528.49,Rs./Quintal
Punjab,Vegetables,Potato,April-2024,27052.95,Metric Tonnes,802.21,Rs./Quintal
Punjab,Vegetables,Tomato,April-2024,8050.59,Metric Tonnes,1895.30,Rs./Quintal
Punjab,Vegetables,Onion,May-2024,27160.58,Metric Tonnes,1464.29,Rs./Quintal
Punjab,Vegetables,Potato,May-2024,20241.78,Metric Tonnes,1060.25,Rs./Quintal
Punjab,Vegetables,Tomato,May-2024,10041.55,Metric Tonnes,998.15,Rs./Quintal
Punjab,Vegetables,Onion,June-2024,22224.75,Metric Tonnes,2049.47,Rs./Quintal
Punjab,Vegetables,Potato,June-2024,18482.21,Metric Tonnes,1124.27,Rs./Quintal
Punjab,Vegetables,Tomato,June-2024,7335.63,Metric Tonnes,858.00,Rs./Quintal
Punjab,Vegetables,Onion,July-2024,21139.82,Metric Tonnes,2417.67,Rs./Quintal
Punjab,Vegetables,Potato,July-2024,21684.73,Metric Tonnes,1251.69,Rs./Quintal
Punjab,Vegetables,Tomato,July-2024,3863.31,Metric Tonnes,3212.33,Rs./Quintal
Punjab,Vegetables,Onion,August-2024,17919.86,Metric Tonnes,2910.05,Rs./Quintal
Punjab,Vegetables,Potato,August-2024,20964.31,Metric Tonnes,1306.06,Rs./Quintal
Punjab,Vegetables,Tomato,August-2024,5264.32,Metric Tonnes,2866.32,Rs./Quintal
Punjab,Vegetables,Onion,September-2024,22258.94,Metric Tonnes,3691.53,Rs./Quintal
Punjab,Vegetables,Potato,September-2024,22641.37,Metric Tonnes,1333.40,Rs./Quintal
Punjab,Vegetables,Tomato,September-2024,8107.98,Metric Tonnes,2537.83,Rs./Quintal
Punjab,Vegetables,Onion,October-2024,17102.92,Metric Tonnes,4041.02,Rs./Quintal
Punjab,Vegetables,Potato,October-2024,21876.36,Metric Tonnes,1429.90,Rs./Quintal
Punjab,Vegetables,Tomato,October-2024,6250.28,Metric Tonnes,3984.94,Rs./Quintal
Punjab,Vegetables,Onion,November-2024,16833.98,Metric Tonnes,3651.61,Rs./Quintal
Punjab,Vegetables,Potato,November-2024,26907.06,Metric Tonnes,1468.31,Rs./Quintal
Punjab,Vegetables,Tomato,November-2024,6539.25,Metric Tonnes,2761.02,Rs./Quintal
Punjab,Vegetables,Onion,December-2024,19239.27,Metric Tonnes,2710.30,Rs./Quintal
Punjab,Vegetables,Potato,December-2024,36429.85,Metric Tonnes,1164.25,Rs./Quintal
Punjab,Vegetables,Tomato,December-2024,7355.19,Metric Tonnes,2622.77,Rs./Quintal
Punjab,Vegetables,Onion,January-2025,19514.73,Metric Tonnes,2038.73,Rs./Quintal
Punjab,Vegetables,Potato,January-2025,34646.84,Metric Tonnes,836.36,Rs./Quintal
Punjab,Vegetables,Tomato,January-2025,7576.51,Metric Tonnes,1357.27,Rs./Quintal
Punjab,Vegetables,Onion,February-2025,19582.37,Metric Tonnes,2145.21,Rs./Quintal
Punjab,Vegetables,Potato,February-2025,34809.34,Metric Tonnes,617.44,Rs./Quintal
Punjab,Vegetables,Tomato,February-2025,8248.93,Metric Tonnes,958.33,Rs./Quintal
Punjab,Vegetables,Onion,March-2025,25545.57,Metric Tonnes,1786.17,Rs./Quintal
Punjab,Vegetables,Potato,March-2025,43435.96,Metric Tonnes,578.36,Rs./Quintal
Punjab,Vegetables,Tomato,March-2025,8984.08,Metric Tonnes,887.25,Rs./Quintal
Punjab,Vegetables,Onion,April-2025,33613.41,Metric Tonnes,1183.24,Rs./Quintal
Punjab,Vegetables,Potato,April-2025,49130.41,Metric Tonnes,475.84,Rs./Quintal
Punjab,Vegetables,Tomato,April-2025,9824.69,Metric Tonnes,981.77,Rs./Quintal
Punjab,Vegetables,Onion,May-2025,37590.32,Metric Tonnes,1070.71,Rs./Quintal
Punjab,Vegetables,Potato,May-2025,29793.50,Metric Tonnes,655.87,Rs./Quintal
Punjab,Vegetables,Tomato,May-2025,10601.96,Metric Tonnes,842.45,Rs./Quintal
Punjab,Vegetables,Onion,June-2025,26294.50,Metric Tonnes,1112.00,Rs./Quintal
Punjab,Vegetables,Potato,June-2025,18298.44,Metric Tonnes,790.30,Rs./Quintal
Punjab,Vegetables,Tomato,June-2025,7732.70,Metric Tonnes,1296.52,Rs./Quintal
Punjab,Vegetables,Onion,July-2025,22053.81,Metric Tonnes,1389.86,Rs./Quintal
Punjab,Vegetables,Potato,July-2025,20912.26,Metric Tonnes,870.95,Rs./Quintal
Punjab,Vegetables,Tomato,July-2025,6156.10,Metric Tonnes,2370.30,Rs./Quintal
Punjab,Vegetables,Onion,August-2025,21629.58,Metric Tonnes,1347.67,Rs./Quintal
Punjab,Vegetables,Potato,August-2025,22369.53,Metric Tonnes,786.46,Rs./Quintal
Punjab,Vegetables,Tomato,August-2025,5557.42,Metric Tonnes,3511.86,Rs./Quintal
Punjab,Vegetables,Onion,September-2025,28195.33,Metric Tonnes,1262.66,Rs./Quintal
Punjab,Vegetables,Potato,September-2025,22092.78,Metric Tonnes,793.61,Rs./Quintal
Punjab,Vegetables,Tomato,September-2025,8640.84,Metric Tonnes,2083.31,Rs./Quintal
Punjab,Vegetables,Onion,October-2025,30720.74,Metric Tonnes,1119.70,Rs./Quintal
Punjab,Vegetables,Potato,October-2025,27135.39,Metric Tonnes,777.87,Rs./Quintal
Punjab,Vegetables,Tomato,October-2025,10230.76,Metric Tonnes,2039.81,Rs./Quintal
Punjab,Vegetables,Onion,November-2025,16207.95,Metric Tonnes,1140.22,Rs./Quintal
Punjab,Vegetables,Potato,November-2025,30696.70,Metric Tonnes,744.41,Rs./Quintal
Punjab,Vegetables,Tomato,November-2025,4333.06,Metric Tonnes,2451.05,Rs./Quintal
Punjab,Vegetables,Onion,December-2025,27312.40,Metric Tonnes,1560.95,Rs./Quintal
Punjab,Vegetables,Potato,December-2025,58781.36,Metric Tonnes,619.40,Rs./Quintal
Punjab,Vegetables,Tomato,December-2025,11226.25,Metric Tonnes,2679.55,Rs./Quintal
Rajasthan,Vegetables,Onion,January-2023,46441.77,Metric Tonnes,1188.21,Rs./Quintal
Rajasthan,Vegetables,Potato,January-2023,51983.92,Metric Tonnes,863.40,Rs./Quintal
Rajasthan,Vegetables,Tomato,January-2023,21507.48,Metric Tonnes,757.25,Rs./Quintal
Rajasthan,Vegetables,Onion,February-2023,37336.19,Metric Tonnes,1002.19,Rs./Quintal
Rajasthan,Vegetables,Potato,February-2023,47213.12,Metric Tonnes,709.02,Rs./Quintal
Rajasthan,Vegetables,Tomato,February-2023,22676.41,Metric Tonnes,759.11,Rs./Quintal
Rajasthan,Vegetables,Onion,March-2023,35202.75,Metric Tonnes,772.86,Rs./Quintal
Rajasthan,Vegetables,Potato,March-2023,38009.73,Metric Tonnes,714.75,Rs./Quintal
Rajasthan,Vegetables,Tomato,March-2023,17997.02,Metric Tonnes,960.28,Rs./Quintal
Rajasthan,Vegetables,Onion,April-2023,55552.82,Metric Tonnes,722.52,Rs./Quintal
Rajasthan,Vegetables,Potato,April-2023,30168.62,Metric Tonnes,887.38,Rs./Quintal
Rajasthan,Vegetables,Tomato,April-2023,18631.24,Metric Tonnes,1073.41,Rs./Quintal
Rajasthan,Vegetables,Onion,May-2023,41910.47,Metric Tonnes,764.58,Rs./Quintal
Rajasthan,Vegetables,Potato,May-2023,27508.01,Metric Tonnes,951.67,Rs./Quintal
Rajasthan,Vegetables,Tomato,May-2023,18202.51,Metric Tonnes,824.01,Rs./Quintal
Rajasthan,Vegetables,Onion,June-2023,28971.25,Metric Tonnes,755.92,Rs./Quintal
Rajasthan,Vegetables,Potato,June-2023,23213.13,Metric Tonnes,953.70,Rs./Quintal
Rajasthan,Vegetables,Tomato,June-2023,10738.14,Metric Tonnes,1507.50,Rs./Quintal
Rajasthan,Vegetables,Onion,July-2023,31188.52,Metric Tonnes,1012.55,Rs./Quintal
Rajasthan,Vegetables,Potato,July-2023,25534.62,Metric Tonnes,1005.62,Rs./Quintal
Rajasthan,Vegetables,Tomato,July-2023,2863.90,Metric Tonnes,7160.93,Rs./Quintal
Rajasthan,Vegetables,Onion,August-2023,25141.24,Metric Tonnes,1256.06,Rs./Quintal
Rajasthan,Vegetables,Potato,August-2023,23414.17,Metric Tonnes,1020.13,Rs./Quintal
Rajasthan,Vegetables,Tomato,August-2023,4312.37,Metric Tonnes,4437.44,Rs./Quintal
Rajasthan,Vegetables,Onion,September-2023,20712.38,Metric Tonnes,1473.62,Rs./Quintal
Rajasthan,Vegetables,Potato,September-2023,24282.50,Metric Tonnes,1028.72,Rs./Quintal
Rajasthan,Vegetables,Tomato,September-2023,12277.37,Metric Tonnes,1395.95,Rs./Quintal
Rajasthan,Vegetables,Onion,October-2023,23020.54,Metric Tonnes,2037.50,Rs./Quintal
Rajasthan,Vegetables,Potato,October-2023,29117.77,Metric Tonnes,1004.22,Rs./Quintal
Rajasthan,Vegetables,Tomato,October-2023,14294.91,Metric Tonnes,1096.47,Rs./Quintal
Rajasthan,Vegetables,Onion,November-2023,44519.97,Metric Tonnes,3038.72,Rs./Quintal
Rajasthan,Vegetables,Potato,November-2023,22868.92,Metric Tonnes,1038.61,Rs./Quintal
Rajasthan,Vegetables,Tomato,November-2023,10112.32,Metric Tonnes,2128.06,Rs./Quintal
Rajasthan,Vegetables,Onion,December-2023,57694.63,Metric Tonnes,2125.20,Rs./Quintal
Rajasthan,Vegetables,Potato,December-2023,25750.40,Metric Tonnes,931.78,Rs./Quintal
Rajasthan,Vegetables,Tomato,December-2023,11144.00,Metric Tonnes,1564.08,Rs./Quintal
Rajasthan,Vegetables,Onion,January-2024,19124.29,Metric Tonnes,1372.67,Rs./Quintal
Rajasthan,Vegetables,Potato,January-2024,29011.13,Metric Tonnes,725.03,Rs./Quintal
Rajasthan,Vegetables,Tomato,January-2024,9641.93,Metric Tonnes,1381.45,Rs./Quintal
Rajasthan,Vegetables,Onion,February-2024,22392.26,Metric Tonnes,1133.84,Rs./Quintal
Rajasthan,Vegetables,Potato,February-2024,33188.32,Metric Tonnes,710.06,Rs./Quintal
Rajasthan,Vegetables,Tomato,February-2024,9644.57,Metric Tonnes,1604.61,Rs./Quintal
Rajasthan,Vegetables,Onion,March-2024,30078.49,Metric Tonnes,1230.79,Rs./Quintal
Rajasthan,Vegetables,Potato,March-2024,24599.17,Metric Tonnes,1052.71,Rs./Quintal
Rajasthan,Vegetables,Tomato,March-2024,13484.22,Metric Tonnes,1658.87,Rs./Quintal
Rajasthan,Vegetables,Onion,April-2024,34192.54,Metric Tonnes,1128.70,Rs./Quintal
Rajasthan,Vegetables,Potato,April-2024,18461.69,Metric Tonnes,1387.47,Rs./Quintal
Rajasthan,Vegetables,Tomato,April-2024,9068.46,Metric Tonnes,1482.57,Rs./Quintal
Rajasthan,Vegetables,Onion,May-2024,30720.38,Metric Tonnes,1193.27,Rs./Quintal
Rajasthan,Vegetables,Potato,May-2024,20628.79,Metric Tonnes,1550.78,Rs./Quintal
Rajasthan,Vegetables,Tomato,May-2024,12279.66,Metric Tonnes,1152.75,Rs./Quintal
Rajasthan,Vegetables,Onion,June-2024,19652.69,Metric Tonnes,1764.60,Rs./Quintal
Rajasthan,Vegetables,Potato,June-2024,19967.86,Metric Tonnes,1806.98,Rs./Quintal
Rajasthan,Vegetables,Tomato,June-2024,11348.42,Metric Tonnes,1578.55,Rs./Quintal
Rajasthan,Vegetables,Onion,July-2024,19481.02,Metric Tonnes,2448.09,Rs./Quintal
Rajasthan,Vegetables,Potato,July-2024,24880.54,Metric Tonnes,2077.68,Rs./Quintal
Rajasthan,Vegetables,Tomato,July-2024,10252.64,Metric Tonnes,4434.45,Rs./Quintal
Rajasthan,Vegetables,Onion,August-2024,18805.42,Metric Tonnes,2914.63,Rs./Quintal
Rajasthan,Vegetables,Potato,August-2024,25727.59,Metric Tonnes,2121.20,Rs./Quintal
Rajasthan,Vegetables,Tomato,August-2024,17703.39,Metric Tonnes,2965.51,Rs./Quintal
Rajasthan,Vegetables,Onion,September-2024,14226.60,Metric Tonnes,3342.22,Rs./Quintal
Rajasthan,Vegetables,Potato,September-2024,22421.31,Metric Tonnes,2109.43,Rs./Quintal
Rajasthan,Vegetables,Tomato,September-2024,10234.16,Metric Tonnes,2988.85,Rs./Quintal
Rajasthan,Vegetables,Onion,October-2024,17331.25,Metric Tonnes,3401.12,Rs./Quintal
Rajasthan,Vegetables,Potato,October-2024,32013.06,Metric Tonnes,1985.61,Rs./Quintal
Rajasthan,Vegetables,Tomato,October-2024,9732.51,Metric Tonnes,4416.15,Rs./Quintal
Rajasthan,Vegetables,Onion,November-2024,63361.75,Metric Tonnes,3045.56,Rs./Quintal
Rajasthan,Vegetables,Potato,November-2024,33755.14,Metric Tonnes,2052.84,Rs./Quintal
Rajasthan,Vegetables,Tomato,November-2024,12871.10,Metric Tonnes,2902.09,Rs./Quintal
Rajasthan,Vegetables,Onion,December-2024,53326.45,Metric Tonnes,2363.21,Rs./Quintal
Rajasthan,Vegetables,Potato,December-2024,37617.58,Metric Tonnes,1801.64,Rs./Quintal
Rajasthan,Vegetables,Tomato,December-2024,13151.97,Metric Tonnes,2355.93,Rs./Quintal
Rajasthan,Vegetables,Onion,January-2025,30379.32,Metric Tonnes,1709.63,Rs./Quintal
Rajasthan,Vegetables,Potato,January-2025,32206.16,Metric Tonnes,1250.01,Rs./Quintal
Rajasthan,Vegetables,Tomato,January-2025,14259.22,Metric Tonnes,1130.73,Rs./Quintal
Rajasthan,Vegetables,Onion,February-2025,21285.65,Metric Tonnes,1966.52,Rs./Quintal
Rajasthan,Vegetables,Potato,February-2025,30094.56,Metric Tonnes,957.92,Rs./Quintal
Rajasthan,Vegetables,Tomato,February-2025,13082.71,Metric Tonnes,942.79,Rs./Quintal
Rajasthan,Vegetables,Onion,March-2025,43986.83,Metric Tonnes,1421.91,Rs./Quintal
Rajasthan,Vegetables,Potato,March-2025,26288.73,Metric Tonnes,959.45,Rs./Quintal
Rajasthan,Vegetables,Tomato,March-2025,13523.46,Metric Tonnes,862.55,Rs./Quintal
Rajasthan,Vegetables,Onion,April-2025,58068.42,Metric Tonnes,905.96,Rs./Quintal
Rajasthan,Vegetables,Potato,April-2025,26401.07,Metric Tonnes,960.72,Rs./Quintal
Rajasthan,Vegetables,Tomato,April-2025,16852.41,Metric Tonnes,1045.15,Rs./Quintal
Rajasthan,Vegetables,Onion,May-2025,50793.07,Metric Tonnes,821.96,Rs./Quintal
Rajasthan,Vegetables,Potato,May-2025,28883.52,Metric Tonnes,1040.15,Rs./Quintal
Rajasthan,Vegetables,Tomato,May-2025,17710.42,Metric Tonnes,1102.03,Rs./Quintal
Rajasthan,Vegetables,Onion,June-2025,30372.22,Metric Tonnes,1029.08,Rs./Quintal
Rajasthan,Vegetables,Potato,June-2025,30123.73,Metric Tonnes,1117.94,Rs./Quintal
Rajasthan,Vegetables,Tomato,June-2025,15816.54,Metric Tonnes,1819.77,Rs./Quintal
Rajasthan,Vegetables,Onion,July-2025,26080.67,Metric Tonnes,1184.64,Rs./Quintal
Rajasthan,Vegetables,Potato,July-2025,31096.34,Metric Tonnes,1088.42,Rs./Quintal
Rajasthan,Vegetables,Tomato,July-2025,15890.59,Metric Tonnes,2972.54,Rs./Quintal
Rajasthan,Vegetables,Onion,August-2025,29737.92,Metric Tonnes,1229.52,Rs./Quintal
Rajasthan,Vegetables,Potato,August-2025,34524.44,Metric Tonnes,1024.25,Rs./Quintal
Rajasthan,Vegetables,Tomato,August-2025,17832.19,Metric Tonnes,3524.27,Rs./Quintal
Rajasthan,Vegetables,Onion,September-2025,27457.25,Metric Tonnes,1186.06,Rs./Quintal
Rajasthan,Vegetables,Potato,September-2025,32435.41,Metric Tonnes,1060.87,Rs./Quintal
Rajasthan,Vegetables,Tomato,September-2025,17486.28,Metric Tonnes,2194.82,Rs./Quintal
Rajasthan,Vegetables,Onion,October-2025,26290.87,Metric Tonnes,1138.96,Rs./Quintal
Rajasthan,Vegetables,Potato,October-2025,28703.23,Metric Tonnes,1126.69,Rs./Quintal
Rajasthan,Vegetables,Tomato,October-2025,14564.97,Metric Tonnes,1861.47,Rs./Quintal
Rajasthan,Vegetables,Onion,November-2025,49211.66,Metric Tonnes,936.44,Rs./Quintal
Rajasthan,Vegetables,Potato,November-2025,16163.26,Metric Tonnes,1360.12,Rs./Quintal
Rajasthan,Vegetables,Tomato,November-2025,9549.28,Metric Tonnes,2735.32,Rs./Quintal
Rajasthan,Vegetables,Onion,December-2025,42778.96,Metric Tonnes,1279.29,Rs./Quintal
Rajasthan,Vegetables,Potato,December-2025,26073.76,Metric Tonnes,858.65,Rs./Quintal
Rajasthan,Vegetables,Tomato,December-2025,10488.12,Metric Tonnes,2831.22,Rs./Quintal
Tamil Nadu,Vegetables,Onion,August-2023,2.81,Metric Tonnes,3587.46,Rs./Quintal
Tamil Nadu,Vegetables,Onion,September-2023,3.60,Metric Tonnes,3659.03,Rs./Quintal
Tamil Nadu,Vegetables,Onion,October-2023,5.49,Metric Tonnes,4132.83,Rs./Quintal
Tamil Nadu,Vegetables,Tomato,October-2023,4.20,Metric Tonnes,2150.00,Rs./Quintal
Tamil Nadu,Vegetables,Onion,November-2023,1.17,Metric Tonnes,5775.00,Rs./Quintal
Tamil Nadu,Vegetables,Tomato,November-2023,3.40,Metric Tonnes,1329.00,Rs./Quintal
Tamil Nadu,Vegetables,Onion,December-2023,1.73,Metric Tonnes,3150.00,Rs./Quintal
Tamil Nadu,Vegetables,Onion,January-2024,0.58,Metric Tonnes,2331.03,Rs./Quintal
Tamil Nadu,Vegetables,Onion,February-2024,5.38,Metric Tonnes,1924.91,Rs./Quintal
Tamil Nadu,Vegetables,Tomato,February-2024,35.20,Metric Tonnes,1950.00,Rs./Quintal
Tamil Nadu,Vegetables,Onion,March-2024,3.81,Metric Tonnes,2250.26,Rs./Quintal
Tamil Nadu,Vegetables,Tomato,March-2024,15.70,Metric Tonnes,1000.00,Rs./Quintal
Tamil Nadu,Vegetables,Tomato,May-2024,5.00,Metric Tonnes,1940.00,Rs./Quintal
Tamil Nadu,Vegetables,Onion,June-2024,611.64,Metric Tonnes,44.61,Rs./Quintal
Tamil Nadu,Vegetables,Potato,June-2024,388.64,Metric Tonnes,48.24,Rs./Quintal
Tamil Nadu,Vegetables,Tomato,June-2024,1384.09,Metric Tonnes,58.16,Rs./Quintal
Tamil Nadu,Vegetables,Onion,July-2024,2190.58,Metric Tonnes,3850.53,Rs./Quintal
Tamil Nadu,Vegetables,Potato,July-2024,1373.61,Metric Tonnes,4836.78,Rs./Quintal
Tamil Nadu,Vegetables,Tomato,July-2024,5197.49,Metric Tonnes,4016.19,Rs./Quintal
Tamil Nadu,Vegetables,Onion,August-2024,2781.07,Metric Tonnes,4903.73,Rs./Quintal
Tamil Nadu,Vegetables,Potato,August-2024,1797.61,Metric Tonnes,5603.17,Rs./Quintal
Tamil Nadu,Vegetables,Tomato,August-2024,7129.50,Metric Tonnes,2315.04,Rs./Quintal
Tamil Nadu,Vegetables,Onion,September-2024,2627.76,Metric Tonnes,5946.97,Rs./Quintal
Tamil Nadu,Vegetables,Potato,September-2024,1759.45,Metric Tonnes,5350.61,Rs./Quintal
Tamil Nadu,Vegetables,Tomato,September-2024,6862.45,Metric Tonnes,2885.92,Rs./Quintal
Tamil Nadu,Vegetables,Onion,October-2024,2723.11,Metric Tonnes,6021.71,Rs./Quintal
Tamil Nadu,Vegetables,Potato,October-2024,1826.79,Metric Tonnes,5414.08,Rs./Quintal
Tamil Nadu,Vegetables,Tomato,October-2024,6728.79,Metric Tonnes,4806.70,Rs./Quintal
Tamil Nadu,Vegetables,Onion,November-2024,2446.68,Metric Tonnes,6717.74,Rs./Quintal
Tamil Nadu,Vegetables,Potato,November-2024,1658.69,Metric Tonnes,5578.45,Rs./Quintal
Tamil Nadu,Vegetables,Tomato,November-2024,6239.33,Metric Tonnes,3298.44,Rs./Quintal
Tamil Nadu,Vegetables,Onion,December-2024,2609.68,Metric Tonnes,6082.42,Rs./Quintal
Tamil Nadu,Vegetables,Potato,December-2024,1783.50,Metric Tonnes,5237.98,Rs./Quintal
Tamil Nadu,Vegetables,Tomato,December-2024,6562.00,Metric Tonnes,3171.00,Rs./Quintal
Tamil Nadu,Vegetables,Onion,January-2025,2705.66,Metric Tonnes,4778.46,Rs./Quintal
Tamil Nadu,Vegetables,Potato,January-2025,1809.78,Metric Tonnes,4795.60,Rs./Quintal
Tamil Nadu,Vegetables,Tomato,January-2025,6932.02,Metric Tonnes,2029.50,Rs./Quintal
Tamil Nadu,Vegetables,Onion,February-2025,2515.81,Metric Tonnes,4536.51,Rs./Quintal
Tamil Nadu,Vegetables,Potato,February-2025,1667.80,Metric Tonnes,4201.02,Rs./Quintal
Tamil Nadu,Vegetables,Tomato,February-2025,6705.65,Metric Tonnes,1978.13,Rs./Quintal
Tamil Nadu,Vegetables,Onion,March-2025,2703.84,Metric Tonnes,3695.42,Rs./Quintal
Tamil Nadu,Vegetables,Potato,March-2025,1749.91,Metric Tonnes,3600.24,Rs./Quintal
Tamil Nadu,Vegetables,Tomato,March-2025,7454.00,Metric Tonnes,1311.44,Rs./Quintal
Tamil Nadu,Vegetables,Onion,April-2025,2705.35,Metric Tonnes,2955.63,Rs./Quintal
Tamil Nadu,Vegetables,Potato,April-2025,1741.73,Metric Tonnes,3438.37,Rs./Quintal
Tamil Nadu,Vegetables,Tomato,April-2025,7356.80,Metric Tonnes,1545.79,Rs./Quintal
Tamil Nadu,Vegetables,Onion,May-2025,2725.79,Metric Tonnes,2733.47,Rs./Quintal
Tamil Nadu,Vegetables,Potato,May-2025,1694.72,Metric Tonnes,3970.06,Rs./Quintal
Tamil Nadu,Vegetables,Tomato,May-2025,7258.57,Metric Tonnes,1471.55,Rs./Quintal
Tamil Nadu,Vegetables,Onion,June-2025,2603.49,Metric Tonnes,3078.44,Rs./Quintal
Tamil Nadu,Vegetables,Potato,June-2025,1615.44,Metric Tonnes,4283.33,Rs./Quintal
Tamil Nadu,Vegetables,Tomato,June-2025,6727.01,Metric Tonnes,2142.95,Rs./Quintal
Tamil Nadu,Vegetables,Onion,July-2025,2448.23,Metric Tonnes,3070.23,Rs./Quintal
Tamil Nadu,Vegetables,Potato,July-2025,1229.17,Metric Tonnes,4555.62,Rs./Quintal
Tamil Nadu,Vegetables,Tomato,July-2025,5388.71,Metric Tonnes,3082.94,Rs./Quintal
Tamil Nadu,Vegetables,Onion,August-2025,2524.39,Metric Tonnes,3033.78,Rs./Quintal
Tamil Nadu,Vegetables,Potato,August-2025,470.68,Metric Tonnes,4103.48,Rs./Quintal
Tamil Nadu,Vegetables,Tomato,August-2025,2692.13,Metric Tonnes,4160.52,Rs./Quintal
Tamil Nadu,Vegetables,Onion,September-2025,2702.70,Metric Tonnes,2893.91,Rs./Quintal
Tamil Nadu,Vegetables,Potato,September-2025,547.66,Metric Tonnes,3752.44,Rs./Quintal
Tamil Nadu,Vegetables,Tomato,September-2025,3220.68,Metric Tonnes,2426.73,Rs./Quintal
Tamil Nadu,Vegetables,Onion,October-2025,2472.78,Metric Tonnes,2847.35,Rs./Quintal
Tamil Nadu,Vegetables,Potato,October-2025,559.55,Metric Tonnes,3976.58,Rs./Quintal
Tamil Nadu,Vegetables,Tomato,October-2025,3042.85,Metric Tonnes,2636.91,Rs./Quintal
Tamil Nadu,Vegetables,Onion,November-2025,2832.27,Metric Tonnes,3010.35,Rs./Quintal
Tamil Nadu,Vegetables,Potato,November-2025,679.43,Metric Tonnes,4149.48,Rs./Quintal
Tamil Nadu,Vegetables,Tomato,November-2025,3349.54,Metric Tonnes,3842.66,Rs./Quintal
Tamil Nadu,Vegetables,Onion,December-2025,2882.13,Metric Tonnes,3353.19,Rs./Quintal
Tamil Nadu,Vegetables,Potato,December-2025,740.54,Metric Tonnes,3823.28,Rs./Quintal
Tamil Nadu,Vegetables,Tomato,December-2025,3462.10,Metric Tonnes,4623.97,Rs./Quintal
Telangana,Vegetables,Onion,January-2023,50238.87,Metric Tonnes,1436.71,Rs./Quintal
Telangana,Vegetables,Potato,January-2023,13258.23,Metric Tonnes,1776.11,Rs./Quintal
Telangana,Vegetables,Tomato,January-2023,22797.34,Metric Tonnes,772.02,Rs./Quintal
Telangana,Vegetables,Onion,February-2023,44742.42,Metric Tonnes,1204.63,Rs./Quintal
Telangana,Vegetables,Potato,February-2023,15385.36,Metric Tonnes,1308.23,Rs./Quintal
Telangana,Vegetables,Tomato,February-2023,23909.84,Metric Tonnes,1233.86,Rs./Quintal
Telangana,Vegetables,Onion,March-2023,30607.14,Metric Tonnes,1068.31,Rs./Quintal
Telangana,Vegetables,Potato,March-2023,17130.63,Metric Tonnes,1172.94,Rs./Quintal
Telangana,Vegetables,Tomato,March-2023,22813.27,Metric Tonnes,1167.01,Rs./Quintal
Telangana,Vegetables,Onion,April-2023,119531.12,Metric Tonnes,910.62,Rs./Quintal
Telangana,Vegetables,Potato,April-2023,15557.42,Metric Tonnes,1407.72,Rs./Quintal
Telangana,Vegetables,Tomato,April-2023,24543.63,Metric Tonnes,682.02,Rs./Quintal
Telangana,Vegetables,Onion,May-2023,135459.51,Metric Tonnes,1009.92,Rs./Quintal
Telangana,Vegetables,Potato,May-2023,21924.71,Metric Tonnes,1415.27,Rs./Quintal
Telangana,Vegetables,Tomato,May-2023,27371.09,Metric Tonnes,953.16,Rs./Quintal
Telangana,Vegetables,Onion,June-2023,102780.00,Metric Tonnes,1201.55,Rs./Quintal
Telangana,Vegetables,Potato,June-2023,17342.68,Metric Tonnes,1536.99,Rs./Quintal
Telangana,Vegetables,Tomato,June-2023,18804.38,Metric Tonnes,2894.51,Rs./Quintal
Telangana,Vegetables,Onion,July-2023,103100.63,Metric Tonnes,1189.26,Rs./Quintal
Telangana,Vegetables,Potato,July-2023,19251.65,Metric Tonnes,1603.11,Rs./Quintal
Telangana,Vegetables,Tomato,July-2023,2259.23,Metric Tonnes,8321.63,Rs./Quintal
Telangana,Vegetables,Onion,August-2023,144748.97,Metric Tonnes,1601.86,Rs./Quintal
Telangana,Vegetables,Potato,August-2023,18821.84,Metric Tonnes,1484.50,Rs./Quintal
Telangana,Vegetables,Tomato,August-2023,14639.48,Metric Tonnes,2002.88,Rs./Quintal
Telangana,Vegetables,Onion,September-2023,93472.08,Metric Tonnes,1980.23,Rs./Quintal
Telangana,Vegetables,Potato,September-2023,18462.37,Metric Tonnes,1573.89,Rs./Quintal
Telangana,Vegetables,Tomato,September-2023,27942.67,Metric Tonnes,816.22,Rs./Quintal
Telangana,Vegetables,Onion,October-2023,93235.72,Metric Tonnes,2910.29,Rs./Quintal
Telangana,Vegetables,Potato,October-2023,19162.81,Metric Tonnes,1523.24,Rs./Quintal
Telangana,Vegetables,Tomato,October-2023,24462.39,Metric Tonnes,939.27,Rs./Quintal
Telangana,Vegetables,Onion,November-2023,69337.12,Metric Tonnes,3711.38,Rs./Quintal
Telangana,Vegetables,Potato,November-2023,16605.41,Metric Tonnes,1540.03,Rs./Quintal
Telangana,Vegetables,Tomato,November-2023,16754.42,Metric Tonnes,1615.56,Rs./Quintal
Telangana,Vegetables,Onion,December-2023,37122.82,Metric Tonnes,2425.15,Rs./Quintal
Telangana,Vegetables,Potato,December-2023,17460.09,Metric Tonnes,1551.53,Rs./Quintal
Telangana,Vegetables,Tomato,December-2023,13853.98,Metric Tonnes,1270.67,Rs./Quintal
Telangana,Vegetables,Onion,January-2024,35866.50,Metric Tonnes,1692.72,Rs./Quintal
Telangana,Vegetables,Potato,January-2024,13877.06,Metric Tonnes,1545.42,Rs./Quintal
Telangana,Vegetables,Tomato,January-2024,12076.47,Metric Tonnes,1250.82,Rs./Quintal
Telangana,Vegetables,Onion,February-2024,28353.10,Metric Tonnes,1539.96,Rs./Quintal
Telangana,Vegetables,Potato,February-2024,15190.07,Metric Tonnes,1532.02,Rs./Quintal
Telangana,Vegetables,Tomato,February-2024,13951.28,Metric Tonnes,1072.39,Rs./Quintal
Telangana,Vegetables,Onion,March-2024,25865.60,Metric Tonnes,1768.25,Rs./Quintal
Telangana,Vegetables,Potato,March-2024,15885.96,Metric Tonnes,1793.61,Rs./Quintal
Telangana,Vegetables,Tomato,March-2024,14098.33,Metric Tonnes,731.51,Rs./Quintal
Telangana,Vegetables,Onion,April-2024,22646.92,Metric Tonnes,1335.26,Rs./Quintal
Telangana,Vegetables,Potato,April-2024,15492.58,Metric Tonnes,2283.14,Rs./Quintal
Telangana,Vegetables,Tomato,April-2024,14014.46,Metric Tonnes,1176.16,Rs./Quintal
Telangana,Vegetables,Onion,May-2024,25803.58,Metric Tonnes,1453.83,Rs./Quintal
Telangana,Vegetables,Potato,May-2024,15665.49,Metric Tonnes,2248.75,Rs./Quintal
Telangana,Vegetables,Tomato,May-2024,22395.21,Metric Tonnes,1728.37,Rs./Quintal
Telangana,Vegetables,Onion,June-2024,24195.14,Metric Tonnes,2067.67,Rs./Quintal
Telangana,Vegetables,Potato,June-2024,16038.38,Metric Tonnes,2560.45,Rs./Quintal
Telangana,Vegetables,Tomato,June-2024,21358.91,Metric Tonnes,3668.24,Rs./Quintal
Telangana,Vegetables,Onion,July-2024,23233.17,Metric Tonnes,2253.28,Rs./Quintal
Telangana,Vegetables,Potato,July-2024,15743.25,Metric Tonnes,2815.99,Rs./Quintal
Telangana,Vegetables,Tomato,July-2024,21099.37,Metric Tonnes,3587.41,Rs./Quintal
Telangana,Vegetables,Onion,August-2024,15199.38,Metric Tonnes,2558.18,Rs./Quintal
Telangana,Vegetables,Potato,August-2024,14625.28,Metric Tonnes,2717.03,Rs./Quintal
Telangana,Vegetables,Tomato,August-2024,22292.01,Metric Tonnes,1267.05,Rs./Quintal
Telangana,Vegetables,Onion,September-2024,29607.36,Metric Tonnes,3224.96,Rs./Quintal
Telangana,Vegetables,Potato,September-2024,16372.22,Metric Tonnes,2795.97,Rs./Quintal
Telangana,Vegetables,Tomato,September-2024,21550.22,Metric Tonnes,1987.83,Rs./Quintal
Telangana,Vegetables,Onion,October-2024,42457.70,Metric Tonnes,3261.96,Rs./Quintal
Telangana,Vegetables,Potato,October-2024,18987.24,Metric Tonnes,2697.51,Rs./Quintal
Telangana,Vegetables,Tomato,October-2024,22020.25,Metric Tonnes,2998.09,Rs./Quintal
Telangana,Vegetables,Onion,November-2024,36323.01,Metric Tonnes,3345.25,Rs./Quintal
Telangana,Vegetables,Potato,November-2024,15458.74,Metric Tonnes,2688.02,Rs./Quintal
Telangana,Vegetables,Tomato,November-2024,19821.49,Metric Tonnes,2157.67,Rs./Quintal
Telangana,Vegetables,Onion,December-2024,23713.10,Metric Tonnes,2637.48,Rs./Quintal
Telangana,Vegetables,Potato,December-2024,18622.40,Metric Tonnes,2210.90,Rs./Quintal
Telangana,Vegetables,Tomato,December-2024,19009.85,Metric Tonnes,1241.22,Rs./Quintal
Telangana,Vegetables,Onion,January-2025,28464.10,Metric Tonnes,2465.22,Rs./Quintal
Telangana,Vegetables,Potato,January-2025,14984.13,Metric Tonnes,1746.95,Rs./Quintal
Telangana,Vegetables,Tomato,January-2025,14632.87,Metric Tonnes,709.75,Rs./Quintal
Telangana,Vegetables,Onion,February-2025,24121.00,Metric Tonnes,2272.83,Rs./Quintal
Telangana,Vegetables,Potato,February-2025,11801.28,Metric Tonnes,1509.99,Rs./Quintal
Telangana,Vegetables,Tomato,February-2025,13981.91,Metric Tonnes,656.04,Rs./Quintal
Telangana,Vegetables,Onion,March-2025,29064.05,Metric Tonnes,1709.35,Rs./Quintal
Telangana,Vegetables,Potato,March-2025,15166.43,Metric Tonnes,1609.83,Rs./Quintal
Telangana,Vegetables,Tomato,March-2025,19647.60,Metric Tonnes,714.35,Rs./Quintal
Telangana,Vegetables,Onion,April-2025,32290.15,Metric Tonnes,1168.67,Rs./Quintal
Telangana,Vegetables,Potato,April-2025,15775.34,Metric Tonnes,1834.34,Rs./Quintal
Telangana,Vegetables,Tomato,April-2025,20486.69,Metric Tonnes,870.28,Rs./Quintal
Telangana,Vegetables,Onion,May-2025,29308.93,Metric Tonnes,1128.72,Rs./Quintal
Telangana,Vegetables,Potato,May-2025,16058.18,Metric Tonnes,1807.80,Rs./Quintal
Telangana,Vegetables,Tomato,May-2025,25561.24,Metric Tonnes,927.92,Rs./Quintal
Telangana,Vegetables,Onion,June-2025,25538.05,Metric Tonnes,1318.21,Rs./Quintal
Telangana,Vegetables,Potato,June-2025,6524.34,Metric Tonnes,1719.08,Rs./Quintal
Telangana,Vegetables,Tomato,June-2025,17858.14,Metric Tonnes,1424.26,Rs./Quintal
Telangana,Vegetables,Onion,July-2025,26549.20,Metric Tonnes,1261.54,Rs./Quintal
Telangana,Vegetables,Potato,July-2025,5201.81,Metric Tonnes,1636.73,Rs./Quintal
Telangana,Vegetables,Tomato,July-2025,15016.38,Metric Tonnes,1983.51,Rs./Quintal
Telangana,Vegetables,Onion,August-2025,30703.60,Metric Tonnes,1278.26,Rs./Quintal
Telangana,Vegetables,Potato,August-2025,15849.89,Metric Tonnes,1671.77,Rs./Quintal
Telangana,Vegetables,Tomato,August-2025,21468.97,Metric Tonnes,2384.07,Rs./Quintal
Telangana,Vegetables,Onion,September-2025,27868.10,Metric Tonnes,1202.52,Rs./Quintal
Telangana,Vegetables,Potato,September-2025,16751.49,Metric Tonnes,1667.25,Rs./Quintal
Telangana,Vegetables,Tomato,September-2025,18217.36,Metric Tonnes,1379.78,Rs./Quintal
Telangana,Vegetables,Onion,October-2025,30273.30,Metric Tonnes,1244.48,Rs./Quintal
Telangana,Vegetables,Potato,October-2025,15972.75,Metric Tonnes,1703.28,Rs./Quintal
Telangana,Vegetables,Tomato,October-2025,19446.50,Metric Tonnes,1428.40,Rs./Quintal
Telangana,Vegetables,Onion,November-2025,29107.50,Metric Tonnes,1423.93,Rs./Quintal
Telangana,Vegetables,Potato,November-2025,24267.78,Metric Tonnes,1769.92,Rs./Quintal
Telangana,Vegetables,Tomato,November-2025,22727.82,Metric Tonnes,2069.79,Rs./Quintal
Telangana,Vegetables,Onion,December-2025,29777.24,Metric Tonnes,1570.19,Rs./Quintal
Telangana,Vegetables,Potato,December-2025,19624.45,Metric Tonnes,1543.40,Rs./Quintal
Telangana,Vegetables,Tomato,December-2025,12304.42,Metric Tonnes,2149.21,Rs./Quintal
Tripura,Vegetables,Onion,January-2023,148.48,Metric Tonnes,3069.78,Rs./Quintal
Tripura,Vegetables,Potato,January-2023,827.06,Metric Tonnes,1838.49,Rs./Quintal
Tripura,Vegetables,Tomato,January-2023,159.95,Metric Tonnes,3118.20,Rs./Quintal
Tripura,Vegetables,Onion,February-2023,104.09,Metric Tonnes,2397.49,Rs./Quintal
Tripura,Vegetables,Potato,February-2023,567.28,Metric Tonnes,1379.55,Rs./Quintal
Tripura,Vegetables,Tomato,February-2023,137.27,Metric Tonnes,2140.14,Rs./Quintal
Tripura,Vegetables,Onion,March-2023,245.80,Metric Tonnes,1967.05,Rs./Quintal
Tripura,Vegetables,Potato,March-2023,1114.06,Metric Tonnes,1294.47,Rs./Quintal
Tripura,Vegetables,Tomato,March-2023,290.46,Metric Tonnes,1264.32,Rs./Quintal
Tripura,Vegetables,Onion,April-2023,235.62,Metric Tonnes,1904.96,Rs./Quintal
Tripura,Vegetables,Potato,April-2023,860.34,Metric Tonnes,1603.59,Rs./Quintal
Tripura,Vegetables,Tomato,April-2023,203.92,Metric Tonnes,2046.18,Rs./Quintal
Tripura,Vegetables,Onion,May-2023,416.66,Metric Tonnes,2350.99,Rs./Quintal
Tripura,Vegetables,Potato,May-2023,1066.80,Metric Tonnes,2047.86,Rs./Quintal
Tripura,Vegetables,Tomato,May-2023,153.29,Metric Tonnes,3362.82,Rs./Quintal
Tripura,Vegetables,Onion,June-2023,449.42,Metric Tonnes,2589.90,Rs./Quintal
Tripura,Vegetables,Potato,June-2023,1093.92,Metric Tonnes,2229.22,Rs./Quintal
Tripura,Vegetables,Tomato,June-2023,112.75,Metric Tonnes,4505.88,Rs./Quintal
Tripura,Vegetables,Onion,July-2023,471.80,Metric Tonnes,2684.87,Rs./Quintal
Tripura,Vegetables,Potato,July-2023,1116.23,Metric Tonnes,2458.92,Rs./Quintal
Tripura,Vegetables,Tomato,July-2023,70.85,Metric Tonnes,7860.25,Rs./Quintal
Tripura,Vegetables,Onion,August-2023,300.30,Metric Tonnes,3193.79,Rs./Quintal
Tripura,Vegetables,Potato,August-2023,907.21,Metric Tonnes,2285.43,Rs./Quintal
Tripura,Vegetables,Tomato,August-2023,68.63,Metric Tonnes,6845.77,Rs./Quintal
Tripura,Vegetables,Onion,September-2023,4277.10,Metric Tonnes,4423.33,Rs./Quintal
Tripura,Vegetables,Potato,September-2023,785.40,Metric Tonnes,2006.40,Rs./Quintal
Tripura,Vegetables,Tomato,September-2023,114.91,Metric Tonnes,4151.26,Rs./Quintal
Tripura,Vegetables,Onion,October-2023,185.20,Metric Tonnes,4293.66,Rs./Quintal
Tripura,Vegetables,Potato,October-2023,855.82,Metric Tonnes,2025.70,Rs./Quintal
Tripura,Vegetables,Tomato,October-2023,175.16,Metric Tonnes,3411.77,Rs./Quintal
Tripura,Vegetables,Onion,November-2023,263.30,Metric Tonnes,5689.69,Rs./Quintal
Tripura,Vegetables,Potato,November-2023,968.12,Metric Tonnes,1971.75,Rs./Quintal
Tripura,Vegetables,Tomato,November-2023,178.44,Metric Tonnes,4543.38,Rs./Quintal
Tripura,Vegetables,Onion,December-2023,261.10,Metric Tonnes,5202.89,Rs./Quintal
Tripura,Vegetables,Potato,December-2023,901.90,Metric Tonnes,1989.05,Rs./Quintal
Tripura,Vegetables,Tomato,December-2023,145.01,Metric Tonnes,4927.54,Rs./Quintal
Tripura,Vegetables,Onion,January-2024,181.60,Metric Tonnes,3368.66,Rs./Quintal
Tripura,Vegetables,Potato,January-2024,1011.15,Metric Tonnes,1845.11,Rs./Quintal
Tripura,Vegetables,Tomato,January-2024,233.33,Metric Tonnes,3152.00,Rs./Quintal
Tripura,Vegetables,Onion,February-2024,199.62,Metric Tonnes,2676.20,Rs./Quintal
Tripura,Vegetables,Potato,February-2024,1094.14,Metric Tonnes,1714.45,Rs./Quintal
Tripura,Vegetables,Tomato,February-2024,396.90,Metric Tonnes,2662.00,Rs./Quintal
Tripura,Vegetables,Onion,March-2024,252.57,Metric Tonnes,2634.82,Rs./Quintal
Tripura,Vegetables,Potato,March-2024,1491.68,Metric Tonnes,2011.36,Rs./Quintal
Tripura,Vegetables,Tomato,March-2024,545.83,Metric Tonnes,3302.62,Rs./Quintal
Tripura,Vegetables,Onion,April-2024,235.00,Metric Tonnes,2428.67,Rs./Quintal
Tripura,Vegetables,Potato,April-2024,1431.95,Metric Tonnes,2466.27,Rs./Quintal
Tripura,Vegetables,Tomato,April-2024,376.08,Metric Tonnes,3260.40,Rs./Quintal
Tripura,Vegetables,Onion,May-2024,300.20,Metric Tonnes,2836.05,Rs./Quintal
Tripura,Vegetables,Potato,May-2024,1358.62,Metric Tonnes,2863.89,Rs./Quintal
Tripura,Vegetables,Tomato,May-2024,369.94,Metric Tonnes,3607.58,Rs./Quintal
Tripura,Vegetables,Onion,June-2024,227.54,Metric Tonnes,3558.50,Rs./Quintal
Tripura,Vegetables,Potato,June-2024,1302.35,Metric Tonnes,3076.35,Rs./Quintal
Tripura,Vegetables,Tomato,June-2024,236.46,Metric Tonnes,4964.65,Rs./Quintal
Tripura,Vegetables,Onion,July-2024,265.37,Metric Tonnes,4212.42,Rs./Quintal
Tripura,Vegetables,Potato,July-2024,1056.95,Metric Tonnes,3336.82,Rs./Quintal
Tripura,Vegetables,Tomato,July-2024,126.77,Metric Tonnes,6796.56,Rs./Quintal
Tripura,Vegetables,Onion,August-2024,232.20,Metric Tonnes,4633.53,Rs./Quintal
Tripura,Vegetables,Potato,August-2024,1002.38,Metric Tonnes,3605.12,Rs./Quintal
Tripura,Vegetables,Tomato,August-2024,108.36,Metric Tonnes,6408.46,Rs./Quintal
Tripura,Vegetables,Onion,September-2024,260.40,Metric Tonnes,5624.25,Rs./Quintal
Tripura,Vegetables,Potato,September-2024,1083.30,Metric Tonnes,3232.07,Rs./Quintal
Tripura,Vegetables,Tomato,September-2024,166.61,Metric Tonnes,6106.24,Rs./Quintal
Tripura,Vegetables,Onion,October-2024,212.80,Metric Tonnes,6033.25,Rs./Quintal
Tripura,Vegetables,Potato,October-2024,832.57,Metric Tonnes,3341.74,Rs./Quintal
Tripura,Vegetables,Tomato,October-2024,92.46,Metric Tonnes,7247.24,Rs./Quintal
Tripura,Vegetables,Onion,November-2024,234.90,Metric Tonnes,6508.13,Rs./Quintal
Tripura,Vegetables,Potato,November-2024,938.18,Metric Tonnes,3524.85,Rs./Quintal
Tripura,Vegetables,Tomato,November-2024,124.76,Metric Tonnes,6380.78,Rs./Quintal
Tripura,Vegetables,Onion,December-2024,308.30,Metric Tonnes,5351.05,Rs./Quintal
Tripura,Vegetables,Potato,December-2024,1231.75,Metric Tonnes,3413.02,Rs./Quintal
Tripura,Vegetables,Tomato,December-2024,187.51,Metric Tonnes,5858.21,Rs./Quintal
Tripura,Vegetables,Onion,January-2025,563.60,Metric Tonnes,3663.06,Rs./Quintal
Tripura,Vegetables,Potato,January-2025,1895.84,Metric Tonnes,2209.79,Rs./Quintal
Tripura,Vegetables,Tomato,January-2025,335.75,Metric Tonnes,2821.55,Rs./Quintal
Tripura,Vegetables,Onion,February-2025,614.50,Metric Tonnes,3109.72,Rs./Quintal
Tripura,Vegetables,Potato,February-2025,2611.30,Metric Tonnes,1590.73,Rs./Quintal
Tripura,Vegetables,Tomato,February-2025,622.93,Metric Tonnes,1828.84,Rs./Quintal
Tripura,Vegetables,Onion,March-2025,770.05,Metric Tonnes,2731.62,Rs./Quintal
Tripura,Vegetables,Potato,March-2025,2201.95,Metric Tonnes,1590.03,Rs./Quintal
Tripura,Vegetables,Tomato,March-2025,746.41,Metric Tonnes,959.91,Rs./Quintal
Tripura,Vegetables,Onion,April-2025,1088.10,Metric Tonnes,2295.26,Rs./Quintal
Tripura,Vegetables,Potato,April-2025,2201.24,Metric Tonnes,1623.35,Rs./Quintal
Tripura,Vegetables,Tomato,April-2025,648.32,Metric Tonnes,1468.57,Rs./Quintal
Tripura,Vegetables,Onion,May-2025,1051.40,Metric Tonnes,2215.56,Rs./Quintal
Tripura,Vegetables,Potato,May-2025,2079.81,Metric Tonnes,1865.20,Rs./Quintal
Tripura,Vegetables,Tomato,May-2025,442.48,Metric Tonnes,3030.44,Rs./Quintal
Tripura,Vegetables,Onion,June-2025,1623.80,Metric Tonnes,2381.95,Rs./Quintal
Tripura,Vegetables,Potato,June-2025,2812.51,Metric Tonnes,1894.81,Rs./Quintal
Tripura,Vegetables,Tomato,June-2025,311.10,Metric Tonnes,4195.22,Rs./Quintal
Tripura,Vegetables,Onion,July-2025,1310.80,Metric Tonnes,2473.23,Rs./Quintal
Tripura,Vegetables,Potato,July-2025,2271.30,Metric Tonnes,1886.86,Rs./Quintal
Tripura,Vegetables,Tomato,July-2025,195.70,Metric Tonnes,4592.23,Rs./Quintal
Tripura,Vegetables,Onion,August-2025,1526.60,Metric Tonnes,2341.62,Rs./Quintal
Tripura,Vegetables,Potato,August-2025,2638.78,Metric Tonnes,1810.65,Rs./Quintal
Tripura,Vegetables,Tomato,August-2025,221.80,Metric Tonnes,4736.18,Rs./Quintal
Tripura,Vegetables,Onion,September-2025,753.50,Metric Tonnes,2295.26,Rs./Quintal
Tripura,Vegetables,Potato,September-2025,1695.30,Metric Tonnes,1788.98,Rs./Quintal
Tripura,Vegetables,Tomato,September-2025,141.43,Metric Tonnes,4803.67,Rs./Quintal
Tripura,Vegetables,Onion,October-2025,772.50,Metric Tonnes,2322.95,Rs./Quintal
Tripura,Vegetables,Potato,October-2025,1784.82,Metric Tonnes,1944.77,Rs./Quintal
Tripura,Vegetables,Tomato,October-2025,212.66,Metric Tonnes,4193.55,Rs./Quintal
Tripura,Vegetables,Onion,November-2025,252.31,Metric Tonnes,2414.08,Rs./Quintal
Tripura,Vegetables,Potato,November-2025,915.13,Metric Tonnes,1995.94,Rs./Quintal
Tripura,Vegetables,Tomato,November-2025,85.69,Metric Tonnes,5218.01,Rs./Quintal
Tripura,Vegetables,Onion,December-2025,231.28,Metric Tonnes,2559.94,Rs./Quintal
Tripura,Vegetables,Potato,December-2025,770.19,Metric Tonnes,1936.07,Rs./Quintal
Tripura,Vegetables,Tomato,December-2025,136.90,Metric Tonnes,4847.68,Rs./Quintal
Uttar Pradesh,Vegetables,Onion,January-2023,236084.70,Metric Tonnes,1386.40,Rs./Quintal
Uttar Pradesh,Vegetables,Potato,January-2023,1295770.48,Metric Tonnes,814.32,Rs./Quintal
Uttar Pradesh,Vegetables,Tomato,January-2023,94561.79,Metric Tonnes,894.22,Rs./Quintal
Uttar Pradesh,Vegetables,Onion,February-2023,221031.97,Metric Tonnes,1383.52,Rs./Quintal
Uttar Pradesh,Vegetables,Potato,February-2023,1215522.68,Metric Tonnes,668.71,Rs./Quintal
Uttar Pradesh,Vegetables,Tomato,February-2023,92910.69,Metric Tonnes,834.71,Rs./Quintal
Uttar Pradesh,Vegetables,Onion,March-2023,222283.99,Metric Tonnes,1223.48,Rs./Quintal
Uttar Pradesh,Vegetables,Potato,March-2023,1179736.42,Metric Tonnes,625.14,Rs./Quintal
Uttar Pradesh,Vegetables,Tomato,March-2023,78650.59,Metric Tonnes,835.44,Rs./Quintal
Uttar Pradesh,Vegetables,Onion,April-2023,183991.32,Metric Tonnes,1213.13,Rs./Quintal
Uttar Pradesh,Vegetables,Potato,April-2023,780248.08,Metric Tonnes,734.58,Rs./Quintal
Uttar Pradesh,Vegetables,Tomato,April-2023,59673.30,Metric Tonnes,1005.22,Rs./Quintal
Uttar Pradesh,Vegetables,Onion,May-2023,200011.89,Metric Tonnes,1140.83,Rs./Quintal
Uttar Pradesh,Vegetables,Potato,May-2023,609859.95,Metric Tonnes,873.55,Rs./Quintal
Uttar Pradesh,Vegetables,Tomato,May-2023,61352.00,Metric Tonnes,860.78,Rs./Quintal
Uttar Pradesh,Vegetables,Onion,June-2023,184374.84,Metric Tonnes,1084.53,Rs./Quintal
Uttar Pradesh,Vegetables,Potato,June-2023,607154.78,Metric Tonnes,916.23,Rs./Quintal
Uttar Pradesh,Vegetables,Tomato,June-2023,42656.03,Metric Tonnes,1266.28,Rs./Quintal
Uttar Pradesh,Vegetables,Onion,July-2023,144329.54,Metric Tonnes,1478.35,Rs./Quintal
Uttar Pradesh,Vegetables,Potato,July-2023,708767.12,Metric Tonnes,1023.02,Rs./Quintal
Uttar Pradesh,Vegetables,Tomato,July-2023,14762.98,Metric Tonnes,6706.29,Rs./Quintal
Uttar Pradesh,Vegetables,Onion,August-2023,138139.99,Metric Tonnes,1731.27,Rs./Quintal
Uttar Pradesh,Vegetables,Potato,August-2023,819285.40,Metric Tonnes,1051.92,Rs./Quintal
Uttar Pradesh,Vegetables,Tomato,August-2023,20943.99,Metric Tonnes,4012.53,Rs./Quintal
Uttar Pradesh,Vegetables,Onion,September-2023,149049.99,Metric Tonnes,1989.33,Rs./Quintal
Uttar Pradesh,Vegetables,Potato,September-2023,890234.31,Metric Tonnes,1013.95,Rs./Quintal
Uttar Pradesh,Vegetables,Tomato,September-2023,67375.33,Metric Tonnes,1632.12,Rs./Quintal
Uttar Pradesh,Vegetables,Onion,October-2023,150460.37,Metric Tonnes,2218.75,Rs./Quintal
Uttar Pradesh,Vegetables,Potato,October-2023,918322.93,Metric Tonnes,943.98,Rs./Quintal
Uttar Pradesh,Vegetables,Tomato,October-2023,77929.84,Metric Tonnes,1200.61,Rs./Quintal
Uttar Pradesh,Vegetables,Onion,November-2023,96439.71,Metric Tonnes,3668.60,Rs./Quintal
Uttar Pradesh,Vegetables,Potato,November-2023,865391.20,Metric Tonnes,909.94,Rs./Quintal
Uttar Pradesh,Vegetables,Tomato,November-2023,46023.75,Metric Tonnes,2087.18,Rs./Quintal
Uttar Pradesh,Vegetables,Onion,December-2023,138811.70,Metric Tonnes,2751.58,Rs./Quintal
Uttar Pradesh,Vegetables,Potato,December-2023,849500.23,Metric Tonnes,790.80,Rs./Quintal
Uttar Pradesh,Vegetables,Tomato,December-2023,61080.25,Metric Tonnes,1534.82,Rs./Quintal
Uttar Pradesh,Vegetables,Onion,January-2024,151472.80,Metric Tonnes,1918.54,Rs./Quintal
Uttar Pradesh,Vegetables,Potato,January-2024,833138.35,Metric Tonnes,681.92,Rs./Quintal
Uttar Pradesh,Vegetables,Tomato,January-2024,53148.44,Metric Tonnes,1253.95,Rs./Quintal
Uttar Pradesh,Vegetables,Onion,February-2024,178938.49,Metric Tonnes,1610.59,Rs./Quintal
Uttar Pradesh,Vegetables,Potato,February-2024,844634.94,Metric Tonnes,753.59,Rs./Quintal
Uttar Pradesh,Vegetables,Tomato,February-2024,49714.51,Metric Tonnes,1656.73,Rs./Quintal
Uttar Pradesh,Vegetables,Onion,March-2024,153834.00,Metric Tonnes,1798.92,Rs./Quintal
Uttar Pradesh,Vegetables,Potato,March-2024,801275.07,Metric Tonnes,1177.81,Rs./Quintal
Uttar Pradesh,Vegetables,Tomato,March-2024,46426.02,Metric Tonnes,1902.74,Rs./Quintal
Uttar Pradesh,Vegetables,Onion,April-2024,153302.54,Metric Tonnes,1698.26,Rs./Quintal
Uttar Pradesh,Vegetables,Potato,April-2024,560698.33,Metric Tonnes,1524.28,Rs./Quintal
Uttar Pradesh,Vegetables,Tomato,April-2024,41675.04,Metric Tonnes,1800.98,Rs./Quintal
Uttar Pradesh,Vegetables,Onion,May-2024,178761.30,Metric Tonnes,1575.48,Rs./Quintal
Uttar Pradesh,Vegetables,Potato,May-2024,599208.53,Metric Tonnes,1676.56,Rs./Quintal
Uttar Pradesh,Vegetables,Tomato,May-2024,58930.31,Metric Tonnes,1379.35,Rs./Quintal
Uttar Pradesh,Vegetables,Onion,June-2024,142234.78,Metric Tonnes,1953.77,Rs./Quintal
Uttar Pradesh,Vegetables,Potato,June-2024,555563.83,Metric Tonnes,1762.93,Rs./Quintal
Uttar Pradesh,Vegetables,Tomato,June-2024,49354.00,Metric Tonnes,1402.03,Rs./Quintal
Uttar Pradesh,Vegetables,Onion,July-2024,130361.62,Metric Tonnes,2880.51,Rs./Quintal
Uttar Pradesh,Vegetables,Potato,July-2024,683780.50,Metric Tonnes,2164.10,Rs./Quintal
Uttar Pradesh,Vegetables,Tomato,July-2024,30010.35,Metric Tonnes,4062.34,Rs./Quintal
Uttar Pradesh,Vegetables,Onion,August-2024,147524.80,Metric Tonnes,3077.77,Rs./Quintal
Uttar Pradesh,Vegetables,Potato,August-2024,750201.04,Metric Tonnes,2168.74,Rs./Quintal
Uttar Pradesh,Vegetables,Tomato,August-2024,58475.25,Metric Tonnes,3002.23,Rs./Quintal
Uttar Pradesh,Vegetables,Onion,September-2024,140041.04,Metric Tonnes,3745.21,Rs./Quintal
Uttar Pradesh,Vegetables,Potato,September-2024,775024.42,Metric Tonnes,2081.44,Rs./Quintal
Uttar Pradesh,Vegetables,Tomato,September-2024,55538.11,Metric Tonnes,2718.46,Rs./Quintal
Uttar Pradesh,Vegetables,Onion,October-2024,137129.24,Metric Tonnes,4063.31,Rs./Quintal
Uttar Pradesh,Vegetables,Potato,October-2024,893550.07,Metric Tonnes,2056.92,Rs./Quintal
Uttar Pradesh,Vegetables,Tomato,October-2024,49331.62,Metric Tonnes,4453.47,Rs./Quintal
Uttar Pradesh,Vegetables,Onion,November-2024,125024.80,Metric Tonnes,4000.59,Rs./Quintal
Uttar Pradesh,Vegetables,Potato,November-2024,837064.55,Metric Tonnes,2006.05,Rs./Quintal
Uttar Pradesh,Vegetables,Tomato,November-2024,66752.85,Metric Tonnes,3227.59,Rs./Quintal
Uttar Pradesh,Vegetables,Onion,December-2024,146936.07,Metric Tonnes,3291.03,Rs./Quintal
Uttar Pradesh,Vegetables,Potato,December-2024,1054646.08,Metric Tonnes,1794.01,Rs./Quintal
Uttar Pradesh,Vegetables,Tomato,December-2024,92920.68,Metric Tonnes,2284.69,Rs./Quintal
Uttar Pradesh,Vegetables,Onion,January-2025,161913.34,Metric Tonnes,2294.75,Rs./Quintal
Uttar Pradesh,Vegetables,Potato,January-2025,1273492.16,Metric Tonnes,1256.66,Rs./Quintal
Uttar Pradesh,Vegetables,Tomato,January-2025,112019.95,Metric Tonnes,1030.36,Rs./Quintal
Uttar Pradesh,Vegetables,Onion,February-2025,140778.87,Metric Tonnes,2225.32,Rs./Quintal
Uttar Pradesh,Vegetables,Potato,February-2025,1265349.39,Metric Tonnes,961.03,Rs./Quintal
Uttar Pradesh,Vegetables,Tomato,February-2025,101028.28,Metric Tonnes,779.40,Rs./Quintal
Uttar Pradesh,Vegetables,Onion,March-2025,148657.79,Metric Tonnes,2368.44,Rs./Quintal
Uttar Pradesh,Vegetables,Potato,March-2025,1327575.88,Metric Tonnes,1077.96,Rs./Quintal
Uttar Pradesh,Vegetables,Tomato,March-2025,87940.02,Metric Tonnes,644.57,Rs./Quintal
Uttar Pradesh,Vegetables,Onion,April-2025,183475.48,Metric Tonnes,1532.75,Rs./Quintal
Uttar Pradesh,Vegetables,Potato,April-2025,1041077.88,Metric Tonnes,1125.25,Rs./Quintal
Uttar Pradesh,Vegetables,Tomato,April-2025,77348.11,Metric Tonnes,700.73,Rs./Quintal
Uttar Pradesh,Vegetables,Onion,May-2025,214488.85,Metric Tonnes,1198.56,Rs./Quintal
Uttar Pradesh,Vegetables,Potato,May-2025,853179.77,Metric Tonnes,1108.93,Rs./Quintal
Uttar Pradesh,Vegetables,Tomato,May-2025,79098.41,Metric Tonnes,822.96,Rs./Quintal
Uttar Pradesh,Vegetables,Onion,June-2025,188094.94,Metric Tonnes,1168.27,Rs./Quintal
Uttar Pradesh,Vegetables,Potato,June-2025,780738.49,Metric Tonnes,1161.12,Rs./Quintal
Uttar Pradesh,Vegetables,Tomato,June-2025,52964.66,Metric Tonnes,1637.76,Rs./Quintal
Uttar Pradesh,Vegetables,Onion,July-2025,156750.96,Metric Tonnes,1364.29,Rs./Quintal
Uttar Pradesh,Vegetables,Potato,July-2025,915656.33,Metric Tonnes,1122.98,Rs./Quintal
Uttar Pradesh,Vegetables,Tomato,July-2025,52289.74,Metric Tonnes,2745.10,Rs./Quintal
Uttar Pradesh,Vegetables,Onion,August-2025,162406.15,Metric Tonnes,1351.73,Rs./Quintal
Uttar Pradesh,Vegetables,Potato,August-2025,920288.36,Metric Tonnes,994.30,Rs./Quintal
Uttar Pradesh,Vegetables,Tomato,August-2025,50665.80,Metric Tonnes,3724.04,Rs./Quintal
Uttar Pradesh,Vegetables,Onion,September-2025,160810.52,Metric Tonnes,1386.64,Rs./Quintal
Uttar Pradesh,Vegetables,Potato,September-2025,938338.94,Metric Tonnes,988.14,Rs./Quintal
Uttar Pradesh,Vegetables,Tomato,September-2025,76093.17,Metric Tonnes,2366.75,Rs./Quintal
Uttar Pradesh,Vegetables,Onion,October-2025,157672.57,Metric Tonnes,1306.72,Rs./Quintal
Uttar Pradesh,Vegetables,Potato,October-2025,984998.12,Metric Tonnes,1065.34,Rs./Quintal
Uttar Pradesh,Vegetables,Tomato,October-2025,72921.17,Metric Tonnes,1995.94,Rs./Quintal
Uttar Pradesh,Vegetables,Onion,November-2025,86346.92,Metric Tonnes,1270.57,Rs./Quintal
Uttar Pradesh,Vegetables,Potato,November-2025,913149.01,Metric Tonnes,1224.35,Rs./Quintal
Uttar Pradesh,Vegetables,Tomato,November-2025,42388.40,Metric Tonnes,2483.25,Rs./Quintal
Uttar Pradesh,Vegetables,Onion,December-2025,110885.12,Metric Tonnes,1172.61,Rs./Quintal
Uttar Pradesh,Vegetables,Potato,December-2025,1462005.19,Metric Tonnes,879.96,Rs./Quintal
Uttar Pradesh,Vegetables,Tomato,December-2025,44935.81,Metric Tonnes,2689.79,Rs./Quintal
Uttarakhand,Vegetables,Onion,January-2023,5309.60,Metric Tonnes,1653.33,Rs./Quintal
Uttarakhand,Vegetables,Potato,January-2023,10350.10,Metric Tonnes,840.74,Rs./Quintal
Uttarakhand,Vegetables,Tomato,January-2023,3053.68,Metric Tonnes,1151.86,Rs./Quintal
Uttarakhand,Vegetables,Onion,February-2023,5432.20,Metric Tonnes,1472.58,Rs./Quintal
Uttarakhand,Vegetables,Potato,February-2023,11459.70,Metric Tonnes,700.67,Rs./Quintal
Uttarakhand,Vegetables,Tomato,February-2023,3762.00,Metric Tonnes,948.55,Rs./Quintal
Uttarakhand,Vegetables,Onion,March-2023,4206.60,Metric Tonnes,1442.01,Rs./Quintal
Uttarakhand,Vegetables,Potato,March-2023,8948.70,Metric Tonnes,722.66,Rs./Quintal
Uttarakhand,Vegetables,Tomato,March-2023,2728.60,Metric Tonnes,1023.40,Rs./Quintal
Uttarakhand,Vegetables,Onion,April-2023,5454.90,Metric Tonnes,1370.34,Rs./Quintal
Uttarakhand,Vegetables,Potato,April-2023,9812.20,Metric Tonnes,718.22,Rs./Quintal
Uttarakhand,Vegetables,Tomato,April-2023,3340.70,Metric Tonnes,1034.61,Rs./Quintal
Uttarakhand,Vegetables,Onion,May-2023,7490.80,Metric Tonnes,1222.79,Rs./Quintal
Uttarakhand,Vegetables,Potato,May-2023,11211.60,Metric Tonnes,808.31,Rs./Quintal
Uttarakhand,Vegetables,Tomato,May-2023,3540.40,Metric Tonnes,933.10,Rs./Quintal
Uttarakhand,Vegetables,Onion,June-2023,7011.90,Metric Tonnes,1275.58,Rs./Quintal
Uttarakhand,Vegetables,Potato,June-2023,10890.80,Metric Tonnes,982.14,Rs./Quintal
Uttarakhand,Vegetables,Tomato,June-2023,3556.10,Metric Tonnes,1026.02,Rs./Quintal
Uttarakhand,Vegetables,Onion,July-2023,5144.50,Metric Tonnes,1558.74,Rs./Quintal
Uttarakhand,Vegetables,Potato,July-2023,9594.10,Metric Tonnes,1223.45,Rs./Quintal
Uttarakhand,Vegetables,Tomato,July-2023,2789.45,Metric Tonnes,5068.10,Rs./Quintal
Uttarakhand,Vegetables,Onion,August-2023,4109.50,Metric Tonnes,1796.64,Rs./Quintal
Uttarakhand,Vegetables,Potato,August-2023,8216.50,Metric Tonnes,1260.15,Rs./Quintal
Uttarakhand,Vegetables,Tomato,August-2023,579.98,Metric Tonnes,3705.29,Rs./Quintal
Uttarakhand,Vegetables,Onion,September-2023,3799.78,Metric Tonnes,1883.17,Rs./Quintal
Uttarakhand,Vegetables,Potato,September-2023,7214.60,Metric Tonnes,1203.85,Rs./Quintal
Uttarakhand,Vegetables,Tomato,September-2023,1825.98,Metric Tonnes,1468.27,Rs./Quintal
Uttarakhand,Vegetables,Onion,October-2023,3680.90,Metric Tonnes,2118.82,Rs./Quintal
Uttarakhand,Vegetables,Potato,October-2023,9736.60,Metric Tonnes,1093.11,Rs./Quintal
Uttarakhand,Vegetables,Tomato,October-2023,1806.10,Metric Tonnes,1150.06,Rs./Quintal
Uttarakhand,Vegetables,Onion,November-2023,2962.80,Metric Tonnes,3152.91,Rs./Quintal
Uttarakhand,Vegetables,Potato,November-2023,6723.00,Metric Tonnes,1084.21,Rs./Quintal
Uttarakhand,Vegetables,Tomato,November-2023,1340.90,Metric Tonnes,1544.43,Rs./Quintal
Uttarakhand,Vegetables,Onion,December-2023,3224.30,Metric Tonnes,2488.89,Rs./Quintal
Uttarakhand,Vegetables,Potato,December-2023,9832.30,Metric Tonnes,853.67,Rs./Quintal
Uttarakhand,Vegetables,Tomato,December-2023,1594.20,Metric Tonnes,1614.73,Rs./Quintal
Uttarakhand,Vegetables,Onion,January-2024,4944.50,Metric Tonnes,1910.35,Rs./Quintal
Uttarakhand,Vegetables,Potato,January-2024,12627.10,Metric Tonnes,686.24,Rs./Quintal
Uttarakhand,Vegetables,Tomato,January-2024,4229.80,Metric Tonnes,1153.03,Rs./Quintal
Uttarakhand,Vegetables,Onion,February-2024,4535.10,Metric Tonnes,1713.94,Rs./Quintal
Uttarakhand,Vegetables,Potato,February-2024,9073.20,Metric Tonnes,710.81,Rs./Quintal
Uttarakhand,Vegetables,Tomato,February-2024,3721.70,Metric Tonnes,1272.21,Rs./Quintal
Uttarakhand,Vegetables,Onion,March-2024,3972.10,Metric Tonnes,1725.52,Rs./Quintal
Uttarakhand,Vegetables,Potato,March-2024,7927.10,Metric Tonnes,891.19,Rs./Quintal
Uttarakhand,Vegetables,Tomato,March-2024,3022.30,Metric Tonnes,1540.76,Rs./Quintal
Uttarakhand,Vegetables,Onion,April-2024,4470.40,Metric Tonnes,1781.79,Rs./Quintal
Uttarakhand,Vegetables,Potato,April-2024,6941.90,Metric Tonnes,1043.80,Rs./Quintal
Uttarakhand,Vegetables,Tomato,April-2024,2702.50,Metric Tonnes,1347.58,Rs./Quintal
Uttarakhand,Vegetables,Onion,May-2024,5923.70,Metric Tonnes,1611.57,Rs./Quintal
Uttarakhand,Vegetables,Potato,May-2024,8168.60,Metric Tonnes,1020.81,Rs./Quintal
Uttarakhand,Vegetables,Tomato,May-2024,2867.20,Metric Tonnes,922.10,Rs./Quintal
Uttarakhand,Vegetables,Onion,June-2024,4412.90,Metric Tonnes,2069.72,Rs./Quintal
Uttarakhand,Vegetables,Potato,June-2024,7410.80,Metric Tonnes,1382.97,Rs./Quintal
Uttarakhand,Vegetables,Tomato,June-2024,2650.90,Metric Tonnes,1112.85,Rs./Quintal
Uttarakhand,Vegetables,Onion,July-2024,4070.40,Metric Tonnes,2557.26,Rs./Quintal
Uttarakhand,Vegetables,Potato,July-2024,7557.60,Metric Tonnes,1738.59,Rs./Quintal
Uttarakhand,Vegetables,Tomato,July-2024,4183.60,Metric Tonnes,1896.27,Rs./Quintal
Uttarakhand,Vegetables,Onion,August-2024,4440.30,Metric Tonnes,2336.91,Rs./Quintal
Uttarakhand,Vegetables,Potato,August-2024,6827.40,Metric Tonnes,1679.28,Rs./Quintal
Uttarakhand,Vegetables,Tomato,August-2024,2951.20,Metric Tonnes,1565.20,Rs./Quintal
Uttarakhand,Vegetables,Onion,September-2024,3297.30,Metric Tonnes,2658.84,Rs./Quintal
Uttarakhand,Vegetables,Potato,September-2024,5584.70,Metric Tonnes,1821.27,Rs./Quintal
Uttarakhand,Vegetables,Tomato,September-2024,2049.20,Metric Tonnes,1714.53,Rs./Quintal
Uttarakhand,Vegetables,Onion,October-2024,3603.10,Metric Tonnes,3085.93,Rs./Quintal
Uttarakhand,Vegetables,Potato,October-2024,7125.20,Metric Tonnes,1700.98,Rs./Quintal
Uttarakhand,Vegetables,Tomato,October-2024,2373.20,Metric Tonnes,2555.92,Rs./Quintal
Uttarakhand,Vegetables,Onion,November-2024,3939.00,Metric Tonnes,2948.81,Rs./Quintal
Uttarakhand,Vegetables,Potato,November-2024,6630.20,Metric Tonnes,1694.70,Rs./Quintal
Uttarakhand,Vegetables,Tomato,November-2024,2496.80,Metric Tonnes,2246.98,Rs./Quintal
Uttarakhand,Vegetables,Onion,December-2024,4246.80,Metric Tonnes,2459.64,Rs./Quintal
Uttarakhand,Vegetables,Potato,December-2024,8049.50,Metric Tonnes,1552.08,Rs./Quintal
Uttarakhand,Vegetables,Tomato,December-2024,2551.70,Metric Tonnes,1898.92,Rs./Quintal
Uttarakhand,Vegetables,Onion,January-2025,4362.40,Metric Tonnes,2127.10,Rs./Quintal
Uttarakhand,Vegetables,Potato,January-2025,8937.90,Metric Tonnes,1177.73,Rs./Quintal
Uttarakhand,Vegetables,Tomato,January-2025,3335.90,Metric Tonnes,1227.91,Rs./Quintal
Uttarakhand,Vegetables,Onion,February-2025,3457.30,Metric Tonnes,2212.49,Rs./Quintal
Uttarakhand,Vegetables,Potato,February-2025,7933.40,Metric Tonnes,860.52,Rs./Quintal
Uttarakhand,Vegetables,Tomato,February-2025,2773.80,Metric Tonnes,918.97,Rs./Quintal
Uttarakhand,Vegetables,Onion,March-2025,3608.00,Metric Tonnes,2251.85,Rs./Quintal
Uttarakhand,Vegetables,Potato,March-2025,9331.40,Metric Tonnes,850.00,Rs./Quintal
Uttarakhand,Vegetables,Tomato,March-2025,2281.00,Metric Tonnes,813.14,Rs./Quintal
Uttarakhand,Vegetables,Onion,April-2025,3495.60,Metric Tonnes,1574.98,Rs./Quintal
Uttarakhand,Vegetables,Potato,April-2025,6385.92,Metric Tonnes,839.48,Rs./Quintal
Uttarakhand,Vegetables,Tomato,April-2025,1909.20,Metric Tonnes,824.28,Rs./Quintal
Uttarakhand,Vegetables,Onion,May-2025,4063.30,Metric Tonnes,1157.20,Rs./Quintal
Uttarakhand,Vegetables,Potato,May-2025,6487.86,Metric Tonnes,849.69,Rs./Quintal
Uttarakhand,Vegetables,Tomato,May-2025,1833.80,Metric Tonnes,823.11,Rs./Quintal
Uttarakhand,Vegetables,Onion,June-2025,3372.60,Metric Tonnes,1321.45,Rs./Quintal
Uttarakhand,Vegetables,Potato,June-2025,5789.20,Metric Tonnes,1070.31,Rs./Quintal
Uttarakhand,Vegetables,Tomato,June-2025,1788.00,Metric Tonnes,1077.20,Rs./Quintal
Uttarakhand,Vegetables,Onion,July-2025,2820.45,Metric Tonnes,1505.88,Rs./Quintal
Uttarakhand,Vegetables,Potato,July-2025,5776.40,Metric Tonnes,1194.03,Rs./Quintal
Uttarakhand,Vegetables,Tomato,July-2025,2719.20,Metric Tonnes,1517.27,Rs./Quintal
Uttarakhand,Vegetables,Onion,August-2025,3202.90,Metric Tonnes,1438.47,Rs./Quintal
Uttarakhand,Vegetables,Potato,August-2025,5565.20,Metric Tonnes,1066.05,Rs./Quintal
Uttarakhand,Vegetables,Tomato,August-2025,1955.50,Metric Tonnes,2398.83,Rs./Quintal
Uttarakhand,Vegetables,Onion,September-2025,2541.20,Metric Tonnes,1458.92,Rs./Quintal
Uttarakhand,Vegetables,Potato,September-2025,5628.30,Metric Tonnes,1039.60,Rs./Quintal
Uttarakhand,Vegetables,Tomato,September-2025,1371.80,Metric Tonnes,1950.19,Rs./Quintal
Uttarakhand,Vegetables,Onion,October-2025,3067.30,Metric Tonnes,1379.57,Rs./Quintal
Uttarakhand,Vegetables,Potato,October-2025,5301.20,Metric Tonnes,1051.22,Rs./Quintal
Uttarakhand,Vegetables,Tomato,October-2025,1594.91,Metric Tonnes,1713.33,Rs./Quintal
Uttarakhand,Vegetables,Onion,November-2025,3328.70,Metric Tonnes,1333.70,Rs./Quintal
Uttarakhand,Vegetables,Potato,November-2025,6492.90,Metric Tonnes,996.54,Rs./Quintal
Uttarakhand,Vegetables,Tomato,November-2025,2317.30,Metric Tonnes,1964.41,Rs./Quintal
Uttarakhand,Vegetables,Onion,December-2025,3281.40,Metric Tonnes,1330.65,Rs./Quintal
Uttarakhand,Vegetables,Potato,December-2025,5680.25,Metric Tonnes,927.77,Rs./Quintal
Uttarakhand,Vegetables,Tomato,December-2025,1880.20,Metric Tonnes,2160.34,Rs./Quintal
West Bengal,Vegetables,Onion,January-2023,20465.72,Metric Tonnes,2190.04,Rs./Quintal
West Bengal,Vegetables,Potato,January-2023,48225.85,Metric Tonnes,912.29,Rs./Quintal
West Bengal,Vegetables,Tomato,January-2023,8701.79,Metric Tonnes,1344.03,Rs./Quintal
West Bengal,Vegetables,Onion,February-2023,18265.75,Metric Tonnes,1813.56,Rs./Quintal
West Bengal,Vegetables,Potato,February-2023,43552.25,Metric Tonnes,716.29,Rs./Quintal
West Bengal,Vegetables,Tomato,February-2023,8353.44,Metric Tonnes,955.58,Rs./Quintal
West Bengal,Vegetables,Onion,March-2023,19957.90,Metric Tonnes,1387.18,Rs./Quintal
West Bengal,Vegetables,Potato,March-2023,40740.75,Metric Tonnes,820.70,Rs./Quintal
West Bengal,Vegetables,Tomato,March-2023,7017.87,Metric Tonnes,1239.38,Rs./Quintal
West Bengal,Vegetables,Onion,April-2023,18675.70,Metric Tonnes,1305.08,Rs./Quintal
West Bengal,Vegetables,Potato,April-2023,34844.60,Metric Tonnes,1203.88,Rs./Quintal
West Bengal,Vegetables,Tomato,April-2023,5510.17,Metric Tonnes,1665.82,Rs./Quintal
West Bengal,Vegetables,Onion,May-2023,21020.90,Metric Tonnes,1496.93,Rs./Quintal
West Bengal,Vegetables,Potato,May-2023,40968.03,Metric Tonnes,1324.99,Rs./Quintal
West Bengal,Vegetables,Tomato,May-2023,5258.68,Metric Tonnes,2161.31,Rs./Quintal
West Bengal,Vegetables,Onion,June-2023,21016.84,Metric Tonnes,1725.59,Rs./Quintal
West Bengal,Vegetables,Potato,June-2023,40812.22,Metric Tonnes,1375.27,Rs./Quintal
West Bengal,Vegetables,Tomato,June-2023,5904.90,Metric Tonnes,3598.53,Rs./Quintal
West Bengal,Vegetables,Onion,July-2023,19799.95,Metric Tonnes,2099.04,Rs./Quintal
West Bengal,Vegetables,Potato,July-2023,50345.50,Metric Tonnes,1616.29,Rs./Quintal
West Bengal,Vegetables,Tomato,July-2023,3375.49,Metric Tonnes,9744.62,Rs./Quintal
West Bengal,Vegetables,Onion,August-2023,18679.71,Metric Tonnes,2634.80,Rs./Quintal
West Bengal,Vegetables,Potato,August-2023,48021.15,Metric Tonnes,1518.39,Rs./Quintal
West Bengal,Vegetables,Tomato,August-2023,4067.36,Metric Tonnes,6014.33,Rs./Quintal
West Bengal,Vegetables,Onion,September-2023,16275.59,Metric Tonnes,2870.13,Rs./Quintal
West Bengal,Vegetables,Potato,September-2023,42020.15,Metric Tonnes,1439.75,Rs./Quintal
West Bengal,Vegetables,Tomato,September-2023,6704.58,Metric Tonnes,2554.56,Rs./Quintal
West Bengal,Vegetables,Onion,October-2023,17015.33,Metric Tonnes,3294.50,Rs./Quintal
West Bengal,Vegetables,Potato,October-2023,47242.10,Metric Tonnes,1514.34,Rs./Quintal
West Bengal,Vegetables,Tomato,October-2023,7740.20,Metric Tonnes,2687.75,Rs./Quintal
West Bengal,Vegetables,Onion,November-2023,15763.37,Metric Tonnes,4821.09,Rs./Quintal
West Bengal,Vegetables,Potato,November-2023,39514.33,Metric Tonnes,1392.02,Rs./Quintal
West Bengal,Vegetables,Tomato,November-2023,5617.63,Metric Tonnes,3756.32,Rs./Quintal
West Bengal,Vegetables,Onion,December-2023,16531.95,Metric Tonnes,3869.58,Rs./Quintal
West Bengal,Vegetables,Potato,December-2023,37517.85,Metric Tonnes,1377.52,Rs./Quintal
West Bengal,Vegetables,Tomato,December-2023,6457.99,Metric Tonnes,3208.27,Rs./Quintal
West Bengal,Vegetables,Onion,January-2024,20838.40,Metric Tonnes,2454.08,Rs./Quintal
West Bengal,Vegetables,Potato,January-2024,43363.98,Metric Tonnes,1147.60,Rs./Quintal
West Bengal,Vegetables,Tomato,January-2024,8678.23,Metric Tonnes,1923.43,Rs./Quintal
West Bengal,Vegetables,Onion,February-2024,19409.04,Metric Tonnes,1959.75,Rs./Quintal
West Bengal,Vegetables,Potato,February-2024,40490.40,Metric Tonnes,1051.63,Rs./Quintal
West Bengal,Vegetables,Tomato,February-2024,8641.12,Metric Tonnes,1588.03,Rs./Quintal
West Bengal,Vegetables,Onion,March-2024,19132.92,Metric Tonnes,2066.56,Rs./Quintal
West Bengal,Vegetables,Potato,March-2024,43954.40,Metric Tonnes,1333.13,Rs./Quintal
West Bengal,Vegetables,Tomato,March-2024,7783.91,Metric Tonnes,1798.10,Rs./Quintal
West Bengal,Vegetables,Onion,April-2024,18045.04,Metric Tonnes,1872.21,Rs./Quintal
West Bengal,Vegetables,Potato,April-2024,37605.70,Metric Tonnes,1782.31,Rs./Quintal
West Bengal,Vegetables,Tomato,April-2024,6752.27,Metric Tonnes,1501.62,Rs./Quintal
West Bengal,Vegetables,Onion,May-2024,20705.00,Metric Tonnes,2120.18,Rs./Quintal
West Bengal,Vegetables,Potato,May-2024,43695.11,Metric Tonnes,2153.23,Rs./Quintal
West Bengal,Vegetables,Tomato,May-2024,6462.09,Metric Tonnes,2314.41,Rs./Quintal
West Bengal,Vegetables,Onion,June-2024,18983.23,Metric Tonnes,2776.06,Rs./Quintal
West Bengal,Vegetables,Potato,June-2024,43710.52,Metric Tonnes,2312.99,Rs./Quintal
West Bengal,Vegetables,Tomato,June-2024,5226.59,Metric Tonnes,4136.91,Rs./Quintal
West Bengal,Vegetables,Onion,July-2024,19898.96,Metric Tonnes,3446.51,Rs./Quintal
West Bengal,Vegetables,Potato,July-2024,53824.58,Metric Tonnes,2556.35,Rs./Quintal
West Bengal,Vegetables,Tomato,July-2024,6160.70,Metric Tonnes,5486.18,Rs./Quintal
West Bengal,Vegetables,Onion,August-2024,20737.80,Metric Tonnes,3748.69,Rs./Quintal
West Bengal,Vegetables,Potato,August-2024,71027.51,Metric Tonnes,2401.07,Rs./Quintal
West Bengal,Vegetables,Tomato,August-2024,7506.50,Metric Tonnes,3674.40,Rs./Quintal
West Bengal,Vegetables,Onion,September-2024,20394.24,Metric Tonnes,4422.28,Rs./Quintal
West Bengal,Vegetables,Potato,September-2024,66528.24,Metric Tonnes,2356.21,Rs./Quintal
West Bengal,Vegetables,Tomato,September-2024,6924.12,Metric Tonnes,3646.21,Rs./Quintal
West Bengal,Vegetables,Onion,October-2024,19961.95,Metric Tonnes,4563.47,Rs./Quintal
West Bengal,Vegetables,Potato,October-2024,63229.90,Metric Tonnes,2423.27,Rs./Quintal
West Bengal,Vegetables,Tomato,October-2024,5427.23,Metric Tonnes,5299.48,Rs./Quintal
West Bengal,Vegetables,Onion,November-2024,19762.33,Metric Tonnes,4911.83,Rs./Quintal
West Bengal,Vegetables,Potato,November-2024,58035.87,Metric Tonnes,2525.61,Rs./Quintal
West Bengal,Vegetables,Tomato,November-2024,6093.46,Metric Tonnes,4312.37,Rs./Quintal
West Bengal,Vegetables,Onion,December-2024,25786.58,Metric Tonnes,3869.28,Rs./Quintal
West Bengal,Vegetables,Potato,December-2024,65049.85,Metric Tonnes,2451.30,Rs./Quintal
West Bengal,Vegetables,Tomato,December-2024,7453.05,Metric Tonnes,3691.07,Rs./Quintal
West Bengal,Vegetables,Onion,January-2025,25839.08,Metric Tonnes,2838.93,Rs./Quintal
West Bengal,Vegetables,Potato,January-2025,64833.98,Metric Tonnes,1629.43,Rs./Quintal
West Bengal,Vegetables,Tomato,January-2025,8596.43,Metric Tonnes,1644.31,Rs./Quintal
West Bengal,Vegetables,Onion,February-2025,23084.90,Metric Tonnes,2809.41,Rs./Quintal
West Bengal,Vegetables,Potato,February-2025,54456.05,Metric Tonnes,1007.92,Rs./Quintal
West Bengal,Vegetables,Tomato,February-2025,8970.01,Metric Tonnes,963.49,Rs./Quintal
West Bengal,Vegetables,Onion,March-2025,24092.82,Metric Tonnes,2378.20,Rs./Quintal
West Bengal,Vegetables,Potato,March-2025,57940.15,Metric Tonnes,1003.89,Rs./Quintal
West Bengal,Vegetables,Tomato,March-2025,9595.55,Metric Tonnes,746.76,Rs./Quintal
West Bengal,Vegetables,Onion,April-2025,24734.01,Metric Tonnes,1932.71,Rs./Quintal
West Bengal,Vegetables,Potato,April-2025,52337.33,Metric Tonnes,1142.72,Rs./Quintal
West Bengal,Vegetables,Tomato,April-2025,8183.87,Metric Tonnes,985.07,Rs./Quintal
West Bengal,Vegetables,Onion,May-2025,26083.27,Metric Tonnes,1723.05,Rs./Quintal
West Bengal,Vegetables,Potato,May-2025,53776.30,Metric Tonnes,1335.22,Rs./Quintal
West Bengal,Vegetables,Tomato,May-2025,7302.70,Metric Tonnes,2076.71,Rs./Quintal
West Bengal,Vegetables,Onion,June-2025,22942.30,Metric Tonnes,1792.67,Rs./Quintal
West Bengal,Vegetables,Potato,June-2025,47061.70,Metric Tonnes,1350.79,Rs./Quintal
West Bengal,Vegetables,Tomato,June-2025,5910.59,Metric Tonnes,2838.72,Rs./Quintal
West Bengal,Vegetables,Onion,July-2025,22831.32,Metric Tonnes,1979.44,Rs./Quintal
West Bengal,Vegetables,Potato,July-2025,52250.10,Metric Tonnes,1279.25,Rs./Quintal
West Bengal,Vegetables,Tomato,July-2025,6184.81,Metric Tonnes,3998.88,Rs./Quintal
West Bengal,Vegetables,Onion,August-2025,23547.21,Metric Tonnes,1997.04,Rs./Quintal
West Bengal,Vegetables,Potato,August-2025,48964.40,Metric Tonnes,1233.86,Rs./Quintal
West Bengal,Vegetables,Tomato,August-2025,5950.30,Metric Tonnes,5428.72,Rs./Quintal
West Bengal,Vegetables,Onion,September-2025,24393.67,Metric Tonnes,1850.10,Rs./Quintal
West Bengal,Vegetables,Potato,September-2025,46316.86,Metric Tonnes,1268.73,Rs./Quintal
West Bengal,Vegetables,Tomato,September-2025,6574.81,Metric Tonnes,3470.16,Rs./Quintal
West Bengal,Vegetables,Onion,October-2025,23093.68,Metric Tonnes,1740.49,Rs./Quintal
West Bengal,Vegetables,Potato,October-2025,46320.15,Metric Tonnes,1373.77,Rs./Quintal
West Bengal,Vegetables,Tomato,October-2025,6173.30,Metric Tonnes,3470.75,Rs./Quintal
West Bengal,Vegetables,Onion,November-2025,22333.66,Metric Tonnes,1690.04,Rs./Quintal
West Bengal,Vegetables,Potato,November-2025,42585.24,Metric Tonnes,1386.49,Rs./Quintal
West Bengal,Vegetables,Tomato,November-2025,5265.97,Metric Tonnes,4327.79,Rs./Quintal
West Bengal,Vegetables,Onion,December-2025,24881.47,Metric Tonnes,1884.03,Rs./Quintal
West Bengal,Vegetables,Potato,December-2025,41537.86,Metric Tonnes,1222.16,Rs./Quintal
West Bengal,Vegetables,Tomato,December-2025,5482.90,Metric Tonnes,4859.15,Rs./Quintal

Note:
Weighted Average Price = ∑(arrival quantity * modal price) / ∑arrival quantity

