,,,,All Type of Report (All Grades) for 01-Jan-2023 to 31-Dec-2025,,,
State/UT,Commodity Group,Commodity,Month,Arrival Quantity 01-01-2023 to 31-12-2025,Arrival Unit,Modal Price 01-01-2023 to 31-12-2025,Price Unit
Andhra Pradesh,Cereals,Foxtail Millet(Navane),January-2023,1.20,Metric Tonnes,2161.83,Rs./Quintal
Andhra Pradesh,Cereals,Jowar(Sorghum),January-2023,20.21,Metric Tonnes,2934.18,Rs./Quintal
Andhra Pradesh,Cereals,Maize,January-2023,73.18,Metric Tonnes,2033.60,Rs./Quintal
Andhra Pradesh,Cereals,Paddy(Common),January-2023,65.28,Metric Tonnes,2038.16,Rs./Quintal
Andhra Pradesh,Cereals,Jowar(Sorghum),February-2023,28.23,Metric Tonnes,2920.90,Rs./Quintal
Andhra Pradesh,Cereals,Maize,February-2023,93.27,Metric Tonnes,2087.51,Rs./Quintal
Andhra Pradesh,Cereals,Paddy(Common),February-2023,71.27,Metric Tonnes,2038.18,Rs./Quintal
Andhra Pradesh,Cereals,Foxtail Millet(Navane),March-2023,1.00,Metric Tonnes,2470.00,Rs./Quintal
Andhra Pradesh,Cereals,Jowar(Sorghum),March-2023,14.12,Metric Tonnes,2998.81,Rs./Quintal
Andhra Pradesh,Cereals,Maize,March-2023,232.90,Metric Tonnes,1982.53,Rs./Quintal
Andhra Pradesh,Cereals,Paddy(Common),March-2023,57.30,Metric Tonnes,2047.68,Rs./Quintal
Andhra Pradesh,Cereals,Foxtail Millet(Navane),April-2023,1.00,Metric Tonnes,2604.40,Rs./Quintal
Andhra Pradesh,Cereals,Jowar(Sorghum),April-2023,17.38,Metric Tonnes,3028.02,Rs./Quintal
Andhra Pradesh,Cereals,Maize,April-2023,23947.10,Metric Tonnes,2058.96,Rs./Quintal
Andhra Pradesh,Cereals,Paddy(Common),April-2023,30467.98,Metric Tonnes,2041.39,Rs./Quintal
Andhra Pradesh,Cereals,Foxtail Millet(Navane),May-2023,1.30,Metric Tonnes,2290.23,Rs./Quintal
Andhra Pradesh,Cereals,Jowar(Sorghum),May-2023,0.36,Metric Tonnes,3115.28,Rs./Quintal
Andhra Pradesh,Cereals,Maize,May-2023,3668.55,Metric Tonnes,1892.95,Rs./Quintal
Andhra Pradesh,Cereals,Paddy(Common),May-2023,19138.83,Metric Tonnes,2042.24,Rs./Quintal
Andhra Pradesh,Cereals,Jowar(Sorghum),June-2023,0.41,Metric Tonnes,3258.05,Rs./Quintal
Andhra Pradesh,Cereals,Maize,June-2023,277.40,Metric Tonnes,1838.91,Rs./Quintal
Andhra Pradesh,Cereals,Paddy(Common),June-2023,1169.99,Metric Tonnes,2041.60,Rs./Quintal
Andhra Pradesh,Cereals,Foxtail Millet(Navane),July-2023,0.70,Metric Tonnes,6195.00,Rs./Quintal
Andhra Pradesh,Cereals,Jowar(Sorghum),July-2023,0.60,Metric Tonnes,3285.33,Rs./Quintal
Andhra Pradesh,Cereals,Maize,July-2023,46.79,Metric Tonnes,2006.51,Rs./Quintal
Andhra Pradesh,Cereals,Paddy(Common),July-2023,268.55,Metric Tonnes,2052.35,Rs./Quintal
Andhra Pradesh,Cereals,Jowar(Sorghum),August-2023,0.47,Metric Tonnes,3301.28,Rs./Quintal
Andhra Pradesh,Cereals,Maize,August-2023,327.46,Metric Tonnes,2018.18,Rs./Quintal
Andhra Pradesh,Cereals,Paddy(Common),August-2023,445.54,Metric Tonnes,2044.84,Rs./Quintal
Andhra Pradesh,Cereals,Jowar(Sorghum),September-2023,0.48,Metric Tonnes,3407.50,Rs./Quintal
Andhra Pradesh,Cereals,Maize,September-2023,38.06,Metric Tonnes,1977.86,Rs./Quintal
Andhra Pradesh,Cereals,Paddy(Common),September-2023,446.00,Metric Tonnes,2084.27,Rs./Quintal
Andhra Pradesh,Cereals,Foxtail Millet(Navane),October-2023,5.80,Metric Tonnes,4352.07,Rs./Quintal
Andhra Pradesh,Cereals,Jowar(Sorghum),October-2023,0.52,Metric Tonnes,3533.08,Rs./Quintal
Andhra Pradesh,Cereals,Maize,October-2023,324.73,Metric Tonnes,2004.10,Rs./Quintal
Andhra Pradesh,Cereals,Paddy(Common),October-2023,1382.51,Metric Tonnes,2221.48,Rs./Quintal
Andhra Pradesh,Cereals,Foxtail Millet(Navane),November-2023,2.00,Metric Tonnes,5469.70,Rs./Quintal
Andhra Pradesh,Cereals,Jowar(Sorghum),November-2023,0.51,Metric Tonnes,3697.25,Rs./Quintal
Andhra Pradesh,Cereals,Maize,November-2023,535.28,Metric Tonnes,2139.73,Rs./Quintal
Andhra Pradesh,Cereals,Paddy(Common),November-2023,2719.52,Metric Tonnes,2260.50,Rs./Quintal
Andhra Pradesh,Cereals,Foxtail Millet(Navane),December-2023,2.80,Metric Tonnes,5825.18,Rs./Quintal
Andhra Pradesh,Cereals,Jowar(Sorghum),December-2023,0.57,Metric Tonnes,3618.60,Rs./Quintal
Andhra Pradesh,Cereals,Maize,December-2023,78.67,Metric Tonnes,2058.55,Rs./Quintal
Andhra Pradesh,Cereals,Paddy(Common),December-2023,1047.36,Metric Tonnes,2206.10,Rs./Quintal
Andhra Pradesh,Cereals,Foxtail Millet(Navane),January-2024,8.70,Metric Tonnes,5185.26,Rs./Quintal
Andhra Pradesh,Cereals,Jowar(Sorghum),January-2024,0.50,Metric Tonnes,3155.20,Rs./Quintal
Andhra Pradesh,Cereals,Maize,January-2024,402.88,Metric Tonnes,2076.71,Rs./Quintal
Andhra Pradesh,Cereals,Paddy(Common),January-2024,38.56,Metric Tonnes,2191.09,Rs./Quintal
Andhra Pradesh,Cereals,Foxtail Millet(Navane),February-2024,256.30,Metric Tonnes,4913.62,Rs./Quintal
Andhra Pradesh,Cereals,Jowar(Sorghum),February-2024,0.54,Metric Tonnes,3149.63,Rs./Quintal
Andhra Pradesh,Cereals,Maize,February-2024,3904.18,Metric Tonnes,2101.65,Rs./Quintal
Andhra Pradesh,Cereals,Paddy(Common),February-2024,63.26,Metric Tonnes,2230.45,Rs./Quintal
Andhra Pradesh,Cereals,Foxtail Millet(Navane),March-2024,146.30,Metric Tonnes,3838.07,Rs./Quintal
Andhra Pradesh,Cereals,Jowar(Sorghum),March-2024,0.35,Metric Tonnes,3188.57,Rs./Quintal
Andhra Pradesh,Cereals,Maize,March-2024,303.05,Metric Tonnes,2062.52,Rs./Quintal
Andhra Pradesh,Cereals,Paddy(Common),March-2024,36.30,Metric Tonnes,2191.44,Rs./Quintal
Andhra Pradesh,Cereals,Foxtail Millet(Navane),April-2024,156.60,Metric Tonnes,4928.01,Rs./Quintal
Andhra Pradesh,Cereals,Jowar(Sorghum),April-2024,0.13,Metric Tonnes,3180.00,Rs./Quintal
Andhra Pradesh,Cereals,Maize,April-2024,3166.90,Metric Tonnes,2151.62,Rs./Quintal
Andhra Pradesh,Cereals,Paddy(Common),April-2024,1557.00,Metric Tonnes,2297.47,Rs./Quintal
Andhra Pradesh,Cereals,Foxtail Millet(Navane),May-2024,158.60,Metric Tonnes,4787.18,Rs./Quintal
Andhra Pradesh,Cereals,Jowar(Sorghum),May-2024,0.21,Metric Tonnes,3182.38,Rs./Quintal
Andhra Pradesh,Cereals,Maize,May-2024,1208.30,Metric Tonnes,2203.29,Rs./Quintal
Andhra Pradesh,Cereals,Paddy(Common),May-2024,2823.00,Metric Tonnes,2300.45,Rs./Quintal
Andhra Pradesh,Cereals,Foxtail Millet(Navane),June-2024,51.70,Metric Tonnes,3945.11,Rs./Quintal
Andhra Pradesh,Cereals,Maize,June-2024,145.20,Metric Tonnes,2217.88,Rs./Quintal
Andhra Pradesh,Cereals,Paddy(Common),June-2024,3542.60,Metric Tonnes,2248.58,Rs./Quintal
Andhra Pradesh,Cereals,Foxtail Millet(Navane),July-2024,17.40,Metric Tonnes,3697.34,Rs./Quintal
Andhra Pradesh,Cereals,Maize,July-2024,1344.70,Metric Tonnes,2200.95,Rs./Quintal
Andhra Pradesh,Cereals,Paddy(Common),July-2024,7530.10,Metric Tonnes,2315.81,Rs./Quintal
Andhra Pradesh,Cereals,Foxtail Millet(Navane),August-2024,14.60,Metric Tonnes,3674.88,Rs./Quintal
Andhra Pradesh,Cereals,Maize,August-2024,1164.40,Metric Tonnes,2237.44,Rs./Quintal
Andhra Pradesh,Cereals,Paddy(Common),August-2024,14268.74,Metric Tonnes,2392.35,Rs./Quintal
Andhra Pradesh,Cereals,Maize,September-2024,100.00,Metric Tonnes,2520.00,Rs./Quintal
Andhra Pradesh,Cereals,Paddy(Common),September-2024,9709.99,Metric Tonnes,2366.25,Rs./Quintal
Andhra Pradesh,Cereals,Maize,October-2024,291.06,Metric Tonnes,2411.55,Rs./Quintal
Andhra Pradesh,Cereals,Paddy(Common),October-2024,3072.61,Metric Tonnes,2501.25,Rs./Quintal
Andhra Pradesh,Cereals,Bajra(Pearl Millet/Cumbu),November-2024,5.00,Metric Tonnes,2133.60,Rs./Quintal
Andhra Pradesh,Cereals,Foxtail Millet(Navane),November-2024,61.90,Metric Tonnes,2578.26,Rs./Quintal
Andhra Pradesh,Cereals,Maize,November-2024,99.77,Metric Tonnes,2201.09,Rs./Quintal
Andhra Pradesh,Cereals,Paddy(Common),November-2024,3140.39,Metric Tonnes,2460.10,Rs./Quintal
Andhra Pradesh,Cereals,Bajra(Pearl Millet/Cumbu),December-2024,30.10,Metric Tonnes,2279.38,Rs./Quintal
Andhra Pradesh,Cereals,Foxtail Millet(Navane),December-2024,109.20,Metric Tonnes,2511.46,Rs./Quintal
Andhra Pradesh,Cereals,Maize,December-2024,77.68,Metric Tonnes,2121.98,Rs./Quintal
Andhra Pradesh,Cereals,Paddy(Common),December-2024,11084.04,Metric Tonnes,2348.55,Rs./Quintal
Andhra Pradesh,Cereals,Bajra(Pearl Millet/Cumbu),January-2025,67.60,Metric Tonnes,2338.55,Rs./Quintal
Andhra Pradesh,Cereals,Foxtail Millet(Navane),January-2025,317.10,Metric Tonnes,2457.72,Rs./Quintal
Andhra Pradesh,Cereals,Jowar(Sorghum),January-2025,7675.00,Metric Tonnes,3217.25,Rs./Quintal
Andhra Pradesh,Cereals,Maize,January-2025,2308.43,Metric Tonnes,2306.96,Rs./Quintal
Andhra Pradesh,Cereals,Paddy(Common),January-2025,7868.40,Metric Tonnes,2564.58,Rs./Quintal
Andhra Pradesh,Cereals,Ragi(Finger Millet),January-2025,2.00,Metric Tonnes,2800.00,Rs./Quintal
Andhra Pradesh,Cereals,Rice,January-2025,1283.00,Metric Tonnes,4439.83,Rs./Quintal
Andhra Pradesh,Cereals,Bajra(Pearl Millet/Cumbu),February-2025,7.80,Metric Tonnes,2207.90,Rs./Quintal
Andhra Pradesh,Cereals,Foxtail Millet(Navane),February-2025,246.00,Metric Tonnes,2389.76,Rs./Quintal
Andhra Pradesh,Cereals,Jowar(Sorghum),February-2025,27227.00,Metric Tonnes,2734.82,Rs./Quintal
Andhra Pradesh,Cereals,Maize,February-2025,3812.30,Metric Tonnes,2649.76,Rs./Quintal
Andhra Pradesh,Cereals,Paddy(Common),February-2025,18141.50,Metric Tonnes,2382.89,Rs./Quintal
Andhra Pradesh,Cereals,Rice,February-2025,2025.00,Metric Tonnes,4498.93,Rs./Quintal
Andhra Pradesh,Cereals,Bajra(Pearl Millet/Cumbu),March-2025,12.20,Metric Tonnes,2234.86,Rs./Quintal
Andhra Pradesh,Cereals,Foxtail Millet(Navane),March-2025,374.90,Metric Tonnes,2256.54,Rs./Quintal
Andhra Pradesh,Cereals,Jowar(Sorghum),March-2025,43842.00,Metric Tonnes,2131.72,Rs./Quintal
Andhra Pradesh,Cereals,Maize,March-2025,19244.30,Metric Tonnes,2176.92,Rs./Quintal
Andhra Pradesh,Cereals,Paddy(Basmati),March-2025,17.30,Metric Tonnes,2310.00,Rs./Quintal
Andhra Pradesh,Cereals,Paddy(Common),March-2025,48986.51,Metric Tonnes,2320.48,Rs./Quintal
Andhra Pradesh,Cereals,Rice,March-2025,2045.00,Metric Tonnes,4568.42,Rs./Quintal
Andhra Pradesh,Cereals,Bajra(Pearl Millet/Cumbu),April-2025,9.30,Metric Tonnes,2353.78,Rs./Quintal
Andhra Pradesh,Cereals,Foxtail Millet(Navane),April-2025,183.90,Metric Tonnes,2134.90,Rs./Quintal
Andhra Pradesh,Cereals,Jowar(Sorghum),April-2025,12970.00,Metric Tonnes,2415.27,Rs./Quintal
Andhra Pradesh,Cereals,Maize,April-2025,25756.55,Metric Tonnes,2214.62,Rs./Quintal
Andhra Pradesh,Cereals,Paddy(Common),April-2025,144870.50,Metric Tonnes,2237.10,Rs./Quintal
Andhra Pradesh,Cereals,Rice,April-2025,2418.00,Metric Tonnes,4649.34,Rs./Quintal
Andhra Pradesh,Cereals,Bajra(Pearl Millet/Cumbu),May-2025,12.80,Metric Tonnes,1851.55,Rs./Quintal
Andhra Pradesh,Cereals,Foxtail Millet(Navane),May-2025,225.70,Metric Tonnes,2342.46,Rs./Quintal
Andhra Pradesh,Cereals,Jowar(Sorghum),May-2025,2950.00,Metric Tonnes,2836.22,Rs./Quintal
Andhra Pradesh,Cereals,Maize,May-2025,13907.60,Metric Tonnes,2295.88,Rs./Quintal
Andhra Pradesh,Cereals,Paddy(Common),May-2025,20545.60,Metric Tonnes,2302.93,Rs./Quintal
Andhra Pradesh,Cereals,Rice,May-2025,2636.00,Metric Tonnes,4566.90,Rs./Quintal
Andhra Pradesh,Cereals,Bajra(Pearl Millet/Cumbu),June-2025,5.50,Metric Tonnes,1817.64,Rs./Quintal
Andhra Pradesh,Cereals,Foxtail Millet(Navane),June-2025,87.40,Metric Tonnes,2067.76,Rs./Quintal
Andhra Pradesh,Cereals,Jowar(Sorghum),June-2025,4662.00,Metric Tonnes,2408.10,Rs./Quintal
Andhra Pradesh,Cereals,Maize,June-2025,6706.70,Metric Tonnes,2241.24,Rs./Quintal
Andhra Pradesh,Cereals,Paddy(Common),June-2025,13537.50,Metric Tonnes,2376.28,Rs./Quintal
Andhra Pradesh,Cereals,Rice,June-2025,2514.00,Metric Tonnes,4625.44,Rs./Quintal
Andhra Pradesh,Cereals,Bajra(Pearl Millet/Cumbu),July-2025,2.80,Metric Tonnes,1712.50,Rs./Quintal
Andhra Pradesh,Cereals,Foxtail Millet(Navane),July-2025,41.00,Metric Tonnes,2765.40,Rs./Quintal
Andhra Pradesh,Cereals,Jowar(Sorghum),July-2025,550.00,Metric Tonnes,2381.82,Rs./Quintal
Andhra Pradesh,Cereals,Maize,July-2025,6235.70,Metric Tonnes,2304.96,Rs./Quintal
Andhra Pradesh,Cereals,Paddy(Common),July-2025,10886.16,Metric Tonnes,2371.34,Rs./Quintal
Andhra Pradesh,Cereals,Rice,July-2025,4998.00,Metric Tonnes,4557.29,Rs./Quintal
Andhra Pradesh,Cereals,Bajra(Pearl Millet/Cumbu),August-2025,3.30,Metric Tonnes,2393.64,Rs./Quintal
Andhra Pradesh,Cereals,Foxtail Millet(Navane),August-2025,44.00,Metric Tonnes,2772.29,Rs./Quintal
Andhra Pradesh,Cereals,Maize,August-2025,2218.65,Metric Tonnes,2308.14,Rs./Quintal
Andhra Pradesh,Cereals,Paddy(Common),August-2025,19801.38,Metric Tonnes,2455.57,Rs./Quintal
Andhra Pradesh,Cereals,Rice,August-2025,7535.00,Metric Tonnes,4538.16,Rs./Quintal
Andhra Pradesh,Cereals,Bajra(Pearl Millet/Cumbu),September-2025,158.40,Metric Tonnes,1813.69,Rs./Quintal
Andhra Pradesh,Cereals,Foxtail Millet(Navane),September-2025,38.50,Metric Tonnes,2249.50,Rs./Quintal
Andhra Pradesh,Cereals,Jowar(Sorghum),September-2025,600.00,Metric Tonnes,2100.00,Rs./Quintal
Andhra Pradesh,Cereals,Maize,September-2025,6524.10,Metric Tonnes,2312.46,Rs./Quintal
Andhra Pradesh,Cereals,Paddy(Common),September-2025,43907.55,Metric Tonnes,2341.40,Rs./Quintal
Andhra Pradesh,Cereals,Rice,September-2025,3705.00,Metric Tonnes,4487.13,Rs./Quintal
Andhra Pradesh,Cereals,Bajra(Pearl Millet/Cumbu),October-2025,310.90,Metric Tonnes,1867.54,Rs./Quintal
Andhra Pradesh,Cereals,Foxtail Millet(Navane),October-2025,23.40,Metric Tonnes,2039.94,Rs./Quintal
Andhra Pradesh,Cereals,Maize,October-2025,13885.60,Metric Tonnes,2337.24,Rs./Quintal
Andhra Pradesh,Cereals,Paddy(Common),October-2025,19567.22,Metric Tonnes,2354.53,Rs./Quintal
Andhra Pradesh,Cereals,Rice,October-2025,3828.00,Metric Tonnes,4457.50,Rs./Quintal
Andhra Pradesh,Cereals,Bajra(Pearl Millet/Cumbu),November-2025,370.40,Metric Tonnes,2004.70,Rs./Quintal
Andhra Pradesh,Cereals,Foxtail Millet(Navane),November-2025,60.00,Metric Tonnes,2166.35,Rs./Quintal
Andhra Pradesh,Cereals,Jowar(Sorghum),November-2025,7495.00,Metric Tonnes,2365.76,Rs./Quintal
Andhra Pradesh,Cereals,Maize,November-2025,36420.20,Metric Tonnes,2317.58,Rs./Quintal
Andhra Pradesh,Cereals,Paddy(Common),November-2025,58656.00,Metric Tonnes,2431.57,Rs./Quintal
Andhra Pradesh,Cereals,Rice,November-2025,919.00,Metric Tonnes,4579.38,Rs./Quintal
Andhra Pradesh,Cereals,Bajra(Pearl Millet/Cumbu),December-2025,543.40,Metric Tonnes,2106.05,Rs./Quintal
Andhra Pradesh,Cereals,Foxtail Millet(Navane),December-2025,82.70,Metric Tonnes,2109.01,Rs./Quintal
Andhra Pradesh,Cereals,Jowar(Sorghum),December-2025,4482.00,Metric Tonnes,2385.61,Rs./Quintal
Andhra Pradesh,Cereals,Maize,December-2025,29157.50,Metric Tonnes,2239.67,Rs./Quintal
Andhra Pradesh,Cereals,Paddy(Common),December-2025,34847.70,Metric Tonnes,2295.18,Rs./Quintal
Andhra Pradesh,Cereals,Rice,December-2025,136.00,Metric Tonnes,4704.41,Rs./Quintal
Assam,Cereals,Beaten Rice,December-2025,65.50,Metric Tonnes,6609.16,Rs./Quintal
Assam,Cereals,Paddy(Common),December-2025,18.00,Metric Tonnes,1808.33,Rs./Quintal
Assam,Cereals,Rice,December-2025,894.00,Metric Tonnes,3908.72,Rs./Quintal
Bihar,Cereals,Maize,January-2023,2382.45,Metric Tonnes,2344.71,Rs./Quintal
Bihar,Cereals,Paddy(Common),January-2023,13.65,Metric Tonnes,1692.49,Rs./Quintal
Bihar,Cereals,Rice,January-2023,808.02,Metric Tonnes,2861.38,Rs./Quintal
Bihar,Cereals,Wheat,January-2023,318.80,Metric Tonnes,2601.80,Rs./Quintal
Bihar,Cereals,Maize,February-2023,7.15,Metric Tonnes,2067.48,Rs./Quintal
Bihar,Cereals,Paddy(Common),February-2023,7.15,Metric Tonnes,1750.00,Rs./Quintal
Bihar,Cereals,Rice,February-2023,795.00,Metric Tonnes,3088.30,Rs./Quintal
Bihar,Cereals,Wheat,February-2023,319.80,Metric Tonnes,2469.45,Rs./Quintal
Bihar,Cereals,Bajra(Pearl Millet/Cumbu),March-2023,3.80,Metric Tonnes,1800.00,Rs./Quintal
Bihar,Cereals,Beaten Rice,March-2023,2.10,Metric Tonnes,8119.05,Rs./Quintal
Bihar,Cereals,Maize,March-2023,0.50,Metric Tonnes,1950.00,Rs./Quintal
Bihar,Cereals,Rice,March-2023,153.00,Metric Tonnes,3985.62,Rs./Quintal
Bihar,Cereals,Wheat,March-2023,3.00,Metric Tonnes,2203.33,Rs./Quintal
Bihar,Cereals,Beaten Rice,April-2023,0.10,Metric Tonnes,100500.00,Rs./Quintal
Bihar,Cereals,Maize,April-2023,5.00,Metric Tonnes,2063.00,Rs./Quintal
Bihar,Cereals,Paddy(Basmati),April-2023,0.10,Metric Tonnes,8200.00,Rs./Quintal
Bihar,Cereals,Rice,April-2023,132.00,Metric Tonnes,3954.92,Rs./Quintal
Bihar,Cereals,Wheat,April-2023,760.38,Metric Tonnes,2254.69,Rs./Quintal
Bihar,Cereals,Beaten Rice,May-2023,0.10,Metric Tonnes,101500.00,Rs./Quintal
Bihar,Cereals,Paddy(Basmati),May-2023,0.30,Metric Tonnes,8883.33,Rs./Quintal
Bihar,Cereals,Rice,May-2023,46.00,Metric Tonnes,4408.70,Rs./Quintal
Bihar,Cereals,Wheat,May-2023,899.42,Metric Tonnes,2195.88,Rs./Quintal
Bihar,Cereals,Wheat,June-2023,151.20,Metric Tonnes,2250.00,Rs./Quintal
Bihar,Cereals,Rice,August-2023,7.00,Metric Tonnes,3300.00,Rs./Quintal
Bihar,Cereals,Wheat,August-2023,1416.00,Metric Tonnes,2241.53,Rs./Quintal
Bihar,Cereals,Wheat,September-2023,6947.95,Metric Tonnes,2328.78,Rs./Quintal
Bihar,Cereals,Wheat,October-2023,3157.90,Metric Tonnes,2430.91,Rs./Quintal
Bihar,Cereals,Wheat,November-2023,2186.50,Metric Tonnes,2536.14,Rs./Quintal
Bihar,Cereals,Wheat,December-2023,1642.30,Metric Tonnes,2556.54,Rs./Quintal
Bihar,Cereals,Wheat,January-2024,1384.70,Metric Tonnes,2542.60,Rs./Quintal
Bihar,Cereals,Wheat,February-2024,843.00,Metric Tonnes,2537.25,Rs./Quintal
Bihar,Cereals,Wheat,March-2024,523.75,Metric Tonnes,2536.83,Rs./Quintal
Bihar,Cereals,Wheat,April-2024,3823.03,Metric Tonnes,2295.55,Rs./Quintal
Bihar,Cereals,Wheat,May-2024,7404.50,Metric Tonnes,2356.78,Rs./Quintal
Bihar,Cereals,Wheat,June-2024,3407.55,Metric Tonnes,2411.13,Rs./Quintal
Bihar,Cereals,Wheat,July-2024,1504.20,Metric Tonnes,2403.41,Rs./Quintal
Bihar,Cereals,Wheat,August-2024,1959.90,Metric Tonnes,2453.66,Rs./Quintal
Bihar,Cereals,Wheat,September-2024,3817.00,Metric Tonnes,2504.96,Rs./Quintal
Bihar,Cereals,Wheat,October-2024,3441.10,Metric Tonnes,2670.49,Rs./Quintal
Bihar,Cereals,Wheat,November-2024,2822.30,Metric Tonnes,2785.38,Rs./Quintal
Bihar,Cereals,Paddy(Common),December-2024,622.00,Metric Tonnes,2318.05,Rs./Quintal
Bihar,Cereals,Wheat,December-2024,2887.60,Metric Tonnes,2892.40,Rs./Quintal
Bihar,Cereals,Paddy(Common),January-2025,1663.00,Metric Tonnes,2328.04,Rs./Quintal
Bihar,Cereals,Wheat,January-2025,2524.50,Metric Tonnes,2939.34,Rs./Quintal
Bihar,Cereals,Paddy(Common),February-2025,2791.90,Metric Tonnes,2327.66,Rs./Quintal
Bihar,Cereals,Wheat,February-2025,3120.10,Metric Tonnes,2983.03,Rs./Quintal
Bihar,Cereals,Paddy(Common),March-2025,209.00,Metric Tonnes,2325.00,Rs./Quintal
Bihar,Cereals,Wheat,March-2025,4008.00,Metric Tonnes,3019.74,Rs./Quintal
Bihar,Cereals,Wheat,April-2025,6305.00,Metric Tonnes,2660.43,Rs./Quintal
Bihar,Cereals,Wheat,May-2025,8129.02,Metric Tonnes,2475.21,Rs./Quintal
Bihar,Cereals,Wheat,June-2025,6473.00,Metric Tonnes,2472.61,Rs./Quintal
Bihar,Cereals,Wheat,July-2025,5261.00,Metric Tonnes,2504.98,Rs./Quintal
Bihar,Cereals,Wheat,August-2025,4858.00,Metric Tonnes,2671.70,Rs./Quintal
Bihar,Cereals,Wheat,September-2025,4590.00,Metric Tonnes,2672.16,Rs./Quintal
Bihar,Cereals,Wheat,October-2025,2100.00,Metric Tonnes,2677.14,Rs./Quintal
Bihar,Cereals,Wheat,November-2025,600.00,Metric Tonnes,2675.00,Rs./Quintal
Bihar,Cereals,Paddy(Common),December-2025,802.00,Metric Tonnes,2370.00,Rs./Quintal
Bihar,Cereals,Wheat,December-2025,3550.00,Metric Tonnes,2607.46,Rs./Quintal
Chandigarh,Cereals,Paddy(Common),October-2023,26559.46,Metric Tonnes,2203.00,Rs./Quintal
Chandigarh,Cereals,Paddy(Common),October-2024,1138.35,Metric Tonnes,2320.00,Rs./Quintal
Chattisgarh,Cereals,Barley(Jau),January-2023,10.00,Metric Tonnes,1640.00,Rs./Quintal
Chattisgarh,Cereals,Kodo Millet(Varagu),January-2023,943.10,Metric Tonnes,2574.63,Rs./Quintal
Chattisgarh,Cereals,Maize,January-2023,32335.20,Metric Tonnes,2006.01,Rs./Quintal
Chattisgarh,Cereals,Paddy(Common),January-2023,1878230.78,Metric Tonnes,1986.90,Rs./Quintal
Chattisgarh,Cereals,Ragi(Finger Millet),January-2023,4.70,Metric Tonnes,3000.00,Rs./Quintal
Chattisgarh,Cereals,Same/Savi,January-2023,44.70,Metric Tonnes,2682.42,Rs./Quintal
Chattisgarh,Cereals,Wheat,January-2023,9798.63,Metric Tonnes,2163.19,Rs./Quintal
Chattisgarh,Cereals,Barley(Jau),February-2023,58.00,Metric Tonnes,1637.84,Rs./Quintal
Chattisgarh,Cereals,Kodo Millet(Varagu),February-2023,1026.00,Metric Tonnes,2648.07,Rs./Quintal
Chattisgarh,Cereals,Maize,February-2023,8372.90,Metric Tonnes,1948.51,Rs./Quintal
Chattisgarh,Cereals,Paddy(Common),February-2023,199466.45,Metric Tonnes,1815.17,Rs./Quintal
Chattisgarh,Cereals,Ragi(Finger Millet),February-2023,17.40,Metric Tonnes,1296.26,Rs./Quintal
Chattisgarh,Cereals,Same/Savi,February-2023,52.00,Metric Tonnes,2222.79,Rs./Quintal
Chattisgarh,Cereals,Wheat,February-2023,5774.00,Metric Tonnes,2156.23,Rs./Quintal
Chattisgarh,Cereals,Barley(Jau),March-2023,48.30,Metric Tonnes,1576.60,Rs./Quintal
Chattisgarh,Cereals,Jowar(Sorghum),March-2023,7.50,Metric Tonnes,2200.00,Rs./Quintal
Chattisgarh,Cereals,Kodo Millet(Varagu),March-2023,595.60,Metric Tonnes,2430.12,Rs./Quintal
Chattisgarh,Cereals,Maize,March-2023,6513.40,Metric Tonnes,1824.72,Rs./Quintal
Chattisgarh,Cereals,Paddy(Common),March-2023,246144.29,Metric Tonnes,1769.46,Rs./Quintal
Chattisgarh,Cereals,Ragi(Finger Millet),March-2023,9.40,Metric Tonnes,2437.23,Rs./Quintal
Chattisgarh,Cereals,Same/Savi,March-2023,17.00,Metric Tonnes,1914.71,Rs./Quintal
Chattisgarh,Cereals,Wheat,March-2023,15826.52,Metric Tonnes,1678.08,Rs./Quintal
Chattisgarh,Cereals,Barley(Jau),April-2023,17.50,Metric Tonnes,1737.86,Rs./Quintal
Chattisgarh,Cereals,Kodo Millet(Varagu),April-2023,605.00,Metric Tonnes,2560.76,Rs./Quintal
Chattisgarh,Cereals,Maize,April-2023,17108.40,Metric Tonnes,1683.82,Rs./Quintal
Chattisgarh,Cereals,Paddy(Common),April-2023,102734.07,Metric Tonnes,1867.37,Rs./Quintal
Chattisgarh,Cereals,Ragi(Finger Millet),April-2023,13.60,Metric Tonnes,2415.44,Rs./Quintal
Chattisgarh,Cereals,Same/Savi,April-2023,141.60,Metric Tonnes,2509.92,Rs./Quintal
Chattisgarh,Cereals,Wheat,April-2023,21687.70,Metric Tonnes,2010.31,Rs./Quintal
Chattisgarh,Cereals,Barley(Jau),May-2023,17.00,Metric Tonnes,1740.00,Rs./Quintal
Chattisgarh,Cereals,Kodo Millet(Varagu),May-2023,540.00,Metric Tonnes,2455.79,Rs./Quintal
Chattisgarh,Cereals,Maize,May-2023,70392.30,Metric Tonnes,1653.79,Rs./Quintal
Chattisgarh,Cereals,Paddy(Common),May-2023,378084.43,Metric Tonnes,1891.49,Rs./Quintal
Chattisgarh,Cereals,Ragi(Finger Millet),May-2023,4.20,Metric Tonnes,2523.81,Rs./Quintal
Chattisgarh,Cereals,Same/Savi,May-2023,45.50,Metric Tonnes,2582.42,Rs./Quintal
Chattisgarh,Cereals,Wheat,May-2023,13277.70,Metric Tonnes,2091.08,Rs./Quintal
Chattisgarh,Cereals,Barley(Jau),June-2023,50.00,Metric Tonnes,1740.00,Rs./Quintal
Chattisgarh,Cereals,Jowar(Sorghum),June-2023,31.10,Metric Tonnes,2250.00,Rs./Quintal
Chattisgarh,Cereals,Kodo Millet(Varagu),June-2023,495.00,Metric Tonnes,2843.02,Rs./Quintal
Chattisgarh,Cereals,Maize,June-2023,89262.10,Metric Tonnes,1621.16,Rs./Quintal
Chattisgarh,Cereals,Paddy(Common),June-2023,270623.95,Metric Tonnes,2057.62,Rs./Quintal
Chattisgarh,Cereals,Ragi(Finger Millet),June-2023,6.00,Metric Tonnes,2500.00,Rs./Quintal
Chattisgarh,Cereals,Same/Savi,June-2023,51.80,Metric Tonnes,2586.68,Rs./Quintal
Chattisgarh,Cereals,Wheat,June-2023,7568.60,Metric Tonnes,2243.37,Rs./Quintal
Chattisgarh,Cereals,Barley(Jau),July-2023,41.80,Metric Tonnes,1740.00,Rs./Quintal
Chattisgarh,Cereals,Jowar(Sorghum),July-2023,31.70,Metric Tonnes,2200.00,Rs./Quintal
Chattisgarh,Cereals,Kodo Millet(Varagu),July-2023,1110.70,Metric Tonnes,3034.18,Rs./Quintal
Chattisgarh,Cereals,Maize,July-2023,10416.90,Metric Tonnes,1767.49,Rs./Quintal
Chattisgarh,Cereals,Paddy(Common),July-2023,177651.27,Metric Tonnes,2085.36,Rs./Quintal
Chattisgarh,Cereals,Ragi(Finger Millet),July-2023,154.40,Metric Tonnes,2991.26,Rs./Quintal
Chattisgarh,Cereals,Same/Savi,July-2023,74.70,Metric Tonnes,3065.59,Rs./Quintal
Chattisgarh,Cereals,Wheat,July-2023,3972.50,Metric Tonnes,2153.13,Rs./Quintal
Chattisgarh,Cereals,Barley(Jau),August-2023,49.00,Metric Tonnes,1740.00,Rs./Quintal
Chattisgarh,Cereals,Kodo Millet(Varagu),August-2023,353.90,Metric Tonnes,3057.49,Rs./Quintal
Chattisgarh,Cereals,Maize,August-2023,21734.00,Metric Tonnes,1800.32,Rs./Quintal
Chattisgarh,Cereals,Paddy(Common),August-2023,141191.30,Metric Tonnes,2185.06,Rs./Quintal
Chattisgarh,Cereals,Ragi(Finger Millet),August-2023,50.80,Metric Tonnes,2992.13,Rs./Quintal
Chattisgarh,Cereals,Same/Savi,August-2023,39.00,Metric Tonnes,2789.74,Rs./Quintal
Chattisgarh,Cereals,Wheat,August-2023,2128.70,Metric Tonnes,2214.32,Rs./Quintal
Chattisgarh,Cereals,Barley(Jau),September-2023,51.00,Metric Tonnes,1740.00,Rs./Quintal
Chattisgarh,Cereals,Kodo Millet(Varagu),September-2023,354.30,Metric Tonnes,2893.18,Rs./Quintal
Chattisgarh,Cereals,Maize,September-2023,7498.80,Metric Tonnes,1907.46,Rs./Quintal
Chattisgarh,Cereals,Paddy(Common),September-2023,91486.53,Metric Tonnes,2159.68,Rs./Quintal
Chattisgarh,Cereals,Ragi(Finger Millet),September-2023,5.90,Metric Tonnes,2500.00,Rs./Quintal
Chattisgarh,Cereals,Same/Savi,September-2023,63.00,Metric Tonnes,2349.21,Rs./Quintal
Chattisgarh,Cereals,Wheat,September-2023,1989.52,Metric Tonnes,2149.61,Rs./Quintal
Chattisgarh,Cereals,Barley(Jau),October-2023,55.00,Metric Tonnes,1699.64,Rs./Quintal
Chattisgarh,Cereals,Kodo Millet(Varagu),October-2023,297.80,Metric Tonnes,2910.46,Rs./Quintal
Chattisgarh,Cereals,Maize,October-2023,8550.20,Metric Tonnes,1947.56,Rs./Quintal
Chattisgarh,Cereals,Paddy(Common),October-2023,108112.62,Metric Tonnes,2155.42,Rs./Quintal
Chattisgarh,Cereals,Ragi(Finger Millet),October-2023,2.70,Metric Tonnes,2500.00,Rs./Quintal
Chattisgarh,Cereals,Same/Savi,October-2023,55.10,Metric Tonnes,3095.24,Rs./Quintal
Chattisgarh,Cereals,Wheat,October-2023,1749.90,Metric Tonnes,2293.30,Rs./Quintal
Chattisgarh,Cereals,Barley(Jau),November-2023,15.00,Metric Tonnes,1740.00,Rs./Quintal
Chattisgarh,Cereals,Kodo Millet(Varagu),November-2023,184.50,Metric Tonnes,2749.46,Rs./Quintal
Chattisgarh,Cereals,Maize,November-2023,42750.70,Metric Tonnes,1934.32,Rs./Quintal
Chattisgarh,Cereals,Paddy(Common),November-2023,604929.06,Metric Tonnes,2167.60,Rs./Quintal
Chattisgarh,Cereals,Ragi(Finger Millet),November-2023,4.90,Metric Tonnes,2500.00,Rs./Quintal
Chattisgarh,Cereals,Same/Savi,November-2023,42.50,Metric Tonnes,2875.59,Rs./Quintal
Chattisgarh,Cereals,Wheat,November-2023,6277.80,Metric Tonnes,2413.42,Rs./Quintal
Chattisgarh,Cereals,Barley(Jau),December-2023,15.00,Metric Tonnes,1834.00,Rs./Quintal
Chattisgarh,Cereals,Kodo Millet(Varagu),December-2023,596.50,Metric Tonnes,2821.53,Rs./Quintal
Chattisgarh,Cereals,Maize,December-2023,70567.20,Metric Tonnes,1980.74,Rs./Quintal
Chattisgarh,Cereals,Paddy(Common),December-2023,2470183.03,Metric Tonnes,2184.22,Rs./Quintal
Chattisgarh,Cereals,Ragi(Finger Millet),December-2023,46.00,Metric Tonnes,3043.39,Rs./Quintal
Chattisgarh,Cereals,Same/Savi,December-2023,37.90,Metric Tonnes,2982.19,Rs./Quintal
Chattisgarh,Cereals,Wheat,December-2023,1428.20,Metric Tonnes,2418.20,Rs./Quintal
Chattisgarh,Cereals,Barley(Jau),January-2024,10.00,Metric Tonnes,1740.00,Rs./Quintal
Chattisgarh,Cereals,Broken Rice,January-2024,18.00,Metric Tonnes,1900.00,Rs./Quintal
Chattisgarh,Cereals,Jowar(Sorghum),January-2024,87.00,Metric Tonnes,4000.00,Rs./Quintal
Chattisgarh,Cereals,Kodo Millet(Varagu),January-2024,1441.60,Metric Tonnes,2646.83,Rs./Quintal
Chattisgarh,Cereals,Maize,January-2024,43691.70,Metric Tonnes,2051.88,Rs./Quintal
Chattisgarh,Cereals,Paddy(Common),January-2024,4323430.51,Metric Tonnes,2183.36,Rs./Quintal
Chattisgarh,Cereals,Ragi(Finger Millet),January-2024,5.60,Metric Tonnes,2887.50,Rs./Quintal
Chattisgarh,Cereals,Wheat,January-2024,1304.70,Metric Tonnes,2508.59,Rs./Quintal
Chattisgarh,Cereals,Barley(Jau),February-2024,40.00,Metric Tonnes,1740.00,Rs./Quintal
Chattisgarh,Cereals,Kodo Millet(Varagu),February-2024,1212.10,Metric Tonnes,2927.76,Rs./Quintal
Chattisgarh,Cereals,Maize,February-2024,11216.00,Metric Tonnes,2045.22,Rs./Quintal
Chattisgarh,Cereals,Paddy(Common),February-2024,231623.68,Metric Tonnes,2282.46,Rs./Quintal
Chattisgarh,Cereals,Ragi(Finger Millet),February-2024,857.60,Metric Tonnes,3848.03,Rs./Quintal
Chattisgarh,Cereals,Same/Savi,February-2024,46.00,Metric Tonnes,1439.13,Rs./Quintal
Chattisgarh,Cereals,Wheat,February-2024,1812.70,Metric Tonnes,2212.94,Rs./Quintal
Chattisgarh,Cereals,Barley(Jau),March-2024,58.50,Metric Tonnes,1529.57,Rs./Quintal
Chattisgarh,Cereals,Kodo Millet(Varagu),March-2024,809.10,Metric Tonnes,2797.99,Rs./Quintal
Chattisgarh,Cereals,Maize,March-2024,13616.20,Metric Tonnes,2058.79,Rs./Quintal
Chattisgarh,Cereals,Paddy(Common),March-2024,153322.92,Metric Tonnes,2149.87,Rs./Quintal
Chattisgarh,Cereals,Ragi(Finger Millet),March-2024,52.20,Metric Tonnes,3390.57,Rs./Quintal
Chattisgarh,Cereals,Same/Savi,March-2024,147.00,Metric Tonnes,1444.42,Rs./Quintal
Chattisgarh,Cereals,Wheat,March-2024,13033.75,Metric Tonnes,2184.48,Rs./Quintal
Chattisgarh,Cereals,Barley(Jau),April-2024,18.00,Metric Tonnes,1840.00,Rs./Quintal
Chattisgarh,Cereals,Kodo Millet(Varagu),April-2024,400.90,Metric Tonnes,3054.51,Rs./Quintal
Chattisgarh,Cereals,Maize,April-2024,39990.50,Metric Tonnes,1926.06,Rs./Quintal
Chattisgarh,Cereals,Paddy(Common),April-2024,133076.14,Metric Tonnes,2207.33,Rs./Quintal
Chattisgarh,Cereals,Ragi(Finger Millet),April-2024,2.50,Metric Tonnes,3200.00,Rs./Quintal
Chattisgarh,Cereals,Same/Savi,April-2024,156.00,Metric Tonnes,1813.43,Rs./Quintal
Chattisgarh,Cereals,Wheat,April-2024,23907.75,Metric Tonnes,2116.17,Rs./Quintal
Chattisgarh,Cereals,Barley(Jau),May-2024,17.00,Metric Tonnes,1850.00,Rs./Quintal
Chattisgarh,Cereals,Jowar(Sorghum),May-2024,29.30,Metric Tonnes,2121.00,Rs./Quintal
Chattisgarh,Cereals,Kodo Millet(Varagu),May-2024,494.40,Metric Tonnes,2999.68,Rs./Quintal
Chattisgarh,Cereals,Maize,May-2024,80496.85,Metric Tonnes,2028.69,Rs./Quintal
Chattisgarh,Cereals,Paddy(Common),May-2024,448333.99,Metric Tonnes,2134.40,Rs./Quintal
Chattisgarh,Cereals,Ragi(Finger Millet),May-2024,66.30,Metric Tonnes,3235.96,Rs./Quintal
Chattisgarh,Cereals,Same/Savi,May-2024,119.00,Metric Tonnes,1866.49,Rs./Quintal
Chattisgarh,Cereals,Wheat,May-2024,16728.20,Metric Tonnes,2141.24,Rs./Quintal
Chattisgarh,Cereals,Barley(Jau),June-2024,50.00,Metric Tonnes,1850.00,Rs./Quintal
Chattisgarh,Cereals,Jowar(Sorghum),June-2024,29.50,Metric Tonnes,2601.00,Rs./Quintal
Chattisgarh,Cereals,Kodo Millet(Varagu),June-2024,930.70,Metric Tonnes,3181.87,Rs./Quintal
Chattisgarh,Cereals,Maize,June-2024,86411.25,Metric Tonnes,2031.03,Rs./Quintal
Chattisgarh,Cereals,Paddy(Common),June-2024,342354.66,Metric Tonnes,2186.31,Rs./Quintal
Chattisgarh,Cereals,Ragi(Finger Millet),June-2024,36.20,Metric Tonnes,2983.15,Rs./Quintal
Chattisgarh,Cereals,Same/Savi,June-2024,38.60,Metric Tonnes,2855.96,Rs./Quintal
Chattisgarh,Cereals,Wheat,June-2024,13749.01,Metric Tonnes,2145.16,Rs./Quintal
Chattisgarh,Cereals,Barley(Jau),July-2024,41.80,Metric Tonnes,1850.00,Rs./Quintal
Chattisgarh,Cereals,Jowar(Sorghum),July-2024,15.00,Metric Tonnes,2600.00,Rs./Quintal
Chattisgarh,Cereals,Kodo Millet(Varagu),July-2024,612.60,Metric Tonnes,3307.01,Rs./Quintal
Chattisgarh,Cereals,Maize,July-2024,20867.36,Metric Tonnes,2063.55,Rs./Quintal
Chattisgarh,Cereals,Paddy(Common),July-2024,226434.01,Metric Tonnes,2208.08,Rs./Quintal
Chattisgarh,Cereals,Ragi(Finger Millet),July-2024,5.40,Metric Tonnes,3111.11,Rs./Quintal
Chattisgarh,Cereals,Same/Savi,July-2024,64.50,Metric Tonnes,1870.16,Rs./Quintal
Chattisgarh,Cereals,Wheat,July-2024,15002.61,Metric Tonnes,2152.08,Rs./Quintal
Chattisgarh,Cereals,Barley(Jau),August-2024,2.50,Metric Tonnes,1855.00,Rs./Quintal
Chattisgarh,Cereals,Kodo Millet(Varagu),August-2024,586.80,Metric Tonnes,3183.43,Rs./Quintal
Chattisgarh,Cereals,Maize,August-2024,10296.80,Metric Tonnes,2129.99,Rs./Quintal
Chattisgarh,Cereals,Paddy(Common),August-2024,151395.33,Metric Tonnes,2221.47,Rs./Quintal
Chattisgarh,Cereals,Ragi(Finger Millet),August-2024,30.50,Metric Tonnes,2991.80,Rs./Quintal
Chattisgarh,Cereals,Same/Savi,August-2024,106.50,Metric Tonnes,2950.23,Rs./Quintal
Chattisgarh,Cereals,Wheat,August-2024,3734.80,Metric Tonnes,2348.19,Rs./Quintal
Chattisgarh,Cereals,Barley(Jau),September-2024,7.50,Metric Tonnes,1850.00,Rs./Quintal
Chattisgarh,Cereals,Kodo Millet(Varagu),September-2024,802.70,Metric Tonnes,3203.44,Rs./Quintal
Chattisgarh,Cereals,Maize,September-2024,5280.00,Metric Tonnes,2147.77,Rs./Quintal
Chattisgarh,Cereals,Paddy(Common),September-2024,143313.36,Metric Tonnes,2258.04,Rs./Quintal
Chattisgarh,Cereals,Ragi(Finger Millet),September-2024,35.40,Metric Tonnes,2999.72,Rs./Quintal
Chattisgarh,Cereals,Same/Savi,September-2024,118.80,Metric Tonnes,1648.06,Rs./Quintal
Chattisgarh,Cereals,Wheat,September-2024,2176.10,Metric Tonnes,2374.02,Rs./Quintal
Chattisgarh,Cereals,Jowar(Sorghum),October-2024,0.20,Metric Tonnes,4000.00,Rs./Quintal
Chattisgarh,Cereals,Kodo Millet(Varagu),October-2024,533.20,Metric Tonnes,3129.93,Rs./Quintal
Chattisgarh,Cereals,Kutki,October-2024,0.30,Metric Tonnes,5000.00,Rs./Quintal
Chattisgarh,Cereals,Maize,October-2024,8316.90,Metric Tonnes,2199.74,Rs./Quintal
Chattisgarh,Cereals,Paddy(Common),October-2024,139755.20,Metric Tonnes,2286.31,Rs./Quintal
Chattisgarh,Cereals,Ragi(Finger Millet),October-2024,0.20,Metric Tonnes,3500.00,Rs./Quintal
Chattisgarh,Cereals,Same/Savi,October-2024,21.00,Metric Tonnes,1142.86,Rs./Quintal
Chattisgarh,Cereals,Wheat,October-2024,1474.40,Metric Tonnes,2471.91,Rs./Quintal
Chattisgarh,Cereals,Bajra(Pearl Millet/Cumbu),November-2024,2.00,Metric Tonnes,3000.00,Rs./Quintal
Chattisgarh,Cereals,Jowar(Sorghum),November-2024,4.00,Metric Tonnes,3500.00,Rs./Quintal
Chattisgarh,Cereals,Maize,November-2024,67538.48,Metric Tonnes,2184.32,Rs./Quintal
Chattisgarh,Cereals,Paddy(Common),November-2024,701764.88,Metric Tonnes,2297.56,Rs./Quintal
Chattisgarh,Cereals,Same/Savi,November-2024,11.00,Metric Tonnes,1145.45,Rs./Quintal
Chattisgarh,Cereals,Wheat,November-2024,879.60,Metric Tonnes,2579.51,Rs./Quintal
Chattisgarh,Cereals,Bajra(Pearl Millet/Cumbu),December-2024,48.80,Metric Tonnes,2968.00,Rs./Quintal
Chattisgarh,Cereals,Jowar(Sorghum),December-2024,10.00,Metric Tonnes,2706.00,Rs./Quintal
Chattisgarh,Cereals,Maize,December-2024,65254.10,Metric Tonnes,2183.41,Rs./Quintal
Chattisgarh,Cereals,Paddy(Common),December-2024,4865436.55,Metric Tonnes,2290.98,Rs./Quintal
Chattisgarh,Cereals,Ragi(Finger Millet),December-2024,40.00,Metric Tonnes,4075.00,Rs./Quintal
Chattisgarh,Cereals,Same/Savi,December-2024,48.50,Metric Tonnes,1274.23,Rs./Quintal
Chattisgarh,Cereals,Wheat,December-2024,1797.10,Metric Tonnes,2725.05,Rs./Quintal
Chattisgarh,Cereals,Bajra(Pearl Millet/Cumbu),January-2025,4.50,Metric Tonnes,2650.00,Rs./Quintal
Chattisgarh,Cereals,Barley(Jau),January-2025,10.00,Metric Tonnes,2500.00,Rs./Quintal
Chattisgarh,Cereals,Jowar(Sorghum),January-2025,80.00,Metric Tonnes,3297.88,Rs./Quintal
Chattisgarh,Cereals,Maize,January-2025,33727.20,Metric Tonnes,2332.47,Rs./Quintal
Chattisgarh,Cereals,Paddy(Common),January-2025,5143259.17,Metric Tonnes,2280.61,Rs./Quintal
Chattisgarh,Cereals,Ragi(Finger Millet),January-2025,62.30,Metric Tonnes,4272.23,Rs./Quintal
Chattisgarh,Cereals,Same/Savi,January-2025,60.40,Metric Tonnes,1200.00,Rs./Quintal
Chattisgarh,Cereals,Wheat,January-2025,6509.30,Metric Tonnes,2786.25,Rs./Quintal
Chattisgarh,Cereals,Bajra(Pearl Millet/Cumbu),February-2025,40.30,Metric Tonnes,2875.00,Rs./Quintal
Chattisgarh,Cereals,Barley(Jau),February-2025,10.00,Metric Tonnes,2500.00,Rs./Quintal
Chattisgarh,Cereals,Kutki,February-2025,37.60,Metric Tonnes,7811.00,Rs./Quintal
Chattisgarh,Cereals,Maize,February-2025,13454.70,Metric Tonnes,2316.01,Rs./Quintal
Chattisgarh,Cereals,Paddy(Common),February-2025,179639.54,Metric Tonnes,2241.56,Rs./Quintal
Chattisgarh,Cereals,Ragi(Finger Millet),February-2025,35.80,Metric Tonnes,4249.45,Rs./Quintal
Chattisgarh,Cereals,Wheat,February-2025,26986.10,Metric Tonnes,1554.29,Rs./Quintal
Chattisgarh,Cereals,Bajra(Pearl Millet/Cumbu),March-2025,21.30,Metric Tonnes,2808.10,Rs./Quintal
Chattisgarh,Cereals,Barley(Jau),March-2025,70.20,Metric Tonnes,2450.50,Rs./Quintal
Chattisgarh,Cereals,Jowar(Sorghum),March-2025,0.90,Metric Tonnes,3154.44,Rs./Quintal
Chattisgarh,Cereals,Kutki,March-2025,24.90,Metric Tonnes,6355.00,Rs./Quintal
Chattisgarh,Cereals,Maize,March-2025,16333.80,Metric Tonnes,2084.96,Rs./Quintal
Chattisgarh,Cereals,Paddy(Common),March-2025,195302.22,Metric Tonnes,2217.92,Rs./Quintal
Chattisgarh,Cereals,Ragi(Finger Millet),March-2025,6.00,Metric Tonnes,4300.00,Rs./Quintal
Chattisgarh,Cereals,Wheat,March-2025,33263.15,Metric Tonnes,2137.02,Rs./Quintal
Chattisgarh,Cereals,Bajra(Pearl Millet/Cumbu),April-2025,120.20,Metric Tonnes,2670.00,Rs./Quintal
Chattisgarh,Cereals,Jowar(Sorghum),April-2025,45.10,Metric Tonnes,2798.00,Rs./Quintal
Chattisgarh,Cereals,Kutki,April-2025,24.60,Metric Tonnes,7596.00,Rs./Quintal
Chattisgarh,Cereals,Maize,April-2025,27506.10,Metric Tonnes,2130.64,Rs./Quintal
Chattisgarh,Cereals,Paddy(Common),April-2025,84955.70,Metric Tonnes,2161.88,Rs./Quintal
Chattisgarh,Cereals,Ragi(Finger Millet),April-2025,30.00,Metric Tonnes,3281.38,Rs./Quintal
Chattisgarh,Cereals,Wheat,April-2025,14333.15,Metric Tonnes,2528.22,Rs./Quintal
Chattisgarh,Cereals,Bajra(Pearl Millet/Cumbu),May-2025,20.00,Metric Tonnes,3100.00,Rs./Quintal
Chattisgarh,Cereals,Jowar(Sorghum),May-2025,12.00,Metric Tonnes,2800.00,Rs./Quintal
Chattisgarh,Cereals,Maize,May-2025,63477.20,Metric Tonnes,2002.09,Rs./Quintal
Chattisgarh,Cereals,Paddy(Common),May-2025,311255.76,Metric Tonnes,1932.06,Rs./Quintal
Chattisgarh,Cereals,Ragi(Finger Millet),May-2025,0.80,Metric Tonnes,2500.00,Rs./Quintal
Chattisgarh,Cereals,Wheat,May-2025,16122.00,Metric Tonnes,2640.97,Rs./Quintal
Chattisgarh,Cereals,Bajra(Pearl Millet/Cumbu),June-2025,9.00,Metric Tonnes,2575.00,Rs./Quintal
Chattisgarh,Cereals,Jowar(Sorghum),June-2025,23.50,Metric Tonnes,3375.00,Rs./Quintal
Chattisgarh,Cereals,Maize,June-2025,83288.66,Metric Tonnes,1959.92,Rs./Quintal
Chattisgarh,Cereals,Paddy(Common),June-2025,267491.50,Metric Tonnes,1877.65,Rs./Quintal
Chattisgarh,Cereals,Ragi(Finger Millet),June-2025,3.20,Metric Tonnes,3000.00,Rs./Quintal
Chattisgarh,Cereals,Wheat,June-2025,4278.30,Metric Tonnes,2662.35,Rs./Quintal
Chattisgarh,Cereals,Bajra(Pearl Millet/Cumbu),July-2025,52.50,Metric Tonnes,2839.00,Rs./Quintal
Chattisgarh,Cereals,Barley(Jau),July-2025,36.70,Metric Tonnes,2459.13,Rs./Quintal
Chattisgarh,Cereals,Jowar(Sorghum),July-2025,33.00,Metric Tonnes,2892.00,Rs./Quintal
Chattisgarh,Cereals,Maize,July-2025,19392.60,Metric Tonnes,2056.85,Rs./Quintal
Chattisgarh,Cereals,Paddy(Common),July-2025,155490.80,Metric Tonnes,1913.61,Rs./Quintal
Chattisgarh,Cereals,Ragi(Finger Millet),July-2025,3.00,Metric Tonnes,3000.00,Rs./Quintal
Chattisgarh,Cereals,Wheat,July-2025,38241.59,Metric Tonnes,1794.25,Rs./Quintal
Chattisgarh,Cereals,Maize,August-2025,17847.60,Metric Tonnes,1961.34,Rs./Quintal
Chattisgarh,Cereals,Paddy(Common),August-2025,131766.20,Metric Tonnes,1956.26,Rs./Quintal
Chattisgarh,Cereals,Wheat,August-2025,503.80,Metric Tonnes,2711.92,Rs./Quintal
Chattisgarh,Cereals,Bajra(Pearl Millet/Cumbu),September-2025,22.20,Metric Tonnes,2844.00,Rs./Quintal
Chattisgarh,Cereals,Maize,September-2025,26780.30,Metric Tonnes,2006.43,Rs./Quintal
Chattisgarh,Cereals,Paddy(Common),September-2025,141264.15,Metric Tonnes,1975.30,Rs./Quintal
Chattisgarh,Cereals,Ragi(Finger Millet),September-2025,37.92,Metric Tonnes,3791.14,Rs./Quintal
Chattisgarh,Cereals,Same/Savi,September-2025,3.00,Metric Tonnes,1200.00,Rs./Quintal
Chattisgarh,Cereals,Wheat,September-2025,5798.90,Metric Tonnes,2739.24,Rs./Quintal
Chattisgarh,Cereals,Jowar(Sorghum),October-2025,7.00,Metric Tonnes,2395.00,Rs./Quintal
Chattisgarh,Cereals,Maize,October-2025,15740.40,Metric Tonnes,2086.98,Rs./Quintal
Chattisgarh,Cereals,Paddy(Common),October-2025,88308.85,Metric Tonnes,1970.79,Rs./Quintal
Chattisgarh,Cereals,Ragi(Finger Millet),October-2025,12.30,Metric Tonnes,3813.01,Rs./Quintal
Chattisgarh,Cereals,Wheat,October-2025,27657.90,Metric Tonnes,2218.74,Rs./Quintal
Chattisgarh,Cereals,Bajra(Pearl Millet/Cumbu),November-2025,45.30,Metric Tonnes,2651.00,Rs./Quintal
Chattisgarh,Cereals,Barley(Jau),November-2025,40.00,Metric Tonnes,2150.00,Rs./Quintal
Chattisgarh,Cereals,Maize,November-2025,28259.50,Metric Tonnes,1807.31,Rs./Quintal
Chattisgarh,Cereals,Paddy(Common),November-2025,996594.32,Metric Tonnes,2355.45,Rs./Quintal
Chattisgarh,Cereals,Ragi(Finger Millet),November-2025,1.30,Metric Tonnes,2739.08,Rs./Quintal
Chattisgarh,Cereals,Same/Savi,November-2025,136.00,Metric Tonnes,1272.79,Rs./Quintal
Chattisgarh,Cereals,Wheat,November-2025,5073.90,Metric Tonnes,2724.09,Rs./Quintal
Chattisgarh,Cereals,Bajra(Pearl Millet/Cumbu),December-2025,70.70,Metric Tonnes,2681.00,Rs./Quintal
Chattisgarh,Cereals,Barley(Jau),December-2025,25.00,Metric Tonnes,2150.00,Rs./Quintal
Chattisgarh,Cereals,Jowar(Sorghum),December-2025,5.10,Metric Tonnes,2600.00,Rs./Quintal
Chattisgarh,Cereals,Kutki,December-2025,29.30,Metric Tonnes,6091.00,Rs./Quintal
Chattisgarh,Cereals,Maize,December-2025,74652.40,Metric Tonnes,1842.74,Rs./Quintal
Chattisgarh,Cereals,Paddy(Basmati),December-2025,0.90,Metric Tonnes,19333.00,Rs./Quintal
Chattisgarh,Cereals,Paddy(Common),December-2025,5406906.22,Metric Tonnes,2367.80,Rs./Quintal
Chattisgarh,Cereals,Ragi(Finger Millet),December-2025,2.90,Metric Tonnes,2154.00,Rs./Quintal
Chattisgarh,Cereals,Same/Savi,December-2025,87.00,Metric Tonnes,1232.18,Rs./Quintal
Chattisgarh,Cereals,Wheat,December-2025,3653.26,Metric Tonnes,2691.01,Rs./Quintal
Gujarat,Cereals,Bajra(Pearl Millet/Cumbu),January-2023,5578.53,Metric Tonnes,2632.01,Rs./Quintal
Gujarat,Cereals,Barley(Jau),January-2023,2.80,Metric Tonnes,2838.66,Rs./Quintal
Gujarat,Cereals,Jowar(Sorghum),January-2023,858.97,Metric Tonnes,3989.01,Rs./Quintal
Gujarat,Cereals,Maize,January-2023,3432.25,Metric Tonnes,2365.95,Rs./Quintal
Gujarat,Cereals,Paddy(Common),January-2023,7103.31,Metric Tonnes,1749.93,Rs./Quintal
Gujarat,Cereals,Rice,January-2023,391.80,Metric Tonnes,4193.13,Rs./Quintal
Gujarat,Cereals,Wheat,January-2023,10183.54,Metric Tonnes,2813.74,Rs./Quintal
Gujarat,Cereals,Bajra(Pearl Millet/Cumbu),February-2023,3111.91,Metric Tonnes,2557.01,Rs./Quintal
Gujarat,Cereals,Barley(Jau),February-2023,4.62,Metric Tonnes,2577.81,Rs./Quintal
Gujarat,Cereals,Jowar(Sorghum),February-2023,1101.39,Metric Tonnes,4827.38,Rs./Quintal
Gujarat,Cereals,Maize,February-2023,2302.93,Metric Tonnes,2343.85,Rs./Quintal
Gujarat,Cereals,Paddy(Common),February-2023,3102.07,Metric Tonnes,1861.41,Rs./Quintal
Gujarat,Cereals,Rice,February-2023,414.90,Metric Tonnes,4254.59,Rs./Quintal
Gujarat,Cereals,Wheat,February-2023,33775.65,Metric Tonnes,2388.95,Rs./Quintal
Gujarat,Cereals,Bajra(Pearl Millet/Cumbu),March-2023,1634.74,Metric Tonnes,2500.87,Rs./Quintal
Gujarat,Cereals,Barley(Jau),March-2023,85.66,Metric Tonnes,2358.95,Rs./Quintal
Gujarat,Cereals,Jowar(Sorghum),March-2023,825.47,Metric Tonnes,4579.84,Rs./Quintal
Gujarat,Cereals,Maize,March-2023,3451.32,Metric Tonnes,2361.96,Rs./Quintal
Gujarat,Cereals,Paddy(Common),March-2023,3605.86,Metric Tonnes,1804.28,Rs./Quintal
Gujarat,Cereals,Rice,March-2023,534.30,Metric Tonnes,4270.93,Rs./Quintal
Gujarat,Cereals,Wheat,March-2023,78201.56,Metric Tonnes,2445.40,Rs./Quintal
Gujarat,Cereals,Bajra(Pearl Millet/Cumbu),April-2023,1914.56,Metric Tonnes,2525.42,Rs./Quintal
Gujarat,Cereals,Barley(Jau),April-2023,55.54,Metric Tonnes,2213.07,Rs./Quintal
Gujarat,Cereals,Jowar(Sorghum),April-2023,1709.45,Metric Tonnes,3666.19,Rs./Quintal
Gujarat,Cereals,Maize,April-2023,6341.15,Metric Tonnes,2223.06,Rs./Quintal
Gujarat,Cereals,Paddy(Common),April-2023,2088.46,Metric Tonnes,1867.95,Rs./Quintal
Gujarat,Cereals,Rice,April-2023,384.00,Metric Tonnes,4353.12,Rs./Quintal
Gujarat,Cereals,Wheat,April-2023,116265.70,Metric Tonnes,2244.67,Rs./Quintal
Gujarat,Cereals,Bajra(Pearl Millet/Cumbu),May-2023,27109.03,Metric Tonnes,2260.78,Rs./Quintal
Gujarat,Cereals,Barley(Jau),May-2023,22.24,Metric Tonnes,2098.51,Rs./Quintal
Gujarat,Cereals,Jowar(Sorghum),May-2023,4995.14,Metric Tonnes,3517.80,Rs./Quintal
Gujarat,Cereals,Maize,May-2023,5261.99,Metric Tonnes,2102.71,Rs./Quintal
Gujarat,Cereals,Paddy(Common),May-2023,3690.91,Metric Tonnes,1916.10,Rs./Quintal
Gujarat,Cereals,Rice,May-2023,477.90,Metric Tonnes,4259.33,Rs./Quintal
Gujarat,Cereals,Wheat,May-2023,60865.90,Metric Tonnes,2379.38,Rs./Quintal
Gujarat,Cereals,Bajra(Pearl Millet/Cumbu),June-2023,59874.96,Metric Tonnes,2065.79,Rs./Quintal
Gujarat,Cereals,Barley(Jau),June-2023,29.10,Metric Tonnes,2057.56,Rs./Quintal
Gujarat,Cereals,Jowar(Sorghum),June-2023,8709.23,Metric Tonnes,4784.78,Rs./Quintal
Gujarat,Cereals,Maize,June-2023,3211.15,Metric Tonnes,2067.73,Rs./Quintal
Gujarat,Cereals,Paddy(Common),June-2023,2501.38,Metric Tonnes,2017.66,Rs./Quintal
Gujarat,Cereals,Rice,June-2023,309.50,Metric Tonnes,4218.42,Rs./Quintal
Gujarat,Cereals,Wheat,June-2023,38864.42,Metric Tonnes,2339.36,Rs./Quintal
Gujarat,Cereals,Bajra(Pearl Millet/Cumbu),July-2023,25162.82,Metric Tonnes,2151.48,Rs./Quintal
Gujarat,Cereals,Barley(Jau),July-2023,9.92,Metric Tonnes,2081.46,Rs./Quintal
Gujarat,Cereals,Jowar(Sorghum),July-2023,2446.92,Metric Tonnes,4825.75,Rs./Quintal
Gujarat,Cereals,Maize,July-2023,2968.76,Metric Tonnes,2242.42,Rs./Quintal
Gujarat,Cereals,Paddy(Common),July-2023,2586.22,Metric Tonnes,1997.71,Rs./Quintal
Gujarat,Cereals,Rice,July-2023,279.20,Metric Tonnes,5145.88,Rs./Quintal
Gujarat,Cereals,Wheat,July-2023,32479.32,Metric Tonnes,2333.75,Rs./Quintal
Gujarat,Cereals,Bajra(Pearl Millet/Cumbu),August-2023,13561.24,Metric Tonnes,2146.80,Rs./Quintal
Gujarat,Cereals,Barley(Jau),August-2023,18.81,Metric Tonnes,1980.46,Rs./Quintal
Gujarat,Cereals,Jowar(Sorghum),August-2023,726.06,Metric Tonnes,4605.61,Rs./Quintal
Gujarat,Cereals,Maize,August-2023,4166.84,Metric Tonnes,2194.32,Rs./Quintal
Gujarat,Cereals,Paddy(Common),August-2023,2273.55,Metric Tonnes,2085.40,Rs./Quintal
Gujarat,Cereals,Rice,August-2023,369.30,Metric Tonnes,4889.39,Rs./Quintal
Gujarat,Cereals,Wheat,August-2023,36336.36,Metric Tonnes,2490.51,Rs./Quintal
Gujarat,Cereals,Bajra(Pearl Millet/Cumbu),September-2023,7168.04,Metric Tonnes,2075.21,Rs./Quintal
Gujarat,Cereals,Barley(Jau),September-2023,3.76,Metric Tonnes,2089.02,Rs./Quintal
Gujarat,Cereals,Jowar(Sorghum),September-2023,308.44,Metric Tonnes,4069.52,Rs./Quintal
Gujarat,Cereals,Maize,September-2023,1911.42,Metric Tonnes,2398.37,Rs./Quintal
Gujarat,Cereals,Paddy(Common),September-2023,1070.18,Metric Tonnes,2081.56,Rs./Quintal
Gujarat,Cereals,Rice,September-2023,204.10,Metric Tonnes,4819.65,Rs./Quintal
Gujarat,Cereals,Wheat,September-2023,24147.99,Metric Tonnes,2538.80,Rs./Quintal
Gujarat,Cereals,Bajra(Pearl Millet/Cumbu),October-2023,8541.27,Metric Tonnes,2133.91,Rs./Quintal
Gujarat,Cereals,Barley(Jau),October-2023,9.41,Metric Tonnes,2788.37,Rs./Quintal
Gujarat,Cereals,Jowar(Sorghum),October-2023,367.33,Metric Tonnes,4391.01,Rs./Quintal
Gujarat,Cereals,Maize,October-2023,5321.27,Metric Tonnes,2224.78,Rs./Quintal
Gujarat,Cereals,Paddy(Common),October-2023,35163.03,Metric Tonnes,1952.62,Rs./Quintal
Gujarat,Cereals,Rice,October-2023,185.60,Metric Tonnes,4830.17,Rs./Quintal
Gujarat,Cereals,Wheat,October-2023,30521.04,Metric Tonnes,2627.04,Rs./Quintal
Gujarat,Cereals,Bajra(Pearl Millet/Cumbu),November-2023,6918.44,Metric Tonnes,2351.95,Rs./Quintal
Gujarat,Cereals,Barley(Jau),November-2023,8.95,Metric Tonnes,2181.53,Rs./Quintal
Gujarat,Cereals,Jowar(Sorghum),November-2023,951.74,Metric Tonnes,4695.33,Rs./Quintal
Gujarat,Cereals,Maize,November-2023,7564.12,Metric Tonnes,2267.66,Rs./Quintal
Gujarat,Cereals,Paddy(Common),November-2023,70503.74,Metric Tonnes,2086.92,Rs./Quintal
Gujarat,Cereals,Rice,November-2023,399.10,Metric Tonnes,5031.09,Rs./Quintal
Gujarat,Cereals,Wheat,November-2023,30099.83,Metric Tonnes,2758.50,Rs./Quintal
Gujarat,Cereals,Bajra(Pearl Millet/Cumbu),December-2023,9255.22,Metric Tonnes,2409.93,Rs./Quintal
Gujarat,Cereals,Barley(Jau),December-2023,20.19,Metric Tonnes,2179.47,Rs./Quintal
Gujarat,Cereals,Jowar(Sorghum),December-2023,1347.31,Metric Tonnes,4676.12,Rs./Quintal
Gujarat,Cereals,Maize,December-2023,4778.40,Metric Tonnes,2352.96,Rs./Quintal
Gujarat,Cereals,Paddy(Common),December-2023,63689.42,Metric Tonnes,2576.20,Rs./Quintal
Gujarat,Cereals,Rice,December-2023,524.70,Metric Tonnes,5345.56,Rs./Quintal
Gujarat,Cereals,Wheat,December-2023,29666.52,Metric Tonnes,2721.59,Rs./Quintal
Gujarat,Cereals,Bajra(Pearl Millet/Cumbu),January-2024,8476.18,Metric Tonnes,2383.10,Rs./Quintal
Gujarat,Cereals,Barley(Jau),January-2024,1.06,Metric Tonnes,2099.06,Rs./Quintal
Gujarat,Cereals,Jowar(Sorghum),January-2024,1805.90,Metric Tonnes,4145.99,Rs./Quintal
Gujarat,Cereals,Maize,January-2024,3346.58,Metric Tonnes,2374.90,Rs./Quintal
Gujarat,Cereals,Paddy(Common),January-2024,7394.23,Metric Tonnes,2738.99,Rs./Quintal
Gujarat,Cereals,Rice,January-2024,245.30,Metric Tonnes,5352.51,Rs./Quintal
Gujarat,Cereals,Wheat,January-2024,21097.77,Metric Tonnes,2774.39,Rs./Quintal
Gujarat,Cereals,Bajra(Pearl Millet/Cumbu),February-2024,6051.91,Metric Tonnes,2324.23,Rs./Quintal
Gujarat,Cereals,Barley(Jau),February-2024,21.40,Metric Tonnes,2099.21,Rs./Quintal
Gujarat,Cereals,Jowar(Sorghum),February-2024,2249.93,Metric Tonnes,3772.14,Rs./Quintal
Gujarat,Cereals,Maize,February-2024,2963.92,Metric Tonnes,2363.34,Rs./Quintal
Gujarat,Cereals,Paddy(Common),February-2024,2204.26,Metric Tonnes,2464.98,Rs./Quintal
Gujarat,Cereals,Rice,February-2024,362.10,Metric Tonnes,5502.43,Rs./Quintal
Gujarat,Cereals,Wheat,February-2024,74976.71,Metric Tonnes,2529.56,Rs./Quintal
Gujarat,Cereals,Bajra(Pearl Millet/Cumbu),March-2024,4194.52,Metric Tonnes,2348.60,Rs./Quintal
Gujarat,Cereals,Barley(Jau),March-2024,57.35,Metric Tonnes,2070.41,Rs./Quintal
Gujarat,Cereals,Jowar(Sorghum),March-2024,1492.57,Metric Tonnes,3755.75,Rs./Quintal
Gujarat,Cereals,Maize,March-2024,3772.60,Metric Tonnes,2381.63,Rs./Quintal
Gujarat,Cereals,Paddy(Common),March-2024,1534.06,Metric Tonnes,2291.94,Rs./Quintal
Gujarat,Cereals,Rice,March-2024,456.20,Metric Tonnes,5511.95,Rs./Quintal
Gujarat,Cereals,Wheat,March-2024,140097.75,Metric Tonnes,2589.76,Rs./Quintal
Gujarat,Cereals,Bajra(Pearl Millet/Cumbu),April-2024,4943.72,Metric Tonnes,2329.62,Rs./Quintal
Gujarat,Cereals,Barley(Jau),April-2024,32.24,Metric Tonnes,2199.43,Rs./Quintal
Gujarat,Cereals,Jowar(Sorghum),April-2024,1220.60,Metric Tonnes,3317.22,Rs./Quintal
Gujarat,Cereals,Maize,April-2024,8955.27,Metric Tonnes,2239.82,Rs./Quintal
Gujarat,Cereals,Paddy(Common),April-2024,3599.67,Metric Tonnes,2262.18,Rs./Quintal
Gujarat,Cereals,Rice,April-2024,758.30,Metric Tonnes,5487.97,Rs./Quintal
Gujarat,Cereals,Wheat,April-2024,133426.62,Metric Tonnes,2638.74,Rs./Quintal
Gujarat,Cereals,Bajra(Pearl Millet/Cumbu),May-2024,22340.47,Metric Tonnes,2286.08,Rs./Quintal
Gujarat,Cereals,Barley(Jau),May-2024,21.86,Metric Tonnes,2215.70,Rs./Quintal
Gujarat,Cereals,Jowar(Sorghum),May-2024,4742.37,Metric Tonnes,3608.38,Rs./Quintal
Gujarat,Cereals,Maize,May-2024,11210.13,Metric Tonnes,2237.61,Rs./Quintal
Gujarat,Cereals,Paddy(Common),May-2024,29711.51,Metric Tonnes,2312.86,Rs./Quintal
Gujarat,Cereals,Rice,May-2024,377.20,Metric Tonnes,5500.00,Rs./Quintal
Gujarat,Cereals,Wheat,May-2024,77616.08,Metric Tonnes,2597.95,Rs./Quintal
Gujarat,Cereals,Bajra(Pearl Millet/Cumbu),June-2024,51199.47,Metric Tonnes,2226.84,Rs./Quintal
Gujarat,Cereals,Barley(Jau),June-2024,3.75,Metric Tonnes,2188.15,Rs./Quintal
Gujarat,Cereals,Jowar(Sorghum),June-2024,7147.95,Metric Tonnes,4005.93,Rs./Quintal
Gujarat,Cereals,Maize,June-2024,3867.71,Metric Tonnes,2407.62,Rs./Quintal
Gujarat,Cereals,Paddy(Common),June-2024,2055.85,Metric Tonnes,2273.95,Rs./Quintal
Gujarat,Cereals,Rice,June-2024,152.20,Metric Tonnes,5500.00,Rs./Quintal
Gujarat,Cereals,Wheat,June-2024,39033.73,Metric Tonnes,2614.53,Rs./Quintal
Gujarat,Cereals,Bajra(Pearl Millet/Cumbu),July-2024,18019.68,Metric Tonnes,2322.79,Rs./Quintal
Gujarat,Cereals,Barley(Jau),July-2024,5.71,Metric Tonnes,2140.99,Rs./Quintal
Gujarat,Cereals,Jowar(Sorghum),July-2024,3305.03,Metric Tonnes,4107.86,Rs./Quintal
Gujarat,Cereals,Maize,July-2024,4084.08,Metric Tonnes,2466.77,Rs./Quintal
Gujarat,Cereals,Paddy(Common),July-2024,2067.86,Metric Tonnes,2179.44,Rs./Quintal
Gujarat,Cereals,Rice,July-2024,280.70,Metric Tonnes,5588.81,Rs./Quintal
Gujarat,Cereals,Wheat,July-2024,23272.91,Metric Tonnes,2650.93,Rs./Quintal
Gujarat,Cereals,Bajra(Pearl Millet/Cumbu),August-2024,7465.31,Metric Tonnes,2388.01,Rs./Quintal
Gujarat,Cereals,Barley(Jau),August-2024,1.12,Metric Tonnes,2125.63,Rs./Quintal
Gujarat,Cereals,Jowar(Sorghum),August-2024,1310.91,Metric Tonnes,3756.45,Rs./Quintal
Gujarat,Cereals,Maize,August-2024,3299.94,Metric Tonnes,2502.64,Rs./Quintal
Gujarat,Cereals,Paddy(Common),August-2024,1349.96,Metric Tonnes,2054.75,Rs./Quintal
Gujarat,Cereals,Rice,August-2024,734.90,Metric Tonnes,4951.56,Rs./Quintal
Gujarat,Cereals,Wheat,August-2024,20012.58,Metric Tonnes,2712.72,Rs./Quintal
Gujarat,Cereals,Bajra(Pearl Millet/Cumbu),September-2024,9298.98,Metric Tonnes,2433.71,Rs./Quintal
Gujarat,Cereals,Barley(Jau),September-2024,3.40,Metric Tonnes,2407.87,Rs./Quintal
Gujarat,Cereals,Jowar(Sorghum),September-2024,1211.26,Metric Tonnes,3392.57,Rs./Quintal
Gujarat,Cereals,Maize,September-2024,3150.42,Metric Tonnes,2579.69,Rs./Quintal
Gujarat,Cereals,Paddy(Basmati),September-2024,517.15,Metric Tonnes,1778.46,Rs./Quintal
Gujarat,Cereals,Paddy(Common),September-2024,1391.98,Metric Tonnes,2079.69,Rs./Quintal
Gujarat,Cereals,Rice,September-2024,1804.13,Metric Tonnes,4838.22,Rs./Quintal
Gujarat,Cereals,Wheat,September-2024,25854.68,Metric Tonnes,2780.83,Rs./Quintal
Gujarat,Cereals,Bajra(Pearl Millet/Cumbu),October-2024,8018.98,Metric Tonnes,2457.95,Rs./Quintal
Gujarat,Cereals,Barley(Jau),October-2024,3.54,Metric Tonnes,2547.46,Rs./Quintal
Gujarat,Cereals,Jowar(Sorghum),October-2024,666.34,Metric Tonnes,3240.91,Rs./Quintal
Gujarat,Cereals,Maize,October-2024,7098.87,Metric Tonnes,2477.70,Rs./Quintal
Gujarat,Cereals,Paddy(Basmati),October-2024,18107.20,Metric Tonnes,1857.81,Rs./Quintal
Gujarat,Cereals,Paddy(Common),October-2024,17847.73,Metric Tonnes,2287.65,Rs./Quintal
Gujarat,Cereals,Rice,October-2024,1001.17,Metric Tonnes,5264.23,Rs./Quintal
Gujarat,Cereals,Wheat,October-2024,24382.91,Metric Tonnes,2873.05,Rs./Quintal
Gujarat,Cereals,Bajra(Pearl Millet/Cumbu),November-2024,7588.94,Metric Tonnes,2623.31,Rs./Quintal
Gujarat,Cereals,Barley(Jau),November-2024,1.94,Metric Tonnes,2858.39,Rs./Quintal
Gujarat,Cereals,Jowar(Sorghum),November-2024,683.00,Metric Tonnes,3405.31,Rs./Quintal
Gujarat,Cereals,Maize,November-2024,8943.74,Metric Tonnes,2398.43,Rs./Quintal
Gujarat,Cereals,Paddy(Basmati),November-2024,3065.00,Metric Tonnes,1927.28,Rs./Quintal
Gujarat,Cereals,Paddy(Common),November-2024,122676.15,Metric Tonnes,2449.00,Rs./Quintal
Gujarat,Cereals,Rice,November-2024,230.40,Metric Tonnes,5187.54,Rs./Quintal
Gujarat,Cereals,Wheat,November-2024,30056.71,Metric Tonnes,2990.23,Rs./Quintal
Gujarat,Cereals,Bajra(Pearl Millet/Cumbu),December-2024,7959.55,Metric Tonnes,2774.38,Rs./Quintal
Gujarat,Cereals,Barley(Jau),December-2024,2.10,Metric Tonnes,2506.33,Rs./Quintal
Gujarat,Cereals,Jowar(Sorghum),December-2024,1046.70,Metric Tonnes,3637.23,Rs./Quintal
Gujarat,Cereals,Maize,December-2024,6517.94,Metric Tonnes,2556.07,Rs./Quintal
Gujarat,Cereals,Paddy(Basmati),December-2024,2327.00,Metric Tonnes,2103.57,Rs./Quintal
Gujarat,Cereals,Paddy(Common),December-2024,45506.73,Metric Tonnes,2488.77,Rs./Quintal
Gujarat,Cereals,Rice,December-2024,303.50,Metric Tonnes,5319.75,Rs./Quintal
Gujarat,Cereals,Wheat,December-2024,27763.87,Metric Tonnes,2980.48,Rs./Quintal
Gujarat,Cereals,Bajra(Pearl Millet/Cumbu),January-2025,5963.55,Metric Tonnes,2856.39,Rs./Quintal
Gujarat,Cereals,Barley(Jau),January-2025,0.98,Metric Tonnes,2691.33,Rs./Quintal
Gujarat,Cereals,Jowar(Sorghum),January-2025,1218.22,Metric Tonnes,3854.25,Rs./Quintal
Gujarat,Cereals,Maize,January-2025,4470.69,Metric Tonnes,2664.78,Rs./Quintal
Gujarat,Cereals,Paddy(Common),January-2025,15255.05,Metric Tonnes,2523.41,Rs./Quintal
Gujarat,Cereals,Rice,January-2025,224.20,Metric Tonnes,5506.24,Rs./Quintal
Gujarat,Cereals,Wheat,January-2025,17746.55,Metric Tonnes,3053.45,Rs./Quintal
Gujarat,Cereals,Bajra(Pearl Millet/Cumbu),February-2025,2760.94,Metric Tonnes,2810.24,Rs./Quintal
Gujarat,Cereals,Barley(Jau),February-2025,8.10,Metric Tonnes,2602.22,Rs./Quintal
Gujarat,Cereals,Jowar(Sorghum),February-2025,2089.70,Metric Tonnes,4118.03,Rs./Quintal
Gujarat,Cereals,Kodo Millet(Varagu),February-2025,63.00,Metric Tonnes,5250.00,Rs./Quintal
Gujarat,Cereals,Maize,February-2025,2965.46,Metric Tonnes,2632.27,Rs./Quintal
Gujarat,Cereals,Paddy(Common),February-2025,8237.76,Metric Tonnes,2473.52,Rs./Quintal
Gujarat,Cereals,Rice,February-2025,437.10,Metric Tonnes,5498.97,Rs./Quintal
Gujarat,Cereals,Wheat,February-2025,34382.32,Metric Tonnes,2886.42,Rs./Quintal
Gujarat,Cereals,Bajra(Pearl Millet/Cumbu),March-2025,1949.07,Metric Tonnes,2795.39,Rs./Quintal
Gujarat,Cereals,Barley(Jau),March-2025,25.95,Metric Tonnes,2293.13,Rs./Quintal
Gujarat,Cereals,Jowar(Sorghum),March-2025,2271.56,Metric Tonnes,3997.28,Rs./Quintal
Gujarat,Cereals,Maize,March-2025,3798.46,Metric Tonnes,2562.60,Rs./Quintal
Gujarat,Cereals,Paddy(Common),March-2025,5579.02,Metric Tonnes,2576.69,Rs./Quintal
Gujarat,Cereals,Rice,March-2025,582.80,Metric Tonnes,5515.49,Rs./Quintal
Gujarat,Cereals,Wheat,March-2025,195037.84,Metric Tonnes,2615.22,Rs./Quintal
Gujarat,Cereals,Bajra(Pearl Millet/Cumbu),April-2025,2924.19,Metric Tonnes,2589.21,Rs./Quintal
Gujarat,Cereals,Barley(Jau),April-2025,37.20,Metric Tonnes,2329.10,Rs./Quintal
Gujarat,Cereals,Jowar(Sorghum),April-2025,1848.86,Metric Tonnes,3534.04,Rs./Quintal
Gujarat,Cereals,Maize,April-2025,24632.94,Metric Tonnes,2273.84,Rs./Quintal
Gujarat,Cereals,Paddy(Common),April-2025,4456.09,Metric Tonnes,2315.63,Rs./Quintal
Gujarat,Cereals,Rice,April-2025,1033.50,Metric Tonnes,5539.72,Rs./Quintal
Gujarat,Cereals,Wheat,April-2025,202987.24,Metric Tonnes,2614.86,Rs./Quintal
Gujarat,Cereals,Bajra(Pearl Millet/Cumbu),May-2025,13212.12,Metric Tonnes,2472.00,Rs./Quintal
Gujarat,Cereals,Barley(Jau),May-2025,18.59,Metric Tonnes,2237.49,Rs./Quintal
Gujarat,Cereals,Foxtail Millet(Navane),May-2025,190.00,Metric Tonnes,2095.79,Rs./Quintal
Gujarat,Cereals,Jowar(Sorghum),May-2025,6243.02,Metric Tonnes,3630.64,Rs./Quintal
Gujarat,Cereals,Maize,May-2025,18005.43,Metric Tonnes,2215.52,Rs./Quintal
Gujarat,Cereals,Paddy(Common),May-2025,24913.43,Metric Tonnes,2265.95,Rs./Quintal
Gujarat,Cereals,Rice,May-2025,757.90,Metric Tonnes,5499.95,Rs./Quintal
Gujarat,Cereals,Wheat,May-2025,73797.82,Metric Tonnes,2549.47,Rs./Quintal
Gujarat,Cereals,Bajra(Pearl Millet/Cumbu),June-2025,50694.59,Metric Tonnes,2356.06,Rs./Quintal
Gujarat,Cereals,Barley(Jau),June-2025,6.25,Metric Tonnes,2262.20,Rs./Quintal
Gujarat,Cereals,Foxtail Millet(Navane),June-2025,277.00,Metric Tonnes,2417.31,Rs./Quintal
Gujarat,Cereals,Jowar(Sorghum),June-2025,9433.60,Metric Tonnes,3706.21,Rs./Quintal
Gujarat,Cereals,Maize,June-2025,8217.51,Metric Tonnes,2266.13,Rs./Quintal
Gujarat,Cereals,Paddy(Common),June-2025,12017.02,Metric Tonnes,2174.75,Rs./Quintal
Gujarat,Cereals,Rice,June-2025,677.20,Metric Tonnes,5497.62,Rs./Quintal
Gujarat,Cereals,Wheat,June-2025,44306.89,Metric Tonnes,2499.93,Rs./Quintal
Gujarat,Cereals,Bajra(Pearl Millet/Cumbu),July-2025,29932.15,Metric Tonnes,2233.83,Rs./Quintal
Gujarat,Cereals,Barley(Jau),July-2025,5.03,Metric Tonnes,2737.69,Rs./Quintal
Gujarat,Cereals,Foxtail Millet(Navane),July-2025,297.00,Metric Tonnes,2493.15,Rs./Quintal
Gujarat,Cereals,Jowar(Sorghum),July-2025,3052.81,Metric Tonnes,3875.45,Rs./Quintal
Gujarat,Cereals,Maize,July-2025,3967.66,Metric Tonnes,2289.32,Rs./Quintal
Gujarat,Cereals,Paddy(Common),July-2025,2383.79,Metric Tonnes,2022.73,Rs./Quintal
Gujarat,Cereals,Rice,July-2025,348.50,Metric Tonnes,5496.50,Rs./Quintal
Gujarat,Cereals,Wheat,July-2025,33189.93,Metric Tonnes,2556.71,Rs./Quintal
Gujarat,Cereals,Bajra(Pearl Millet/Cumbu),August-2025,14057.63,Metric Tonnes,2354.36,Rs./Quintal
Gujarat,Cereals,Barley(Jau),August-2025,2.66,Metric Tonnes,2447.03,Rs./Quintal
Gujarat,Cereals,Foxtail Millet(Navane),August-2025,237.00,Metric Tonnes,2373.00,Rs./Quintal
Gujarat,Cereals,Jowar(Sorghum),August-2025,1127.26,Metric Tonnes,3812.93,Rs./Quintal
Gujarat,Cereals,Maize,August-2025,3976.05,Metric Tonnes,2354.31,Rs./Quintal
Gujarat,Cereals,Paddy(Common),August-2025,1397.92,Metric Tonnes,1995.04,Rs./Quintal
Gujarat,Cereals,Rice,August-2025,307.00,Metric Tonnes,5512.74,Rs./Quintal
Gujarat,Cereals,Wheat,August-2025,22127.49,Metric Tonnes,2657.42,Rs./Quintal
Gujarat,Cereals,Bajra(Pearl Millet/Cumbu),September-2025,11961.19,Metric Tonnes,2401.77,Rs./Quintal
Gujarat,Cereals,Barley(Jau),September-2025,3.11,Metric Tonnes,2368.93,Rs./Quintal
Gujarat,Cereals,Foxtail Millet(Navane),September-2025,193.00,Metric Tonnes,2247.59,Rs./Quintal
Gujarat,Cereals,Jowar(Sorghum),September-2025,892.08,Metric Tonnes,3136.29,Rs./Quintal
Gujarat,Cereals,Maize,September-2025,3781.27,Metric Tonnes,2248.73,Rs./Quintal
Gujarat,Cereals,Paddy(Common),September-2025,1223.42,Metric Tonnes,2043.02,Rs./Quintal
Gujarat,Cereals,Rice,September-2025,287.40,Metric Tonnes,5500.00,Rs./Quintal
Gujarat,Cereals,Wheat,September-2025,27458.53,Metric Tonnes,2665.04,Rs./Quintal
Gujarat,Cereals,Bajra(Pearl Millet/Cumbu),October-2025,6472.35,Metric Tonnes,2366.48,Rs./Quintal
Gujarat,Cereals,Barley(Jau),October-2025,1.62,Metric Tonnes,2600.19,Rs./Quintal
Gujarat,Cereals,Foxtail Millet(Navane),October-2025,69.00,Metric Tonnes,1961.01,Rs./Quintal
Gujarat,Cereals,Jowar(Sorghum),October-2025,468.54,Metric Tonnes,3204.36,Rs./Quintal
Gujarat,Cereals,Maize,October-2025,5242.14,Metric Tonnes,2082.97,Rs./Quintal
Gujarat,Cereals,Paddy(Common),October-2025,5956.42,Metric Tonnes,1983.28,Rs./Quintal
Gujarat,Cereals,Rice,October-2025,293.30,Metric Tonnes,5463.55,Rs./Quintal
Gujarat,Cereals,Wheat,October-2025,19345.52,Metric Tonnes,2636.23,Rs./Quintal
Gujarat,Cereals,Bajra(Pearl Millet/Cumbu),November-2025,6497.28,Metric Tonnes,2560.43,Rs./Quintal
Gujarat,Cereals,Barley(Jau),November-2025,7.70,Metric Tonnes,2604.47,Rs./Quintal
Gujarat,Cereals,Foxtail Millet(Navane),November-2025,79.60,Metric Tonnes,2308.85,Rs./Quintal
Gujarat,Cereals,Jowar(Sorghum),November-2025,1083.76,Metric Tonnes,4077.59,Rs./Quintal
Gujarat,Cereals,Maize,November-2025,10733.70,Metric Tonnes,1952.78,Rs./Quintal
Gujarat,Cereals,Paddy(Basmati),November-2025,841.00,Metric Tonnes,1848.93,Rs./Quintal
Gujarat,Cereals,Paddy(Common),November-2025,92876.51,Metric Tonnes,2234.22,Rs./Quintal
Gujarat,Cereals,Rice,November-2025,343.20,Metric Tonnes,5463.08,Rs./Quintal
Gujarat,Cereals,Wheat,November-2025,28340.41,Metric Tonnes,2643.01,Rs./Quintal
Gujarat,Cereals,Bajra(Pearl Millet/Cumbu),December-2025,7720.25,Metric Tonnes,2549.66,Rs./Quintal
Gujarat,Cereals,Barley(Jau),December-2025,6.30,Metric Tonnes,2381.91,Rs./Quintal
Gujarat,Cereals,Foxtail Millet(Navane),December-2025,9.10,Metric Tonnes,2716.70,Rs./Quintal
Gujarat,Cereals,Jowar(Sorghum),December-2025,1162.49,Metric Tonnes,3837.11,Rs./Quintal
Gujarat,Cereals,Maize,December-2025,7637.79,Metric Tonnes,2041.07,Rs./Quintal
Gujarat,Cereals,Paddy(Common),December-2025,73470.92,Metric Tonnes,2346.32,Rs./Quintal
Gujarat,Cereals,Rice,December-2025,288.20,Metric Tonnes,5487.16,Rs./Quintal
Gujarat,Cereals,Wheat,December-2025,27167.84,Metric Tonnes,2608.21,Rs./Quintal
Haryana,Cereals,Bajra(Pearl Millet/Cumbu),January-2023,528.20,Metric Tonnes,2153.57,Rs./Quintal
Haryana,Cereals,Maize,January-2023,692.60,Metric Tonnes,2250.12,Rs./Quintal
Haryana,Cereals,Paddy(Basmati),January-2023,12057.30,Metric Tonnes,4654.64,Rs./Quintal
Haryana,Cereals,Paddy(Common),January-2023,5216.60,Metric Tonnes,4836.92,Rs./Quintal
Haryana,Cereals,Wheat,January-2023,4.20,Metric Tonnes,2500.00,Rs./Quintal
Haryana,Cereals,Bajra(Pearl Millet/Cumbu),February-2023,128.90,Metric Tonnes,2110.29,Rs./Quintal
Haryana,Cereals,Maize,February-2023,154.00,Metric Tonnes,2250.00,Rs./Quintal
Haryana,Cereals,Paddy(Basmati),February-2023,333.70,Metric Tonnes,4596.73,Rs./Quintal
Haryana,Cereals,Paddy(Common),February-2023,1578.50,Metric Tonnes,4619.20,Rs./Quintal
Haryana,Cereals,Bajra(Pearl Millet/Cumbu),March-2023,205.70,Metric Tonnes,2123.59,Rs./Quintal
Haryana,Cereals,Barley(Jau),March-2023,974.80,Metric Tonnes,1703.06,Rs./Quintal
Haryana,Cereals,Maize,March-2023,86.40,Metric Tonnes,2250.00,Rs./Quintal
Haryana,Cereals,Paddy(Basmati),March-2023,242.10,Metric Tonnes,4478.38,Rs./Quintal
Haryana,Cereals,Paddy(Common),March-2023,81.50,Metric Tonnes,4579.63,Rs./Quintal
Haryana,Cereals,Wheat,March-2023,7.00,Metric Tonnes,2128.57,Rs./Quintal
Haryana,Cereals,Bajra(Pearl Millet/Cumbu),April-2023,268.00,Metric Tonnes,3913.02,Rs./Quintal
Haryana,Cereals,Barley(Jau),April-2023,5265.29,Metric Tonnes,1759.44,Rs./Quintal
Haryana,Cereals,Maize,April-2023,160.30,Metric Tonnes,2250.00,Rs./Quintal
Haryana,Cereals,Wheat,April-2023,2098458.76,Metric Tonnes,2131.10,Rs./Quintal
Haryana,Cereals,Bajra(Pearl Millet/Cumbu),May-2023,13.80,Metric Tonnes,2076.23,Rs./Quintal
Haryana,Cereals,Barley(Jau),May-2023,1754.11,Metric Tonnes,1771.58,Rs./Quintal
Haryana,Cereals,Maize,May-2023,1257.70,Metric Tonnes,1885.97,Rs./Quintal
Haryana,Cereals,Wheat,May-2023,242809.65,Metric Tonnes,2125.55,Rs./Quintal
Haryana,Cereals,Bajra(Pearl Millet/Cumbu),June-2023,18.40,Metric Tonnes,2058.42,Rs./Quintal
Haryana,Cereals,Barley(Jau),June-2023,402.22,Metric Tonnes,1663.29,Rs./Quintal
Haryana,Cereals,Maize,June-2023,71113.42,Metric Tonnes,1518.20,Rs./Quintal
Haryana,Cereals,Wheat,June-2023,209.10,Metric Tonnes,2235.82,Rs./Quintal
Haryana,Cereals,Bajra(Pearl Millet/Cumbu),July-2023,9.30,Metric Tonnes,1874.19,Rs./Quintal
Haryana,Cereals,Barley(Jau),July-2023,169.50,Metric Tonnes,1621.32,Rs./Quintal
Haryana,Cereals,Maize,July-2023,28919.10,Metric Tonnes,1448.61,Rs./Quintal
Haryana,Cereals,Paddy(Common),July-2023,1700.00,Metric Tonnes,2500.00,Rs./Quintal
Haryana,Cereals,Wheat,July-2023,8.50,Metric Tonnes,2201.18,Rs./Quintal
Haryana,Cereals,Bajra(Pearl Millet/Cumbu),August-2023,429.20,Metric Tonnes,1870.83,Rs./Quintal
Haryana,Cereals,Barley(Jau),August-2023,53.10,Metric Tonnes,1603.82,Rs./Quintal
Haryana,Cereals,Maize,August-2023,5251.20,Metric Tonnes,1657.67,Rs./Quintal
Haryana,Cereals,Paddy(Basmati),August-2023,175.00,Metric Tonnes,3480.61,Rs./Quintal
Haryana,Cereals,Paddy(Common),August-2023,3881.80,Metric Tonnes,3212.19,Rs./Quintal
Haryana,Cereals,Wheat,August-2023,12.20,Metric Tonnes,2176.72,Rs./Quintal
Haryana,Cereals,Bajra(Pearl Millet/Cumbu),September-2023,29194.95,Metric Tonnes,2199.17,Rs./Quintal
Haryana,Cereals,Barley(Jau),September-2023,114.60,Metric Tonnes,1509.73,Rs./Quintal
Haryana,Cereals,Maize,September-2023,202.30,Metric Tonnes,1850.38,Rs./Quintal
Haryana,Cereals,Paddy(Basmati),September-2023,106379.70,Metric Tonnes,3293.73,Rs./Quintal
Haryana,Cereals,Paddy(Common),September-2023,448800.40,Metric Tonnes,2244.31,Rs./Quintal
Haryana,Cereals,Wheat,September-2023,10.00,Metric Tonnes,2138.75,Rs./Quintal
Haryana,Cereals,Bajra(Pearl Millet/Cumbu),October-2023,39305.60,Metric Tonnes,2267.77,Rs./Quintal
Haryana,Cereals,Barley(Jau),October-2023,4.50,Metric Tonnes,1747.78,Rs./Quintal
Haryana,Cereals,Maize,October-2023,1.10,Metric Tonnes,5227.27,Rs./Quintal
Haryana,Cereals,Paddy(Basmati),October-2023,437517.50,Metric Tonnes,3514.08,Rs./Quintal
Haryana,Cereals,Paddy(Common),October-2023,4313724.70,Metric Tonnes,2233.57,Rs./Quintal
Haryana,Cereals,Wheat,October-2023,0.50,Metric Tonnes,2300.00,Rs./Quintal
Haryana,Cereals,Bajra(Pearl Millet/Cumbu),November-2023,1264.25,Metric Tonnes,2471.81,Rs./Quintal
Haryana,Cereals,Barley(Jau),November-2023,0.50,Metric Tonnes,1700.00,Rs./Quintal
Haryana,Cereals,Maize,November-2023,38.80,Metric Tonnes,2097.16,Rs./Quintal
Haryana,Cereals,Paddy(Basmati),November-2023,496765.40,Metric Tonnes,4318.38,Rs./Quintal
Haryana,Cereals,Paddy(Common),November-2023,315186.20,Metric Tonnes,2945.96,Rs./Quintal
Haryana,Cereals,Wheat,November-2023,9.00,Metric Tonnes,2130.00,Rs./Quintal
Haryana,Cereals,Bajra(Pearl Millet/Cumbu),December-2023,365.00,Metric Tonnes,4090.30,Rs./Quintal
Haryana,Cereals,Barley(Jau),December-2023,13.70,Metric Tonnes,2150.00,Rs./Quintal
Haryana,Cereals,Jowar(Sorghum),December-2023,6.00,Metric Tonnes,5400.00,Rs./Quintal
Haryana,Cereals,Maize,December-2023,3.00,Metric Tonnes,2100.00,Rs./Quintal
Haryana,Cereals,Paddy(Basmati),December-2023,92179.70,Metric Tonnes,4684.73,Rs./Quintal
Haryana,Cereals,Paddy(Common),December-2023,22731.00,Metric Tonnes,4377.67,Rs./Quintal
Haryana,Cereals,Wheat,December-2023,0.10,Metric Tonnes,2250.00,Rs./Quintal
Haryana,Cereals,Bajra(Pearl Millet/Cumbu),January-2024,422.20,Metric Tonnes,3767.26,Rs./Quintal
Haryana,Cereals,Barley(Jau),January-2024,155.20,Metric Tonnes,1701.68,Rs./Quintal
Haryana,Cereals,Maize,January-2024,3.50,Metric Tonnes,2371.43,Rs./Quintal
Haryana,Cereals,Paddy(Basmati),January-2024,27004.20,Metric Tonnes,4550.16,Rs./Quintal
Haryana,Cereals,Paddy(Common),January-2024,1630.70,Metric Tonnes,4264.31,Rs./Quintal
Haryana,Cereals,Wheat,January-2024,5.00,Metric Tonnes,2300.00,Rs./Quintal
Haryana,Cereals,Bajra(Pearl Millet/Cumbu),February-2024,53.10,Metric Tonnes,2226.20,Rs./Quintal
Haryana,Cereals,Barley(Jau),February-2024,88.00,Metric Tonnes,1801.70,Rs./Quintal
Haryana,Cereals,Paddy(Basmati),February-2024,13690.80,Metric Tonnes,4442.50,Rs./Quintal
Haryana,Cereals,Paddy(Common),February-2024,7765.60,Metric Tonnes,4251.41,Rs./Quintal
Haryana,Cereals,Wheat,February-2024,3.50,Metric Tonnes,2242.86,Rs./Quintal
Haryana,Cereals,Bajra(Pearl Millet/Cumbu),March-2024,585.25,Metric Tonnes,3717.07,Rs./Quintal
Haryana,Cereals,Barley(Jau),March-2024,224.30,Metric Tonnes,1601.59,Rs./Quintal
Haryana,Cereals,Maize,March-2024,22.50,Metric Tonnes,2223.22,Rs./Quintal
Haryana,Cereals,Paddy(Basmati),March-2024,18233.31,Metric Tonnes,4317.00,Rs./Quintal
Haryana,Cereals,Paddy(Common),March-2024,8233.70,Metric Tonnes,4221.11,Rs./Quintal
Haryana,Cereals,Bajra(Pearl Millet/Cumbu),April-2024,148.30,Metric Tonnes,2484.88,Rs./Quintal
Haryana,Cereals,Barley(Jau),April-2024,256.10,Metric Tonnes,1812.76,Rs./Quintal
Haryana,Cereals,Paddy(Basmati),April-2024,17047.30,Metric Tonnes,2733.93,Rs./Quintal
Haryana,Cereals,Paddy(Common),April-2024,3164.80,Metric Tonnes,4219.36,Rs./Quintal
Haryana,Cereals,Wheat,April-2024,2260812.75,Metric Tonnes,2274.98,Rs./Quintal
Haryana,Cereals,Bajra(Pearl Millet/Cumbu),May-2024,47.21,Metric Tonnes,2271.72,Rs./Quintal
Haryana,Cereals,Barley(Jau),May-2024,956.90,Metric Tonnes,1910.51,Rs./Quintal
Haryana,Cereals,Maize,May-2024,953.30,Metric Tonnes,2109.56,Rs./Quintal
Haryana,Cereals,Wheat,May-2024,336783.60,Metric Tonnes,2275.06,Rs./Quintal
Haryana,Cereals,Bajra(Pearl Millet/Cumbu),June-2024,12.90,Metric Tonnes,3744.88,Rs./Quintal
Haryana,Cereals,Barley(Jau),June-2024,29.00,Metric Tonnes,1952.74,Rs./Quintal
Haryana,Cereals,Maize,June-2024,63911.60,Metric Tonnes,1885.70,Rs./Quintal
Haryana,Cereals,Paddy(Basmati),June-2024,106.50,Metric Tonnes,3907.61,Rs./Quintal
Haryana,Cereals,Paddy(Common),June-2024,322.50,Metric Tonnes,3665.35,Rs./Quintal
Haryana,Cereals,Wheat,June-2024,279.10,Metric Tonnes,2330.24,Rs./Quintal
Haryana,Cereals,Bajra(Pearl Millet/Cumbu),July-2024,173.40,Metric Tonnes,1761.55,Rs./Quintal
Haryana,Cereals,Barley(Jau),July-2024,10.40,Metric Tonnes,1838.46,Rs./Quintal
Haryana,Cereals,Maize,July-2024,2191.80,Metric Tonnes,2094.04,Rs./Quintal
Haryana,Cereals,Paddy(Basmati),July-2024,115.20,Metric Tonnes,3757.46,Rs./Quintal
Haryana,Cereals,Paddy(Common),July-2024,37.50,Metric Tonnes,2327.33,Rs./Quintal
Haryana,Cereals,Wheat,July-2024,29.60,Metric Tonnes,2368.36,Rs./Quintal
Haryana,Cereals,Bajra(Pearl Millet/Cumbu),August-2024,23.50,Metric Tonnes,2050.38,Rs./Quintal
Haryana,Cereals,Barley(Jau),August-2024,27.00,Metric Tonnes,1922.22,Rs./Quintal
Haryana,Cereals,Maize,August-2024,1128.50,Metric Tonnes,2259.94,Rs./Quintal
Haryana,Cereals,Paddy(Basmati),August-2024,6629.10,Metric Tonnes,2502.78,Rs./Quintal
Haryana,Cereals,Paddy(Common),August-2024,4416.40,Metric Tonnes,2266.24,Rs./Quintal
Haryana,Cereals,Wheat,August-2024,32.45,Metric Tonnes,2507.43,Rs./Quintal
Haryana,Cereals,Bajra(Pearl Millet/Cumbu),September-2024,927.90,Metric Tonnes,2353.07,Rs./Quintal
Haryana,Cereals,Maize,September-2024,461.80,Metric Tonnes,2393.06,Rs./Quintal
Haryana,Cereals,Paddy(Basmati),September-2024,165680.45,Metric Tonnes,2612.59,Rs./Quintal
Haryana,Cereals,Paddy(Common),September-2024,19747.30,Metric Tonnes,2320.89,Rs./Quintal
Haryana,Cereals,Wheat,September-2024,24.05,Metric Tonnes,2469.42,Rs./Quintal
Haryana,Cereals,Bajra(Pearl Millet/Cumbu),October-2024,170613.19,Metric Tonnes,2614.11,Rs./Quintal
Haryana,Cereals,Maize,October-2024,3428.00,Metric Tonnes,2322.91,Rs./Quintal
Haryana,Cereals,Paddy(Basmati),October-2024,434405.50,Metric Tonnes,2879.52,Rs./Quintal
Haryana,Cereals,Paddy(Common),October-2024,2910822.95,Metric Tonnes,2338.09,Rs./Quintal
Haryana,Cereals,Wheat,October-2024,21.00,Metric Tonnes,2693.81,Rs./Quintal
Haryana,Cereals,Bajra(Pearl Millet/Cumbu),November-2024,14109.71,Metric Tonnes,2623.61,Rs./Quintal
Haryana,Cereals,Maize,November-2024,63.50,Metric Tonnes,2670.71,Rs./Quintal
Haryana,Cereals,Paddy(Basmati),November-2024,755873.60,Metric Tonnes,3716.30,Rs./Quintal
Haryana,Cereals,Paddy(Common),November-2024,396803.45,Metric Tonnes,2721.82,Rs./Quintal
Haryana,Cereals,Wheat,November-2024,1.30,Metric Tonnes,2803.85,Rs./Quintal
Haryana,Cereals,Bajra(Pearl Millet/Cumbu),December-2024,104.20,Metric Tonnes,2582.08,Rs./Quintal
Haryana,Cereals,Maize,December-2024,142.00,Metric Tonnes,2296.57,Rs./Quintal
Haryana,Cereals,Paddy(Basmati),December-2024,152301.75,Metric Tonnes,3876.08,Rs./Quintal
Haryana,Cereals,Paddy(Common),December-2024,78551.90,Metric Tonnes,3190.56,Rs./Quintal
Haryana,Cereals,Wheat,December-2024,9.00,Metric Tonnes,2610.00,Rs./Quintal
Haryana,Cereals,Bajra(Pearl Millet/Cumbu),January-2025,876.80,Metric Tonnes,3850.77,Rs./Quintal
Haryana,Cereals,Maize,January-2025,1.00,Metric Tonnes,1800.00,Rs./Quintal
Haryana,Cereals,Paddy(Basmati),January-2025,43054.20,Metric Tonnes,3748.52,Rs./Quintal
Haryana,Cereals,Paddy(Common),January-2025,16191.10,Metric Tonnes,3147.99,Rs./Quintal
Haryana,Cereals,Wheat,January-2025,22.50,Metric Tonnes,2534.44,Rs./Quintal
Haryana,Cereals,Bajra(Pearl Millet/Cumbu),February-2025,127.30,Metric Tonnes,2476.61,Rs./Quintal
Haryana,Cereals,Barley(Jau),February-2025,0.50,Metric Tonnes,2200.00,Rs./Quintal
Haryana,Cereals,Maize,February-2025,43.20,Metric Tonnes,2801.85,Rs./Quintal
Haryana,Cereals,Paddy(Basmati),February-2025,30245.70,Metric Tonnes,3723.11,Rs./Quintal
Haryana,Cereals,Paddy(Common),February-2025,6535.90,Metric Tonnes,3231.45,Rs./Quintal
Haryana,Cereals,Wheat,February-2025,20.00,Metric Tonnes,2470.00,Rs./Quintal
Haryana,Cereals,Bajra(Pearl Millet/Cumbu),March-2025,431.50,Metric Tonnes,2566.87,Rs./Quintal
Haryana,Cereals,Barley(Jau),March-2025,1411.70,Metric Tonnes,1883.35,Rs./Quintal
Haryana,Cereals,Paddy(Basmati),March-2025,19336.90,Metric Tonnes,3761.38,Rs./Quintal
Haryana,Cereals,Paddy(Common),March-2025,3314.30,Metric Tonnes,3390.14,Rs./Quintal
Haryana,Cereals,Wheat,March-2025,115.60,Metric Tonnes,2452.94,Rs./Quintal
Haryana,Cereals,Bajra(Pearl Millet/Cumbu),April-2025,1616.90,Metric Tonnes,2591.06,Rs./Quintal
Haryana,Cereals,Barley(Jau),April-2025,8973.80,Metric Tonnes,2005.93,Rs./Quintal
Haryana,Cereals,Paddy(Basmati),April-2025,2885.90,Metric Tonnes,3246.74,Rs./Quintal
Haryana,Cereals,Paddy(Common),April-2025,26.50,Metric Tonnes,2592.45,Rs./Quintal
Haryana,Cereals,Wheat,April-2025,4464313.68,Metric Tonnes,2425.27,Rs./Quintal
Haryana,Cereals,Bajra(Pearl Millet/Cumbu),May-2025,178.00,Metric Tonnes,3406.38,Rs./Quintal
Haryana,Cereals,Barley(Jau),May-2025,887.60,Metric Tonnes,2151.51,Rs./Quintal
Haryana,Cereals,Paddy(Basmati),May-2025,127.50,Metric Tonnes,3759.61,Rs./Quintal
Haryana,Cereals,Wheat,May-2025,243706.40,Metric Tonnes,2425.17,Rs./Quintal
Haryana,Cereals,Bajra(Pearl Millet/Cumbu),June-2025,82.40,Metric Tonnes,2176.80,Rs./Quintal
Haryana,Cereals,Barley(Jau),June-2025,20.10,Metric Tonnes,2123.02,Rs./Quintal
Haryana,Cereals,Maize,June-2025,44950.10,Metric Tonnes,1982.98,Rs./Quintal
Haryana,Cereals,Paddy(Basmati),June-2025,170.00,Metric Tonnes,3741.32,Rs./Quintal
Haryana,Cereals,Wheat,June-2025,63.90,Metric Tonnes,2438.03,Rs./Quintal
Haryana,Cereals,Bajra(Pearl Millet/Cumbu),July-2025,43.60,Metric Tonnes,2332.69,Rs./Quintal
Haryana,Cereals,Barley(Jau),July-2025,2.90,Metric Tonnes,2256.90,Rs./Quintal
Haryana,Cereals,Maize,July-2025,5028.80,Metric Tonnes,1964.59,Rs./Quintal
Haryana,Cereals,Paddy(Basmati),July-2025,3874.90,Metric Tonnes,2922.72,Rs./Quintal
Haryana,Cereals,Wheat,July-2025,5.00,Metric Tonnes,2500.00,Rs./Quintal
Haryana,Cereals,Bajra(Pearl Millet/Cumbu),August-2025,70.10,Metric Tonnes,2262.27,Rs./Quintal
Haryana,Cereals,Barley(Jau),August-2025,2.90,Metric Tonnes,1857.07,Rs./Quintal
Haryana,Cereals,Maize,August-2025,584.90,Metric Tonnes,2205.25,Rs./Quintal
Haryana,Cereals,Paddy(Basmati),August-2025,17588.70,Metric Tonnes,2777.60,Rs./Quintal
Haryana,Cereals,Wheat,August-2025,11.80,Metric Tonnes,2487.37,Rs./Quintal
Haryana,Cereals,Bajra(Pearl Millet/Cumbu),September-2025,17545.70,Metric Tonnes,2213.80,Rs./Quintal
Haryana,Cereals,Barley(Jau),September-2025,0.70,Metric Tonnes,2050.00,Rs./Quintal
Haryana,Cereals,Maize,September-2025,2340.90,Metric Tonnes,2607.70,Rs./Quintal
Haryana,Cereals,Paddy(Basmati),September-2025,198182.92,Metric Tonnes,2877.98,Rs./Quintal
Haryana,Cereals,Paddy(Common),September-2025,286570.46,Metric Tonnes,2395.91,Rs./Quintal
Haryana,Cereals,Wheat,September-2025,22.80,Metric Tonnes,2545.92,Rs./Quintal
Haryana,Cereals,Bajra(Pearl Millet/Cumbu),October-2025,181918.37,Metric Tonnes,2059.44,Rs./Quintal
Haryana,Cereals,Barley(Jau),October-2025,101.30,Metric Tonnes,2109.23,Rs./Quintal
Haryana,Cereals,Maize,October-2025,361.10,Metric Tonnes,2377.80,Rs./Quintal
Haryana,Cereals,Paddy(Basmati),October-2025,409406.52,Metric Tonnes,2995.36,Rs./Quintal
Haryana,Cereals,Paddy(Common),October-2025,3155365.33,Metric Tonnes,2409.28,Rs./Quintal
Haryana,Cereals,Bajra(Pearl Millet/Cumbu),November-2025,62292.95,Metric Tonnes,2030.46,Rs./Quintal
Haryana,Cereals,Jowar(Sorghum),November-2025,98.50,Metric Tonnes,4101.42,Rs./Quintal
Haryana,Cereals,Maize,November-2025,2.00,Metric Tonnes,1600.00,Rs./Quintal
Haryana,Cereals,Paddy(Basmati),November-2025,881949.40,Metric Tonnes,3581.75,Rs./Quintal
Haryana,Cereals,Paddy(Common),November-2025,509467.22,Metric Tonnes,2983.73,Rs./Quintal
Haryana,Cereals,Bajra(Pearl Millet/Cumbu),December-2025,426.10,Metric Tonnes,2035.14,Rs./Quintal
Haryana,Cereals,Maize,December-2025,7.00,Metric Tonnes,1500.00,Rs./Quintal
Haryana,Cereals,Paddy(Basmati),December-2025,308723.30,Metric Tonnes,3730.90,Rs./Quintal
Haryana,Cereals,Paddy(Common),December-2025,122100.30,Metric Tonnes,3320.66,Rs./Quintal
Haryana,Cereals,Wheat,December-2025,10.80,Metric Tonnes,2598.15,Rs./Quintal
Karnataka,Cereals,Bajra(Pearl Millet/Cumbu),January-2023,1211.00,Metric Tonnes,2267.59,Rs./Quintal
Karnataka,Cereals,Foxtail Millet(Navane),January-2023,489.00,Metric Tonnes,3710.58,Rs./Quintal
Karnataka,Cereals,Jowar(Sorghum),January-2023,3207.00,Metric Tonnes,3015.43,Rs./Quintal
Karnataka,Cereals,Maize,January-2023,33405.00,Metric Tonnes,2162.78,Rs./Quintal
Karnataka,Cereals,Paddy(Common),January-2023,6561.00,Metric Tonnes,2029.51,Rs./Quintal
Karnataka,Cereals,Ragi(Finger Millet),January-2023,2121.00,Metric Tonnes,2421.68,Rs./Quintal
Karnataka,Cereals,Rice,January-2023,74053.00,Metric Tonnes,4203.07,Rs./Quintal
Karnataka,Cereals,Sajje,January-2023,43.00,Metric Tonnes,2231.14,Rs./Quintal
Karnataka,Cereals,Same/Savi,January-2023,253.00,Metric Tonnes,4205.46,Rs./Quintal
Karnataka,Cereals,Wheat,January-2023,15469.00,Metric Tonnes,2308.17,Rs./Quintal
Karnataka,Cereals,Bajra(Pearl Millet/Cumbu),February-2023,739.00,Metric Tonnes,2465.06,Rs./Quintal
Karnataka,Cereals,Foxtail Millet(Navane),February-2023,371.00,Metric Tonnes,3403.67,Rs./Quintal
Karnataka,Cereals,Jowar(Sorghum),February-2023,3120.00,Metric Tonnes,2757.42,Rs./Quintal
Karnataka,Cereals,Maize,February-2023,23558.00,Metric Tonnes,2158.05,Rs./Quintal
Karnataka,Cereals,Paddy(Common),February-2023,2150.00,Metric Tonnes,2059.52,Rs./Quintal
Karnataka,Cereals,Ragi(Finger Millet),February-2023,1913.00,Metric Tonnes,2476.72,Rs./Quintal
Karnataka,Cereals,Rice,February-2023,53833.00,Metric Tonnes,4495.21,Rs./Quintal
Karnataka,Cereals,Same/Savi,February-2023,13.00,Metric Tonnes,4232.08,Rs./Quintal
Karnataka,Cereals,Wheat,February-2023,2022.00,Metric Tonnes,3702.10,Rs./Quintal
Karnataka,Cereals,Bajra(Pearl Millet/Cumbu),March-2023,1072.00,Metric Tonnes,2554.00,Rs./Quintal
Karnataka,Cereals,Foxtail Millet(Navane),March-2023,342.00,Metric Tonnes,3458.03,Rs./Quintal
Karnataka,Cereals,Jowar(Sorghum),March-2023,3597.00,Metric Tonnes,2936.54,Rs./Quintal
Karnataka,Cereals,Maize,March-2023,22409.00,Metric Tonnes,2108.87,Rs./Quintal
Karnataka,Cereals,Paddy(Common),March-2023,4316.00,Metric Tonnes,2115.78,Rs./Quintal
Karnataka,Cereals,Ragi(Finger Millet),March-2023,2903.00,Metric Tonnes,2588.76,Rs./Quintal
Karnataka,Cereals,Rice,March-2023,58603.00,Metric Tonnes,4275.60,Rs./Quintal
Karnataka,Cereals,Sajje,March-2023,3.00,Metric Tonnes,2153.67,Rs./Quintal
Karnataka,Cereals,Same/Savi,March-2023,15.00,Metric Tonnes,4111.93,Rs./Quintal
Karnataka,Cereals,Wheat,March-2023,4820.00,Metric Tonnes,3320.62,Rs./Quintal
Karnataka,Cereals,Bajra(Pearl Millet/Cumbu),April-2023,1258.00,Metric Tonnes,2446.94,Rs./Quintal
Karnataka,Cereals,Foxtail Millet(Navane),April-2023,494.00,Metric Tonnes,3459.06,Rs./Quintal
Karnataka,Cereals,Jowar(Sorghum),April-2023,2144.00,Metric Tonnes,3091.24,Rs./Quintal
Karnataka,Cereals,Maize,April-2023,24036.00,Metric Tonnes,1973.56,Rs./Quintal
Karnataka,Cereals,Paddy(Common),April-2023,40916.00,Metric Tonnes,1904.18,Rs./Quintal
Karnataka,Cereals,Ragi(Finger Millet),April-2023,3703.00,Metric Tonnes,2491.59,Rs./Quintal
Karnataka,Cereals,Rice,April-2023,57693.00,Metric Tonnes,4174.27,Rs./Quintal
Karnataka,Cereals,Same/Savi,April-2023,7.00,Metric Tonnes,4180.29,Rs./Quintal
Karnataka,Cereals,Wheat,April-2023,3152.00,Metric Tonnes,3199.69,Rs./Quintal
Karnataka,Cereals,Bajra(Pearl Millet/Cumbu),May-2023,880.00,Metric Tonnes,2376.77,Rs./Quintal
Karnataka,Cereals,Foxtail Millet(Navane),May-2023,285.00,Metric Tonnes,3308.20,Rs./Quintal
Karnataka,Cereals,Jowar(Sorghum),May-2023,1454.00,Metric Tonnes,3397.70,Rs./Quintal
Karnataka,Cereals,Maize,May-2023,19169.00,Metric Tonnes,1921.44,Rs./Quintal
Karnataka,Cereals,Paddy(Common),May-2023,66180.00,Metric Tonnes,1758.34,Rs./Quintal
Karnataka,Cereals,Ragi(Finger Millet),May-2023,1925.00,Metric Tonnes,2560.75,Rs./Quintal
Karnataka,Cereals,Rice,May-2023,58196.00,Metric Tonnes,4285.52,Rs./Quintal
Karnataka,Cereals,Same/Savi,May-2023,3.00,Metric Tonnes,3842.67,Rs./Quintal
Karnataka,Cereals,Wheat,May-2023,2098.00,Metric Tonnes,3116.91,Rs./Quintal
Karnataka,Cereals,Bajra(Pearl Millet/Cumbu),June-2023,744.00,Metric Tonnes,2449.11,Rs./Quintal
Karnataka,Cereals,Foxtail Millet(Navane),June-2023,161.00,Metric Tonnes,3717.52,Rs./Quintal
Karnataka,Cereals,Jowar(Sorghum),June-2023,1441.00,Metric Tonnes,3686.80,Rs./Quintal
Karnataka,Cereals,Maize,June-2023,12426.00,Metric Tonnes,1985.15,Rs./Quintal
Karnataka,Cereals,Paddy(Common),June-2023,21630.00,Metric Tonnes,2112.01,Rs./Quintal
Karnataka,Cereals,Ragi(Finger Millet),June-2023,1519.00,Metric Tonnes,2639.33,Rs./Quintal
Karnataka,Cereals,Rice,June-2023,62751.00,Metric Tonnes,4973.74,Rs./Quintal
Karnataka,Cereals,Sajje,June-2023,2.00,Metric Tonnes,2001.00,Rs./Quintal
Karnataka,Cereals,Wheat,June-2023,2741.00,Metric Tonnes,3387.62,Rs./Quintal
Karnataka,Cereals,Bajra(Pearl Millet/Cumbu),July-2023,909.00,Metric Tonnes,2542.34,Rs./Quintal
Karnataka,Cereals,Foxtail Millet(Navane),July-2023,69.00,Metric Tonnes,4617.55,Rs./Quintal
Karnataka,Cereals,Jowar(Sorghum),July-2023,1216.00,Metric Tonnes,4029.83,Rs./Quintal
Karnataka,Cereals,Maize,July-2023,9075.00,Metric Tonnes,2167.83,Rs./Quintal
Karnataka,Cereals,Paddy(Common),July-2023,8605.00,Metric Tonnes,2027.02,Rs./Quintal
Karnataka,Cereals,Ragi(Finger Millet),July-2023,1782.00,Metric Tonnes,2933.89,Rs./Quintal
Karnataka,Cereals,Rice,July-2023,44080.00,Metric Tonnes,5787.96,Rs./Quintal
Karnataka,Cereals,Sajje,July-2023,358.00,Metric Tonnes,2513.97,Rs./Quintal
Karnataka,Cereals,Wheat,July-2023,2216.00,Metric Tonnes,3210.43,Rs./Quintal
Karnataka,Cereals,Bajra(Pearl Millet/Cumbu),August-2023,529.00,Metric Tonnes,2622.44,Rs./Quintal
Karnataka,Cereals,Foxtail Millet(Navane),August-2023,74.00,Metric Tonnes,5280.22,Rs./Quintal
Karnataka,Cereals,Jowar(Sorghum),August-2023,1218.00,Metric Tonnes,3954.68,Rs./Quintal
Karnataka,Cereals,Maize,August-2023,3907.00,Metric Tonnes,2237.90,Rs./Quintal
Karnataka,Cereals,Paddy(Common),August-2023,2838.00,Metric Tonnes,2534.96,Rs./Quintal
Karnataka,Cereals,Ragi(Finger Millet),August-2023,945.00,Metric Tonnes,3110.25,Rs./Quintal
Karnataka,Cereals,Rice,August-2023,52894.00,Metric Tonnes,5562.21,Rs./Quintal
Karnataka,Cereals,Wheat,August-2023,2375.00,Metric Tonnes,3739.52,Rs./Quintal
Karnataka,Cereals,Bajra(Pearl Millet/Cumbu),September-2023,1044.00,Metric Tonnes,2311.51,Rs./Quintal
Karnataka,Cereals,Foxtail Millet(Navane),September-2023,76.00,Metric Tonnes,5480.42,Rs./Quintal
Karnataka,Cereals,Jowar(Sorghum),September-2023,1483.00,Metric Tonnes,3473.82,Rs./Quintal
Karnataka,Cereals,Maize,September-2023,6864.00,Metric Tonnes,2181.44,Rs./Quintal
Karnataka,Cereals,Paddy(Common),September-2023,4066.00,Metric Tonnes,2568.13,Rs./Quintal
Karnataka,Cereals,Ragi(Finger Millet),September-2023,503.00,Metric Tonnes,3222.91,Rs./Quintal
Karnataka,Cereals,Rice,September-2023,36630.00,Metric Tonnes,5335.59,Rs./Quintal
Karnataka,Cereals,Wheat,September-2023,1293.00,Metric Tonnes,3861.96,Rs./Quintal
Karnataka,Cereals,Bajra(Pearl Millet/Cumbu),October-2023,2255.00,Metric Tonnes,2309.80,Rs./Quintal
Karnataka,Cereals,Foxtail Millet(Navane),October-2023,291.00,Metric Tonnes,5368.24,Rs./Quintal
Karnataka,Cereals,Jowar(Sorghum),October-2023,1583.00,Metric Tonnes,3926.29,Rs./Quintal
Karnataka,Cereals,Maize,October-2023,27129.00,Metric Tonnes,2093.56,Rs./Quintal
Karnataka,Cereals,Paddy(Common),October-2023,10380.00,Metric Tonnes,2325.03,Rs./Quintal
Karnataka,Cereals,Ragi(Finger Millet),October-2023,1124.00,Metric Tonnes,3242.09,Rs./Quintal
Karnataka,Cereals,Rice,October-2023,42332.00,Metric Tonnes,5055.65,Rs./Quintal
Karnataka,Cereals,Sajje,October-2023,4.00,Metric Tonnes,2222.00,Rs./Quintal
Karnataka,Cereals,Same/Savi,October-2023,6.00,Metric Tonnes,2500.00,Rs./Quintal
Karnataka,Cereals,Wheat,October-2023,9707.00,Metric Tonnes,2660.31,Rs./Quintal
Karnataka,Cereals,Bajra(Pearl Millet/Cumbu),November-2023,2128.00,Metric Tonnes,2607.03,Rs./Quintal
Karnataka,Cereals,Foxtail Millet(Navane),November-2023,227.00,Metric Tonnes,5998.24,Rs./Quintal
Karnataka,Cereals,Jowar(Sorghum),November-2023,1256.00,Metric Tonnes,4585.37,Rs./Quintal
Karnataka,Cereals,Maize,November-2023,45510.00,Metric Tonnes,2210.29,Rs./Quintal
Karnataka,Cereals,Paddy(Common),November-2023,64110.00,Metric Tonnes,2340.05,Rs./Quintal
Karnataka,Cereals,Ragi(Finger Millet),November-2023,1512.00,Metric Tonnes,3338.86,Rs./Quintal
Karnataka,Cereals,Rice,November-2023,52060.00,Metric Tonnes,4930.09,Rs./Quintal
Karnataka,Cereals,Sajje,November-2023,5.00,Metric Tonnes,2565.00,Rs./Quintal
Karnataka,Cereals,Same/Savi,November-2023,2.00,Metric Tonnes,2462.50,Rs./Quintal
Karnataka,Cereals,Wheat,November-2023,1591.00,Metric Tonnes,3905.28,Rs./Quintal
Karnataka,Cereals,Bajra(Pearl Millet/Cumbu),December-2023,1753.00,Metric Tonnes,2530.71,Rs./Quintal
Karnataka,Cereals,Foxtail Millet(Navane),December-2023,202.00,Metric Tonnes,6877.06,Rs./Quintal
Karnataka,Cereals,Jowar(Sorghum),December-2023,1256.00,Metric Tonnes,4379.16,Rs./Quintal
Karnataka,Cereals,Maize,December-2023,35220.00,Metric Tonnes,2183.77,Rs./Quintal
Karnataka,Cereals,Paddy(Common),December-2023,63857.00,Metric Tonnes,2714.34,Rs./Quintal
Karnataka,Cereals,Ragi(Finger Millet),December-2023,1664.00,Metric Tonnes,3380.27,Rs./Quintal
Karnataka,Cereals,Rice,December-2023,66642.00,Metric Tonnes,5059.89,Rs./Quintal
Karnataka,Cereals,Sajje,December-2023,11.00,Metric Tonnes,2409.82,Rs./Quintal
Karnataka,Cereals,Same/Savi,December-2023,7.00,Metric Tonnes,3858.29,Rs./Quintal
Karnataka,Cereals,Wheat,December-2023,2186.00,Metric Tonnes,3923.38,Rs./Quintal
Karnataka,Cereals,Bajra(Pearl Millet/Cumbu),January-2024,1105.00,Metric Tonnes,2509.16,Rs./Quintal
Karnataka,Cereals,Foxtail Millet(Navane),January-2024,212.00,Metric Tonnes,6365.79,Rs./Quintal
Karnataka,Cereals,Jowar(Sorghum),January-2024,2967.00,Metric Tonnes,2993.58,Rs./Quintal
Karnataka,Cereals,Maize,January-2024,20540.00,Metric Tonnes,2197.06,Rs./Quintal
Karnataka,Cereals,Paddy(Common),January-2024,8892.00,Metric Tonnes,2761.94,Rs./Quintal
Karnataka,Cereals,Ragi(Finger Millet),January-2024,1546.00,Metric Tonnes,3247.38,Rs./Quintal
Karnataka,Cereals,Rice,January-2024,40404.00,Metric Tonnes,5498.87,Rs./Quintal
Karnataka,Cereals,Sajje,January-2024,19.00,Metric Tonnes,2107.63,Rs./Quintal
Karnataka,Cereals,Same/Savi,January-2024,5.00,Metric Tonnes,3992.40,Rs./Quintal
Karnataka,Cereals,Wheat,January-2024,1085.00,Metric Tonnes,3924.09,Rs./Quintal
Karnataka,Cereals,Bajra(Pearl Millet/Cumbu),February-2024,784.00,Metric Tonnes,2544.42,Rs./Quintal
Karnataka,Cereals,Foxtail Millet(Navane),February-2024,274.00,Metric Tonnes,5899.00,Rs./Quintal
Karnataka,Cereals,Jowar(Sorghum),February-2024,2339.00,Metric Tonnes,2967.15,Rs./Quintal
Karnataka,Cereals,Maize,February-2024,18015.00,Metric Tonnes,2226.25,Rs./Quintal
Karnataka,Cereals,Paddy(Common),February-2024,4290.00,Metric Tonnes,2436.42,Rs./Quintal
Karnataka,Cereals,Ragi(Finger Millet),February-2024,1640.00,Metric Tonnes,3153.50,Rs./Quintal
Karnataka,Cereals,Rice,February-2024,30161.00,Metric Tonnes,5060.17,Rs./Quintal
Karnataka,Cereals,Sajje,February-2024,2.00,Metric Tonnes,2075.50,Rs./Quintal
Karnataka,Cereals,Same/Savi,February-2024,15.00,Metric Tonnes,3980.13,Rs./Quintal
Karnataka,Cereals,Wheat,February-2024,324.00,Metric Tonnes,3294.02,Rs./Quintal
Karnataka,Cereals,Bajra(Pearl Millet/Cumbu),March-2024,3323.00,Metric Tonnes,2397.34,Rs./Quintal
Karnataka,Cereals,Foxtail Millet(Navane),March-2024,564.00,Metric Tonnes,4604.56,Rs./Quintal
Karnataka,Cereals,Jowar(Sorghum),March-2024,2644.00,Metric Tonnes,3051.59,Rs./Quintal
Karnataka,Cereals,Maize,March-2024,18692.00,Metric Tonnes,2227.02,Rs./Quintal
Karnataka,Cereals,Paddy(Common),March-2024,15018.00,Metric Tonnes,2576.02,Rs./Quintal
Karnataka,Cereals,Ragi(Finger Millet),March-2024,2890.00,Metric Tonnes,3231.33,Rs./Quintal
Karnataka,Cereals,Rice,March-2024,52448.00,Metric Tonnes,4851.05,Rs./Quintal
Karnataka,Cereals,Sajje,March-2024,14.00,Metric Tonnes,2654.21,Rs./Quintal
Karnataka,Cereals,Same/Savi,March-2024,16.00,Metric Tonnes,3030.38,Rs./Quintal
Karnataka,Cereals,Wheat,March-2024,3167.00,Metric Tonnes,3819.99,Rs./Quintal
Karnataka,Cereals,Bajra(Pearl Millet/Cumbu),April-2024,3876.00,Metric Tonnes,2379.46,Rs./Quintal
Karnataka,Cereals,Foxtail Millet(Navane),April-2024,418.00,Metric Tonnes,4915.37,Rs./Quintal
Karnataka,Cereals,Jowar(Sorghum),April-2024,1678.00,Metric Tonnes,3178.97,Rs./Quintal
Karnataka,Cereals,Maize,April-2024,19441.00,Metric Tonnes,2247.97,Rs./Quintal
Karnataka,Cereals,Paddy(Common),April-2024,68834.00,Metric Tonnes,2526.72,Rs./Quintal
Karnataka,Cereals,Ragi(Finger Millet),April-2024,7446.00,Metric Tonnes,2922.93,Rs./Quintal
Karnataka,Cereals,Rice,April-2024,46187.00,Metric Tonnes,4928.95,Rs./Quintal
Karnataka,Cereals,Sajje,April-2024,143.00,Metric Tonnes,2278.67,Rs./Quintal
Karnataka,Cereals,Same/Savi,April-2024,5.00,Metric Tonnes,3766.60,Rs./Quintal
Karnataka,Cereals,Wheat,April-2024,1677.00,Metric Tonnes,3650.82,Rs./Quintal
Karnataka,Cereals,Bajra(Pearl Millet/Cumbu),May-2024,11794.00,Metric Tonnes,3269.10,Rs./Quintal
Karnataka,Cereals,Foxtail Millet(Navane),May-2024,371.00,Metric Tonnes,4914.65,Rs./Quintal
Karnataka,Cereals,Jowar(Sorghum),May-2024,1836.00,Metric Tonnes,3227.48,Rs./Quintal
Karnataka,Cereals,Maize,May-2024,28450.00,Metric Tonnes,2320.15,Rs./Quintal
Karnataka,Cereals,Paddy(Common),May-2024,89612.00,Metric Tonnes,2501.66,Rs./Quintal
Karnataka,Cereals,Ragi(Finger Millet),May-2024,3893.00,Metric Tonnes,3139.47,Rs./Quintal
Karnataka,Cereals,Rice,May-2024,60225.00,Metric Tonnes,4712.39,Rs./Quintal
Karnataka,Cereals,Same/Savi,May-2024,31.00,Metric Tonnes,3666.03,Rs./Quintal
Karnataka,Cereals,Wheat,May-2024,1977.00,Metric Tonnes,3770.85,Rs./Quintal
Karnataka,Cereals,Bajra(Pearl Millet/Cumbu),June-2024,3030.00,Metric Tonnes,2430.31,Rs./Quintal
Karnataka,Cereals,Foxtail Millet(Navane),June-2024,250.00,Metric Tonnes,4864.54,Rs./Quintal
Karnataka,Cereals,Jowar(Sorghum),June-2024,1688.00,Metric Tonnes,3242.82,Rs./Quintal
Karnataka,Cereals,Maize,June-2024,15713.00,Metric Tonnes,2436.69,Rs./Quintal
Karnataka,Cereals,Paddy(Common),June-2024,56212.00,Metric Tonnes,2736.43,Rs./Quintal
Karnataka,Cereals,Ragi(Finger Millet),June-2024,3591.00,Metric Tonnes,3294.50,Rs./Quintal
Karnataka,Cereals,Rice,June-2024,60966.00,Metric Tonnes,5083.07,Rs./Quintal
Karnataka,Cereals,Sajje,June-2024,39.00,Metric Tonnes,2329.59,Rs./Quintal
Karnataka,Cereals,Wheat,June-2024,2896.00,Metric Tonnes,3750.65,Rs./Quintal
Karnataka,Cereals,Bajra(Pearl Millet/Cumbu),July-2024,5172.00,Metric Tonnes,2532.71,Rs./Quintal
Karnataka,Cereals,Foxtail Millet(Navane),July-2024,226.00,Metric Tonnes,4638.68,Rs./Quintal
Karnataka,Cereals,Jowar(Sorghum),July-2024,2113.00,Metric Tonnes,3025.84,Rs./Quintal
Karnataka,Cereals,Maize,July-2024,27383.00,Metric Tonnes,2560.91,Rs./Quintal
Karnataka,Cereals,Paddy(Common),July-2024,32732.00,Metric Tonnes,2701.86,Rs./Quintal
Karnataka,Cereals,Ragi(Finger Millet),July-2024,4455.00,Metric Tonnes,3285.08,Rs./Quintal
Karnataka,Cereals,Rice,July-2024,57701.00,Metric Tonnes,4973.24,Rs./Quintal
Karnataka,Cereals,Same/Savi,July-2024,25.00,Metric Tonnes,3700.00,Rs./Quintal
Karnataka,Cereals,Wheat,July-2024,2878.00,Metric Tonnes,3537.69,Rs./Quintal
Karnataka,Cereals,Bajra(Pearl Millet/Cumbu),August-2024,4453.00,Metric Tonnes,2540.59,Rs./Quintal
Karnataka,Cereals,Foxtail Millet(Navane),August-2024,221.00,Metric Tonnes,4221.63,Rs./Quintal
Karnataka,Cereals,Hybrid Cumbu,August-2024,1.00,Metric Tonnes,2400.00,Rs./Quintal
Karnataka,Cereals,Jowar(Sorghum),August-2024,2010.00,Metric Tonnes,2984.38,Rs./Quintal
Karnataka,Cereals,Maize,August-2024,12354.00,Metric Tonnes,2587.50,Rs./Quintal
Karnataka,Cereals,Paddy(Common),August-2024,33195.00,Metric Tonnes,2665.10,Rs./Quintal
Karnataka,Cereals,Ragi(Finger Millet),August-2024,5059.00,Metric Tonnes,3240.58,Rs./Quintal
Karnataka,Cereals,Rice,August-2024,62052.00,Metric Tonnes,4671.73,Rs./Quintal
Karnataka,Cereals,Same/Savi,August-2024,638.00,Metric Tonnes,3218.34,Rs./Quintal
Karnataka,Cereals,Wheat,August-2024,2301.00,Metric Tonnes,3290.27,Rs./Quintal
Karnataka,Cereals,Bajra(Pearl Millet/Cumbu),September-2024,11871.00,Metric Tonnes,2307.53,Rs./Quintal
Karnataka,Cereals,Foxtail Millet(Navane),September-2024,312.00,Metric Tonnes,3096.12,Rs./Quintal
Karnataka,Cereals,Hybrid Cumbu,September-2024,1.00,Metric Tonnes,2000.00,Rs./Quintal
Karnataka,Cereals,Jowar(Sorghum),September-2024,6331.00,Metric Tonnes,2320.30,Rs./Quintal
Karnataka,Cereals,Maize,September-2024,39330.00,Metric Tonnes,2256.43,Rs./Quintal
Karnataka,Cereals,Paddy(Common),September-2024,53370.00,Metric Tonnes,2665.21,Rs./Quintal
Karnataka,Cereals,Ragi(Finger Millet),September-2024,4207.00,Metric Tonnes,3159.19,Rs./Quintal
Karnataka,Cereals,Rice,September-2024,60847.00,Metric Tonnes,4993.25,Rs./Quintal
Karnataka,Cereals,Sajje,September-2024,279.00,Metric Tonnes,2459.62,Rs./Quintal
Karnataka,Cereals,Same/Savi,September-2024,1023.00,Metric Tonnes,3004.40,Rs./Quintal
Karnataka,Cereals,Wheat,September-2024,2045.00,Metric Tonnes,3579.17,Rs./Quintal
Karnataka,Cereals,Bajra(Pearl Millet/Cumbu),October-2024,8810.00,Metric Tonnes,2260.58,Rs./Quintal
Karnataka,Cereals,Foxtail Millet(Navane),October-2024,487.00,Metric Tonnes,3436.79,Rs./Quintal
Karnataka,Cereals,Hybrid Cumbu,October-2024,14.00,Metric Tonnes,1700.00,Rs./Quintal
Karnataka,Cereals,Jowar(Sorghum),October-2024,3318.00,Metric Tonnes,2355.63,Rs./Quintal
Karnataka,Cereals,Maize,October-2024,120333.00,Metric Tonnes,2215.66,Rs./Quintal
Karnataka,Cereals,Paddy(Common),October-2024,41100.00,Metric Tonnes,2568.09,Rs./Quintal
Karnataka,Cereals,Ragi(Finger Millet),October-2024,2549.00,Metric Tonnes,3208.49,Rs./Quintal
Karnataka,Cereals,Rice,October-2024,72954.00,Metric Tonnes,4761.95,Rs./Quintal
Karnataka,Cereals,Sajje,October-2024,44.00,Metric Tonnes,2216.18,Rs./Quintal
Karnataka,Cereals,Wheat,October-2024,2535.00,Metric Tonnes,3704.63,Rs./Quintal
Karnataka,Cereals,Bajra(Pearl Millet/Cumbu),November-2024,6398.00,Metric Tonnes,2327.29,Rs./Quintal
Karnataka,Cereals,Foxtail Millet(Navane),November-2024,450.00,Metric Tonnes,3169.07,Rs./Quintal
Karnataka,Cereals,Jowar(Sorghum),November-2024,1506.00,Metric Tonnes,2391.62,Rs./Quintal
Karnataka,Cereals,Maize,November-2024,214343.00,Metric Tonnes,2199.88,Rs./Quintal
Karnataka,Cereals,Paddy(Common),November-2024,99296.00,Metric Tonnes,2293.23,Rs./Quintal
Karnataka,Cereals,Ragi(Finger Millet),November-2024,3128.00,Metric Tonnes,3183.32,Rs./Quintal
Karnataka,Cereals,Rice,November-2024,28357.00,Metric Tonnes,4248.44,Rs./Quintal
Karnataka,Cereals,Sajje,November-2024,7.00,Metric Tonnes,2131.43,Rs./Quintal
Karnataka,Cereals,Same/Savi,November-2024,221.00,Metric Tonnes,3435.29,Rs./Quintal
Karnataka,Cereals,Wheat,November-2024,806.00,Metric Tonnes,3673.37,Rs./Quintal
Karnataka,Cereals,Bajra(Pearl Millet/Cumbu),December-2024,6589.00,Metric Tonnes,2289.03,Rs./Quintal
Karnataka,Cereals,Foxtail Millet(Navane),December-2024,186.00,Metric Tonnes,3711.17,Rs./Quintal
Karnataka,Cereals,Jowar(Sorghum),December-2024,2307.00,Metric Tonnes,2541.36,Rs./Quintal
Karnataka,Cereals,Maize,December-2024,274975.00,Metric Tonnes,2227.38,Rs./Quintal
Karnataka,Cereals,Paddy(Common),December-2024,258083.00,Metric Tonnes,2267.96,Rs./Quintal
Karnataka,Cereals,Ragi(Finger Millet),December-2024,3446.00,Metric Tonnes,3285.49,Rs./Quintal
Karnataka,Cereals,Rice,December-2024,66228.00,Metric Tonnes,4555.90,Rs./Quintal
Karnataka,Cereals,Sajje,December-2024,54.00,Metric Tonnes,2284.07,Rs./Quintal
Karnataka,Cereals,Same/Savi,December-2024,18.00,Metric Tonnes,3700.00,Rs./Quintal
Karnataka,Cereals,Wheat,December-2024,2251.00,Metric Tonnes,3684.03,Rs./Quintal
Karnataka,Cereals,Bajra(Pearl Millet/Cumbu),January-2025,7589.00,Metric Tonnes,2322.40,Rs./Quintal
Karnataka,Cereals,Foxtail Millet(Navane),January-2025,399.00,Metric Tonnes,3348.86,Rs./Quintal
Karnataka,Cereals,Jowar(Sorghum),January-2025,3965.00,Metric Tonnes,2424.34,Rs./Quintal
Karnataka,Cereals,Maize,January-2025,247123.00,Metric Tonnes,2260.54,Rs./Quintal
Karnataka,Cereals,Paddy(Common),January-2025,144211.00,Metric Tonnes,2278.09,Rs./Quintal
Karnataka,Cereals,Ragi(Finger Millet),January-2025,4818.00,Metric Tonnes,3342.17,Rs./Quintal
Karnataka,Cereals,Rice,January-2025,82752.00,Metric Tonnes,4257.91,Rs./Quintal
Karnataka,Cereals,Sajje,January-2025,52.00,Metric Tonnes,2209.62,Rs./Quintal
Karnataka,Cereals,Same/Savi,January-2025,136.00,Metric Tonnes,3872.64,Rs./Quintal
Karnataka,Cereals,Wheat,January-2025,6750.00,Metric Tonnes,3221.70,Rs./Quintal
Karnataka,Cereals,Bajra(Pearl Millet/Cumbu),February-2025,4840.00,Metric Tonnes,2314.19,Rs./Quintal
Karnataka,Cereals,Foxtail Millet(Navane),February-2025,228.00,Metric Tonnes,3033.55,Rs./Quintal
Karnataka,Cereals,Jowar(Sorghum),February-2025,2989.00,Metric Tonnes,2409.45,Rs./Quintal
Karnataka,Cereals,Maize,February-2025,82010.10,Metric Tonnes,2277.07,Rs./Quintal
Karnataka,Cereals,Paddy(Common),February-2025,75741.00,Metric Tonnes,2288.88,Rs./Quintal
Karnataka,Cereals,Ragi(Finger Millet),February-2025,6202.00,Metric Tonnes,3284.34,Rs./Quintal
Karnataka,Cereals,Rice,February-2025,44686.00,Metric Tonnes,4032.48,Rs./Quintal
Karnataka,Cereals,Sajje,February-2025,18.00,Metric Tonnes,2214.67,Rs./Quintal
Karnataka,Cereals,Same/Savi,February-2025,322.00,Metric Tonnes,3582.53,Rs./Quintal
Karnataka,Cereals,Wheat,February-2025,1085.00,Metric Tonnes,3829.64,Rs./Quintal
Karnataka,Cereals,Bajra(Pearl Millet/Cumbu),March-2025,368.20,Metric Tonnes,2426.81,Rs./Quintal
Karnataka,Cereals,Foxtail Millet(Navane),March-2025,99.00,Metric Tonnes,3202.21,Rs./Quintal
Karnataka,Cereals,Jowar(Sorghum),March-2025,617.80,Metric Tonnes,2374.49,Rs./Quintal
Karnataka,Cereals,Maize,March-2025,20474.00,Metric Tonnes,2309.35,Rs./Quintal
Karnataka,Cereals,Paddy(Common),March-2025,17114.00,Metric Tonnes,2305.69,Rs./Quintal
Karnataka,Cereals,Ragi(Finger Millet),March-2025,6316.00,Metric Tonnes,3024.78,Rs./Quintal
Karnataka,Cereals,Rice,March-2025,10900.00,Metric Tonnes,3555.77,Rs./Quintal
Karnataka,Cereals,Same/Savi,March-2025,237.00,Metric Tonnes,3284.81,Rs./Quintal
Karnataka,Cereals,Wheat,March-2025,224.00,Metric Tonnes,3404.72,Rs./Quintal
Karnataka,Cereals,Bajra(Pearl Millet/Cumbu),April-2025,97.00,Metric Tonnes,2316.01,Rs./Quintal
Karnataka,Cereals,Foxtail Millet(Navane),April-2025,51.00,Metric Tonnes,3415.92,Rs./Quintal
Karnataka,Cereals,Jowar(Sorghum),April-2025,372.00,Metric Tonnes,2266.76,Rs./Quintal
Karnataka,Cereals,Maize,April-2025,21919.00,Metric Tonnes,2278.75,Rs./Quintal
Karnataka,Cereals,Paddy(Common),April-2025,38067.40,Metric Tonnes,2005.64,Rs./Quintal
Karnataka,Cereals,Ragi(Finger Millet),April-2025,4486.70,Metric Tonnes,3044.83,Rs./Quintal
Karnataka,Cereals,Rice,April-2025,27458.30,Metric Tonnes,2667.75,Rs./Quintal
Karnataka,Cereals,Same/Savi,April-2025,54.00,Metric Tonnes,3305.93,Rs./Quintal
Karnataka,Cereals,Wheat,April-2025,1358.00,Metric Tonnes,2813.67,Rs./Quintal
Karnataka,Cereals,Bajra(Pearl Millet/Cumbu),May-2025,48.80,Metric Tonnes,2220.64,Rs./Quintal
Karnataka,Cereals,Foxtail Millet(Navane),May-2025,45.00,Metric Tonnes,3098.20,Rs./Quintal
Karnataka,Cereals,Jowar(Sorghum),May-2025,66.00,Metric Tonnes,2723.15,Rs./Quintal
Karnataka,Cereals,Maize,May-2025,20566.50,Metric Tonnes,2292.21,Rs./Quintal
Karnataka,Cereals,Paddy(Common),May-2025,50157.00,Metric Tonnes,1907.67,Rs./Quintal
Karnataka,Cereals,Ragi(Finger Millet),May-2025,1988.00,Metric Tonnes,3169.61,Rs./Quintal
Karnataka,Cereals,Rice,May-2025,29749.00,Metric Tonnes,2975.54,Rs./Quintal
Karnataka,Cereals,Same/Savi,May-2025,83.00,Metric Tonnes,4134.94,Rs./Quintal
Karnataka,Cereals,Wheat,May-2025,5340.00,Metric Tonnes,2991.33,Rs./Quintal
Karnataka,Cereals,Bajra(Pearl Millet/Cumbu),June-2025,24.00,Metric Tonnes,2362.83,Rs./Quintal
Karnataka,Cereals,Foxtail Millet(Navane),June-2025,36.00,Metric Tonnes,4354.97,Rs./Quintal
Karnataka,Cereals,Jowar(Sorghum),June-2025,104.10,Metric Tonnes,2877.11,Rs./Quintal
Karnataka,Cereals,Maize,June-2025,9016.00,Metric Tonnes,2293.88,Rs./Quintal
Karnataka,Cereals,Paddy(Common),June-2025,47254.00,Metric Tonnes,2060.34,Rs./Quintal
Karnataka,Cereals,Ragi(Finger Millet),June-2025,807.00,Metric Tonnes,3512.14,Rs./Quintal
Karnataka,Cereals,Rice,June-2025,25962.50,Metric Tonnes,2740.84,Rs./Quintal
Karnataka,Cereals,Same/Savi,June-2025,67.00,Metric Tonnes,3907.91,Rs./Quintal
Karnataka,Cereals,Wheat,June-2025,235.00,Metric Tonnes,2949.96,Rs./Quintal
Karnataka,Cereals,Bajra(Pearl Millet/Cumbu),July-2025,47.00,Metric Tonnes,2288.98,Rs./Quintal
Karnataka,Cereals,Foxtail Millet(Navane),July-2025,30.00,Metric Tonnes,5439.00,Rs./Quintal
Karnataka,Cereals,Jowar(Sorghum),July-2025,203.30,Metric Tonnes,2613.48,Rs./Quintal
Karnataka,Cereals,Maize,July-2025,5252.00,Metric Tonnes,2388.12,Rs./Quintal
Karnataka,Cereals,Paddy(Common),July-2025,22386.30,Metric Tonnes,2148.36,Rs./Quintal
Karnataka,Cereals,Ragi(Finger Millet),July-2025,742.40,Metric Tonnes,3420.74,Rs./Quintal
Karnataka,Cereals,Rice,July-2025,28238.00,Metric Tonnes,2748.61,Rs./Quintal
Karnataka,Cereals,Same/Savi,July-2025,53.00,Metric Tonnes,4177.96,Rs./Quintal
Karnataka,Cereals,Wheat,July-2025,223.00,Metric Tonnes,3150.70,Rs./Quintal
Karnataka,Cereals,Bajra(Pearl Millet/Cumbu),August-2025,33.00,Metric Tonnes,2559.27,Rs./Quintal
Karnataka,Cereals,Foxtail Millet(Navane),August-2025,30.00,Metric Tonnes,3266.00,Rs./Quintal
Karnataka,Cereals,Jowar(Sorghum),August-2025,79.00,Metric Tonnes,2208.86,Rs./Quintal
Karnataka,Cereals,Maize,August-2025,1892.00,Metric Tonnes,2370.89,Rs./Quintal
Karnataka,Cereals,Paddy(Common),August-2025,6710.50,Metric Tonnes,2255.83,Rs./Quintal
Karnataka,Cereals,Ragi(Finger Millet),August-2025,155.00,Metric Tonnes,3374.46,Rs./Quintal
Karnataka,Cereals,Rice,August-2025,28024.00,Metric Tonnes,2730.00,Rs./Quintal
Karnataka,Cereals,Same/Savi,August-2025,29.00,Metric Tonnes,4242.76,Rs./Quintal
Karnataka,Cereals,Wheat,August-2025,162.00,Metric Tonnes,2868.09,Rs./Quintal
Karnataka,Cereals,Bajra(Pearl Millet/Cumbu),September-2025,11.65,Metric Tonnes,1981.72,Rs./Quintal
Karnataka,Cereals,Foxtail Millet(Navane),September-2025,1.24,Metric Tonnes,1775.08,Rs./Quintal
Karnataka,Cereals,Jowar(Sorghum),September-2025,85.36,Metric Tonnes,2441.32,Rs./Quintal
Karnataka,Cereals,Maize,September-2025,3666.04,Metric Tonnes,2336.81,Rs./Quintal
Karnataka,Cereals,Paddy(Common),September-2025,8707.57,Metric Tonnes,2220.72,Rs./Quintal
Karnataka,Cereals,Ragi(Finger Millet),September-2025,246.02,Metric Tonnes,3442.51,Rs./Quintal
Karnataka,Cereals,Rice,September-2025,24766.98,Metric Tonnes,3191.85,Rs./Quintal
Karnataka,Cereals,Same/Savi,September-2025,0.09,Metric Tonnes,5301.78,Rs./Quintal
Karnataka,Cereals,Wheat,September-2025,95.46,Metric Tonnes,3035.39,Rs./Quintal
Karnataka,Cereals,Bajra(Pearl Millet/Cumbu),October-2025,2.20,Metric Tonnes,2441.73,Rs./Quintal
Karnataka,Cereals,Foxtail Millet(Navane),October-2025,6.81,Metric Tonnes,1898.72,Rs./Quintal
Karnataka,Cereals,Jowar(Sorghum),October-2025,13.86,Metric Tonnes,2365.22,Rs./Quintal
Karnataka,Cereals,Maize,October-2025,2744.20,Metric Tonnes,1930.65,Rs./Quintal
Karnataka,Cereals,Paddy(Common),October-2025,836.97,Metric Tonnes,2285.85,Rs./Quintal
Karnataka,Cereals,Ragi(Finger Millet),October-2025,70.66,Metric Tonnes,3405.45,Rs./Quintal
Karnataka,Cereals,Rice,October-2025,3020.51,Metric Tonnes,2810.79,Rs./Quintal
Karnataka,Cereals,Same/Savi,October-2025,1.03,Metric Tonnes,7059.64,Rs./Quintal
Karnataka,Cereals,T.V. Cumbu,October-2025,2.50,Metric Tonnes,2900.00,Rs./Quintal
Karnataka,Cereals,Wheat,October-2025,11.62,Metric Tonnes,3160.11,Rs./Quintal
Karnataka,Cereals,Bajra(Pearl Millet/Cumbu),November-2025,674.87,Metric Tonnes,2172.33,Rs./Quintal
Karnataka,Cereals,Foxtail Millet(Navane),November-2025,10.60,Metric Tonnes,2508.74,Rs./Quintal
Karnataka,Cereals,Jowar(Sorghum),November-2025,236.49,Metric Tonnes,2564.77,Rs./Quintal
Karnataka,Cereals,Maize,November-2025,135198.67,Metric Tonnes,1805.09,Rs./Quintal
Karnataka,Cereals,Paddy(Common),November-2025,74149.36,Metric Tonnes,2480.28,Rs./Quintal
Karnataka,Cereals,Ragi(Finger Millet),November-2025,1201.22,Metric Tonnes,3454.30,Rs./Quintal
Karnataka,Cereals,Rice,November-2025,33813.36,Metric Tonnes,3669.50,Rs./Quintal
Karnataka,Cereals,Same/Savi,November-2025,106.70,Metric Tonnes,5015.04,Rs./Quintal
Karnataka,Cereals,Wheat,November-2025,767.90,Metric Tonnes,2877.85,Rs./Quintal
Karnataka,Cereals,Bajra(Pearl Millet/Cumbu),December-2025,1156.20,Metric Tonnes,2114.15,Rs./Quintal
Karnataka,Cereals,Foxtail Millet(Navane),December-2025,47.20,Metric Tonnes,2946.44,Rs./Quintal
Karnataka,Cereals,Jowar(Sorghum),December-2025,647.90,Metric Tonnes,2409.14,Rs./Quintal
Karnataka,Cereals,Maize,December-2025,131615.40,Metric Tonnes,1899.18,Rs./Quintal
Karnataka,Cereals,Paddy(Common),December-2025,127000.70,Metric Tonnes,2429.58,Rs./Quintal
Karnataka,Cereals,Ragi(Finger Millet),December-2025,1794.80,Metric Tonnes,3544.41,Rs./Quintal
Karnataka,Cereals,Rice,December-2025,32830.70,Metric Tonnes,2770.90,Rs./Quintal
Karnataka,Cereals,Sajje,December-2025,39.60,Metric Tonnes,1949.68,Rs./Quintal
Karnataka,Cereals,Same/Savi,December-2025,35.40,Metric Tonnes,4801.28,Rs./Quintal
Karnataka,Cereals,Wheat,December-2025,1892.60,Metric Tonnes,2882.66,Rs./Quintal
Keralam,Cereals,Paddy(Basmati),January-2023,4.15,Metric Tonnes,9885.54,Rs./Quintal
Keralam,Cereals,Paddy(Common),January-2023,216.00,Metric Tonnes,2051.25,Rs./Quintal
Keralam,Cereals,Ragi(Finger Millet),January-2023,63.00,Metric Tonnes,3750.00,Rs./Quintal
Keralam,Cereals,Rice,January-2023,7540.46,Metric Tonnes,4058.42,Rs./Quintal
Keralam,Cereals,Wheat,January-2023,115.00,Metric Tonnes,2152.17,Rs./Quintal
Keralam,Cereals,Paddy(Common),February-2023,258.00,Metric Tonnes,2050.97,Rs./Quintal
Keralam,Cereals,Ragi(Finger Millet),February-2023,63.00,Metric Tonnes,3750.00,Rs./Quintal
Keralam,Cereals,Rice,February-2023,7213.70,Metric Tonnes,4254.21,Rs./Quintal
Keralam,Cereals,Soji,February-2023,2.00,Metric Tonnes,6000.00,Rs./Quintal
Keralam,Cereals,Wheat,February-2023,90.00,Metric Tonnes,2150.00,Rs./Quintal
Keralam,Cereals,Paddy(Common),March-2023,234.00,Metric Tonnes,2055.73,Rs./Quintal
Keralam,Cereals,Ragi(Finger Millet),March-2023,75.00,Metric Tonnes,3750.00,Rs./Quintal
Keralam,Cereals,Rice,March-2023,8843.20,Metric Tonnes,4338.54,Rs./Quintal
Keralam,Cereals,Soji,March-2023,3.00,Metric Tonnes,6600.00,Rs./Quintal
Keralam,Cereals,Wheat,March-2023,92.00,Metric Tonnes,2159.24,Rs./Quintal
Keralam,Cereals,Paddy(Common),April-2023,228.00,Metric Tonnes,2057.19,Rs./Quintal
Keralam,Cereals,Ragi(Finger Millet),April-2023,42.00,Metric Tonnes,3807.14,Rs./Quintal
Keralam,Cereals,Rice,April-2023,5497.75,Metric Tonnes,4339.53,Rs./Quintal
Keralam,Cereals,Soji,April-2023,3.00,Metric Tonnes,5800.00,Rs./Quintal
Keralam,Cereals,Wheat,April-2023,20.00,Metric Tonnes,2187.50,Rs./Quintal
Keralam,Cereals,Paddy(Common),May-2023,173.00,Metric Tonnes,2064.57,Rs./Quintal
Keralam,Cereals,Ragi(Finger Millet),May-2023,63.00,Metric Tonnes,3750.00,Rs./Quintal
Keralam,Cereals,Rice,May-2023,7584.50,Metric Tonnes,4341.27,Rs./Quintal
Keralam,Cereals,Wheat,May-2023,40.00,Metric Tonnes,2175.00,Rs./Quintal
Keralam,Cereals,Paddy(Common),June-2023,110.00,Metric Tonnes,2061.73,Rs./Quintal
Keralam,Cereals,Ragi(Finger Millet),June-2023,57.00,Metric Tonnes,3750.00,Rs./Quintal
Keralam,Cereals,Rice,June-2023,7201.75,Metric Tonnes,4420.06,Rs./Quintal
Keralam,Cereals,Wheat,June-2023,6.30,Metric Tonnes,4158.73,Rs./Quintal
Keralam,Cereals,Paddy(Common),July-2023,103.00,Metric Tonnes,2110.68,Rs./Quintal
Keralam,Cereals,Ragi(Finger Millet),July-2023,57.00,Metric Tonnes,3750.00,Rs./Quintal
Keralam,Cereals,Rice,July-2023,7040.55,Metric Tonnes,4434.33,Rs./Quintal
Keralam,Cereals,Paddy(Common),August-2023,78.00,Metric Tonnes,2212.18,Rs./Quintal
Keralam,Cereals,Ragi(Finger Millet),August-2023,54.00,Metric Tonnes,3750.00,Rs./Quintal
Keralam,Cereals,Rice,August-2023,6790.20,Metric Tonnes,4437.67,Rs./Quintal
Keralam,Cereals,Paddy(Common),September-2023,114.30,Metric Tonnes,2138.45,Rs./Quintal
Keralam,Cereals,Ragi(Finger Millet),September-2023,54.00,Metric Tonnes,3750.00,Rs./Quintal
Keralam,Cereals,Rice,September-2023,6326.45,Metric Tonnes,4434.47,Rs./Quintal
Keralam,Cereals,Paddy(Common),October-2023,86.00,Metric Tonnes,2157.33,Rs./Quintal
Keralam,Cereals,Ragi(Finger Millet),October-2023,69.00,Metric Tonnes,3845.65,Rs./Quintal
Keralam,Cereals,Rice,October-2023,8101.00,Metric Tonnes,4444.14,Rs./Quintal
Keralam,Cereals,Paddy(Common),November-2023,118.80,Metric Tonnes,2185.13,Rs./Quintal
Keralam,Cereals,Ragi(Finger Millet),November-2023,60.00,Metric Tonnes,3850.00,Rs./Quintal
Keralam,Cereals,Rice,November-2023,7038.00,Metric Tonnes,4440.64,Rs./Quintal
Keralam,Cereals,Paddy(Common),December-2023,183.00,Metric Tonnes,2237.28,Rs./Quintal
Keralam,Cereals,Ragi(Finger Millet),December-2023,24.00,Metric Tonnes,3856.25,Rs./Quintal
Keralam,Cereals,Rice,December-2023,5049.00,Metric Tonnes,4426.20,Rs./Quintal
Keralam,Cereals,Wheat,December-2023,1.00,Metric Tonnes,5100.00,Rs./Quintal
Keralam,Cereals,Paddy(Common),January-2024,288.00,Metric Tonnes,2298.51,Rs./Quintal
Keralam,Cereals,Ragi(Finger Millet),January-2024,332.00,Metric Tonnes,3862.65,Rs./Quintal
Keralam,Cereals,Rice,January-2024,6063.00,Metric Tonnes,4527.33,Rs./Quintal
Keralam,Cereals,Paddy(Common),February-2024,281.00,Metric Tonnes,2289.86,Rs./Quintal
Keralam,Cereals,Ragi(Finger Millet),February-2024,58.00,Metric Tonnes,4175.00,Rs./Quintal
Keralam,Cereals,Rice,February-2024,6823.00,Metric Tonnes,4594.32,Rs./Quintal
Keralam,Cereals,Paddy(Common),March-2024,219.00,Metric Tonnes,2273.93,Rs./Quintal
Keralam,Cereals,Ragi(Finger Millet),March-2024,44.00,Metric Tonnes,4250.61,Rs./Quintal
Keralam,Cereals,Rice,March-2024,5784.00,Metric Tonnes,4592.76,Rs./Quintal
Keralam,Cereals,Paddy(Common),April-2024,191.00,Metric Tonnes,2260.84,Rs./Quintal
Keralam,Cereals,Ragi(Finger Millet),April-2024,51.00,Metric Tonnes,4250.00,Rs./Quintal
Keralam,Cereals,Rice,April-2024,5721.00,Metric Tonnes,4590.95,Rs./Quintal
Keralam,Cereals,Paddy(Common),May-2024,169.00,Metric Tonnes,2265.27,Rs./Quintal
Keralam,Cereals,Ragi(Finger Millet),May-2024,51.00,Metric Tonnes,4250.59,Rs./Quintal
Keralam,Cereals,Rice,May-2024,6815.00,Metric Tonnes,4590.04,Rs./Quintal
Keralam,Cereals,Paddy(Common),June-2024,146.00,Metric Tonnes,2336.64,Rs./Quintal
Keralam,Cereals,Ragi(Finger Millet),June-2024,33.00,Metric Tonnes,4250.91,Rs./Quintal
Keralam,Cereals,Rice,June-2024,6662.00,Metric Tonnes,4598.14,Rs./Quintal
Keralam,Cereals,Paddy(Common),July-2024,173.60,Metric Tonnes,2288.19,Rs./Quintal
Keralam,Cereals,Ragi(Finger Millet),July-2024,54.00,Metric Tonnes,4128.33,Rs./Quintal
Keralam,Cereals,Rice,July-2024,7110.00,Metric Tonnes,4596.01,Rs./Quintal
Keralam,Cereals,Paddy(Common),August-2024,184.00,Metric Tonnes,2289.97,Rs./Quintal
Keralam,Cereals,Ragi(Finger Millet),August-2024,42.00,Metric Tonnes,4050.00,Rs./Quintal
Keralam,Cereals,Rice,August-2024,5875.00,Metric Tonnes,4591.29,Rs./Quintal
Keralam,Cereals,Paddy(Common),September-2024,167.00,Metric Tonnes,2247.96,Rs./Quintal
Keralam,Cereals,Ragi(Finger Millet),September-2024,51.00,Metric Tonnes,4102.94,Rs./Quintal
Keralam,Cereals,Rice,September-2024,6809.00,Metric Tonnes,4663.68,Rs./Quintal
Keralam,Cereals,Paddy(Common),October-2024,167.00,Metric Tonnes,2297.54,Rs./Quintal
Keralam,Cereals,Ragi(Finger Millet),October-2024,54.00,Metric Tonnes,4372.22,Rs./Quintal
Keralam,Cereals,Rice,October-2024,5840.00,Metric Tonnes,4669.02,Rs./Quintal
Keralam,Cereals,Paddy(Common),November-2024,191.00,Metric Tonnes,2318.74,Rs./Quintal
Keralam,Cereals,Ragi(Finger Millet),November-2024,63.00,Metric Tonnes,4350.00,Rs./Quintal
Keralam,Cereals,Rice,November-2024,6902.00,Metric Tonnes,4707.80,Rs./Quintal
Keralam,Cereals,Paddy(Common),December-2024,213.00,Metric Tonnes,2332.82,Rs./Quintal
Keralam,Cereals,Ragi(Finger Millet),December-2024,45.00,Metric Tonnes,4350.00,Rs./Quintal
Keralam,Cereals,Rice,December-2024,4817.00,Metric Tonnes,4748.37,Rs./Quintal
Keralam,Cereals,Hybrid Cumbu,January-2025,40.00,Metric Tonnes,58.00,Rs./Quintal
Keralam,Cereals,Paddy(Common),January-2025,182.00,Metric Tonnes,2383.82,Rs./Quintal
Keralam,Cereals,Rice,January-2025,2410.00,Metric Tonnes,4745.33,Rs./Quintal
Keralam,Cereals,Paddy(Common),February-2025,206.00,Metric Tonnes,2414.34,Rs./Quintal
Keralam,Cereals,Rice,February-2025,5082.00,Metric Tonnes,4727.01,Rs./Quintal
Keralam,Cereals,Paddy(Common),March-2025,172.00,Metric Tonnes,2407.67,Rs./Quintal
Keralam,Cereals,Rice,March-2025,5374.00,Metric Tonnes,4744.81,Rs./Quintal
Keralam,Cereals,Paddy(Common),April-2025,191.00,Metric Tonnes,2411.83,Rs./Quintal
Keralam,Cereals,Rice,April-2025,5322.00,Metric Tonnes,4749.83,Rs./Quintal
Keralam,Cereals,Paddy(Common),May-2025,159.00,Metric Tonnes,2401.95,Rs./Quintal
Keralam,Cereals,Rice,May-2025,5915.00,Metric Tonnes,4750.25,Rs./Quintal
Keralam,Cereals,Paddy(Common),June-2025,114.00,Metric Tonnes,2399.04,Rs./Quintal
Keralam,Cereals,Rice,June-2025,5309.00,Metric Tonnes,4752.51,Rs./Quintal
Keralam,Cereals,Paddy(Common),July-2025,174.00,Metric Tonnes,2427.93,Rs./Quintal
Keralam,Cereals,Rice,July-2025,6205.00,Metric Tonnes,4755.79,Rs./Quintal
Keralam,Cereals,Paddy(Common),August-2025,119.00,Metric Tonnes,2374.12,Rs./Quintal
Keralam,Cereals,Rice,August-2025,5639.00,Metric Tonnes,4775.50,Rs./Quintal
Keralam,Cereals,Paddy(Common),September-2025,118.00,Metric Tonnes,2354.32,Rs./Quintal
Keralam,Cereals,Rice,September-2025,4198.00,Metric Tonnes,4850.89,Rs./Quintal
Keralam,Cereals,Paddy(Common),October-2025,144.00,Metric Tonnes,2375.14,Rs./Quintal
Keralam,Cereals,Rice,October-2025,4201.00,Metric Tonnes,4845.45,Rs./Quintal
Keralam,Cereals,Paddy(Common),November-2025,206.80,Metric Tonnes,2297.02,Rs./Quintal
Keralam,Cereals,Ragi(Finger Millet),November-2025,12.00,Metric Tonnes,4675.00,Rs./Quintal
Keralam,Cereals,Rice,November-2025,3308.80,Metric Tonnes,4626.54,Rs./Quintal
Keralam,Cereals,Hybrid Cumbu,December-2025,0.09,Metric Tonnes,5444.44,Rs./Quintal
Keralam,Cereals,Paddy(Common),December-2025,123.60,Metric Tonnes,2399.58,Rs./Quintal
Keralam,Cereals,Rice,December-2025,1702.20,Metric Tonnes,4855.41,Rs./Quintal
Madhya Pradesh,Cereals,Bajra(Pearl Millet/Cumbu),January-2023,5598.97,Metric Tonnes,2125.91,Rs./Quintal
Madhya Pradesh,Cereals,Barley(Jau),January-2023,1000.04,Metric Tonnes,2553.88,Rs./Quintal
Madhya Pradesh,Cereals,Foxtail Millet(Navane),January-2023,646.66,Metric Tonnes,4100.00,Rs./Quintal
Madhya Pradesh,Cereals,Jowar(Sorghum),January-2023,1961.84,Metric Tonnes,2728.15,Rs./Quintal
Madhya Pradesh,Cereals,Kodo Millet(Varagu),January-2023,4453.98,Metric Tonnes,2388.13,Rs./Quintal
Madhya Pradesh,Cereals,Maize,January-2023,175018.91,Metric Tonnes,2085.77,Rs./Quintal
Madhya Pradesh,Cereals,Paddy(Basmati),January-2023,188786.36,Metric Tonnes,4777.07,Rs./Quintal
Madhya Pradesh,Cereals,Paddy(Common),January-2023,380167.44,Metric Tonnes,3347.06,Rs./Quintal
Madhya Pradesh,Cereals,Same/Savi,January-2023,138.91,Metric Tonnes,3893.27,Rs./Quintal
Madhya Pradesh,Cereals,Wheat,January-2023,181952.75,Metric Tonnes,2670.32,Rs./Quintal
Madhya Pradesh,Cereals,Bajra(Pearl Millet/Cumbu),February-2023,2770.11,Metric Tonnes,2039.59,Rs./Quintal
Madhya Pradesh,Cereals,Barley(Jau),February-2023,1164.86,Metric Tonnes,2211.89,Rs./Quintal
Madhya Pradesh,Cereals,Foxtail Millet(Navane),February-2023,298.91,Metric Tonnes,4100.00,Rs./Quintal
Madhya Pradesh,Cereals,Jowar(Sorghum),February-2023,523.85,Metric Tonnes,2217.21,Rs./Quintal
Madhya Pradesh,Cereals,Kodo Millet(Varagu),February-2023,2897.20,Metric Tonnes,2379.60,Rs./Quintal
Madhya Pradesh,Cereals,Maize,February-2023,67628.27,Metric Tonnes,1993.07,Rs./Quintal
Madhya Pradesh,Cereals,Paddy(Basmati),February-2023,110724.38,Metric Tonnes,4510.17,Rs./Quintal
Madhya Pradesh,Cereals,Paddy(Common),February-2023,122255.03,Metric Tonnes,3376.05,Rs./Quintal
Madhya Pradesh,Cereals,Same/Savi,February-2023,197.80,Metric Tonnes,3640.71,Rs./Quintal
Madhya Pradesh,Cereals,Wheat,February-2023,238693.95,Metric Tonnes,2322.79,Rs./Quintal
Madhya Pradesh,Cereals,Bajra(Pearl Millet/Cumbu),March-2023,1245.20,Metric Tonnes,2051.57,Rs./Quintal
Madhya Pradesh,Cereals,Barley(Jau),March-2023,16604.53,Metric Tonnes,1974.09,Rs./Quintal
Madhya Pradesh,Cereals,Foxtail Millet(Navane),March-2023,171.50,Metric Tonnes,4100.00,Rs./Quintal
Madhya Pradesh,Cereals,Jowar(Sorghum),March-2023,117.60,Metric Tonnes,2179.47,Rs./Quintal
Madhya Pradesh,Cereals,Kodo Millet(Varagu),March-2023,1825.18,Metric Tonnes,2370.46,Rs./Quintal
Madhya Pradesh,Cereals,Maize,March-2023,37833.28,Metric Tonnes,2049.37,Rs./Quintal
Madhya Pradesh,Cereals,Paddy(Basmati),March-2023,55392.08,Metric Tonnes,4367.43,Rs./Quintal
Madhya Pradesh,Cereals,Paddy(Common),March-2023,72514.62,Metric Tonnes,3192.82,Rs./Quintal
Madhya Pradesh,Cereals,Same/Savi,March-2023,120.00,Metric Tonnes,3546.73,Rs./Quintal
Madhya Pradesh,Cereals,Wheat,March-2023,1305882.38,Metric Tonnes,2156.06,Rs./Quintal
Madhya Pradesh,Cereals,Bajra(Pearl Millet/Cumbu),April-2023,548.76,Metric Tonnes,2070.53,Rs./Quintal
Madhya Pradesh,Cereals,Barley(Jau),April-2023,21149.79,Metric Tonnes,1846.07,Rs./Quintal
Madhya Pradesh,Cereals,Foxtail Millet(Navane),April-2023,365.60,Metric Tonnes,4054.05,Rs./Quintal
Madhya Pradesh,Cereals,Jowar(Sorghum),April-2023,46.22,Metric Tonnes,2071.46,Rs./Quintal
Madhya Pradesh,Cereals,Kodo Millet(Varagu),April-2023,2386.44,Metric Tonnes,2425.73,Rs./Quintal
Madhya Pradesh,Cereals,Maize,April-2023,103618.32,Metric Tonnes,1733.30,Rs./Quintal
Madhya Pradesh,Cereals,Paddy(Basmati),April-2023,33270.72,Metric Tonnes,4714.08,Rs./Quintal
Madhya Pradesh,Cereals,Paddy(Common),April-2023,22795.19,Metric Tonnes,2387.93,Rs./Quintal
Madhya Pradesh,Cereals,Same/Savi,April-2023,201.95,Metric Tonnes,3842.60,Rs./Quintal
Madhya Pradesh,Cereals,Wheat,April-2023,2978498.21,Metric Tonnes,2175.47,Rs./Quintal
Madhya Pradesh,Cereals,Bajra(Pearl Millet/Cumbu),May-2023,1032.58,Metric Tonnes,1907.61,Rs./Quintal
Madhya Pradesh,Cereals,Barley(Jau),May-2023,13651.09,Metric Tonnes,1824.48,Rs./Quintal
Madhya Pradesh,Cereals,Beaten Rice,May-2023,3.00,Metric Tonnes,1000.00,Rs./Quintal
Madhya Pradesh,Cereals,Foxtail Millet(Navane),May-2023,173.74,Metric Tonnes,4052.25,Rs./Quintal
Madhya Pradesh,Cereals,Jowar(Sorghum),May-2023,22.92,Metric Tonnes,1922.87,Rs./Quintal
Madhya Pradesh,Cereals,Kodo Millet(Varagu),May-2023,1954.02,Metric Tonnes,2324.01,Rs./Quintal
Madhya Pradesh,Cereals,Maize,May-2023,109177.40,Metric Tonnes,1659.72,Rs./Quintal
Madhya Pradesh,Cereals,Paddy(Basmati),May-2023,10716.66,Metric Tonnes,4495.14,Rs./Quintal
Madhya Pradesh,Cereals,Paddy(Common),May-2023,50876.37,Metric Tonnes,1819.40,Rs./Quintal
Madhya Pradesh,Cereals,Same/Savi,May-2023,158.88,Metric Tonnes,3864.16,Rs./Quintal
Madhya Pradesh,Cereals,Wheat,May-2023,1618093.06,Metric Tonnes,2223.00,Rs./Quintal
Madhya Pradesh,Cereals,Bajra(Pearl Millet/Cumbu),June-2023,1049.42,Metric Tonnes,1734.87,Rs./Quintal
Madhya Pradesh,Cereals,Barley(Jau),June-2023,7557.29,Metric Tonnes,1776.34,Rs./Quintal
Madhya Pradesh,Cereals,Foxtail Millet(Navane),June-2023,132.83,Metric Tonnes,4100.00,Rs./Quintal
Madhya Pradesh,Cereals,Jowar(Sorghum),June-2023,21.66,Metric Tonnes,1831.38,Rs./Quintal
Madhya Pradesh,Cereals,Kodo Millet(Varagu),June-2023,1544.92,Metric Tonnes,2457.77,Rs./Quintal
Madhya Pradesh,Cereals,Maize,June-2023,27695.75,Metric Tonnes,1767.98,Rs./Quintal
Madhya Pradesh,Cereals,Paddy(Basmati),June-2023,7668.54,Metric Tonnes,4127.80,Rs./Quintal
Madhya Pradesh,Cereals,Paddy(Common),June-2023,25676.50,Metric Tonnes,1971.06,Rs./Quintal
Madhya Pradesh,Cereals,Same/Savi,June-2023,113.20,Metric Tonnes,3788.90,Rs./Quintal
Madhya Pradesh,Cereals,Wheat,June-2023,801031.07,Metric Tonnes,2266.49,Rs./Quintal
Madhya Pradesh,Cereals,Bajra(Pearl Millet/Cumbu),July-2023,305.52,Metric Tonnes,1654.65,Rs./Quintal
Madhya Pradesh,Cereals,Barley(Jau),July-2023,4566.14,Metric Tonnes,1711.08,Rs./Quintal
Madhya Pradesh,Cereals,Foxtail Millet(Navane),July-2023,282.56,Metric Tonnes,3957.80,Rs./Quintal
Madhya Pradesh,Cereals,Jowar(Sorghum),July-2023,5.55,Metric Tonnes,2474.00,Rs./Quintal
Madhya Pradesh,Cereals,Kodo Millet(Varagu),July-2023,3634.16,Metric Tonnes,2772.01,Rs./Quintal
Madhya Pradesh,Cereals,Maize,July-2023,16196.60,Metric Tonnes,1979.96,Rs./Quintal
Madhya Pradesh,Cereals,Paddy(Basmati),July-2023,35671.67,Metric Tonnes,2905.96,Rs./Quintal
Madhya Pradesh,Cereals,Paddy(Common),July-2023,18988.92,Metric Tonnes,2163.29,Rs./Quintal
Madhya Pradesh,Cereals,Same/Savi,July-2023,328.11,Metric Tonnes,4166.24,Rs./Quintal
Madhya Pradesh,Cereals,Wheat,July-2023,555135.98,Metric Tonnes,2259.07,Rs./Quintal
Madhya Pradesh,Cereals,Bajra(Pearl Millet/Cumbu),August-2023,269.84,Metric Tonnes,1632.35,Rs./Quintal
Madhya Pradesh,Cereals,Barley(Jau),August-2023,2920.05,Metric Tonnes,1724.12,Rs./Quintal
Madhya Pradesh,Cereals,Foxtail Millet(Navane),August-2023,163.84,Metric Tonnes,3964.48,Rs./Quintal
Madhya Pradesh,Cereals,Jowar(Sorghum),August-2023,37.98,Metric Tonnes,2083.66,Rs./Quintal
Madhya Pradesh,Cereals,Kodo Millet(Varagu),August-2023,2421.00,Metric Tonnes,3029.35,Rs./Quintal
Madhya Pradesh,Cereals,Maize,August-2023,20579.00,Metric Tonnes,1986.70,Rs./Quintal
Madhya Pradesh,Cereals,Paddy(Basmati),August-2023,8129.40,Metric Tonnes,3474.34,Rs./Quintal
Madhya Pradesh,Cereals,Paddy(Common),August-2023,21686.95,Metric Tonnes,2037.10,Rs./Quintal
Madhya Pradesh,Cereals,Same/Savi,August-2023,171.95,Metric Tonnes,4061.51,Rs./Quintal
Madhya Pradesh,Cereals,Wheat,August-2023,453564.86,Metric Tonnes,2387.37,Rs./Quintal
Madhya Pradesh,Cereals,Bajra(Pearl Millet/Cumbu),September-2023,2723.80,Metric Tonnes,1782.93,Rs./Quintal
Madhya Pradesh,Cereals,Barley(Jau),September-2023,2869.08,Metric Tonnes,1766.23,Rs./Quintal
Madhya Pradesh,Cereals,Foxtail Millet(Navane),September-2023,253.45,Metric Tonnes,3838.68,Rs./Quintal
Madhya Pradesh,Cereals,Jowar(Sorghum),September-2023,0.10,Metric Tonnes,2290.00,Rs./Quintal
Madhya Pradesh,Cereals,Kodo Millet(Varagu),September-2023,2263.94,Metric Tonnes,2966.41,Rs./Quintal
Madhya Pradesh,Cereals,Maize,September-2023,14365.22,Metric Tonnes,1960.94,Rs./Quintal
Madhya Pradesh,Cereals,Paddy(Basmati),September-2023,2316.33,Metric Tonnes,3181.30,Rs./Quintal
Madhya Pradesh,Cereals,Paddy(Common),September-2023,19138.91,Metric Tonnes,2045.69,Rs./Quintal
Madhya Pradesh,Cereals,Same/Savi,September-2023,217.00,Metric Tonnes,2910.27,Rs./Quintal
Madhya Pradesh,Cereals,Wheat,September-2023,256869.53,Metric Tonnes,2410.06,Rs./Quintal
Madhya Pradesh,Cereals,Bajra(Pearl Millet/Cumbu),October-2023,15367.90,Metric Tonnes,1911.93,Rs./Quintal
Madhya Pradesh,Cereals,Barley(Jau),October-2023,3889.79,Metric Tonnes,1789.73,Rs./Quintal
Madhya Pradesh,Cereals,Foxtail Millet(Navane),October-2023,91.09,Metric Tonnes,4024.81,Rs./Quintal
Madhya Pradesh,Cereals,Jowar(Sorghum),October-2023,3593.51,Metric Tonnes,2277.72,Rs./Quintal
Madhya Pradesh,Cereals,Kodo Millet(Varagu),October-2023,5408.84,Metric Tonnes,2826.80,Rs./Quintal
Madhya Pradesh,Cereals,Maize,October-2023,358341.84,Metric Tonnes,1780.96,Rs./Quintal
Madhya Pradesh,Cereals,Paddy(Basmati),October-2023,130554.72,Metric Tonnes,3085.19,Rs./Quintal
Madhya Pradesh,Cereals,Paddy(Common),October-2023,85947.89,Metric Tonnes,2984.15,Rs./Quintal
Madhya Pradesh,Cereals,Rice,October-2023,0.20,Metric Tonnes,2730.00,Rs./Quintal
Madhya Pradesh,Cereals,Same/Savi,October-2023,218.35,Metric Tonnes,2787.86,Rs./Quintal
Madhya Pradesh,Cereals,Wheat,October-2023,414016.22,Metric Tonnes,2523.53,Rs./Quintal
Madhya Pradesh,Cereals,Bajra(Pearl Millet/Cumbu),November-2023,15334.70,Metric Tonnes,2080.65,Rs./Quintal
Madhya Pradesh,Cereals,Barley(Jau),November-2023,5101.51,Metric Tonnes,1825.91,Rs./Quintal
Madhya Pradesh,Cereals,Foxtail Millet(Navane),November-2023,25.71,Metric Tonnes,3423.77,Rs./Quintal
Madhya Pradesh,Cereals,Jowar(Sorghum),November-2023,8547.88,Metric Tonnes,3207.07,Rs./Quintal
Madhya Pradesh,Cereals,Kodo Millet(Varagu),November-2023,2911.61,Metric Tonnes,2520.28,Rs./Quintal
Madhya Pradesh,Cereals,Maize,November-2023,674499.75,Metric Tonnes,1967.91,Rs./Quintal
Madhya Pradesh,Cereals,Paddy(Basmati),November-2023,297553.99,Metric Tonnes,3806.17,Rs./Quintal
Madhya Pradesh,Cereals,Paddy(Common),November-2023,233682.45,Metric Tonnes,3630.49,Rs./Quintal
Madhya Pradesh,Cereals,Rice,November-2023,433.50,Metric Tonnes,3707.92,Rs./Quintal
Madhya Pradesh,Cereals,Same/Savi,November-2023,62.80,Metric Tonnes,3017.28,Rs./Quintal
Madhya Pradesh,Cereals,Wheat,November-2023,294076.59,Metric Tonnes,2572.38,Rs./Quintal
Madhya Pradesh,Cereals,Bajra(Pearl Millet/Cumbu),December-2023,8452.56,Metric Tonnes,2121.44,Rs./Quintal
Madhya Pradesh,Cereals,Barley(Jau),December-2023,4780.51,Metric Tonnes,1833.22,Rs./Quintal
Madhya Pradesh,Cereals,Foxtail Millet(Navane),December-2023,90.67,Metric Tonnes,3506.00,Rs./Quintal
Madhya Pradesh,Cereals,Jowar(Sorghum),December-2023,4602.72,Metric Tonnes,3988.55,Rs./Quintal
Madhya Pradesh,Cereals,Kodo Millet(Varagu),December-2023,3068.05,Metric Tonnes,2791.08,Rs./Quintal
Madhya Pradesh,Cereals,Maize,December-2023,552338.97,Metric Tonnes,2006.85,Rs./Quintal
Madhya Pradesh,Cereals,Paddy(Basmati),December-2023,176053.61,Metric Tonnes,4010.63,Rs./Quintal
Madhya Pradesh,Cereals,Paddy(Common),December-2023,362120.58,Metric Tonnes,3658.04,Rs./Quintal
Madhya Pradesh,Cereals,Rice,December-2023,590.50,Metric Tonnes,4327.81,Rs./Quintal
Madhya Pradesh,Cereals,Same/Savi,December-2023,137.20,Metric Tonnes,3124.45,Rs./Quintal
Madhya Pradesh,Cereals,Wheat,December-2023,218909.89,Metric Tonnes,2522.76,Rs./Quintal
Madhya Pradesh,Cereals,Bajra(Pearl Millet/Cumbu),January-2024,644.13,Metric Tonnes,2182.73,Rs./Quintal
Madhya Pradesh,Cereals,Barley(Jau),January-2024,1641.53,Metric Tonnes,1800.15,Rs./Quintal
Madhya Pradesh,Cereals,Jowar(Sorghum),January-2024,154.42,Metric Tonnes,2251.97,Rs./Quintal
Madhya Pradesh,Cereals,Maize,January-2024,201030.61,Metric Tonnes,2048.05,Rs./Quintal
Madhya Pradesh,Cereals,Paddy(Common),January-2024,275111.37,Metric Tonnes,3819.93,Rs./Quintal
Madhya Pradesh,Cereals,Wheat,January-2024,158431.01,Metric Tonnes,2509.87,Rs./Quintal
Madhya Pradesh,Cereals,Bajra(Pearl Millet/Cumbu),February-2024,578.88,Metric Tonnes,2231.84,Rs./Quintal
Madhya Pradesh,Cereals,Barley(Jau),February-2024,1794.49,Metric Tonnes,1873.39,Rs./Quintal
Madhya Pradesh,Cereals,Jowar(Sorghum),February-2024,191.02,Metric Tonnes,2382.85,Rs./Quintal
Madhya Pradesh,Cereals,Kodo Millet(Varagu),February-2024,3.21,Metric Tonnes,2475.00,Rs./Quintal
Madhya Pradesh,Cereals,Maize,February-2024,129215.66,Metric Tonnes,2080.09,Rs./Quintal
Madhya Pradesh,Cereals,Paddy(Common),February-2024,227340.93,Metric Tonnes,3504.19,Rs./Quintal
Madhya Pradesh,Cereals,Wheat,February-2024,314521.55,Metric Tonnes,2365.37,Rs./Quintal
Madhya Pradesh,Cereals,Bajra(Pearl Millet/Cumbu),March-2024,504.27,Metric Tonnes,2151.16,Rs./Quintal
Madhya Pradesh,Cereals,Barley(Jau),March-2024,7522.95,Metric Tonnes,1883.95,Rs./Quintal
Madhya Pradesh,Cereals,Jowar(Sorghum),March-2024,1314.59,Metric Tonnes,2323.20,Rs./Quintal
Madhya Pradesh,Cereals,Kodo Millet(Varagu),March-2024,29.15,Metric Tonnes,2669.95,Rs./Quintal
Madhya Pradesh,Cereals,Maize,March-2024,100087.06,Metric Tonnes,2066.98,Rs./Quintal
Madhya Pradesh,Cereals,Paddy(Common),March-2024,201191.19,Metric Tonnes,3468.59,Rs./Quintal
Madhya Pradesh,Cereals,Wheat,March-2024,1208395.82,Metric Tonnes,2353.66,Rs./Quintal
Madhya Pradesh,Cereals,Bajra(Pearl Millet/Cumbu),April-2024,814.45,Metric Tonnes,2186.51,Rs./Quintal
Madhya Pradesh,Cereals,Barley(Jau),April-2024,5267.17,Metric Tonnes,1850.59,Rs./Quintal
Madhya Pradesh,Cereals,Jowar(Sorghum),April-2024,244.80,Metric Tonnes,2215.41,Rs./Quintal
Madhya Pradesh,Cereals,Kodo Millet(Varagu),April-2024,3.69,Metric Tonnes,2800.00,Rs./Quintal
Madhya Pradesh,Cereals,Maize,April-2024,170743.25,Metric Tonnes,1975.08,Rs./Quintal
Madhya Pradesh,Cereals,Paddy(Common),April-2024,80554.61,Metric Tonnes,3311.23,Rs./Quintal
Madhya Pradesh,Cereals,Wheat,April-2024,1603551.31,Metric Tonnes,2360.88,Rs./Quintal
Madhya Pradesh,Cereals,Bajra(Pearl Millet/Cumbu),May-2024,298.06,Metric Tonnes,2142.00,Rs./Quintal
Madhya Pradesh,Cereals,Barley(Jau),May-2024,2572.60,Metric Tonnes,2005.88,Rs./Quintal
Madhya Pradesh,Cereals,Jowar(Sorghum),May-2024,1259.42,Metric Tonnes,2211.87,Rs./Quintal
Madhya Pradesh,Cereals,Kodo Millet(Varagu),May-2024,24.70,Metric Tonnes,3025.00,Rs./Quintal
Madhya Pradesh,Cereals,Kutki,May-2024,41.50,Metric Tonnes,3723.49,Rs./Quintal
Madhya Pradesh,Cereals,Maize,May-2024,94675.83,Metric Tonnes,2059.33,Rs./Quintal
Madhya Pradesh,Cereals,Paddy(Common),May-2024,134494.56,Metric Tonnes,2665.86,Rs./Quintal
Madhya Pradesh,Cereals,Wheat,May-2024,1376088.74,Metric Tonnes,2438.96,Rs./Quintal
Madhya Pradesh,Cereals,Bajra(Pearl Millet/Cumbu),June-2024,125.44,Metric Tonnes,2142.50,Rs./Quintal
Madhya Pradesh,Cereals,Barley(Jau),June-2024,1029.65,Metric Tonnes,2115.69,Rs./Quintal
Madhya Pradesh,Cereals,Jowar(Sorghum),June-2024,1802.09,Metric Tonnes,2373.64,Rs./Quintal
Madhya Pradesh,Cereals,Kodo Millet(Varagu),June-2024,4.00,Metric Tonnes,3000.00,Rs./Quintal
Madhya Pradesh,Cereals,Maize,June-2024,39438.73,Metric Tonnes,2090.89,Rs./Quintal
Madhya Pradesh,Cereals,Paddy(Common),June-2024,89980.72,Metric Tonnes,2791.60,Rs./Quintal
Madhya Pradesh,Cereals,Wheat,June-2024,690422.03,Metric Tonnes,2478.00,Rs./Quintal
Madhya Pradesh,Cereals,Bajra(Pearl Millet/Cumbu),July-2024,19.32,Metric Tonnes,2416.60,Rs./Quintal
Madhya Pradesh,Cereals,Barley(Jau),July-2024,936.95,Metric Tonnes,2125.15,Rs./Quintal
Madhya Pradesh,Cereals,Jowar(Sorghum),July-2024,978.03,Metric Tonnes,2403.31,Rs./Quintal
Madhya Pradesh,Cereals,Kodo Millet(Varagu),July-2024,20.28,Metric Tonnes,2461.44,Rs./Quintal
Madhya Pradesh,Cereals,Kutki,July-2024,44.31,Metric Tonnes,3749.35,Rs./Quintal
Madhya Pradesh,Cereals,Maize,July-2024,29194.20,Metric Tonnes,2248.18,Rs./Quintal
Madhya Pradesh,Cereals,Paddy(Common),July-2024,49845.02,Metric Tonnes,2823.54,Rs./Quintal
Madhya Pradesh,Cereals,Ragi(Finger Millet),July-2024,2.79,Metric Tonnes,2725.00,Rs./Quintal
Madhya Pradesh,Cereals,Wheat,July-2024,374616.33,Metric Tonnes,2541.93,Rs./Quintal
Madhya Pradesh,Cereals,Bajra(Pearl Millet/Cumbu),August-2024,566.16,Metric Tonnes,2220.92,Rs./Quintal
Madhya Pradesh,Cereals,Barley(Jau),August-2024,3031.46,Metric Tonnes,2097.63,Rs./Quintal
Madhya Pradesh,Cereals,Jowar(Sorghum),August-2024,1958.19,Metric Tonnes,2489.64,Rs./Quintal
Madhya Pradesh,Cereals,Kodo Millet(Varagu),August-2024,2702.56,Metric Tonnes,3188.62,Rs./Quintal
Madhya Pradesh,Cereals,Kutki,August-2024,860.79,Metric Tonnes,3572.66,Rs./Quintal
Madhya Pradesh,Cereals,Maize,August-2024,26414.24,Metric Tonnes,2295.04,Rs./Quintal
Madhya Pradesh,Cereals,Paddy(Common),August-2024,60920.16,Metric Tonnes,2400.45,Rs./Quintal
Madhya Pradesh,Cereals,Same/Savi,August-2024,184.40,Metric Tonnes,2188.45,Rs./Quintal
Madhya Pradesh,Cereals,Wheat,August-2024,411116.30,Metric Tonnes,2626.61,Rs./Quintal
Madhya Pradesh,Cereals,Bajra(Pearl Millet/Cumbu),September-2024,1189.72,Metric Tonnes,2302.73,Rs./Quintal
Madhya Pradesh,Cereals,Barley(Jau),September-2024,3592.94,Metric Tonnes,2168.50,Rs./Quintal
Madhya Pradesh,Cereals,Jowar(Sorghum),September-2024,1783.15,Metric Tonnes,2557.39,Rs./Quintal
Madhya Pradesh,Cereals,Kodo Millet(Varagu),September-2024,3173.23,Metric Tonnes,3085.42,Rs./Quintal
Madhya Pradesh,Cereals,Kutki,September-2024,1800.85,Metric Tonnes,3493.73,Rs./Quintal
Madhya Pradesh,Cereals,Maize,September-2024,61000.59,Metric Tonnes,1929.76,Rs./Quintal
Madhya Pradesh,Cereals,Paddy(Common),September-2024,34714.66,Metric Tonnes,2469.10,Rs./Quintal
Madhya Pradesh,Cereals,Same/Savi,September-2024,241.41,Metric Tonnes,2122.94,Rs./Quintal
Madhya Pradesh,Cereals,Wheat,September-2024,395284.66,Metric Tonnes,2664.61,Rs./Quintal
Madhya Pradesh,Cereals,Bajra(Pearl Millet/Cumbu),October-2024,14533.96,Metric Tonnes,2389.41,Rs./Quintal
Madhya Pradesh,Cereals,Barley(Jau),October-2024,2411.43,Metric Tonnes,2232.13,Rs./Quintal
Madhya Pradesh,Cereals,Jaee,October-2024,6.92,Metric Tonnes,2742.00,Rs./Quintal
Madhya Pradesh,Cereals,Jowar(Sorghum),October-2024,3541.86,Metric Tonnes,2451.13,Rs./Quintal
Madhya Pradesh,Cereals,Kodo Millet(Varagu),October-2024,2919.76,Metric Tonnes,2715.87,Rs./Quintal
Madhya Pradesh,Cereals,Kutki,October-2024,1277.61,Metric Tonnes,3453.69,Rs./Quintal
Madhya Pradesh,Cereals,Maize,October-2024,620422.95,Metric Tonnes,2041.51,Rs./Quintal
Madhya Pradesh,Cereals,Paddy(Common),October-2024,140668.29,Metric Tonnes,2527.13,Rs./Quintal
Madhya Pradesh,Cereals,Same/Savi,October-2024,312.98,Metric Tonnes,2045.51,Rs./Quintal
Madhya Pradesh,Cereals,Wheat,October-2024,384771.66,Metric Tonnes,2777.68,Rs./Quintal
Madhya Pradesh,Cereals,Bajra(Pearl Millet/Cumbu),November-2024,12106.61,Metric Tonnes,2370.67,Rs./Quintal
Madhya Pradesh,Cereals,Barley(Jau),November-2024,2475.00,Metric Tonnes,2291.92,Rs./Quintal
Madhya Pradesh,Cereals,Jowar(Sorghum),November-2024,8147.56,Metric Tonnes,2529.33,Rs./Quintal
Madhya Pradesh,Cereals,Kodo Millet(Varagu),November-2024,4900.87,Metric Tonnes,2307.33,Rs./Quintal
Madhya Pradesh,Cereals,Kutki,November-2024,563.80,Metric Tonnes,3347.07,Rs./Quintal
Madhya Pradesh,Cereals,Maize,November-2024,1527795.08,Metric Tonnes,2173.51,Rs./Quintal
Madhya Pradesh,Cereals,Paddy(Common),November-2024,712236.12,Metric Tonnes,2768.47,Rs./Quintal
Madhya Pradesh,Cereals,Ragi(Finger Millet),November-2024,35.92,Metric Tonnes,2273.37,Rs./Quintal
Madhya Pradesh,Cereals,Rala,November-2024,1.60,Metric Tonnes,1990.00,Rs./Quintal
Madhya Pradesh,Cereals,Same/Savi,November-2024,490.02,Metric Tonnes,2049.38,Rs./Quintal
Madhya Pradesh,Cereals,Wheat,November-2024,339897.41,Metric Tonnes,2828.41,Rs./Quintal
Madhya Pradesh,Cereals,Bajra(Pearl Millet/Cumbu),December-2024,5611.56,Metric Tonnes,2401.13,Rs./Quintal
Madhya Pradesh,Cereals,Barley(Jau),December-2024,1482.06,Metric Tonnes,2307.27,Rs./Quintal
Madhya Pradesh,Cereals,Jowar(Sorghum),December-2024,6597.34,Metric Tonnes,2994.96,Rs./Quintal
Madhya Pradesh,Cereals,Kodo Millet(Varagu),December-2024,6328.57,Metric Tonnes,2208.99,Rs./Quintal
Madhya Pradesh,Cereals,Kutki,December-2024,1049.14,Metric Tonnes,3237.24,Rs./Quintal
Madhya Pradesh,Cereals,Maize,December-2024,881359.15,Metric Tonnes,2225.44,Rs./Quintal
Madhya Pradesh,Cereals,Paddy(Common),December-2024,828188.12,Metric Tonnes,2739.34,Rs./Quintal
Madhya Pradesh,Cereals,Same/Savi,December-2024,486.06,Metric Tonnes,2048.72,Rs./Quintal
Madhya Pradesh,Cereals,Wheat,December-2024,261918.69,Metric Tonnes,2838.09,Rs./Quintal
Madhya Pradesh,Cereals,Bajra(Pearl Millet/Cumbu),January-2025,4781.00,Metric Tonnes,2461.07,Rs./Quintal
Madhya Pradesh,Cereals,Barley(Jau),January-2025,1701.29,Metric Tonnes,2334.94,Rs./Quintal
Madhya Pradesh,Cereals,Jaee,January-2025,0.48,Metric Tonnes,3071.00,Rs./Quintal
Madhya Pradesh,Cereals,Jowar(Sorghum),January-2025,2004.25,Metric Tonnes,3616.39,Rs./Quintal
Madhya Pradesh,Cereals,Kodo Millet(Varagu),January-2025,5617.40,Metric Tonnes,2328.52,Rs./Quintal
Madhya Pradesh,Cereals,Kutki,January-2025,1220.35,Metric Tonnes,3163.01,Rs./Quintal
Madhya Pradesh,Cereals,Maize,January-2025,337264.05,Metric Tonnes,2258.03,Rs./Quintal
Madhya Pradesh,Cereals,Paddy(Common),January-2025,709591.41,Metric Tonnes,2808.62,Rs./Quintal
Madhya Pradesh,Cereals,Same/Savi,January-2025,267.13,Metric Tonnes,2116.12,Rs./Quintal
Madhya Pradesh,Cereals,Wheat,January-2025,248041.73,Metric Tonnes,2969.82,Rs./Quintal
Madhya Pradesh,Cereals,Bajra(Pearl Millet/Cumbu),February-2025,3653.27,Metric Tonnes,2368.30,Rs./Quintal
Madhya Pradesh,Cereals,Barley(Jau),February-2025,1489.07,Metric Tonnes,2355.25,Rs./Quintal
Madhya Pradesh,Cereals,Jaee,February-2025,5.31,Metric Tonnes,2500.00,Rs./Quintal
Madhya Pradesh,Cereals,Jowar(Sorghum),February-2025,733.18,Metric Tonnes,2519.76,Rs./Quintal
Madhya Pradesh,Cereals,Kodo Millet(Varagu),February-2025,2224.26,Metric Tonnes,2336.86,Rs./Quintal
Madhya Pradesh,Cereals,Kutki,February-2025,444.47,Metric Tonnes,3210.47,Rs./Quintal
Madhya Pradesh,Cereals,Maize,February-2025,182074.89,Metric Tonnes,2202.27,Rs./Quintal
Madhya Pradesh,Cereals,Paddy(Basmati),February-2025,325.60,Metric Tonnes,2572.22,Rs./Quintal
Madhya Pradesh,Cereals,Paddy(Common),February-2025,406656.68,Metric Tonnes,2678.82,Rs./Quintal
Madhya Pradesh,Cereals,Ragi(Finger Millet),February-2025,0.99,Metric Tonnes,2800.00,Rs./Quintal
Madhya Pradesh,Cereals,Same/Savi,February-2025,79.24,Metric Tonnes,2218.80,Rs./Quintal
Madhya Pradesh,Cereals,Wheat,February-2025,286684.76,Metric Tonnes,2913.55,Rs./Quintal
Madhya Pradesh,Cereals,Bajra(Pearl Millet/Cumbu),March-2025,2187.10,Metric Tonnes,2278.47,Rs./Quintal
Madhya Pradesh,Cereals,Barley(Jau),March-2025,13920.33,Metric Tonnes,2032.74,Rs./Quintal
Madhya Pradesh,Cereals,Jaee,March-2025,3.56,Metric Tonnes,2324.00,Rs./Quintal
Madhya Pradesh,Cereals,Jowar(Sorghum),March-2025,635.70,Metric Tonnes,2205.60,Rs./Quintal
Madhya Pradesh,Cereals,Kodo Millet(Varagu),March-2025,1901.72,Metric Tonnes,2241.24,Rs./Quintal
Madhya Pradesh,Cereals,Kutki,March-2025,435.26,Metric Tonnes,3141.87,Rs./Quintal
Madhya Pradesh,Cereals,Maize,March-2025,190192.62,Metric Tonnes,2093.00,Rs./Quintal
Madhya Pradesh,Cereals,Paddy(Basmati),March-2025,1655.70,Metric Tonnes,2574.63,Rs./Quintal
Madhya Pradesh,Cereals,Paddy(Common),March-2025,294280.57,Metric Tonnes,2627.30,Rs./Quintal
Madhya Pradesh,Cereals,Same/Savi,March-2025,100.70,Metric Tonnes,2124.33,Rs./Quintal
Madhya Pradesh,Cereals,Wheat,March-2025,1851388.01,Metric Tonnes,2512.63,Rs./Quintal
Madhya Pradesh,Cereals,Bajra(Pearl Millet/Cumbu),April-2025,1586.94,Metric Tonnes,2204.60,Rs./Quintal
Madhya Pradesh,Cereals,Barley(Jau),April-2025,10919.58,Metric Tonnes,2168.46,Rs./Quintal
Madhya Pradesh,Cereals,Jaee,April-2025,1525.04,Metric Tonnes,2700.00,Rs./Quintal
Madhya Pradesh,Cereals,Jowar(Sorghum),April-2025,684.59,Metric Tonnes,2207.19,Rs./Quintal
Madhya Pradesh,Cereals,Kodo Millet(Varagu),April-2025,1855.20,Metric Tonnes,2303.73,Rs./Quintal
Madhya Pradesh,Cereals,Kutki,April-2025,278.74,Metric Tonnes,3206.04,Rs./Quintal
Madhya Pradesh,Cereals,Maize,April-2025,426309.89,Metric Tonnes,1931.95,Rs./Quintal
Madhya Pradesh,Cereals,Paddy(Basmati),April-2025,20549.90,Metric Tonnes,3206.89,Rs./Quintal
Madhya Pradesh,Cereals,Paddy(Common),April-2025,74916.32,Metric Tonnes,2758.99,Rs./Quintal
Madhya Pradesh,Cereals,Same/Savi,April-2025,90.51,Metric Tonnes,2111.99,Rs./Quintal
Madhya Pradesh,Cereals,Wheat,April-2025,2528131.50,Metric Tonnes,2477.25,Rs./Quintal
Madhya Pradesh,Cereals,Bajra(Pearl Millet/Cumbu),May-2025,1203.61,Metric Tonnes,2208.07,Rs./Quintal
Madhya Pradesh,Cereals,Barley(Jau),May-2025,5465.88,Metric Tonnes,2187.71,Rs./Quintal
Madhya Pradesh,Cereals,Jaee,May-2025,182.20,Metric Tonnes,2700.00,Rs./Quintal
Madhya Pradesh,Cereals,Jowar(Sorghum),May-2025,214.62,Metric Tonnes,2086.07,Rs./Quintal
Madhya Pradesh,Cereals,Kodo Millet(Varagu),May-2025,964.87,Metric Tonnes,2273.98,Rs./Quintal
Madhya Pradesh,Cereals,Kutki,May-2025,469.90,Metric Tonnes,3143.25,Rs./Quintal
Madhya Pradesh,Cereals,Maize,May-2025,389448.21,Metric Tonnes,1987.62,Rs./Quintal
Madhya Pradesh,Cereals,Paddy(Basmati),May-2025,11173.00,Metric Tonnes,3074.57,Rs./Quintal
Madhya Pradesh,Cereals,Paddy(Common),May-2025,103545.66,Metric Tonnes,2511.36,Rs./Quintal
Madhya Pradesh,Cereals,Same/Savi,May-2025,80.28,Metric Tonnes,2100.24,Rs./Quintal
Madhya Pradesh,Cereals,Wheat,May-2025,1643113.36,Metric Tonnes,2542.71,Rs./Quintal
Madhya Pradesh,Cereals,Bajra(Pearl Millet/Cumbu),June-2025,661.94,Metric Tonnes,2224.14,Rs./Quintal
Madhya Pradesh,Cereals,Barley(Jau),June-2025,5326.38,Metric Tonnes,2234.26,Rs./Quintal
Madhya Pradesh,Cereals,Jaee,June-2025,61.16,Metric Tonnes,2700.00,Rs./Quintal
Madhya Pradesh,Cereals,Jowar(Sorghum),June-2025,818.62,Metric Tonnes,2220.24,Rs./Quintal
Madhya Pradesh,Cereals,Kodo Millet(Varagu),June-2025,1643.07,Metric Tonnes,2342.98,Rs./Quintal
Madhya Pradesh,Cereals,Kutki,June-2025,748.34,Metric Tonnes,3298.97,Rs./Quintal
Madhya Pradesh,Cereals,Maize,June-2025,78324.59,Metric Tonnes,2059.93,Rs./Quintal
Madhya Pradesh,Cereals,Paddy(Basmati),June-2025,12415.00,Metric Tonnes,3615.92,Rs./Quintal
Madhya Pradesh,Cereals,Paddy(Common),June-2025,60088.72,Metric Tonnes,2275.97,Rs./Quintal
Madhya Pradesh,Cereals,Same/Savi,June-2025,58.00,Metric Tonnes,2000.00,Rs./Quintal
Madhya Pradesh,Cereals,Wheat,June-2025,797336.55,Metric Tonnes,2510.29,Rs./Quintal
Madhya Pradesh,Cereals,Bajra(Pearl Millet/Cumbu),July-2025,734.20,Metric Tonnes,2235.49,Rs./Quintal
Madhya Pradesh,Cereals,Barley(Jau),July-2025,1953.27,Metric Tonnes,2214.38,Rs./Quintal
Madhya Pradesh,Cereals,Jowar(Sorghum),July-2025,703.07,Metric Tonnes,2227.23,Rs./Quintal
Madhya Pradesh,Cereals,Kodo Millet(Varagu),July-2025,1683.55,Metric Tonnes,2313.35,Rs./Quintal
Madhya Pradesh,Cereals,Kutki,July-2025,1306.19,Metric Tonnes,3319.35,Rs./Quintal
Madhya Pradesh,Cereals,Maize,July-2025,44417.62,Metric Tonnes,2155.54,Rs./Quintal
Madhya Pradesh,Cereals,Paddy(Basmati),July-2025,4683.00,Metric Tonnes,3514.46,Rs./Quintal
Madhya Pradesh,Cereals,Paddy(Common),July-2025,41642.87,Metric Tonnes,2452.57,Rs./Quintal
Madhya Pradesh,Cereals,Same/Savi,July-2025,145.50,Metric Tonnes,2000.00,Rs./Quintal
Madhya Pradesh,Cereals,Wheat,July-2025,566418.03,Metric Tonnes,2543.62,Rs./Quintal
Madhya Pradesh,Cereals,Bajra(Pearl Millet/Cumbu),August-2025,547.27,Metric Tonnes,2091.45,Rs./Quintal
Madhya Pradesh,Cereals,Barley(Jau),August-2025,1853.15,Metric Tonnes,2264.44,Rs./Quintal
Madhya Pradesh,Cereals,Jowar(Sorghum),August-2025,205.62,Metric Tonnes,2487.05,Rs./Quintal
Madhya Pradesh,Cereals,Kodo Millet(Varagu),August-2025,1597.77,Metric Tonnes,2040.31,Rs./Quintal
Madhya Pradesh,Cereals,Kutki,August-2025,1380.73,Metric Tonnes,3555.87,Rs./Quintal
Madhya Pradesh,Cereals,Maize,August-2025,29612.04,Metric Tonnes,2157.37,Rs./Quintal
Madhya Pradesh,Cereals,Paddy(Basmati),August-2025,8070.00,Metric Tonnes,3825.93,Rs./Quintal
Madhya Pradesh,Cereals,Paddy(Common),August-2025,36789.12,Metric Tonnes,2463.64,Rs./Quintal
Madhya Pradesh,Cereals,Same/Savi,August-2025,109.50,Metric Tonnes,2147.95,Rs./Quintal
Madhya Pradesh,Cereals,Wheat,August-2025,519604.61,Metric Tonnes,2619.09,Rs./Quintal
Madhya Pradesh,Cereals,Bajra(Pearl Millet/Cumbu),September-2025,1529.47,Metric Tonnes,2207.45,Rs./Quintal
Madhya Pradesh,Cereals,Barley(Jau),September-2025,2532.25,Metric Tonnes,2250.40,Rs./Quintal
Madhya Pradesh,Cereals,Jowar(Sorghum),September-2025,172.95,Metric Tonnes,2415.52,Rs./Quintal
Madhya Pradesh,Cereals,Kodo Millet(Varagu),September-2025,1258.48,Metric Tonnes,2324.86,Rs./Quintal
Madhya Pradesh,Cereals,Kutki,September-2025,939.24,Metric Tonnes,3388.96,Rs./Quintal
Madhya Pradesh,Cereals,Maize,September-2025,68047.98,Metric Tonnes,1703.61,Rs./Quintal
Madhya Pradesh,Cereals,Paddy(Basmati),September-2025,12877.00,Metric Tonnes,2858.92,Rs./Quintal
Madhya Pradesh,Cereals,Paddy(Common),September-2025,47930.10,Metric Tonnes,2538.72,Rs./Quintal
Madhya Pradesh,Cereals,Same/Savi,September-2025,173.70,Metric Tonnes,2192.98,Rs./Quintal
Madhya Pradesh,Cereals,Wheat,September-2025,590006.59,Metric Tonnes,2591.14,Rs./Quintal
Madhya Pradesh,Cereals,Bajra(Pearl Millet/Cumbu),October-2025,4083.29,Metric Tonnes,2123.20,Rs./Quintal
Madhya Pradesh,Cereals,Barley(Jau),October-2025,1482.81,Metric Tonnes,2222.63,Rs./Quintal
Madhya Pradesh,Cereals,Jowar(Sorghum),October-2025,180.73,Metric Tonnes,2428.99,Rs./Quintal
Madhya Pradesh,Cereals,Kodo Millet(Varagu),October-2025,1192.18,Metric Tonnes,2225.97,Rs./Quintal
Madhya Pradesh,Cereals,Kutki,October-2025,231.66,Metric Tonnes,3304.33,Rs./Quintal
Madhya Pradesh,Cereals,Maize,October-2025,386896.99,Metric Tonnes,1579.89,Rs./Quintal
Madhya Pradesh,Cereals,Paddy(Basmati),October-2025,7692.90,Metric Tonnes,2887.50,Rs./Quintal
Madhya Pradesh,Cereals,Paddy(Common),October-2025,138996.80,Metric Tonnes,2528.46,Rs./Quintal
Madhya Pradesh,Cereals,Same/Savi,October-2025,147.72,Metric Tonnes,2077.00,Rs./Quintal
Madhya Pradesh,Cereals,Wheat,October-2025,411227.89,Metric Tonnes,2527.14,Rs./Quintal
Madhya Pradesh,Cereals,Bajra(Pearl Millet/Cumbu),November-2025,11237.95,Metric Tonnes,2111.62,Rs./Quintal
Madhya Pradesh,Cereals,Barley(Jau),November-2025,2240.82,Metric Tonnes,2226.42,Rs./Quintal
Madhya Pradesh,Cereals,Jowar(Sorghum),November-2025,2973.39,Metric Tonnes,2459.95,Rs./Quintal
Madhya Pradesh,Cereals,Kodo Millet(Varagu),November-2025,2828.60,Metric Tonnes,2041.53,Rs./Quintal
Madhya Pradesh,Cereals,Kutki,November-2025,237.57,Metric Tonnes,3301.87,Rs./Quintal
Madhya Pradesh,Cereals,Maize,November-2025,1604764.49,Metric Tonnes,1555.68,Rs./Quintal
Madhya Pradesh,Cereals,Paddy(Common),November-2025,800564.59,Metric Tonnes,2776.45,Rs./Quintal
Madhya Pradesh,Cereals,Same/Savi,November-2025,86.00,Metric Tonnes,2106.98,Rs./Quintal
Madhya Pradesh,Cereals,Wheat,November-2025,476622.05,Metric Tonnes,2486.66,Rs./Quintal
Madhya Pradesh,Cereals,Bajra(Pearl Millet/Cumbu),December-2025,7700.00,Metric Tonnes,2106.97,Rs./Quintal
Madhya Pradesh,Cereals,Barley(Jau),December-2025,1478.78,Metric Tonnes,2248.97,Rs./Quintal
Madhya Pradesh,Cereals,Jowar(Sorghum),December-2025,4134.50,Metric Tonnes,4202.92,Rs./Quintal
Madhya Pradesh,Cereals,Kodo Millet(Varagu),December-2025,3575.50,Metric Tonnes,2021.66,Rs./Quintal
Madhya Pradesh,Cereals,Kutki,December-2025,716.83,Metric Tonnes,3284.34,Rs./Quintal
Madhya Pradesh,Cereals,Maize,December-2025,1683600.82,Metric Tonnes,1615.50,Rs./Quintal
Madhya Pradesh,Cereals,Paddy(Common),December-2025,1001654.42,Metric Tonnes,3222.41,Rs./Quintal
Madhya Pradesh,Cereals,Ragi(Finger Millet),December-2025,1.00,Metric Tonnes,4400.00,Rs./Quintal
Madhya Pradesh,Cereals,Same/Savi,December-2025,106.01,Metric Tonnes,2149.98,Rs./Quintal
Madhya Pradesh,Cereals,Wheat,December-2025,480812.25,Metric Tonnes,2489.16,Rs./Quintal
Maharashtra,Cereals,Bajra(Pearl Millet/Cumbu),January-2023,2791.00,Metric Tonnes,2974.53,Rs./Quintal
Maharashtra,Cereals,Jowar(Sorghum),January-2023,5757.00,Metric Tonnes,3974.43,Rs./Quintal
Maharashtra,Cereals,Maize,January-2023,49564.00,Metric Tonnes,2096.96,Rs./Quintal
Maharashtra,Cereals,Paddy(Common),January-2023,10227.00,Metric Tonnes,2273.12,Rs./Quintal
Maharashtra,Cereals,Ragi(Finger Millet),January-2023,4.00,Metric Tonnes,3800.00,Rs./Quintal
Maharashtra,Cereals,Rice,January-2023,6884.00,Metric Tonnes,3978.33,Rs./Quintal
Maharashtra,Cereals,Wheat,January-2023,18711.00,Metric Tonnes,3680.20,Rs./Quintal
Maharashtra,Cereals,Bajra(Pearl Millet/Cumbu),February-2023,3195.00,Metric Tonnes,3009.80,Rs./Quintal
Maharashtra,Cereals,Jowar(Sorghum),February-2023,11370.00,Metric Tonnes,4009.87,Rs./Quintal
Maharashtra,Cereals,Maize,February-2023,29227.00,Metric Tonnes,2070.01,Rs./Quintal
Maharashtra,Cereals,Paddy(Common),February-2023,7941.00,Metric Tonnes,2387.93,Rs./Quintal
Maharashtra,Cereals,Ragi(Finger Millet),February-2023,6.00,Metric Tonnes,3875.00,Rs./Quintal
Maharashtra,Cereals,Rice,February-2023,11974.00,Metric Tonnes,4228.41,Rs./Quintal
Maharashtra,Cereals,Wheat,February-2023,38509.00,Metric Tonnes,3157.77,Rs./Quintal
Maharashtra,Cereals,Bajra(Pearl Millet/Cumbu),March-2023,3077.00,Metric Tonnes,2860.46,Rs./Quintal
Maharashtra,Cereals,Jowar(Sorghum),March-2023,24614.00,Metric Tonnes,3821.36,Rs./Quintal
Maharashtra,Cereals,Maize,March-2023,21355.00,Metric Tonnes,2051.44,Rs./Quintal
Maharashtra,Cereals,Paddy(Common),March-2023,5518.00,Metric Tonnes,2472.47,Rs./Quintal
Maharashtra,Cereals,Ragi(Finger Millet),March-2023,2.00,Metric Tonnes,3900.00,Rs./Quintal
Maharashtra,Cereals,Rice,March-2023,14636.00,Metric Tonnes,4249.68,Rs./Quintal
Maharashtra,Cereals,Wheat,March-2023,98903.00,Metric Tonnes,2663.70,Rs./Quintal
Maharashtra,Cereals,Bajra(Pearl Millet/Cumbu),April-2023,7385.00,Metric Tonnes,2740.87,Rs./Quintal
Maharashtra,Cereals,Jowar(Sorghum),April-2023,26301.84,Metric Tonnes,3449.61,Rs./Quintal
Maharashtra,Cereals,Maize,April-2023,63537.02,Metric Tonnes,1917.06,Rs./Quintal
Maharashtra,Cereals,Paddy(Common),April-2023,3324.00,Metric Tonnes,2567.71,Rs./Quintal
Maharashtra,Cereals,Rice,April-2023,13420.00,Metric Tonnes,4501.01,Rs./Quintal
Maharashtra,Cereals,Wheat,April-2023,83063.16,Metric Tonnes,2764.10,Rs./Quintal
Maharashtra,Cereals,Bajra(Pearl Millet/Cumbu),May-2023,18067.00,Metric Tonnes,2323.58,Rs./Quintal
Maharashtra,Cereals,Jowar(Sorghum),May-2023,23171.00,Metric Tonnes,3410.85,Rs./Quintal
Maharashtra,Cereals,Maize,May-2023,90505.37,Metric Tonnes,1723.79,Rs./Quintal
Maharashtra,Cereals,Paddy(Common),May-2023,5572.00,Metric Tonnes,2470.08,Rs./Quintal
Maharashtra,Cereals,Rice,May-2023,13345.00,Metric Tonnes,4132.59,Rs./Quintal
Maharashtra,Cereals,Wheat,May-2023,59430.13,Metric Tonnes,2830.44,Rs./Quintal
Maharashtra,Cereals,Bajra(Pearl Millet/Cumbu),June-2023,6660.85,Metric Tonnes,2517.62,Rs./Quintal
Maharashtra,Cereals,Jowar(Sorghum),June-2023,17909.75,Metric Tonnes,3702.42,Rs./Quintal
Maharashtra,Cereals,Maize,June-2023,27592.15,Metric Tonnes,1847.44,Rs./Quintal
Maharashtra,Cereals,Paddy(Common),June-2023,6655.00,Metric Tonnes,2454.25,Rs./Quintal
Maharashtra,Cereals,Rice,June-2023,10088.00,Metric Tonnes,3901.01,Rs./Quintal
Maharashtra,Cereals,Wheat,June-2023,49910.87,Metric Tonnes,3173.22,Rs./Quintal
Maharashtra,Cereals,Bajra(Pearl Millet/Cumbu),July-2023,5204.45,Metric Tonnes,2707.27,Rs./Quintal
Maharashtra,Cereals,Jowar(Sorghum),July-2023,13842.95,Metric Tonnes,4203.84,Rs./Quintal
Maharashtra,Cereals,Maize,July-2023,7742.29,Metric Tonnes,2177.77,Rs./Quintal
Maharashtra,Cereals,Paddy(Common),July-2023,5815.00,Metric Tonnes,2583.63,Rs./Quintal
Maharashtra,Cereals,Rice,July-2023,15291.00,Metric Tonnes,4387.69,Rs./Quintal
Maharashtra,Cereals,Wheat,July-2023,36669.32,Metric Tonnes,3340.81,Rs./Quintal
Maharashtra,Cereals,Bajra(Pearl Millet/Cumbu),August-2023,5003.15,Metric Tonnes,2739.56,Rs./Quintal
Maharashtra,Cereals,Jowar(Sorghum),August-2023,11772.54,Metric Tonnes,4286.68,Rs./Quintal
Maharashtra,Cereals,Maize,August-2023,4301.25,Metric Tonnes,2439.05,Rs./Quintal
Maharashtra,Cereals,Paddy(Common),August-2023,4714.00,Metric Tonnes,2682.73,Rs./Quintal
Maharashtra,Cereals,Ragi(Finger Millet),August-2023,8.00,Metric Tonnes,3500.00,Rs./Quintal
Maharashtra,Cereals,Rice,August-2023,12139.00,Metric Tonnes,4088.53,Rs./Quintal
Maharashtra,Cereals,Wheat,August-2023,37488.50,Metric Tonnes,3416.23,Rs./Quintal
Maharashtra,Cereals,Bajra(Pearl Millet/Cumbu),September-2023,3803.59,Metric Tonnes,2746.24,Rs./Quintal
Maharashtra,Cereals,Jowar(Sorghum),September-2023,9154.76,Metric Tonnes,4487.41,Rs./Quintal
Maharashtra,Cereals,Maize,September-2023,2474.15,Metric Tonnes,2622.32,Rs./Quintal
Maharashtra,Cereals,Paddy(Common),September-2023,4168.00,Metric Tonnes,2800.78,Rs./Quintal
Maharashtra,Cereals,Rice,September-2023,9231.00,Metric Tonnes,4119.81,Rs./Quintal
Maharashtra,Cereals,Wheat,September-2023,28380.99,Metric Tonnes,3530.83,Rs./Quintal
Maharashtra,Cereals,Bajra(Pearl Millet/Cumbu),October-2023,4564.42,Metric Tonnes,2731.92,Rs./Quintal
Maharashtra,Cereals,Jowar(Sorghum),October-2023,9822.98,Metric Tonnes,4521.67,Rs./Quintal
Maharashtra,Cereals,Maize,October-2023,36804.45,Metric Tonnes,1957.04,Rs./Quintal
Maharashtra,Cereals,Paddy(Common),October-2023,3697.00,Metric Tonnes,2785.61,Rs./Quintal
Maharashtra,Cereals,Ragi(Finger Millet),October-2023,1.00,Metric Tonnes,4150.00,Rs./Quintal
Maharashtra,Cereals,Rice,October-2023,13218.00,Metric Tonnes,4602.41,Rs./Quintal
Maharashtra,Cereals,Wheat,October-2023,33165.05,Metric Tonnes,3566.23,Rs./Quintal
Maharashtra,Cereals,Bajra(Pearl Millet/Cumbu),November-2023,3872.64,Metric Tonnes,3078.35,Rs./Quintal
Maharashtra,Cereals,Jowar(Sorghum),November-2023,9003.27,Metric Tonnes,4752.59,Rs./Quintal
Maharashtra,Cereals,Maize,November-2023,104105.17,Metric Tonnes,2112.54,Rs./Quintal
Maharashtra,Cereals,Paddy(Common),November-2023,12349.96,Metric Tonnes,2663.92,Rs./Quintal
Maharashtra,Cereals,Ragi(Finger Millet),November-2023,5.00,Metric Tonnes,4260.00,Rs./Quintal
Maharashtra,Cereals,Rice,November-2023,6815.00,Metric Tonnes,3837.85,Rs./Quintal
Maharashtra,Cereals,Wheat,November-2023,25051.38,Metric Tonnes,3651.28,Rs./Quintal
Maharashtra,Cereals,Bajra(Pearl Millet/Cumbu),December-2023,4198.00,Metric Tonnes,3113.12,Rs./Quintal
Maharashtra,Cereals,Jowar(Sorghum),December-2023,7087.65,Metric Tonnes,4599.14,Rs./Quintal
Maharashtra,Cereals,Maize,December-2023,113656.00,Metric Tonnes,2113.62,Rs./Quintal
Maharashtra,Cereals,Paddy(Common),December-2023,28897.00,Metric Tonnes,2814.19,Rs./Quintal
Maharashtra,Cereals,Rice,December-2023,8090.00,Metric Tonnes,4401.45,Rs./Quintal
Maharashtra,Cereals,Wheat,December-2023,12906.15,Metric Tonnes,2975.00,Rs./Quintal
Maharashtra,Cereals,Bajra(Pearl Millet/Cumbu),January-2024,4581.00,Metric Tonnes,2967.55,Rs./Quintal
Maharashtra,Cereals,Jowar(Sorghum),January-2024,5895.00,Metric Tonnes,4679.64,Rs./Quintal
Maharashtra,Cereals,Maize,January-2024,73538.00,Metric Tonnes,2165.22,Rs./Quintal
Maharashtra,Cereals,Paddy(Common),January-2024,13506.00,Metric Tonnes,2751.17,Rs./Quintal
Maharashtra,Cereals,Ragi(Finger Millet),January-2024,1.00,Metric Tonnes,4350.00,Rs./Quintal
Maharashtra,Cereals,Rice,January-2024,6206.00,Metric Tonnes,4173.27,Rs./Quintal
Maharashtra,Cereals,Wheat,January-2024,10618.00,Metric Tonnes,2841.14,Rs./Quintal
Maharashtra,Cereals,Bajra(Pearl Millet/Cumbu),February-2024,3568.60,Metric Tonnes,2921.46,Rs./Quintal
Maharashtra,Cereals,Jowar(Sorghum),February-2024,19096.40,Metric Tonnes,3630.47,Rs./Quintal
Maharashtra,Cereals,Maize,February-2024,33019.00,Metric Tonnes,2178.65,Rs./Quintal
Maharashtra,Cereals,Paddy(Common),February-2024,7011.10,Metric Tonnes,2739.18,Rs./Quintal
Maharashtra,Cereals,Ragi(Finger Millet),February-2024,2.80,Metric Tonnes,4342.86,Rs./Quintal
Maharashtra,Cereals,Rice,February-2024,5729.10,Metric Tonnes,4231.38,Rs./Quintal
Maharashtra,Cereals,Wheat,February-2024,22572.20,Metric Tonnes,2609.21,Rs./Quintal
Maharashtra,Cereals,Bajra(Pearl Millet/Cumbu),March-2024,3737.34,Metric Tonnes,2906.90,Rs./Quintal
Maharashtra,Cereals,Jowar(Sorghum),March-2024,33839.92,Metric Tonnes,3094.44,Rs./Quintal
Maharashtra,Cereals,Maize,March-2024,33571.06,Metric Tonnes,2154.76,Rs./Quintal
Maharashtra,Cereals,Paddy(Common),March-2024,8038.70,Metric Tonnes,2664.56,Rs./Quintal
Maharashtra,Cereals,Ragi(Finger Millet),March-2024,8.10,Metric Tonnes,4237.65,Rs./Quintal
Maharashtra,Cereals,Rice,March-2024,9386.80,Metric Tonnes,4483.35,Rs./Quintal
Maharashtra,Cereals,Wheat,March-2024,58863.29,Metric Tonnes,2588.61,Rs./Quintal
Maharashtra,Cereals,Bajra(Pearl Millet/Cumbu),April-2024,4865.70,Metric Tonnes,2591.36,Rs./Quintal
Maharashtra,Cereals,Jowar(Sorghum),April-2024,22303.97,Metric Tonnes,2964.55,Rs./Quintal
Maharashtra,Cereals,Maize,April-2024,32417.77,Metric Tonnes,2089.88,Rs./Quintal
Maharashtra,Cereals,Paddy(Common),April-2024,8083.40,Metric Tonnes,2593.25,Rs./Quintal
Maharashtra,Cereals,Ragi(Finger Millet),April-2024,5.50,Metric Tonnes,4143.64,Rs./Quintal
Maharashtra,Cereals,Rice,April-2024,7079.80,Metric Tonnes,4633.41,Rs./Quintal
Maharashtra,Cereals,Wheat,April-2024,43988.51,Metric Tonnes,3186.15,Rs./Quintal
Maharashtra,Cereals,Bajra(Pearl Millet/Cumbu),May-2024,12031.17,Metric Tonnes,2373.17,Rs./Quintal
Maharashtra,Cereals,Jowar(Sorghum),May-2024,30280.14,Metric Tonnes,2850.49,Rs./Quintal
Maharashtra,Cereals,Maize,May-2024,38936.13,Metric Tonnes,2164.06,Rs./Quintal
Maharashtra,Cereals,Paddy(Common),May-2024,5002.43,Metric Tonnes,2633.80,Rs./Quintal
Maharashtra,Cereals,Ragi(Finger Millet),May-2024,7.40,Metric Tonnes,4217.57,Rs./Quintal
Maharashtra,Cereals,Rice,May-2024,6508.70,Metric Tonnes,4405.33,Rs./Quintal
Maharashtra,Cereals,Wheat,May-2024,39457.41,Metric Tonnes,3210.58,Rs./Quintal
Maharashtra,Cereals,Bajra(Pearl Millet/Cumbu),June-2024,4598.90,Metric Tonnes,2533.19,Rs./Quintal
Maharashtra,Cereals,Jowar(Sorghum),June-2024,20573.77,Metric Tonnes,2921.43,Rs./Quintal
Maharashtra,Cereals,Maize,June-2024,6502.50,Metric Tonnes,2341.44,Rs./Quintal
Maharashtra,Cereals,Paddy(Common),June-2024,5394.20,Metric Tonnes,2756.90,Rs./Quintal
Maharashtra,Cereals,Ragi(Finger Millet),June-2024,7.80,Metric Tonnes,4266.03,Rs./Quintal
Maharashtra,Cereals,Rice,June-2024,4793.30,Metric Tonnes,4207.31,Rs./Quintal
Maharashtra,Cereals,Wheat,June-2024,14728.34,Metric Tonnes,2771.89,Rs./Quintal
Maharashtra,Cereals,Bajra(Pearl Millet/Cumbu),July-2024,5154.21,Metric Tonnes,2729.16,Rs./Quintal
Maharashtra,Cereals,Jowar(Sorghum),July-2024,17547.20,Metric Tonnes,3146.10,Rs./Quintal
Maharashtra,Cereals,Maize,July-2024,2132.08,Metric Tonnes,2567.05,Rs./Quintal
Maharashtra,Cereals,Paddy(Common),July-2024,4004.10,Metric Tonnes,2834.63,Rs./Quintal
Maharashtra,Cereals,Ragi(Finger Millet),July-2024,7.50,Metric Tonnes,4296.00,Rs./Quintal
Maharashtra,Cereals,Rice,July-2024,6261.60,Metric Tonnes,4367.75,Rs./Quintal
Maharashtra,Cereals,Wheat,July-2024,12440.75,Metric Tonnes,2839.01,Rs./Quintal
Maharashtra,Cereals,Bajra(Pearl Millet/Cumbu),August-2024,5682.07,Metric Tonnes,2748.44,Rs./Quintal
Maharashtra,Cereals,Jowar(Sorghum),August-2024,18766.90,Metric Tonnes,3090.29,Rs./Quintal
Maharashtra,Cereals,Maize,August-2024,1270.69,Metric Tonnes,2660.24,Rs./Quintal
Maharashtra,Cereals,Paddy(Common),August-2024,4205.90,Metric Tonnes,2948.89,Rs./Quintal
Maharashtra,Cereals,Ragi(Finger Millet),August-2024,25.60,Metric Tonnes,4592.77,Rs./Quintal
Maharashtra,Cereals,Rice,August-2024,5311.90,Metric Tonnes,4357.73,Rs./Quintal
Maharashtra,Cereals,Wheat,August-2024,12236.22,Metric Tonnes,2928.24,Rs./Quintal
Maharashtra,Cereals,Bajra(Pearl Millet/Cumbu),September-2024,7034.03,Metric Tonnes,2677.40,Rs./Quintal
Maharashtra,Cereals,Jowar(Sorghum),September-2024,18856.22,Metric Tonnes,3038.45,Rs./Quintal
Maharashtra,Cereals,Maize,September-2024,12290.74,Metric Tonnes,1856.59,Rs./Quintal
Maharashtra,Cereals,Paddy(Common),September-2024,4563.60,Metric Tonnes,3021.54,Rs./Quintal
Maharashtra,Cereals,Ragi(Finger Millet),September-2024,6.80,Metric Tonnes,4625.74,Rs./Quintal
Maharashtra,Cereals,Rice,September-2024,5340.70,Metric Tonnes,4502.33,Rs./Quintal
Maharashtra,Cereals,Wheat,September-2024,13377.37,Metric Tonnes,2867.66,Rs./Quintal
Maharashtra,Cereals,Bajra(Pearl Millet/Cumbu),October-2024,5521.75,Metric Tonnes,2748.81,Rs./Quintal
Maharashtra,Cereals,Jowar(Sorghum),October-2024,13485.13,Metric Tonnes,3047.48,Rs./Quintal
Maharashtra,Cereals,Maize,October-2024,112252.93,Metric Tonnes,2044.29,Rs./Quintal
Maharashtra,Cereals,Paddy(Common),October-2024,4233.60,Metric Tonnes,2980.90,Rs./Quintal
Maharashtra,Cereals,Ragi(Finger Millet),October-2024,7.90,Metric Tonnes,4725.95,Rs./Quintal
Maharashtra,Cereals,Rice,October-2024,5731.00,Metric Tonnes,4522.11,Rs./Quintal
Maharashtra,Cereals,Wheat,October-2024,12273.81,Metric Tonnes,3136.55,Rs./Quintal
Maharashtra,Cereals,Bajra(Pearl Millet/Cumbu),November-2024,5118.52,Metric Tonnes,2987.29,Rs./Quintal
Maharashtra,Cereals,Jowar(Sorghum),November-2024,13747.25,Metric Tonnes,3144.10,Rs./Quintal
Maharashtra,Cereals,Maize,November-2024,232431.16,Metric Tonnes,2043.13,Rs./Quintal
Maharashtra,Cereals,Paddy(Common),November-2024,10959.00,Metric Tonnes,2695.24,Rs./Quintal
Maharashtra,Cereals,Ragi(Finger Millet),November-2024,6.90,Metric Tonnes,4845.65,Rs./Quintal
Maharashtra,Cereals,Rice,November-2024,5170.60,Metric Tonnes,4620.15,Rs./Quintal
Maharashtra,Cereals,Wheat,November-2024,21700.36,Metric Tonnes,3823.62,Rs./Quintal
Maharashtra,Cereals,Bajra(Pearl Millet/Cumbu),December-2024,5475.99,Metric Tonnes,3063.16,Rs./Quintal
Maharashtra,Cereals,Jowar(Sorghum),December-2024,17098.29,Metric Tonnes,3134.75,Rs./Quintal
Maharashtra,Cereals,Maize,December-2024,170491.49,Metric Tonnes,2143.72,Rs./Quintal
Maharashtra,Cereals,Paddy(Common),December-2024,20832.94,Metric Tonnes,2635.06,Rs./Quintal
Maharashtra,Cereals,Ragi(Finger Millet),December-2024,8.60,Metric Tonnes,4811.63,Rs./Quintal
Maharashtra,Cereals,Rice,December-2024,7106.00,Metric Tonnes,4647.35,Rs./Quintal
Maharashtra,Cereals,Wheat,December-2024,28155.24,Metric Tonnes,3752.11,Rs./Quintal
Maharashtra,Cereals,Bajra(Pearl Millet/Cumbu),January-2025,3928.91,Metric Tonnes,3226.84,Rs./Quintal
Maharashtra,Cereals,Jowar(Sorghum),January-2025,13370.99,Metric Tonnes,3230.08,Rs./Quintal
Maharashtra,Cereals,Maize,January-2025,71123.02,Metric Tonnes,2268.74,Rs./Quintal
Maharashtra,Cereals,Paddy(Common),January-2025,13457.47,Metric Tonnes,2594.20,Rs./Quintal
Maharashtra,Cereals,Ragi(Finger Millet),January-2025,6.20,Metric Tonnes,4922.58,Rs./Quintal
Maharashtra,Cereals,Rice,January-2025,10720.80,Metric Tonnes,4461.26,Rs./Quintal
Maharashtra,Cereals,Wheat,January-2025,25353.41,Metric Tonnes,3911.85,Rs./Quintal
Maharashtra,Cereals,Bajra(Pearl Millet/Cumbu),February-2025,4100.45,Metric Tonnes,3187.47,Rs./Quintal
Maharashtra,Cereals,Jowar(Sorghum),February-2025,15766.06,Metric Tonnes,3373.15,Rs./Quintal
Maharashtra,Cereals,Maize,February-2025,38754.79,Metric Tonnes,2174.17,Rs./Quintal
Maharashtra,Cereals,Paddy(Common),February-2025,14655.10,Metric Tonnes,2455.78,Rs./Quintal
Maharashtra,Cereals,Ragi(Finger Millet),February-2025,7.00,Metric Tonnes,4904.29,Rs./Quintal
Maharashtra,Cereals,Rice,February-2025,6854.80,Metric Tonnes,4690.21,Rs./Quintal
Maharashtra,Cereals,Wheat,February-2025,38423.36,Metric Tonnes,3438.48,Rs./Quintal
Maharashtra,Cereals,Bajra(Pearl Millet/Cumbu),March-2025,5441.07,Metric Tonnes,3125.10,Rs./Quintal
Maharashtra,Cereals,Jowar(Sorghum),March-2025,30692.80,Metric Tonnes,3136.88,Rs./Quintal
Maharashtra,Cereals,Maize,March-2025,32807.17,Metric Tonnes,2182.00,Rs./Quintal
Maharashtra,Cereals,Paddy(Common),March-2025,12460.20,Metric Tonnes,2478.81,Rs./Quintal
Maharashtra,Cereals,Ragi(Finger Millet),March-2025,7.60,Metric Tonnes,4777.63,Rs./Quintal
Maharashtra,Cereals,Rice,March-2025,7437.00,Metric Tonnes,4546.61,Rs./Quintal
Maharashtra,Cereals,Wheat,March-2025,105234.84,Metric Tonnes,3056.50,Rs./Quintal
Maharashtra,Cereals,Bajra(Pearl Millet/Cumbu),April-2025,7020.22,Metric Tonnes,2738.06,Rs./Quintal
Maharashtra,Cereals,Jowar(Sorghum),April-2025,38767.75,Metric Tonnes,2944.52,Rs./Quintal
Maharashtra,Cereals,Maize,April-2025,55864.51,Metric Tonnes,2109.09,Rs./Quintal
Maharashtra,Cereals,Paddy(Common),April-2025,6552.80,Metric Tonnes,2495.98,Rs./Quintal
Maharashtra,Cereals,Ragi(Finger Millet),April-2025,7.10,Metric Tonnes,4758.45,Rs./Quintal
Maharashtra,Cereals,Rice,April-2025,6032.40,Metric Tonnes,4443.56,Rs./Quintal
Maharashtra,Cereals,Wheat,April-2025,67156.64,Metric Tonnes,3260.81,Rs./Quintal
Maharashtra,Cereals,Bajra(Pearl Millet/Cumbu),May-2025,9941.27,Metric Tonnes,2588.01,Rs./Quintal
Maharashtra,Cereals,Jowar(Sorghum),May-2025,26771.53,Metric Tonnes,3009.57,Rs./Quintal
Maharashtra,Cereals,Maize,May-2025,54351.46,Metric Tonnes,2055.03,Rs./Quintal
Maharashtra,Cereals,Paddy(Common),May-2025,13330.20,Metric Tonnes,2280.92,Rs./Quintal
Maharashtra,Cereals,Ragi(Finger Millet),May-2025,7.00,Metric Tonnes,4938.57,Rs./Quintal
Maharashtra,Cereals,Rice,May-2025,5884.90,Metric Tonnes,4625.95,Rs./Quintal
Maharashtra,Cereals,Wheat,May-2025,39001.76,Metric Tonnes,3389.38,Rs./Quintal
Maharashtra,Cereals,Bajra(Pearl Millet/Cumbu),June-2025,10675.18,Metric Tonnes,2543.76,Rs./Quintal
Maharashtra,Cereals,Jowar(Sorghum),June-2025,25562.16,Metric Tonnes,3071.44,Rs./Quintal
Maharashtra,Cereals,Maize,June-2025,29514.35,Metric Tonnes,2082.12,Rs./Quintal
Maharashtra,Cereals,Paddy(Common),June-2025,15051.20,Metric Tonnes,2437.42,Rs./Quintal
Maharashtra,Cereals,Ragi(Finger Millet),June-2025,7.50,Metric Tonnes,5435.33,Rs./Quintal
Maharashtra,Cereals,Rice,June-2025,8739.30,Metric Tonnes,4752.35,Rs./Quintal
Maharashtra,Cereals,Wheat,June-2025,37574.08,Metric Tonnes,3302.30,Rs./Quintal
Maharashtra,Cereals,Bajra(Pearl Millet/Cumbu),July-2025,6169.25,Metric Tonnes,2770.12,Rs./Quintal
Maharashtra,Cereals,Jowar(Sorghum),July-2025,15725.31,Metric Tonnes,3410.86,Rs./Quintal
Maharashtra,Cereals,Maize,July-2025,4690.24,Metric Tonnes,2345.88,Rs./Quintal
Maharashtra,Cereals,Paddy(Common),July-2025,11143.40,Metric Tonnes,2512.62,Rs./Quintal
Maharashtra,Cereals,Ragi(Finger Millet),July-2025,7.60,Metric Tonnes,5382.89,Rs./Quintal
Maharashtra,Cereals,Rice,July-2025,7021.20,Metric Tonnes,4570.18,Rs./Quintal
Maharashtra,Cereals,Wheat,July-2025,30911.87,Metric Tonnes,3435.68,Rs./Quintal
Maharashtra,Cereals,Bajra(Pearl Millet/Cumbu),August-2025,5655.57,Metric Tonnes,2930.31,Rs./Quintal
Maharashtra,Cereals,Jowar(Sorghum),August-2025,14363.90,Metric Tonnes,3532.33,Rs./Quintal
Maharashtra,Cereals,Maize,August-2025,2964.33,Metric Tonnes,2409.93,Rs./Quintal
Maharashtra,Cereals,Paddy(Common),August-2025,7476.00,Metric Tonnes,2547.07,Rs./Quintal
Maharashtra,Cereals,Ragi(Finger Millet),August-2025,6.60,Metric Tonnes,5328.79,Rs./Quintal
Maharashtra,Cereals,Rice,August-2025,7905.30,Metric Tonnes,4562.76,Rs./Quintal
Maharashtra,Cereals,Wheat,August-2025,31489.69,Metric Tonnes,3597.02,Rs./Quintal
Maharashtra,Cereals,Bajra(Pearl Millet/Cumbu),September-2025,7667.85,Metric Tonnes,2770.01,Rs./Quintal
Maharashtra,Cereals,Jowar(Sorghum),September-2025,15812.28,Metric Tonnes,3267.41,Rs./Quintal
Maharashtra,Cereals,Maize,September-2025,8462.12,Metric Tonnes,1958.86,Rs./Quintal
Maharashtra,Cereals,Paddy(Common),September-2025,10899.80,Metric Tonnes,2725.26,Rs./Quintal
Maharashtra,Cereals,Ragi(Finger Millet),September-2025,5.50,Metric Tonnes,5432.73,Rs./Quintal
Maharashtra,Cereals,Rice,September-2025,8560.30,Metric Tonnes,4571.07,Rs./Quintal
Maharashtra,Cereals,Wheat,September-2025,36876.12,Metric Tonnes,3504.21,Rs./Quintal
Maharashtra,Cereals,Bajra(Pearl Millet/Cumbu),October-2025,5960.85,Metric Tonnes,2758.76,Rs./Quintal
Maharashtra,Cereals,Jowar(Sorghum),October-2025,11179.00,Metric Tonnes,3557.98,Rs./Quintal
Maharashtra,Cereals,Maize,October-2025,75598.03,Metric Tonnes,1754.05,Rs./Quintal
Maharashtra,Cereals,Paddy(Common),October-2025,6562.80,Metric Tonnes,2644.09,Rs./Quintal
Maharashtra,Cereals,Ragi(Finger Millet),October-2025,6.80,Metric Tonnes,5423.53,Rs./Quintal
Maharashtra,Cereals,Rice,October-2025,5935.40,Metric Tonnes,4501.02,Rs./Quintal
Maharashtra,Cereals,Wheat,October-2025,27738.03,Metric Tonnes,3511.25,Rs./Quintal
Maharashtra,Cereals,Bajra(Pearl Millet/Cumbu),November-2025,6166.16,Metric Tonnes,2987.02,Rs./Quintal
Maharashtra,Cereals,Jowar(Sorghum),November-2025,11326.45,Metric Tonnes,3799.76,Rs./Quintal
Maharashtra,Cereals,Maize,November-2025,126670.52,Metric Tonnes,1539.39,Rs./Quintal
Maharashtra,Cereals,Paddy(Common),November-2025,18891.10,Metric Tonnes,2437.66,Rs./Quintal
Maharashtra,Cereals,Ragi(Finger Millet),November-2025,7.20,Metric Tonnes,5344.44,Rs./Quintal
Maharashtra,Cereals,Rice,November-2025,21516.90,Metric Tonnes,4665.43,Rs./Quintal
Maharashtra,Cereals,Wheat,November-2025,23850.10,Metric Tonnes,3585.69,Rs./Quintal
Maharashtra,Cereals,Bajra(Pearl Millet/Cumbu),December-2025,6017.89,Metric Tonnes,3190.45,Rs./Quintal
Maharashtra,Cereals,Jowar(Sorghum),December-2025,10918.24,Metric Tonnes,4033.99,Rs./Quintal
Maharashtra,Cereals,Maize,December-2025,165793.81,Metric Tonnes,1662.69,Rs./Quintal
Maharashtra,Cereals,Paddy(Common),December-2025,38158.54,Metric Tonnes,2612.91,Rs./Quintal
Maharashtra,Cereals,Ragi(Finger Millet),December-2025,8.10,Metric Tonnes,5403.70,Rs./Quintal
Maharashtra,Cereals,Rice,December-2025,30039.70,Metric Tonnes,5257.63,Rs./Quintal
Maharashtra,Cereals,Wheat,December-2025,26465.96,Metric Tonnes,3483.51,Rs./Quintal
Manipur,Cereals,Maize,January-2023,3.60,Metric Tonnes,3400.00,Rs./Quintal
Manipur,Cereals,Paddy(Common),January-2023,132.80,Metric Tonnes,1750.00,Rs./Quintal
Manipur,Cereals,Rice,January-2023,193.70,Metric Tonnes,3226.54,Rs./Quintal
Manipur,Cereals,Maize,February-2023,3.80,Metric Tonnes,3376.32,Rs./Quintal
Manipur,Cereals,Paddy(Common),February-2023,143.30,Metric Tonnes,1750.00,Rs./Quintal
Manipur,Cereals,Rice,February-2023,202.90,Metric Tonnes,3227.16,Rs./Quintal
Manipur,Cereals,Maize,March-2023,3.40,Metric Tonnes,3250.00,Rs./Quintal
Manipur,Cereals,Paddy(Common),March-2023,130.70,Metric Tonnes,1750.00,Rs./Quintal
Manipur,Cereals,Rice,March-2023,186.90,Metric Tonnes,3315.57,Rs./Quintal
Manipur,Cereals,Maize,April-2023,3.60,Metric Tonnes,3250.00,Rs./Quintal
Manipur,Cereals,Paddy(Common),April-2023,126.30,Metric Tonnes,1760.79,Rs./Quintal
Manipur,Cereals,Rice,April-2023,184.20,Metric Tonnes,3448.37,Rs./Quintal
Manipur,Cereals,Maize,May-2023,0.40,Metric Tonnes,3250.00,Rs./Quintal
Manipur,Cereals,Paddy(Common),May-2023,13.80,Metric Tonnes,1875.00,Rs./Quintal
Manipur,Cereals,Rice,May-2023,20.00,Metric Tonnes,3700.00,Rs./Quintal
Manipur,Cereals,Maize,July-2023,1.40,Metric Tonnes,3250.00,Rs./Quintal
Manipur,Cereals,Paddy(Common),July-2023,40.00,Metric Tonnes,1990.31,Rs./Quintal
Manipur,Cereals,Rice,July-2023,58.60,Metric Tonnes,4380.03,Rs./Quintal
Manipur,Cereals,Maize,August-2023,3.20,Metric Tonnes,3250.00,Rs./Quintal
Manipur,Cereals,Paddy(Common),August-2023,89.70,Metric Tonnes,2041.11,Rs./Quintal
Manipur,Cereals,Rice,August-2023,125.40,Metric Tonnes,4465.55,Rs./Quintal
Manipur,Cereals,Maize,September-2023,2.40,Metric Tonnes,3291.67,Rs./Quintal
Manipur,Cereals,Paddy(Common),September-2023,55.80,Metric Tonnes,2228.27,Rs./Quintal
Manipur,Cereals,Rice,September-2023,81.80,Metric Tonnes,4626.65,Rs./Quintal
Manipur,Cereals,Maize,October-2023,4.10,Metric Tonnes,3750.00,Rs./Quintal
Manipur,Cereals,Paddy(Common),October-2023,93.60,Metric Tonnes,2488.65,Rs./Quintal
Manipur,Cereals,Rice,October-2023,121.70,Metric Tonnes,4873.87,Rs./Quintal
Manipur,Cereals,Maize,November-2023,3.40,Metric Tonnes,3750.00,Rs./Quintal
Manipur,Cereals,Paddy(Common),November-2023,94.10,Metric Tonnes,2567.22,Rs./Quintal
Manipur,Cereals,Rice,November-2023,115.30,Metric Tonnes,4955.16,Rs./Quintal
Manipur,Cereals,Maize,December-2023,3.20,Metric Tonnes,3750.00,Rs./Quintal
Manipur,Cereals,Paddy(Common),December-2023,103.10,Metric Tonnes,2883.37,Rs./Quintal
Manipur,Cereals,Rice,December-2023,123.00,Metric Tonnes,5045.69,Rs./Quintal
Manipur,Cereals,Maize,February-2024,4.00,Metric Tonnes,3750.00,Rs./Quintal
Manipur,Cereals,Paddy(Common),February-2024,128.10,Metric Tonnes,2933.84,Rs./Quintal
Manipur,Cereals,Rice,February-2024,154.90,Metric Tonnes,5072.76,Rs./Quintal
Manipur,Cereals,Maize,March-2024,3.00,Metric Tonnes,3750.00,Rs./Quintal
Manipur,Cereals,Paddy(Common),March-2024,93.80,Metric Tonnes,3000.00,Rs./Quintal
Manipur,Cereals,Rice,March-2024,114.80,Metric Tonnes,5100.00,Rs./Quintal
Manipur,Cereals,Maize,April-2024,3.20,Metric Tonnes,3750.00,Rs./Quintal
Manipur,Cereals,Paddy(Common),April-2024,104.50,Metric Tonnes,3006.22,Rs./Quintal
Manipur,Cereals,Rice,April-2024,119.30,Metric Tonnes,5103.86,Rs./Quintal
Manipur,Cereals,Maize,May-2024,2.60,Metric Tonnes,3750.00,Rs./Quintal
Manipur,Cereals,Paddy(Common),May-2024,92.50,Metric Tonnes,3470.16,Rs./Quintal
Manipur,Cereals,Rice,May-2024,111.70,Metric Tonnes,5287.82,Rs./Quintal
Manipur,Cereals,Maize,June-2024,2.20,Metric Tonnes,3750.00,Rs./Quintal
Manipur,Cereals,Paddy(Common),June-2024,77.70,Metric Tonnes,3500.00,Rs./Quintal
Manipur,Cereals,Rice,June-2024,92.70,Metric Tonnes,5300.00,Rs./Quintal
Manipur,Cereals,Maize,July-2024,4.43,Metric Tonnes,3678.89,Rs./Quintal
Manipur,Cereals,Paddy(Common),July-2024,99.86,Metric Tonnes,3500.00,Rs./Quintal
Manipur,Cereals,Rice,July-2024,106.17,Metric Tonnes,5297.34,Rs./Quintal
Manipur,Cereals,Maize,August-2024,5.99,Metric Tonnes,3700.75,Rs./Quintal
Manipur,Cereals,Paddy(Common),August-2024,101.67,Metric Tonnes,3502.95,Rs./Quintal
Manipur,Cereals,Rice,August-2024,120.52,Metric Tonnes,5300.00,Rs./Quintal
Manipur,Cereals,Maize,September-2024,6.50,Metric Tonnes,3750.00,Rs./Quintal
Manipur,Cereals,Paddy(Common),September-2024,71.85,Metric Tonnes,3598.73,Rs./Quintal
Manipur,Cereals,Rice,September-2024,87.89,Metric Tonnes,5382.02,Rs./Quintal
Manipur,Cereals,Maize,October-2024,9.00,Metric Tonnes,3750.00,Rs./Quintal
Manipur,Cereals,Paddy(Common),October-2024,88.49,Metric Tonnes,3625.00,Rs./Quintal
Manipur,Cereals,Rice,October-2024,113.96,Metric Tonnes,5400.00,Rs./Quintal
Manipur,Cereals,Maize,November-2024,3.40,Metric Tonnes,3750.00,Rs./Quintal
Manipur,Cereals,Paddy(Common),November-2024,39.28,Metric Tonnes,3623.41,Rs./Quintal
Manipur,Cereals,Rice,November-2024,50.73,Metric Tonnes,5398.62,Rs./Quintal
Manipur,Cereals,Maize,December-2024,3.40,Metric Tonnes,3764.71,Rs./Quintal
Manipur,Cereals,Paddy(Common),December-2024,113.08,Metric Tonnes,3165.68,Rs./Quintal
Manipur,Cereals,Rice,December-2024,131.93,Metric Tonnes,5082.67,Rs./Quintal
Manipur,Cereals,Maize,January-2025,3.40,Metric Tonnes,3750.00,Rs./Quintal
Manipur,Cereals,Paddy(Common),January-2025,130.34,Metric Tonnes,3250.00,Rs./Quintal
Manipur,Cereals,Rice,January-2025,151.97,Metric Tonnes,5200.00,Rs./Quintal
Manipur,Cereals,Maize,February-2025,3.00,Metric Tonnes,3750.00,Rs./Quintal
Manipur,Cereals,Paddy(Common),February-2025,123.76,Metric Tonnes,3250.00,Rs./Quintal
Manipur,Cereals,Rice,February-2025,150.20,Metric Tonnes,5198.74,Rs./Quintal
Manipur,Cereals,Maize,March-2025,1.20,Metric Tonnes,3750.00,Rs./Quintal
Manipur,Cereals,Paddy(Common),March-2025,116.23,Metric Tonnes,3227.63,Rs./Quintal
Manipur,Cereals,Rice,March-2025,143.64,Metric Tonnes,5202.09,Rs./Quintal
Manipur,Cereals,Maize,April-2025,2.60,Metric Tonnes,3750.00,Rs./Quintal
Manipur,Cereals,Paddy(Common),April-2025,100.71,Metric Tonnes,3255.71,Rs./Quintal
Manipur,Cereals,Rice,April-2025,135.54,Metric Tonnes,5272.11,Rs./Quintal
Manipur,Cereals,Maize,May-2025,2.83,Metric Tonnes,3750.00,Rs./Quintal
Manipur,Cereals,Paddy(Common),May-2025,86.72,Metric Tonnes,3250.49,Rs./Quintal
Manipur,Cereals,Rice,May-2025,118.11,Metric Tonnes,5274.64,Rs./Quintal
Manipur,Cereals,Maize,June-2025,1.20,Metric Tonnes,3750.00,Rs./Quintal
Manipur,Cereals,Paddy(Common),June-2025,35.72,Metric Tonnes,3255.60,Rs./Quintal
Manipur,Cereals,Rice,June-2025,50.87,Metric Tonnes,5287.18,Rs./Quintal
Manipur,Cereals,Maize,July-2025,3.20,Metric Tonnes,3750.00,Rs./Quintal
Manipur,Cereals,Paddy(Common),July-2025,100.18,Metric Tonnes,3265.52,Rs./Quintal
Manipur,Cereals,Rice,July-2025,125.20,Metric Tonnes,5398.62,Rs./Quintal
Manipur,Cereals,Paddy(Common),August-2025,88.25,Metric Tonnes,3331.87,Rs./Quintal
Manipur,Cereals,Rice,August-2025,114.67,Metric Tonnes,5399.97,Rs./Quintal
Manipur,Cereals,Paddy(Common),September-2025,76.60,Metric Tonnes,3334.53,Rs./Quintal
Manipur,Cereals,Rice,September-2025,93.26,Metric Tonnes,5403.39,Rs./Quintal
Manipur,Cereals,Paddy(Common),October-2025,73.15,Metric Tonnes,3339.61,Rs./Quintal
Manipur,Cereals,Rice,October-2025,92.86,Metric Tonnes,5402.00,Rs./Quintal
Manipur,Cereals,Maize,November-2025,0.80,Metric Tonnes,4750.00,Rs./Quintal
Manipur,Cereals,Paddy(Common),November-2025,110.39,Metric Tonnes,3065.30,Rs./Quintal
Manipur,Cereals,Rice,November-2025,112.06,Metric Tonnes,5255.04,Rs./Quintal
Manipur,Cereals,Maize,December-2025,0.40,Metric Tonnes,4750.00,Rs./Quintal
Manipur,Cereals,Paddy(Common),December-2025,3109.29,Metric Tonnes,3000.87,Rs./Quintal
Manipur,Cereals,Rice,December-2025,115.33,Metric Tonnes,5232.54,Rs./Quintal
Meghalaya,Cereals,Rice,April-2023,0.40,Metric Tonnes,4500.00,Rs./Quintal
Meghalaya,Cereals,Rice,July-2023,1.00,Metric Tonnes,4950.00,Rs./Quintal
Meghalaya,Cereals,Rice,August-2023,102.69,Metric Tonnes,3828.22,Rs./Quintal
Meghalaya,Cereals,Rice,September-2023,105.27,Metric Tonnes,4676.36,Rs./Quintal
Meghalaya,Cereals,Rice,October-2023,30.96,Metric Tonnes,5983.04,Rs./Quintal
Meghalaya,Cereals,Rice,November-2023,51.99,Metric Tonnes,6979.32,Rs./Quintal
Meghalaya,Cereals,Rice,December-2023,20.37,Metric Tonnes,6712.81,Rs./Quintal
Meghalaya,Cereals,Rice,October-2024,1.40,Metric Tonnes,7000.00,Rs./Quintal
Meghalaya,Cereals,Rice,November-2024,1.90,Metric Tonnes,6578.95,Rs./Quintal
Meghalaya,Cereals,Rice,December-2024,7.40,Metric Tonnes,4770.27,Rs./Quintal
Meghalaya,Cereals,Rice,January-2025,5.00,Metric Tonnes,4300.00,Rs./Quintal
Meghalaya,Cereals,Rice,February-2025,1.10,Metric Tonnes,6636.36,Rs./Quintal
Meghalaya,Cereals,Rice,March-2025,2.20,Metric Tonnes,6318.18,Rs./Quintal
Meghalaya,Cereals,Rice,April-2025,2.60,Metric Tonnes,6711.54,Rs./Quintal
Meghalaya,Cereals,Rice,May-2025,2.10,Metric Tonnes,6714.29,Rs./Quintal
Meghalaya,Cereals,Rice,June-2025,1.90,Metric Tonnes,7473.68,Rs./Quintal
Meghalaya,Cereals,Rice,July-2025,2.10,Metric Tonnes,7238.10,Rs./Quintal
Meghalaya,Cereals,Rice,August-2025,0.50,Metric Tonnes,7000.00,Rs./Quintal
Meghalaya,Cereals,Rice,September-2025,2.70,Metric Tonnes,6722.22,Rs./Quintal
Meghalaya,Cereals,Rice,October-2025,5.00,Metric Tonnes,7000.00,Rs./Quintal
Meghalaya,Cereals,Rice,November-2025,2.00,Metric Tonnes,6700.00,Rs./Quintal
Meghalaya,Cereals,Rice,December-2025,2.00,Metric Tonnes,7000.00,Rs./Quintal
NCT of Delhi,Cereals,Bajra(Pearl Millet/Cumbu),January-2023,55.80,Metric Tonnes,2181.38,Rs./Quintal
NCT of Delhi,Cereals,Barley(Jau),January-2023,1.80,Metric Tonnes,2533.89,Rs./Quintal
NCT of Delhi,Cereals,Jowar(Sorghum),January-2023,19.00,Metric Tonnes,2900.00,Rs./Quintal
NCT of Delhi,Cereals,Maize,January-2023,38.90,Metric Tonnes,2535.24,Rs./Quintal
NCT of Delhi,Cereals,Paddy(Common),January-2023,30530.40,Metric Tonnes,3626.56,Rs./Quintal
NCT of Delhi,Cereals,Rice,January-2023,2.60,Metric Tonnes,4500.00,Rs./Quintal
NCT of Delhi,Cereals,Wheat,January-2023,836.10,Metric Tonnes,2898.63,Rs./Quintal
NCT of Delhi,Cereals,Bajra(Pearl Millet/Cumbu),February-2023,48.10,Metric Tonnes,2160.46,Rs./Quintal
NCT of Delhi,Cereals,Barley(Jau),February-2023,18.00,Metric Tonnes,2800.53,Rs./Quintal
NCT of Delhi,Cereals,Jowar(Sorghum),February-2023,9.00,Metric Tonnes,2994.44,Rs./Quintal
NCT of Delhi,Cereals,Maize,February-2023,18.80,Metric Tonnes,2434.68,Rs./Quintal
NCT of Delhi,Cereals,Paddy(Common),February-2023,11151.30,Metric Tonnes,3565.09,Rs./Quintal
NCT of Delhi,Cereals,Rice,February-2023,1.70,Metric Tonnes,3100.00,Rs./Quintal
NCT of Delhi,Cereals,Wheat,February-2023,811.00,Metric Tonnes,2720.62,Rs./Quintal
NCT of Delhi,Cereals,Bajra(Pearl Millet/Cumbu),March-2023,14.70,Metric Tonnes,2149.65,Rs./Quintal
NCT of Delhi,Cereals,Barley(Jau),March-2023,133.20,Metric Tonnes,2081.48,Rs./Quintal
NCT of Delhi,Cereals,Jowar(Sorghum),March-2023,6.00,Metric Tonnes,2600.00,Rs./Quintal
NCT of Delhi,Cereals,Maize,March-2023,17.00,Metric Tonnes,2425.00,Rs./Quintal
NCT of Delhi,Cereals,Paddy(Common),March-2023,15323.70,Metric Tonnes,3469.75,Rs./Quintal
NCT of Delhi,Cereals,Wheat,March-2023,594.50,Metric Tonnes,2464.03,Rs./Quintal
NCT of Delhi,Cereals,Bajra(Pearl Millet/Cumbu),April-2023,2.50,Metric Tonnes,2360.00,Rs./Quintal
NCT of Delhi,Cereals,Barley(Jau),April-2023,539.60,Metric Tonnes,1891.80,Rs./Quintal
NCT of Delhi,Cereals,Jowar(Sorghum),April-2023,34.30,Metric Tonnes,3326.18,Rs./Quintal
NCT of Delhi,Cereals,Maize,April-2023,20.00,Metric Tonnes,1805.00,Rs./Quintal
NCT of Delhi,Cereals,Paddy(Common),April-2023,13127.30,Metric Tonnes,3530.62,Rs./Quintal
NCT of Delhi,Cereals,Rice,April-2023,16.30,Metric Tonnes,3987.12,Rs./Quintal
NCT of Delhi,Cereals,Wheat,April-2023,36623.70,Metric Tonnes,2235.46,Rs./Quintal
NCT of Delhi,Cereals,Bajra(Pearl Millet/Cumbu),May-2023,0.50,Metric Tonnes,2000.00,Rs./Quintal
NCT of Delhi,Cereals,Barley(Jau),May-2023,110.00,Metric Tonnes,2677.68,Rs./Quintal
NCT of Delhi,Cereals,Jowar(Sorghum),May-2023,4.50,Metric Tonnes,2921.00,Rs./Quintal
NCT of Delhi,Cereals,Paddy(Common),May-2023,6030.70,Metric Tonnes,3027.37,Rs./Quintal
NCT of Delhi,Cereals,Rice,May-2023,74.20,Metric Tonnes,3373.67,Rs./Quintal
NCT of Delhi,Cereals,Wheat,May-2023,7060.20,Metric Tonnes,2299.14,Rs./Quintal
NCT of Delhi,Cereals,Bajra(Pearl Millet/Cumbu),June-2023,11.70,Metric Tonnes,2147.44,Rs./Quintal
NCT of Delhi,Cereals,Barley(Jau),June-2023,298.20,Metric Tonnes,2013.08,Rs./Quintal
NCT of Delhi,Cereals,Jowar(Sorghum),June-2023,19.50,Metric Tonnes,2810.77,Rs./Quintal
NCT of Delhi,Cereals,Maize,June-2023,66.80,Metric Tonnes,1671.78,Rs./Quintal
NCT of Delhi,Cereals,Paddy(Common),June-2023,4472.40,Metric Tonnes,3168.30,Rs./Quintal
NCT of Delhi,Cereals,Rice,June-2023,122.60,Metric Tonnes,4171.97,Rs./Quintal
NCT of Delhi,Cereals,Wheat,June-2023,3676.10,Metric Tonnes,2398.18,Rs./Quintal
NCT of Delhi,Cereals,Bajra(Pearl Millet/Cumbu),July-2023,51.00,Metric Tonnes,1829.75,Rs./Quintal
NCT of Delhi,Cereals,Barley(Jau),July-2023,145.70,Metric Tonnes,1834.68,Rs./Quintal
NCT of Delhi,Cereals,Jowar(Sorghum),July-2023,15.50,Metric Tonnes,2983.87,Rs./Quintal
NCT of Delhi,Cereals,Maize,July-2023,485.10,Metric Tonnes,1413.08,Rs./Quintal
NCT of Delhi,Cereals,Paddy(Common),July-2023,4470.90,Metric Tonnes,3232.44,Rs./Quintal
NCT of Delhi,Cereals,Rice,July-2023,51.30,Metric Tonnes,2533.14,Rs./Quintal
NCT of Delhi,Cereals,Wheat,July-2023,2718.10,Metric Tonnes,2405.68,Rs./Quintal
NCT of Delhi,Cereals,Barley(Jau),August-2023,87.10,Metric Tonnes,1793.82,Rs./Quintal
NCT of Delhi,Cereals,Jowar(Sorghum),August-2023,1.50,Metric Tonnes,3625.00,Rs./Quintal
NCT of Delhi,Cereals,Maize,August-2023,431.80,Metric Tonnes,1498.83,Rs./Quintal
NCT of Delhi,Cereals,Paddy(Common),August-2023,8117.00,Metric Tonnes,3390.33,Rs./Quintal
NCT of Delhi,Cereals,Rice,August-2023,36.40,Metric Tonnes,2811.26,Rs./Quintal
NCT of Delhi,Cereals,Wheat,August-2023,2280.00,Metric Tonnes,2415.77,Rs./Quintal
NCT of Delhi,Cereals,Bajra(Pearl Millet/Cumbu),September-2023,511.60,Metric Tonnes,1950.32,Rs./Quintal
NCT of Delhi,Cereals,Barley(Jau),September-2023,62.40,Metric Tonnes,2260.63,Rs./Quintal
NCT of Delhi,Cereals,Jowar(Sorghum),September-2023,54.50,Metric Tonnes,3418.58,Rs./Quintal
NCT of Delhi,Cereals,Maize,September-2023,42.00,Metric Tonnes,1724.64,Rs./Quintal
NCT of Delhi,Cereals,Paddy(Common),September-2023,29958.20,Metric Tonnes,3342.52,Rs./Quintal
NCT of Delhi,Cereals,Rice,September-2023,4.50,Metric Tonnes,3857.78,Rs./Quintal
NCT of Delhi,Cereals,Wheat,September-2023,1661.30,Metric Tonnes,2500.39,Rs./Quintal
NCT of Delhi,Cereals,Bajra(Pearl Millet/Cumbu),October-2023,146.80,Metric Tonnes,2127.62,Rs./Quintal
NCT of Delhi,Cereals,Barley(Jau),October-2023,51.00,Metric Tonnes,2236.84,Rs./Quintal
NCT of Delhi,Cereals,Jowar(Sorghum),October-2023,29.30,Metric Tonnes,2836.79,Rs./Quintal
NCT of Delhi,Cereals,Maize,October-2023,111.30,Metric Tonnes,2107.01,Rs./Quintal
NCT of Delhi,Cereals,Paddy(Common),October-2023,77112.90,Metric Tonnes,3280.91,Rs./Quintal
NCT of Delhi,Cereals,Rice,October-2023,1.50,Metric Tonnes,3000.00,Rs./Quintal
NCT of Delhi,Cereals,Wheat,October-2023,1597.10,Metric Tonnes,2645.73,Rs./Quintal
NCT of Delhi,Cereals,Bajra(Pearl Millet/Cumbu),November-2023,21.25,Metric Tonnes,2323.09,Rs./Quintal
NCT of Delhi,Cereals,Barley(Jau),November-2023,1.50,Metric Tonnes,1925.00,Rs./Quintal
NCT of Delhi,Cereals,Jowar(Sorghum),November-2023,15.00,Metric Tonnes,2802.00,Rs./Quintal
NCT of Delhi,Cereals,Maize,November-2023,9.30,Metric Tonnes,1921.43,Rs./Quintal
NCT of Delhi,Cereals,Paddy(Common),November-2023,79239.20,Metric Tonnes,3587.48,Rs./Quintal
NCT of Delhi,Cereals,Rice,November-2023,513.00,Metric Tonnes,4000.00,Rs./Quintal
NCT of Delhi,Cereals,Wheat,November-2023,605.90,Metric Tonnes,2737.42,Rs./Quintal
NCT of Delhi,Cereals,Bajra(Pearl Millet/Cumbu),December-2023,56.90,Metric Tonnes,2526.96,Rs./Quintal
NCT of Delhi,Cereals,Barley(Jau),December-2023,34.10,Metric Tonnes,2337.96,Rs./Quintal
NCT of Delhi,Cereals,Jowar(Sorghum),December-2023,4.00,Metric Tonnes,2921.00,Rs./Quintal
NCT of Delhi,Cereals,Maize,December-2023,12.00,Metric Tonnes,2465.00,Rs./Quintal
NCT of Delhi,Cereals,Paddy(Common),December-2023,33755.20,Metric Tonnes,3531.13,Rs./Quintal
NCT of Delhi,Cereals,Rice,December-2023,15.20,Metric Tonnes,2815.79,Rs./Quintal
NCT of Delhi,Cereals,Wheat,December-2023,1106.60,Metric Tonnes,2672.19,Rs./Quintal
NCT of Delhi,Cereals,Bajra(Pearl Millet/Cumbu),January-2024,37.30,Metric Tonnes,2438.44,Rs./Quintal
NCT of Delhi,Cereals,Paddy(Common),January-2024,17107.80,Metric Tonnes,3216.81,Rs./Quintal
NCT of Delhi,Cereals,Wheat,January-2024,208.70,Metric Tonnes,2552.89,Rs./Quintal
NCT of Delhi,Cereals,Bajra(Pearl Millet/Cumbu),February-2024,45.20,Metric Tonnes,2206.39,Rs./Quintal
NCT of Delhi,Cereals,Maize,February-2024,9.00,Metric Tonnes,2517.78,Rs./Quintal
NCT of Delhi,Cereals,Paddy(Common),February-2024,13469.10,Metric Tonnes,3146.71,Rs./Quintal
NCT of Delhi,Cereals,Wheat,February-2024,252.40,Metric Tonnes,2503.55,Rs./Quintal
NCT of Delhi,Cereals,Bajra(Pearl Millet/Cumbu),March-2024,60.40,Metric Tonnes,2249.69,Rs./Quintal
NCT of Delhi,Cereals,Barley(Jau),March-2024,148.50,Metric Tonnes,1769.94,Rs./Quintal
NCT of Delhi,Cereals,Maize,March-2024,15.60,Metric Tonnes,2474.28,Rs./Quintal
NCT of Delhi,Cereals,Paddy(Common),March-2024,14289.70,Metric Tonnes,2994.69,Rs./Quintal
NCT of Delhi,Cereals,Rice,March-2024,520.60,Metric Tonnes,3036.36,Rs./Quintal
NCT of Delhi,Cereals,Wheat,March-2024,866.40,Metric Tonnes,2626.23,Rs./Quintal
NCT of Delhi,Cereals,Bajra(Pearl Millet/Cumbu),April-2024,34.80,Metric Tonnes,2133.46,Rs./Quintal
NCT of Delhi,Cereals,Barley(Jau),April-2024,460.60,Metric Tonnes,1813.98,Rs./Quintal
NCT of Delhi,Cereals,Maize,April-2024,4.00,Metric Tonnes,1850.00,Rs./Quintal
NCT of Delhi,Cereals,Paddy(Common),April-2024,10534.30,Metric Tonnes,3264.65,Rs./Quintal
NCT of Delhi,Cereals,Rice,April-2024,92.40,Metric Tonnes,4213.20,Rs./Quintal
NCT of Delhi,Cereals,Wheat,April-2024,25401.50,Metric Tonnes,2346.17,Rs./Quintal
NCT of Delhi,Cereals,Bajra(Pearl Millet/Cumbu),May-2024,1.50,Metric Tonnes,2138.33,Rs./Quintal
NCT of Delhi,Cereals,Barley(Jau),May-2024,14.30,Metric Tonnes,2095.42,Rs./Quintal
NCT of Delhi,Cereals,Maize,May-2024,13.00,Metric Tonnes,2317.31,Rs./Quintal
NCT of Delhi,Cereals,Paddy(Common),May-2024,7110.70,Metric Tonnes,2997.02,Rs./Quintal
NCT of Delhi,Cereals,Wheat,May-2024,5822.20,Metric Tonnes,2387.51,Rs./Quintal
NCT of Delhi,Cereals,Bajra(Pearl Millet/Cumbu),June-2024,24.50,Metric Tonnes,2327.86,Rs./Quintal
NCT of Delhi,Cereals,Barley(Jau),June-2024,12.00,Metric Tonnes,2155.79,Rs./Quintal
NCT of Delhi,Cereals,Maize,June-2024,106.00,Metric Tonnes,2283.69,Rs./Quintal
NCT of Delhi,Cereals,Paddy(Basmati),June-2024,203.00,Metric Tonnes,4572.48,Rs./Quintal
NCT of Delhi,Cereals,Paddy(Common),June-2024,7745.70,Metric Tonnes,3160.40,Rs./Quintal
NCT of Delhi,Cereals,Rice,June-2024,19.80,Metric Tonnes,3911.62,Rs./Quintal
NCT of Delhi,Cereals,Wheat,June-2024,4503.50,Metric Tonnes,2527.39,Rs./Quintal
NCT of Delhi,Cereals,Bajra(Pearl Millet/Cumbu),July-2024,17.90,Metric Tonnes,2225.14,Rs./Quintal
NCT of Delhi,Cereals,Barley(Jau),July-2024,49.30,Metric Tonnes,2484.19,Rs./Quintal
NCT of Delhi,Cereals,Jowar(Sorghum),July-2024,2.80,Metric Tonnes,2742.86,Rs./Quintal
NCT of Delhi,Cereals,Maize,July-2024,53.60,Metric Tonnes,2417.28,Rs./Quintal
NCT of Delhi,Cereals,Paddy(Basmati),July-2024,451.50,Metric Tonnes,4457.91,Rs./Quintal
NCT of Delhi,Cereals,Paddy(Common),July-2024,6135.20,Metric Tonnes,3346.49,Rs./Quintal
NCT of Delhi,Cereals,Rice,July-2024,795.90,Metric Tonnes,5532.30,Rs./Quintal
NCT of Delhi,Cereals,Wheat,July-2024,2116.40,Metric Tonnes,2597.34,Rs./Quintal
NCT of Delhi,Cereals,Bajra(Pearl Millet/Cumbu),August-2024,12.60,Metric Tonnes,2489.13,Rs./Quintal
NCT of Delhi,Cereals,Barley(Jau),August-2024,35.80,Metric Tonnes,2518.18,Rs./Quintal
NCT of Delhi,Cereals,Jowar(Sorghum),August-2024,16.00,Metric Tonnes,3000.00,Rs./Quintal
NCT of Delhi,Cereals,Maize,August-2024,125.90,Metric Tonnes,2399.05,Rs./Quintal
NCT of Delhi,Cereals,Paddy(Basmati),August-2024,155.30,Metric Tonnes,4309.98,Rs./Quintal
NCT of Delhi,Cereals,Paddy(Common),August-2024,5930.70,Metric Tonnes,2978.62,Rs./Quintal
NCT of Delhi,Cereals,Rice,August-2024,909.50,Metric Tonnes,3739.04,Rs./Quintal
NCT of Delhi,Cereals,Wheat,August-2024,1428.00,Metric Tonnes,2673.39,Rs./Quintal
NCT of Delhi,Cereals,Bajra(Pearl Millet/Cumbu),September-2024,93.10,Metric Tonnes,2326.88,Rs./Quintal
NCT of Delhi,Cereals,Barley(Jau),September-2024,38.00,Metric Tonnes,2676.64,Rs./Quintal
NCT of Delhi,Cereals,Jowar(Sorghum),September-2024,10.60,Metric Tonnes,3082.55,Rs./Quintal
NCT of Delhi,Cereals,Maize,September-2024,80.90,Metric Tonnes,2396.25,Rs./Quintal
NCT of Delhi,Cereals,Paddy(Basmati),September-2024,24.50,Metric Tonnes,4440.00,Rs./Quintal
NCT of Delhi,Cereals,Paddy(Common),September-2024,21791.80,Metric Tonnes,2884.00,Rs./Quintal
NCT of Delhi,Cereals,Rice,September-2024,1072.20,Metric Tonnes,9488.09,Rs./Quintal
NCT of Delhi,Cereals,Wheat,September-2024,1582.60,Metric Tonnes,2776.04,Rs./Quintal
NCT of Delhi,Cereals,Bajra(Pearl Millet/Cumbu),October-2024,400.00,Metric Tonnes,2484.29,Rs./Quintal
NCT of Delhi,Cereals,Barley(Jau),October-2024,25.60,Metric Tonnes,2681.80,Rs./Quintal
NCT of Delhi,Cereals,Jowar(Sorghum),October-2024,10.00,Metric Tonnes,3051.00,Rs./Quintal
NCT of Delhi,Cereals,Maize,October-2024,38.60,Metric Tonnes,3188.22,Rs./Quintal
NCT of Delhi,Cereals,Paddy(Common),October-2024,68483.40,Metric Tonnes,2922.77,Rs./Quintal
NCT of Delhi,Cereals,Rice,October-2024,11.60,Metric Tonnes,4241.38,Rs./Quintal
NCT of Delhi,Cereals,Wheat,October-2024,1289.80,Metric Tonnes,2899.91,Rs./Quintal
NCT of Delhi,Cereals,Bajra(Pearl Millet/Cumbu),November-2024,57.30,Metric Tonnes,2630.51,Rs./Quintal
NCT of Delhi,Cereals,Barley(Jau),November-2024,6.10,Metric Tonnes,2943.28,Rs./Quintal
NCT of Delhi,Cereals,Jowar(Sorghum),November-2024,8.50,Metric Tonnes,2668.24,Rs./Quintal
NCT of Delhi,Cereals,Maize,November-2024,17.10,Metric Tonnes,2515.43,Rs./Quintal
NCT of Delhi,Cereals,Paddy(Common),November-2024,71574.70,Metric Tonnes,3278.72,Rs./Quintal
NCT of Delhi,Cereals,Rice,November-2024,444.10,Metric Tonnes,7063.44,Rs./Quintal
NCT of Delhi,Cereals,Wheat,November-2024,795.70,Metric Tonnes,2982.90,Rs./Quintal
NCT of Delhi,Cereals,Bajra(Pearl Millet/Cumbu),December-2024,89.40,Metric Tonnes,2579.69,Rs./Quintal
NCT of Delhi,Cereals,Barley(Jau),December-2024,36.50,Metric Tonnes,2905.48,Rs./Quintal
NCT of Delhi,Cereals,Jowar(Sorghum),December-2024,9.70,Metric Tonnes,2854.96,Rs./Quintal
NCT of Delhi,Cereals,Maize,December-2024,48.00,Metric Tonnes,2793.07,Rs./Quintal
NCT of Delhi,Cereals,Paddy(Common),December-2024,33411.30,Metric Tonnes,3060.86,Rs./Quintal
NCT of Delhi,Cereals,Rice,December-2024,125.70,Metric Tonnes,6785.52,Rs./Quintal
NCT of Delhi,Cereals,Wheat,December-2024,1015.50,Metric Tonnes,2996.49,Rs./Quintal
NCT of Delhi,Cereals,Bajra(Pearl Millet/Cumbu),January-2025,44.40,Metric Tonnes,2628.30,Rs./Quintal
NCT of Delhi,Cereals,Barley(Jau),January-2025,1.40,Metric Tonnes,2356.43,Rs./Quintal
NCT of Delhi,Cereals,Maize,January-2025,3.00,Metric Tonnes,2700.00,Rs./Quintal
NCT of Delhi,Cereals,Paddy(Common),January-2025,18688.30,Metric Tonnes,2772.49,Rs./Quintal
NCT of Delhi,Cereals,Rice,January-2025,1187.50,Metric Tonnes,5698.06,Rs./Quintal
NCT of Delhi,Cereals,Wheat,January-2025,600.10,Metric Tonnes,3254.84,Rs./Quintal
NCT of Delhi,Cereals,Bajra(Pearl Millet/Cumbu),February-2025,17.10,Metric Tonnes,2340.32,Rs./Quintal
NCT of Delhi,Cereals,Maize,February-2025,20.80,Metric Tonnes,2625.33,Rs./Quintal
NCT of Delhi,Cereals,Paddy(Common),February-2025,17250.30,Metric Tonnes,2936.18,Rs./Quintal
NCT of Delhi,Cereals,Rice,February-2025,35.30,Metric Tonnes,4537.39,Rs./Quintal
NCT of Delhi,Cereals,Wheat,February-2025,694.00,Metric Tonnes,3206.45,Rs./Quintal
NCT of Delhi,Cereals,Bajra(Pearl Millet/Cumbu),March-2025,54.80,Metric Tonnes,2323.77,Rs./Quintal
NCT of Delhi,Cereals,Barley(Jau),March-2025,413.00,Metric Tonnes,1991.35,Rs./Quintal
NCT of Delhi,Cereals,Jowar(Sorghum),March-2025,18.50,Metric Tonnes,2498.65,Rs./Quintal
NCT of Delhi,Cereals,Maize,March-2025,29.00,Metric Tonnes,2471.72,Rs./Quintal
NCT of Delhi,Cereals,Paddy(Common),March-2025,17472.40,Metric Tonnes,3175.40,Rs./Quintal
NCT of Delhi,Cereals,Rice,March-2025,75.60,Metric Tonnes,7949.65,Rs./Quintal
NCT of Delhi,Cereals,Wheat,March-2025,1109.00,Metric Tonnes,2829.44,Rs./Quintal
NCT of Delhi,Cereals,Bajra(Pearl Millet/Cumbu),April-2025,16.20,Metric Tonnes,2140.80,Rs./Quintal
NCT of Delhi,Cereals,Barley(Jau),April-2025,335.20,Metric Tonnes,2076.71,Rs./Quintal
NCT of Delhi,Cereals,Jowar(Sorghum),April-2025,30.00,Metric Tonnes,2822.92,Rs./Quintal
NCT of Delhi,Cereals,Maize,April-2025,5.00,Metric Tonnes,2710.00,Rs./Quintal
NCT of Delhi,Cereals,Paddy(Common),April-2025,11928.40,Metric Tonnes,3121.94,Rs./Quintal
NCT of Delhi,Cereals,Rice,April-2025,611.00,Metric Tonnes,5373.00,Rs./Quintal
NCT of Delhi,Cereals,Wheat,April-2025,8611.80,Metric Tonnes,2520.81,Rs./Quintal
NCT of Delhi,Cereals,Bajra(Pearl Millet/Cumbu),May-2025,11.20,Metric Tonnes,2357.86,Rs./Quintal
NCT of Delhi,Cereals,Barley(Jau),May-2025,40.00,Metric Tonnes,2257.60,Rs./Quintal
NCT of Delhi,Cereals,Jowar(Sorghum),May-2025,0.10,Metric Tonnes,3100.00,Rs./Quintal
NCT of Delhi,Cereals,Maize,May-2025,35.50,Metric Tonnes,2454.55,Rs./Quintal
NCT of Delhi,Cereals,Paddy(Common),May-2025,10981.80,Metric Tonnes,3310.36,Rs./Quintal
NCT of Delhi,Cereals,Rice,May-2025,262.60,Metric Tonnes,6358.17,Rs./Quintal
NCT of Delhi,Cereals,Wheat,May-2025,2099.90,Metric Tonnes,2614.95,Rs./Quintal
NCT of Delhi,Cereals,Bajra(Pearl Millet/Cumbu),June-2025,65.20,Metric Tonnes,2533.19,Rs./Quintal
NCT of Delhi,Cereals,Barley(Jau),June-2025,274.40,Metric Tonnes,2582.96,Rs./Quintal
NCT of Delhi,Cereals,Maize,June-2025,78.60,Metric Tonnes,1985.88,Rs./Quintal
NCT of Delhi,Cereals,Paddy(Common),June-2025,4802.60,Metric Tonnes,3219.16,Rs./Quintal
NCT of Delhi,Cereals,Rice,June-2025,194.40,Metric Tonnes,7442.43,Rs./Quintal
NCT of Delhi,Cereals,Wheat,June-2025,743.90,Metric Tonnes,2686.38,Rs./Quintal
NCT of Delhi,Cereals,Bajra(Pearl Millet/Cumbu),July-2025,15.50,Metric Tonnes,2251.94,Rs./Quintal
NCT of Delhi,Cereals,Barley(Jau),July-2025,4.70,Metric Tonnes,2187.36,Rs./Quintal
NCT of Delhi,Cereals,Jowar(Sorghum),July-2025,50.40,Metric Tonnes,2651.49,Rs./Quintal
NCT of Delhi,Cereals,Maize,July-2025,163.90,Metric Tonnes,1732.62,Rs./Quintal
NCT of Delhi,Cereals,Paddy(Common),July-2025,3263.40,Metric Tonnes,2971.11,Rs./Quintal
NCT of Delhi,Cereals,Rice,July-2025,854.40,Metric Tonnes,5906.20,Rs./Quintal
NCT of Delhi,Cereals,Wheat,July-2025,964.30,Metric Tonnes,2717.18,Rs./Quintal
NCT of Delhi,Cereals,Bajra(Pearl Millet/Cumbu),August-2025,14.00,Metric Tonnes,2407.14,Rs./Quintal
NCT of Delhi,Cereals,Barley(Jau),August-2025,22.10,Metric Tonnes,2118.16,Rs./Quintal
NCT of Delhi,Cereals,Jowar(Sorghum),August-2025,35.10,Metric Tonnes,2751.00,Rs./Quintal
NCT of Delhi,Cereals,Maize,August-2025,58.60,Metric Tonnes,2151.73,Rs./Quintal
NCT of Delhi,Cereals,Paddy(Common),August-2025,4011.50,Metric Tonnes,3075.88,Rs./Quintal
NCT of Delhi,Cereals,Rice,August-2025,134.30,Metric Tonnes,6098.27,Rs./Quintal
NCT of Delhi,Cereals,Wheat,August-2025,688.10,Metric Tonnes,2806.28,Rs./Quintal
NCT of Delhi,Cereals,Bajra(Pearl Millet/Cumbu),September-2025,188.10,Metric Tonnes,2188.58,Rs./Quintal
NCT of Delhi,Cereals,Barley(Jau),September-2025,27.10,Metric Tonnes,2454.06,Rs./Quintal
NCT of Delhi,Cereals,Jowar(Sorghum),September-2025,66.70,Metric Tonnes,2560.19,Rs./Quintal
NCT of Delhi,Cereals,Maize,September-2025,48.30,Metric Tonnes,2095.73,Rs./Quintal
NCT of Delhi,Cereals,Paddy(Common),September-2025,26071.60,Metric Tonnes,2853.20,Rs./Quintal
NCT of Delhi,Cereals,Rice,September-2025,801.10,Metric Tonnes,5850.75,Rs./Quintal
NCT of Delhi,Cereals,Wheat,September-2025,1104.30,Metric Tonnes,2779.44,Rs./Quintal
NCT of Delhi,Cereals,Bajra(Pearl Millet/Cumbu),October-2025,393.70,Metric Tonnes,2050.98,Rs./Quintal
NCT of Delhi,Cereals,Barley(Jau),October-2025,15.00,Metric Tonnes,2608.33,Rs./Quintal
NCT of Delhi,Cereals,Jowar(Sorghum),October-2025,62.50,Metric Tonnes,2821.52,Rs./Quintal
NCT of Delhi,Cereals,Maize,October-2025,96.00,Metric Tonnes,2241.08,Rs./Quintal
NCT of Delhi,Cereals,Paddy(Common),October-2025,68239.90,Metric Tonnes,2957.67,Rs./Quintal
NCT of Delhi,Cereals,Rice,October-2025,36.70,Metric Tonnes,5754.11,Rs./Quintal
NCT of Delhi,Cereals,Wheat,October-2025,937.00,Metric Tonnes,2736.20,Rs./Quintal
NCT of Delhi,Cereals,Bajra(Pearl Millet/Cumbu),November-2025,59.80,Metric Tonnes,2326.55,Rs./Quintal
NCT of Delhi,Cereals,Barley(Jau),November-2025,18.00,Metric Tonnes,2758.33,Rs./Quintal
NCT of Delhi,Cereals,Jowar(Sorghum),November-2025,68.10,Metric Tonnes,2903.88,Rs./Quintal
NCT of Delhi,Cereals,Maize,November-2025,115.50,Metric Tonnes,2345.97,Rs./Quintal
NCT of Delhi,Cereals,Paddy(Common),November-2025,54657.80,Metric Tonnes,3378.26,Rs./Quintal
NCT of Delhi,Cereals,Rice,November-2025,645.70,Metric Tonnes,9482.45,Rs./Quintal
NCT of Delhi,Cereals,Wheat,November-2025,860.70,Metric Tonnes,2812.58,Rs./Quintal
NCT of Delhi,Cereals,Bajra(Pearl Millet/Cumbu),December-2025,135.10,Metric Tonnes,2212.95,Rs./Quintal
NCT of Delhi,Cereals,Barley(Jau),December-2025,7.90,Metric Tonnes,2766.38,Rs./Quintal
NCT of Delhi,Cereals,Jowar(Sorghum),December-2025,45.00,Metric Tonnes,2948.89,Rs./Quintal
NCT of Delhi,Cereals,Maize,December-2025,50.50,Metric Tonnes,2118.71,Rs./Quintal
NCT of Delhi,Cereals,Paddy(Common),December-2025,40930.90,Metric Tonnes,3371.37,Rs./Quintal
NCT of Delhi,Cereals,Rice,December-2025,691.20,Metric Tonnes,4912.46,Rs./Quintal
NCT of Delhi,Cereals,Wheat,December-2025,1147.80,Metric Tonnes,2748.05,Rs./Quintal
Nagaland,Cereals,Maize,May-2023,27.30,Metric Tonnes,2273.63,Rs./Quintal
Nagaland,Cereals,Maize,June-2023,43.00,Metric Tonnes,4199.53,Rs./Quintal
Nagaland,Cereals,Maize,July-2023,89.90,Metric Tonnes,7562.63,Rs./Quintal
Nagaland,Cereals,Maize,August-2023,153.40,Metric Tonnes,9361.73,Rs./Quintal
Nagaland,Cereals,Maize,September-2023,27.80,Metric Tonnes,8024.46,Rs./Quintal
Nagaland,Cereals,Maize,October-2023,0.13,Metric Tonnes,7200.00,Rs./Quintal
Nagaland,Cereals,Foxtail Millet(Navane),August-2024,0.62,Metric Tonnes,7596.77,Rs./Quintal
Nagaland,Cereals,Foxtail Millet(Navane),September-2024,0.47,Metric Tonnes,8980.85,Rs./Quintal
Nagaland,Cereals,Foxtail Millet(Navane),October-2024,0.19,Metric Tonnes,6878.95,Rs./Quintal
Nagaland,Cereals,Maize,May-2025,0.33,Metric Tonnes,3500.00,Rs./Quintal
Nagaland,Cereals,Maize,August-2025,0.13,Metric Tonnes,3800.00,Rs./Quintal
Odisha,Cereals,Bajra(Pearl Millet/Cumbu),January-2023,14.40,Metric Tonnes,2462.15,Rs./Quintal
Odisha,Cereals,Broken Rice,January-2023,555.41,Metric Tonnes,805.16,Rs./Quintal
Odisha,Cereals,Maize,January-2023,6227.31,Metric Tonnes,1715.47,Rs./Quintal
Odisha,Cereals,Paddy(Common),January-2023,93147.32,Metric Tonnes,2039.48,Rs./Quintal
Odisha,Cereals,Ragi(Finger Millet),January-2023,11.40,Metric Tonnes,4891.23,Rs./Quintal
Odisha,Cereals,Rice,January-2023,1735.74,Metric Tonnes,2448.36,Rs./Quintal
Odisha,Cereals,Wheat,January-2023,3.10,Metric Tonnes,2745.81,Rs./Quintal
Odisha,Cereals,Bajra(Pearl Millet/Cumbu),February-2023,97.62,Metric Tonnes,2449.49,Rs./Quintal
Odisha,Cereals,Broken Rice,February-2023,526.25,Metric Tonnes,853.55,Rs./Quintal
Odisha,Cereals,Maize,February-2023,4888.15,Metric Tonnes,1949.19,Rs./Quintal
Odisha,Cereals,Paddy(Common),February-2023,13587.21,Metric Tonnes,2027.88,Rs./Quintal
Odisha,Cereals,Ragi(Finger Millet),February-2023,104.68,Metric Tonnes,3650.00,Rs./Quintal
Odisha,Cereals,Rice,February-2023,777.40,Metric Tonnes,3077.31,Rs./Quintal
Odisha,Cereals,Wheat,February-2023,2.10,Metric Tonnes,2718.57,Rs./Quintal
Odisha,Cereals,Bajra(Pearl Millet/Cumbu),March-2023,72.70,Metric Tonnes,2442.09,Rs./Quintal
Odisha,Cereals,Broken Rice,March-2023,360.98,Metric Tonnes,817.74,Rs./Quintal
Odisha,Cereals,Maize,March-2023,1607.46,Metric Tonnes,1850.18,Rs./Quintal
Odisha,Cereals,Paddy(Common),March-2023,8497.42,Metric Tonnes,2034.12,Rs./Quintal
Odisha,Cereals,Ragi(Finger Millet),March-2023,35.10,Metric Tonnes,3650.00,Rs./Quintal
Odisha,Cereals,Rice,March-2023,641.90,Metric Tonnes,3370.85,Rs./Quintal
Odisha,Cereals,Wheat,March-2023,3.10,Metric Tonnes,3002.42,Rs./Quintal
Odisha,Cereals,Broken Rice,April-2023,390.80,Metric Tonnes,835.56,Rs./Quintal
Odisha,Cereals,Maize,April-2023,773.79,Metric Tonnes,1680.11,Rs./Quintal
Odisha,Cereals,Paddy(Common),April-2023,2697.92,Metric Tonnes,2007.00,Rs./Quintal
Odisha,Cereals,Rice,April-2023,572.84,Metric Tonnes,3094.36,Rs./Quintal
Odisha,Cereals,Wheat,April-2023,4.50,Metric Tonnes,3111.11,Rs./Quintal
Odisha,Cereals,Broken Rice,May-2023,121.23,Metric Tonnes,891.55,Rs./Quintal
Odisha,Cereals,Maize,May-2023,1292.37,Metric Tonnes,1573.46,Rs./Quintal
Odisha,Cereals,Paddy(Common),May-2023,127944.73,Metric Tonnes,2039.35,Rs./Quintal
Odisha,Cereals,Ragi(Finger Millet),May-2023,0.10,Metric Tonnes,3600.00,Rs./Quintal
Odisha,Cereals,Rice,May-2023,722.30,Metric Tonnes,3174.22,Rs./Quintal
Odisha,Cereals,Wheat,May-2023,5.40,Metric Tonnes,3000.00,Rs./Quintal
Odisha,Cereals,Broken Rice,June-2023,307.24,Metric Tonnes,907.04,Rs./Quintal
Odisha,Cereals,Maize,June-2023,5049.84,Metric Tonnes,1605.25,Rs./Quintal
Odisha,Cereals,Paddy(Common),June-2023,167096.51,Metric Tonnes,2039.54,Rs./Quintal
Odisha,Cereals,Rice,June-2023,706.60,Metric Tonnes,3231.50,Rs./Quintal
Odisha,Cereals,Wheat,June-2023,5.40,Metric Tonnes,2887.87,Rs./Quintal
Odisha,Cereals,Broken Rice,July-2023,403.54,Metric Tonnes,874.79,Rs./Quintal
Odisha,Cereals,Maize,July-2023,4893.18,Metric Tonnes,1524.52,Rs./Quintal
Odisha,Cereals,Paddy(Common),July-2023,6242.70,Metric Tonnes,2029.79,Rs./Quintal
Odisha,Cereals,Rice,July-2023,649.40,Metric Tonnes,3457.17,Rs./Quintal
Odisha,Cereals,Wheat,July-2023,4.40,Metric Tonnes,2801.14,Rs./Quintal
Odisha,Cereals,Broken Rice,August-2023,301.00,Metric Tonnes,823.26,Rs./Quintal
Odisha,Cereals,Maize,August-2023,4111.83,Metric Tonnes,1634.84,Rs./Quintal
Odisha,Cereals,Paddy(Common),August-2023,3154.50,Metric Tonnes,2041.25,Rs./Quintal
Odisha,Cereals,Rice,August-2023,523.50,Metric Tonnes,3331.80,Rs./Quintal
Odisha,Cereals,Wheat,August-2023,12.50,Metric Tonnes,2130.00,Rs./Quintal
Odisha,Cereals,Bajra(Pearl Millet/Cumbu),September-2023,12.00,Metric Tonnes,2450.00,Rs./Quintal
Odisha,Cereals,Broken Rice,September-2023,232.25,Metric Tonnes,825.83,Rs./Quintal
Odisha,Cereals,Maize,September-2023,2618.83,Metric Tonnes,2059.90,Rs./Quintal
Odisha,Cereals,Paddy(Common),September-2023,3287.80,Metric Tonnes,2040.94,Rs./Quintal
Odisha,Cereals,Ragi(Finger Millet),September-2023,2.00,Metric Tonnes,3700.00,Rs./Quintal
Odisha,Cereals,Rice,September-2023,450.60,Metric Tonnes,3119.70,Rs./Quintal
Odisha,Cereals,Wheat,September-2023,11.00,Metric Tonnes,2062.50,Rs./Quintal
Odisha,Cereals,Broken Rice,October-2023,89.00,Metric Tonnes,800.00,Rs./Quintal
Odisha,Cereals,Maize,October-2023,3009.36,Metric Tonnes,1784.88,Rs./Quintal
Odisha,Cereals,Paddy(Common),October-2023,2066.00,Metric Tonnes,2171.82,Rs./Quintal
Odisha,Cereals,Rice,October-2023,513.50,Metric Tonnes,3134.91,Rs./Quintal
Odisha,Cereals,Wheat,October-2023,1.00,Metric Tonnes,3500.00,Rs./Quintal
Odisha,Cereals,Broken Rice,November-2023,422.35,Metric Tonnes,1322.29,Rs./Quintal
Odisha,Cereals,Maize,November-2023,28009.24,Metric Tonnes,2034.32,Rs./Quintal
Odisha,Cereals,Paddy(Common),November-2023,12002.77,Metric Tonnes,2183.12,Rs./Quintal
Odisha,Cereals,Rice,November-2023,473.90,Metric Tonnes,3180.95,Rs./Quintal
Odisha,Cereals,Wheat,November-2023,11.40,Metric Tonnes,2800.00,Rs./Quintal
Odisha,Cereals,Broken Rice,December-2023,119.06,Metric Tonnes,1584.14,Rs./Quintal
Odisha,Cereals,Maize,December-2023,7725.81,Metric Tonnes,1962.89,Rs./Quintal
Odisha,Cereals,Paddy(Common),December-2023,155024.33,Metric Tonnes,2183.04,Rs./Quintal
Odisha,Cereals,Ragi(Finger Millet),December-2023,40.00,Metric Tonnes,2800.00,Rs./Quintal
Odisha,Cereals,Rice,December-2023,367.60,Metric Tonnes,3130.07,Rs./Quintal
Odisha,Cereals,Wheat,December-2023,2.00,Metric Tonnes,3000.00,Rs./Quintal
Odisha,Cereals,Maize,January-2024,138.62,Metric Tonnes,2142.56,Rs./Quintal
Odisha,Cereals,Paddy(Common),January-2024,59951.89,Metric Tonnes,2183.29,Rs./Quintal
Odisha,Cereals,Rice,January-2024,712.70,Metric Tonnes,3315.06,Rs./Quintal
Odisha,Cereals,Maize,February-2024,76.89,Metric Tonnes,2120.03,Rs./Quintal
Odisha,Cereals,Paddy(Common),February-2024,214.30,Metric Tonnes,2211.99,Rs./Quintal
Odisha,Cereals,Rice,February-2024,426.60,Metric Tonnes,3183.52,Rs./Quintal
Odisha,Cereals,Maize,March-2024,439.72,Metric Tonnes,2103.76,Rs./Quintal
Odisha,Cereals,Paddy(Common),March-2024,1605.40,Metric Tonnes,2184.46,Rs./Quintal
Odisha,Cereals,Rice,March-2024,353.50,Metric Tonnes,3214.14,Rs./Quintal
Odisha,Cereals,Maize,April-2024,1986.73,Metric Tonnes,1989.66,Rs./Quintal
Odisha,Cereals,Paddy(Common),April-2024,2182.80,Metric Tonnes,2183.61,Rs./Quintal
Odisha,Cereals,Rice,April-2024,392.60,Metric Tonnes,3258.63,Rs./Quintal
Odisha,Cereals,Broken Rice,May-2024,133.80,Metric Tonnes,844.84,Rs./Quintal
Odisha,Cereals,Maize,May-2024,4343.33,Metric Tonnes,2001.29,Rs./Quintal
Odisha,Cereals,Paddy(Common),May-2024,107123.46,Metric Tonnes,2183.03,Rs./Quintal
Odisha,Cereals,Rice,May-2024,308.70,Metric Tonnes,3251.96,Rs./Quintal
Odisha,Cereals,Broken Rice,June-2024,79.00,Metric Tonnes,1037.97,Rs./Quintal
Odisha,Cereals,Maize,June-2024,9073.53,Metric Tonnes,2001.94,Rs./Quintal
Odisha,Cereals,Paddy(Common),June-2024,126739.48,Metric Tonnes,2183.03,Rs./Quintal
Odisha,Cereals,Rice,June-2024,863.20,Metric Tonnes,2790.92,Rs./Quintal
Odisha,Cereals,Broken Rice,July-2024,80.00,Metric Tonnes,800.00,Rs./Quintal
Odisha,Cereals,Maize,July-2024,2179.78,Metric Tonnes,2091.09,Rs./Quintal
Odisha,Cereals,Paddy(Common),July-2024,2162.60,Metric Tonnes,2210.06,Rs./Quintal
Odisha,Cereals,Rice,July-2024,387.20,Metric Tonnes,3352.76,Rs./Quintal
Odisha,Cereals,Broken Rice,August-2024,385.00,Metric Tonnes,800.00,Rs./Quintal
Odisha,Cereals,Maize,August-2024,3188.04,Metric Tonnes,2126.42,Rs./Quintal
Odisha,Cereals,Paddy(Common),August-2024,1726.25,Metric Tonnes,2183.96,Rs./Quintal
Odisha,Cereals,Rice,August-2024,347.80,Metric Tonnes,3354.49,Rs./Quintal
Odisha,Cereals,Broken Rice,September-2024,35.50,Metric Tonnes,1000.00,Rs./Quintal
Odisha,Cereals,Maize,September-2024,1098.25,Metric Tonnes,2278.52,Rs./Quintal
Odisha,Cereals,Paddy(Common),September-2024,1624.43,Metric Tonnes,2183.86,Rs./Quintal
Odisha,Cereals,Rice,September-2024,373.90,Metric Tonnes,3351.32,Rs./Quintal
Odisha,Cereals,Broken Rice,October-2024,51.00,Metric Tonnes,1000.00,Rs./Quintal
Odisha,Cereals,Maize,October-2024,1902.24,Metric Tonnes,2001.20,Rs./Quintal
Odisha,Cereals,Paddy(Common),October-2024,1677.70,Metric Tonnes,2294.70,Rs./Quintal
Odisha,Cereals,Rice,October-2024,325.70,Metric Tonnes,3409.86,Rs./Quintal
Odisha,Cereals,Broken Rice,November-2024,66.00,Metric Tonnes,2247.73,Rs./Quintal
Odisha,Cereals,Maize,November-2024,20411.55,Metric Tonnes,2004.50,Rs./Quintal
Odisha,Cereals,Paddy(Common),November-2024,5074.35,Metric Tonnes,2300.00,Rs./Quintal
Odisha,Cereals,Rice,November-2024,267.40,Metric Tonnes,3399.07,Rs./Quintal
Odisha,Cereals,Wheat,November-2024,43.46,Metric Tonnes,2000.00,Rs./Quintal
Odisha,Cereals,Broken Rice,December-2024,25.00,Metric Tonnes,1000.00,Rs./Quintal
Odisha,Cereals,Maize,December-2024,4791.59,Metric Tonnes,2065.07,Rs./Quintal
Odisha,Cereals,Paddy(Common),December-2024,131428.87,Metric Tonnes,2300.00,Rs./Quintal
Odisha,Cereals,Rice,December-2024,256.40,Metric Tonnes,3461.54,Rs./Quintal
Odisha,Cereals,Wheat,December-2024,14.30,Metric Tonnes,2225.00,Rs./Quintal
Odisha,Cereals,Maize,January-2025,1705.25,Metric Tonnes,2346.61,Rs./Quintal
Odisha,Cereals,Paddy(Common),January-2025,96079.63,Metric Tonnes,2300.00,Rs./Quintal
Odisha,Cereals,Rice,January-2025,280.20,Metric Tonnes,3555.82,Rs./Quintal
Odisha,Cereals,Broken Rice,February-2025,181.00,Metric Tonnes,1128.18,Rs./Quintal
Odisha,Cereals,Maize,February-2025,1274.91,Metric Tonnes,2375.08,Rs./Quintal
Odisha,Cereals,Paddy(Common),February-2025,8028.68,Metric Tonnes,2300.85,Rs./Quintal
Odisha,Cereals,Rice,February-2025,289.10,Metric Tonnes,3599.52,Rs./Quintal
Odisha,Cereals,Broken Rice,March-2025,179.00,Metric Tonnes,1407.82,Rs./Quintal
Odisha,Cereals,Maize,March-2025,1673.70,Metric Tonnes,2129.19,Rs./Quintal
Odisha,Cereals,Paddy(Common),March-2025,518.90,Metric Tonnes,2213.28,Rs./Quintal
Odisha,Cereals,Rice,March-2025,314.10,Metric Tonnes,3582.17,Rs./Quintal
Odisha,Cereals,Maize,April-2025,830.53,Metric Tonnes,2150.70,Rs./Quintal
Odisha,Cereals,Paddy(Common),April-2025,108.00,Metric Tonnes,2300.00,Rs./Quintal
Odisha,Cereals,Rice,April-2025,360.50,Metric Tonnes,3748.43,Rs./Quintal
Odisha,Cereals,Maize,May-2025,2083.81,Metric Tonnes,2263.61,Rs./Quintal
Odisha,Cereals,Paddy(Common),May-2025,80122.24,Metric Tonnes,2300.00,Rs./Quintal
Odisha,Cereals,Rice,May-2025,375.20,Metric Tonnes,3671.93,Rs./Quintal
Odisha,Cereals,Maize,June-2025,4135.66,Metric Tonnes,2027.92,Rs./Quintal
Odisha,Cereals,Paddy(Common),June-2025,171922.31,Metric Tonnes,2300.00,Rs./Quintal
Odisha,Cereals,Rice,June-2025,310.30,Metric Tonnes,3709.73,Rs./Quintal
Odisha,Cereals,Broken Rice,July-2025,10.25,Metric Tonnes,1800.00,Rs./Quintal
Odisha,Cereals,Maize,July-2025,146.95,Metric Tonnes,2183.12,Rs./Quintal
Odisha,Cereals,Paddy(Common),July-2025,216.33,Metric Tonnes,2300.00,Rs./Quintal
Odisha,Cereals,Rice,July-2025,446.40,Metric Tonnes,3751.66,Rs./Quintal
Odisha,Cereals,Maize,August-2025,1585.30,Metric Tonnes,2272.53,Rs./Quintal
Odisha,Cereals,Paddy(Common),August-2025,77.50,Metric Tonnes,2300.00,Rs./Quintal
Odisha,Cereals,Rice,August-2025,318.70,Metric Tonnes,3753.06,Rs./Quintal
Odisha,Cereals,Maize,September-2025,740.37,Metric Tonnes,2004.43,Rs./Quintal
Odisha,Cereals,Paddy(Common),September-2025,43.50,Metric Tonnes,2300.00,Rs./Quintal
Odisha,Cereals,Rice,September-2025,281.90,Metric Tonnes,3800.43,Rs./Quintal
Odisha,Cereals,Maize,October-2025,18.90,Metric Tonnes,2216.93,Rs./Quintal
Odisha,Cereals,Paddy(Common),October-2025,37.20,Metric Tonnes,2300.00,Rs./Quintal
Odisha,Cereals,Rice,October-2025,759.10,Metric Tonnes,3811.63,Rs./Quintal
Odisha,Cereals,Maize,November-2025,5.40,Metric Tonnes,2264.81,Rs./Quintal
Odisha,Cereals,Paddy(Common),November-2025,28.30,Metric Tonnes,2300.00,Rs./Quintal
Odisha,Cereals,Ragi(Finger Millet),November-2025,1.00,Metric Tonnes,4800.00,Rs./Quintal
Odisha,Cereals,Rice,November-2025,257.90,Metric Tonnes,3765.99,Rs./Quintal
Odisha,Cereals,Maize,December-2025,21.40,Metric Tonnes,2200.00,Rs./Quintal
Odisha,Cereals,Paddy(Common),December-2025,29.50,Metric Tonnes,2300.00,Rs./Quintal
Odisha,Cereals,Rice,December-2025,224.70,Metric Tonnes,3846.51,Rs./Quintal
Pondicherry,Cereals,Paddy(Common),January-2023,830.39,Metric Tonnes,1802.52,Rs./Quintal
Pondicherry,Cereals,Ragi(Finger Millet),January-2023,1.00,Metric Tonnes,2511.90,Rs./Quintal
Pondicherry,Cereals,T.V. Cumbu,January-2023,0.23,Metric Tonnes,6750.22,Rs./Quintal
Pondicherry,Cereals,Kodo Millet(Varagu),February-2023,2.15,Metric Tonnes,3232.72,Rs./Quintal
Pondicherry,Cereals,Paddy(Common),February-2023,647.15,Metric Tonnes,1849.59,Rs./Quintal
Pondicherry,Cereals,Ragi(Finger Millet),February-2023,2.10,Metric Tonnes,2665.71,Rs./Quintal
Pondicherry,Cereals,T.V. Cumbu,February-2023,0.30,Metric Tonnes,7123.00,Rs./Quintal
Pondicherry,Cereals,Hybrid Cumbu,March-2023,0.37,Metric Tonnes,2552.24,Rs./Quintal
Pondicherry,Cereals,Paddy(Common),March-2023,559.48,Metric Tonnes,1793.54,Rs./Quintal
Pondicherry,Cereals,Ragi(Finger Millet),March-2023,2.84,Metric Tonnes,2907.38,Rs./Quintal
Pondicherry,Cereals,T.V. Cumbu,March-2023,0.40,Metric Tonnes,7239.25,Rs./Quintal
Pondicherry,Cereals,Kodo Millet(Varagu),April-2023,0.50,Metric Tonnes,3315.60,Rs./Quintal
Pondicherry,Cereals,Paddy(Common),April-2023,269.45,Metric Tonnes,1636.50,Rs./Quintal
Pondicherry,Cereals,Ragi(Finger Millet),April-2023,3.10,Metric Tonnes,2878.58,Rs./Quintal
Pondicherry,Cereals,T.V. Cumbu,April-2023,0.50,Metric Tonnes,8738.60,Rs./Quintal
Pondicherry,Cereals,Paddy(Common),May-2023,215.27,Metric Tonnes,1678.05,Rs./Quintal
Pondicherry,Cereals,Ragi(Finger Millet),May-2023,5.90,Metric Tonnes,2969.80,Rs./Quintal
Pondicherry,Cereals,T.V. Cumbu,May-2023,0.20,Metric Tonnes,9584.00,Rs./Quintal
Pondicherry,Cereals,Hybrid Cumbu,June-2023,2.80,Metric Tonnes,2513.64,Rs./Quintal
Pondicherry,Cereals,Paddy(Common),June-2023,737.87,Metric Tonnes,1953.00,Rs./Quintal
Pondicherry,Cereals,Ragi(Finger Millet),June-2023,4.69,Metric Tonnes,2937.91,Rs./Quintal
Pondicherry,Cereals,T.V. Cumbu,June-2023,0.10,Metric Tonnes,9319.00,Rs./Quintal
Pondicherry,Cereals,Hybrid Cumbu,July-2023,11.60,Metric Tonnes,2479.09,Rs./Quintal
Pondicherry,Cereals,Maize,July-2023,0.10,Metric Tonnes,2077.00,Rs./Quintal
Pondicherry,Cereals,Paddy(Common),July-2023,238.20,Metric Tonnes,2053.59,Rs./Quintal
Pondicherry,Cereals,Ragi(Finger Millet),July-2023,4.20,Metric Tonnes,3343.71,Rs./Quintal
Pondicherry,Cereals,Hybrid Cumbu,August-2023,70.00,Metric Tonnes,2567.11,Rs./Quintal
Pondicherry,Cereals,Paddy(Common),August-2023,189.38,Metric Tonnes,1840.71,Rs./Quintal
Pondicherry,Cereals,Ragi(Finger Millet),August-2023,12.19,Metric Tonnes,3352.17,Rs./Quintal
Pondicherry,Cereals,T.V. Cumbu,August-2023,5.00,Metric Tonnes,6351.54,Rs./Quintal
Pondicherry,Cereals,Hybrid Cumbu,September-2023,37.10,Metric Tonnes,2444.46,Rs./Quintal
Pondicherry,Cereals,Maize,September-2023,15.60,Metric Tonnes,1940.74,Rs./Quintal
Pondicherry,Cereals,Paddy(Common),September-2023,184.81,Metric Tonnes,1971.01,Rs./Quintal
Pondicherry,Cereals,Ragi(Finger Millet),September-2023,12.70,Metric Tonnes,3447.87,Rs./Quintal
Pondicherry,Cereals,T.V. Cumbu,September-2023,23.27,Metric Tonnes,6496.65,Rs./Quintal
Pondicherry,Cereals,Hybrid Cumbu,October-2023,8.84,Metric Tonnes,2219.22,Rs./Quintal
Pondicherry,Cereals,Maize,October-2023,13.20,Metric Tonnes,2178.70,Rs./Quintal
Pondicherry,Cereals,Paddy(Common),October-2023,243.14,Metric Tonnes,1861.76,Rs./Quintal
Pondicherry,Cereals,Ragi(Finger Millet),October-2023,8.71,Metric Tonnes,3561.39,Rs./Quintal
Pondicherry,Cereals,T.V. Cumbu,October-2023,16.16,Metric Tonnes,6508.55,Rs./Quintal
Pondicherry,Cereals,Hybrid Cumbu,November-2023,0.90,Metric Tonnes,2280.11,Rs./Quintal
Pondicherry,Cereals,Paddy(Common),November-2023,41.69,Metric Tonnes,2285.42,Rs./Quintal
Pondicherry,Cereals,T.V. Cumbu,November-2023,6.10,Metric Tonnes,6830.02,Rs./Quintal
Pondicherry,Cereals,Hybrid Cumbu,December-2023,0.50,Metric Tonnes,2719.00,Rs./Quintal
Pondicherry,Cereals,Paddy(Common),December-2023,39.10,Metric Tonnes,2138.55,Rs./Quintal
Pondicherry,Cereals,Ragi(Finger Millet),December-2023,0.90,Metric Tonnes,3728.11,Rs./Quintal
Pondicherry,Cereals,T.V. Cumbu,December-2023,1.90,Metric Tonnes,6830.84,Rs./Quintal
Pondicherry,Cereals,Paddy(Common),January-2024,177.95,Metric Tonnes,2038.78,Rs./Quintal
Pondicherry,Cereals,Paddy(Common),February-2024,1160.95,Metric Tonnes,2310.64,Rs./Quintal
Pondicherry,Cereals,Paddy(Common),March-2024,289.27,Metric Tonnes,2365.19,Rs./Quintal
Pondicherry,Cereals,Paddy(Common),April-2024,7.33,Metric Tonnes,2370.57,Rs./Quintal
Pondicherry,Cereals,Paddy(Common),May-2024,100.61,Metric Tonnes,1824.86,Rs./Quintal
Pondicherry,Cereals,Paddy(Common),June-2024,253.07,Metric Tonnes,1734.09,Rs./Quintal
Pondicherry,Cereals,Paddy(Common),July-2024,256.04,Metric Tonnes,1987.37,Rs./Quintal
Pondicherry,Cereals,Ragi(Finger Millet),July-2024,2.14,Metric Tonnes,3657.60,Rs./Quintal
Pondicherry,Cereals,Paddy(Common),August-2024,116.34,Metric Tonnes,2362.11,Rs./Quintal
Pondicherry,Cereals,Ragi(Finger Millet),August-2024,5.00,Metric Tonnes,3620.02,Rs./Quintal
Pondicherry,Cereals,Paddy(Common),September-2024,112.13,Metric Tonnes,1970.96,Rs./Quintal
Pondicherry,Cereals,Ragi(Finger Millet),September-2024,6.50,Metric Tonnes,3436.26,Rs./Quintal
Pondicherry,Cereals,Paddy(Common),October-2024,80.75,Metric Tonnes,1943.36,Rs./Quintal
Pondicherry,Cereals,Ragi(Finger Millet),October-2024,0.10,Metric Tonnes,3577.00,Rs./Quintal
Pondicherry,Cereals,Paddy(Common),November-2024,22.01,Metric Tonnes,1740.41,Rs./Quintal
Pondicherry,Cereals,Ragi(Finger Millet),November-2024,1.60,Metric Tonnes,3445.19,Rs./Quintal
Pondicherry,Cereals,Paddy(Common),December-2024,46.76,Metric Tonnes,1856.61,Rs./Quintal
Pondicherry,Cereals,Ragi(Finger Millet),December-2024,0.10,Metric Tonnes,3399.00,Rs./Quintal
Pondicherry,Cereals,Paddy(Common),March-2025,101.23,Metric Tonnes,1878.89,Rs./Quintal
Pondicherry,Cereals,Paddy(Common),April-2025,113.39,Metric Tonnes,1938.74,Rs./Quintal
Pondicherry,Cereals,Paddy(Common),May-2025,149.15,Metric Tonnes,1732.88,Rs./Quintal
Pondicherry,Cereals,Paddy(Common),June-2025,577.67,Metric Tonnes,1762.05,Rs./Quintal
Pondicherry,Cereals,Ragi(Finger Millet),June-2025,0.30,Metric Tonnes,3436.00,Rs./Quintal
Pondicherry,Cereals,Paddy(Common),July-2025,233.83,Metric Tonnes,1910.48,Rs./Quintal
Pondicherry,Cereals,Paddy(Common),August-2025,174.75,Metric Tonnes,1942.61,Rs./Quintal
Pondicherry,Cereals,Paddy(Common),September-2025,210.26,Metric Tonnes,2100.26,Rs./Quintal
Pondicherry,Cereals,Ragi(Finger Millet),September-2025,0.25,Metric Tonnes,3589.00,Rs./Quintal
Pondicherry,Cereals,Paddy(Common),October-2025,48.19,Metric Tonnes,1829.16,Rs./Quintal
Pondicherry,Cereals,Ragi(Finger Millet),October-2025,0.34,Metric Tonnes,3489.00,Rs./Quintal
Pondicherry,Cereals,Hybrid Cumbu,November-2025,0.40,Metric Tonnes,1950.00,Rs./Quintal
Pondicherry,Cereals,Maize,November-2025,1.02,Metric Tonnes,1549.00,Rs./Quintal
Pondicherry,Cereals,Paddy(Common),November-2025,1976.07,Metric Tonnes,2087.81,Rs./Quintal
Pondicherry,Cereals,Ragi(Finger Millet),November-2025,2.20,Metric Tonnes,3799.09,Rs./Quintal
Pondicherry,Cereals,T.V. Cumbu,November-2025,0.10,Metric Tonnes,3119.00,Rs./Quintal
Pondicherry,Cereals,Paddy(Common),December-2025,29.51,Metric Tonnes,2048.22,Rs./Quintal
Pondicherry,Cereals,Ragi(Finger Millet),December-2025,1.20,Metric Tonnes,3817.33,Rs./Quintal
Punjab,Cereals,Paddy(Basmati),January-2023,1356.50,Metric Tonnes,3988.46,Rs./Quintal
Punjab,Cereals,Wheat,January-2023,80.50,Metric Tonnes,2722.67,Rs./Quintal
Punjab,Cereals,Paddy(Basmati),February-2023,910.75,Metric Tonnes,4293.30,Rs./Quintal
Punjab,Cereals,Maize,April-2023,8706.30,Metric Tonnes,2125.00,Rs./Quintal
Punjab,Cereals,Paddy(Basmati),April-2023,2432.60,Metric Tonnes,2515.99,Rs./Quintal
Punjab,Cereals,Paddy(Common),April-2023,26981.00,Metric Tonnes,2125.00,Rs./Quintal
Punjab,Cereals,Wheat,April-2023,4588274.00,Metric Tonnes,2125.05,Rs./Quintal
Punjab,Cereals,Paddy(Basmati),May-2023,8180.05,Metric Tonnes,2203.39,Rs./Quintal
Punjab,Cereals,Wheat,May-2023,469955.55,Metric Tonnes,2125.06,Rs./Quintal
Punjab,Cereals,Maize,June-2023,55287.53,Metric Tonnes,1304.85,Rs./Quintal
Punjab,Cereals,Wheat,June-2023,77.75,Metric Tonnes,2130.00,Rs./Quintal
Punjab,Cereals,Maize,July-2023,64891.40,Metric Tonnes,1447.50,Rs./Quintal
Punjab,Cereals,Rice,July-2023,0.10,Metric Tonnes,200.00,Rs./Quintal
Punjab,Cereals,Maize,August-2023,2048.89,Metric Tonnes,1462.99,Rs./Quintal
Punjab,Cereals,Maize,September-2023,525.66,Metric Tonnes,1322.85,Rs./Quintal
Punjab,Cereals,Paddy(Basmati),September-2023,43507.96,Metric Tonnes,3490.47,Rs./Quintal
Punjab,Cereals,Paddy(Common),September-2023,205.40,Metric Tonnes,3063.00,Rs./Quintal
Punjab,Cereals,Maize,October-2023,2.50,Metric Tonnes,1995.00,Rs./Quintal
Punjab,Cereals,Paddy(Basmati),October-2023,333941.64,Metric Tonnes,3065.06,Rs./Quintal
Punjab,Cereals,Paddy(Common),October-2023,3433127.15,Metric Tonnes,2204.92,Rs./Quintal
Punjab,Cereals,Rice,October-2023,430.00,Metric Tonnes,2203.00,Rs./Quintal
Punjab,Cereals,Wheat,October-2023,29399.00,Metric Tonnes,2203.00,Rs./Quintal
Punjab,Cereals,Paddy(Basmati),November-2023,482637.26,Metric Tonnes,3571.21,Rs./Quintal
Punjab,Cereals,Paddy(Common),November-2023,2821743.82,Metric Tonnes,2203.91,Rs./Quintal
Punjab,Cereals,Rice,November-2023,1.00,Metric Tonnes,700.00,Rs./Quintal
Punjab,Cereals,Paddy(Basmati),December-2023,84862.85,Metric Tonnes,4106.86,Rs./Quintal
Punjab,Cereals,Paddy(Common),December-2023,8035.60,Metric Tonnes,2314.81,Rs./Quintal
Punjab,Cereals,Wheat,December-2023,7.00,Metric Tonnes,2578.57,Rs./Quintal
Punjab,Cereals,Paddy(Basmati),January-2024,2959.20,Metric Tonnes,4149.32,Rs./Quintal
Punjab,Cereals,Maize,February-2024,2.12,Metric Tonnes,2500.00,Rs./Quintal
Punjab,Cereals,Paddy(Basmati),February-2024,386.90,Metric Tonnes,4024.12,Rs./Quintal
Punjab,Cereals,Maize,March-2024,113.19,Metric Tonnes,2500.00,Rs./Quintal
Punjab,Cereals,Paddy(Basmati),March-2024,115.83,Metric Tonnes,3778.22,Rs./Quintal
Punjab,Cereals,Maize,April-2024,565.36,Metric Tonnes,2291.58,Rs./Quintal
Punjab,Cereals,Paddy(Basmati),April-2024,960.00,Metric Tonnes,2957.54,Rs./Quintal
Punjab,Cereals,Wheat,April-2024,4631486.18,Metric Tonnes,2275.95,Rs./Quintal
Punjab,Cereals,Maize,May-2024,444.60,Metric Tonnes,2271.91,Rs./Quintal
Punjab,Cereals,Paddy(Basmati),May-2024,1.00,Metric Tonnes,2275.00,Rs./Quintal
Punjab,Cereals,Wheat,May-2024,1257307.30,Metric Tonnes,2275.18,Rs./Quintal
Punjab,Cereals,Maize,June-2024,122500.86,Metric Tonnes,2007.35,Rs./Quintal
Punjab,Cereals,Wheat,June-2024,443.00,Metric Tonnes,2278.98,Rs./Quintal
Punjab,Cereals,Maize,July-2024,91032.53,Metric Tonnes,2170.29,Rs./Quintal
Punjab,Cereals,Wheat,July-2024,328.40,Metric Tonnes,2405.79,Rs./Quintal
Punjab,Cereals,Maize,August-2024,9265.41,Metric Tonnes,2274.71,Rs./Quintal
Punjab,Cereals,Paddy(Basmati),August-2024,7.00,Metric Tonnes,2518.57,Rs./Quintal
Punjab,Cereals,Wheat,August-2024,76.25,Metric Tonnes,2307.46,Rs./Quintal
Punjab,Cereals,Maize,September-2024,6675.49,Metric Tonnes,2454.85,Rs./Quintal
Punjab,Cereals,Paddy(Basmati),September-2024,210480.33,Metric Tonnes,2585.03,Rs./Quintal
Punjab,Cereals,Paddy(Common),September-2024,12598.00,Metric Tonnes,2571.77,Rs./Quintal
Punjab,Cereals,Wheat,September-2024,464.60,Metric Tonnes,2466.95,Rs./Quintal
Punjab,Cereals,Maize,October-2024,8720.42,Metric Tonnes,2420.59,Rs./Quintal
Punjab,Cereals,Paddy(Basmati),October-2024,447674.02,Metric Tonnes,2700.75,Rs./Quintal
Punjab,Cereals,Paddy(Common),October-2024,3515026.26,Metric Tonnes,2324.52,Rs./Quintal
Punjab,Cereals,Wheat,October-2024,195.85,Metric Tonnes,2608.39,Rs./Quintal
Punjab,Cereals,Maize,November-2024,5737.60,Metric Tonnes,2324.47,Rs./Quintal
Punjab,Cereals,Paddy(Basmati),November-2024,622723.18,Metric Tonnes,3198.79,Rs./Quintal
Punjab,Cereals,Paddy(Common),November-2024,3563409.15,Metric Tonnes,2330.50,Rs./Quintal
Punjab,Cereals,Wheat,November-2024,612.40,Metric Tonnes,2320.81,Rs./Quintal
Punjab,Cereals,Maize,December-2024,814.47,Metric Tonnes,2628.22,Rs./Quintal
Punjab,Cereals,Paddy(Basmati),December-2024,120604.86,Metric Tonnes,3402.29,Rs./Quintal
Punjab,Cereals,Paddy(Common),December-2024,3688.16,Metric Tonnes,2323.81,Rs./Quintal
Punjab,Cereals,Wheat,December-2024,205.50,Metric Tonnes,2989.86,Rs./Quintal
Punjab,Cereals,Maize,January-2025,453.90,Metric Tonnes,2645.00,Rs./Quintal
Punjab,Cereals,Paddy(Basmati),January-2025,4349.48,Metric Tonnes,3009.45,Rs./Quintal
Punjab,Cereals,Wheat,January-2025,8.00,Metric Tonnes,3050.00,Rs./Quintal
Punjab,Cereals,Paddy(Basmati),February-2025,2724.24,Metric Tonnes,2989.92,Rs./Quintal
Punjab,Cereals,Wheat,February-2025,28.30,Metric Tonnes,2891.17,Rs./Quintal
Punjab,Cereals,Paddy(Basmati),March-2025,71.30,Metric Tonnes,3131.99,Rs./Quintal
Punjab,Cereals,Wheat,March-2025,9.00,Metric Tonnes,2865.00,Rs./Quintal
Punjab,Cereals,Maize,April-2025,390.10,Metric Tonnes,2425.26,Rs./Quintal
Punjab,Cereals,Paddy(Basmati),April-2025,33.21,Metric Tonnes,2438.12,Rs./Quintal
Punjab,Cereals,Wheat,April-2025,3927555.06,Metric Tonnes,2425.39,Rs./Quintal
Punjab,Cereals,Maize,May-2025,74.00,Metric Tonnes,2426.31,Rs./Quintal
Punjab,Cereals,Wheat,May-2025,626596.10,Metric Tonnes,2425.18,Rs./Quintal
Punjab,Cereals,Maize,June-2025,42948.48,Metric Tonnes,2000.13,Rs./Quintal
Punjab,Cereals,Wheat,June-2025,22.80,Metric Tonnes,2449.43,Rs./Quintal
Punjab,Cereals,Maize,July-2025,84748.89,Metric Tonnes,1937.91,Rs./Quintal
Punjab,Cereals,Wheat,July-2025,86.50,Metric Tonnes,2553.00,Rs./Quintal
Punjab,Cereals,Maize,August-2025,10760.32,Metric Tonnes,2082.84,Rs./Quintal
Punjab,Cereals,Wheat,August-2025,277.23,Metric Tonnes,2541.55,Rs./Quintal
Punjab,Cereals,Maize,September-2025,4812.12,Metric Tonnes,2040.95,Rs./Quintal
Punjab,Cereals,Paddy(Basmati),September-2025,95868.95,Metric Tonnes,3059.32,Rs./Quintal
Punjab,Cereals,Paddy(Common),September-2025,68607.98,Metric Tonnes,2387.95,Rs./Quintal
Punjab,Cereals,Wheat,September-2025,559.28,Metric Tonnes,2463.21,Rs./Quintal
Punjab,Cereals,Maize,October-2025,4145.39,Metric Tonnes,2336.91,Rs./Quintal
Punjab,Cereals,Paddy(Basmati),October-2025,266098.97,Metric Tonnes,2931.96,Rs./Quintal
Punjab,Cereals,Paddy(Common),October-2025,4850870.79,Metric Tonnes,2388.56,Rs./Quintal
Punjab,Cereals,Wheat,October-2025,148.65,Metric Tonnes,2568.11,Rs./Quintal
Punjab,Cereals,Bajra(Pearl Millet/Cumbu),November-2025,3.00,Metric Tonnes,2000.00,Rs./Quintal
Punjab,Cereals,Maize,November-2025,291.39,Metric Tonnes,2071.08,Rs./Quintal
Punjab,Cereals,Paddy(Basmati),November-2025,372222.05,Metric Tonnes,3346.97,Rs./Quintal
Punjab,Cereals,Paddy(Common),November-2025,1726335.78,Metric Tonnes,2388.57,Rs./Quintal
Punjab,Cereals,Wheat,November-2025,120.30,Metric Tonnes,2621.12,Rs./Quintal
Punjab,Cereals,Maize,December-2025,2137.91,Metric Tonnes,2121.78,Rs./Quintal
Punjab,Cereals,Paddy(Basmati),December-2025,359040.92,Metric Tonnes,3564.18,Rs./Quintal
Punjab,Cereals,Wheat,December-2025,113.95,Metric Tonnes,2527.82,Rs./Quintal
Rajasthan,Cereals,Bajra(Pearl Millet/Cumbu),January-2023,20687.93,Metric Tonnes,2195.42,Rs./Quintal
Rajasthan,Cereals,Barley(Jau),January-2023,180.16,Metric Tonnes,2684.80,Rs./Quintal
Rajasthan,Cereals,Jowar(Sorghum),January-2023,1677.55,Metric Tonnes,3654.93,Rs./Quintal
Rajasthan,Cereals,Maize,January-2023,26418.12,Metric Tonnes,2151.59,Rs./Quintal
Rajasthan,Cereals,Paddy(Common),January-2023,47236.90,Metric Tonnes,3998.04,Rs./Quintal
Rajasthan,Cereals,Wheat,January-2023,24878.11,Metric Tonnes,2608.91,Rs./Quintal
Rajasthan,Cereals,Bajra(Pearl Millet/Cumbu),February-2023,15299.46,Metric Tonnes,2132.32,Rs./Quintal
Rajasthan,Cereals,Barley(Jau),February-2023,1127.81,Metric Tonnes,2235.66,Rs./Quintal
Rajasthan,Cereals,Jowar(Sorghum),February-2023,743.62,Metric Tonnes,3598.71,Rs./Quintal
Rajasthan,Cereals,Maize,February-2023,15322.87,Metric Tonnes,2043.47,Rs./Quintal
Rajasthan,Cereals,Paddy(Common),February-2023,16417.80,Metric Tonnes,3882.81,Rs./Quintal
Rajasthan,Cereals,Wheat,February-2023,19058.94,Metric Tonnes,2450.75,Rs./Quintal
Rajasthan,Cereals,Bajra(Pearl Millet/Cumbu),March-2023,8070.11,Metric Tonnes,2186.25,Rs./Quintal
Rajasthan,Cereals,Barley(Jau),March-2023,39246.92,Metric Tonnes,1897.69,Rs./Quintal
Rajasthan,Cereals,Jowar(Sorghum),March-2023,251.04,Metric Tonnes,3562.41,Rs./Quintal
Rajasthan,Cereals,Maize,March-2023,7288.08,Metric Tonnes,2027.05,Rs./Quintal
Rajasthan,Cereals,Paddy(Common),March-2023,15627.20,Metric Tonnes,3930.19,Rs./Quintal
Rajasthan,Cereals,Wheat,March-2023,56824.28,Metric Tonnes,2196.37,Rs./Quintal
Rajasthan,Cereals,Bajra(Pearl Millet/Cumbu),April-2023,8147.65,Metric Tonnes,2222.17,Rs./Quintal
Rajasthan,Cereals,Barley(Jau),April-2023,161330.94,Metric Tonnes,1837.11,Rs./Quintal
Rajasthan,Cereals,Jowar(Sorghum),April-2023,290.31,Metric Tonnes,3672.10,Rs./Quintal
Rajasthan,Cereals,Maize,April-2023,4745.20,Metric Tonnes,2035.79,Rs./Quintal
Rajasthan,Cereals,Paddy(Common),April-2023,8258.50,Metric Tonnes,3965.68,Rs./Quintal
Rajasthan,Cereals,Wheat,April-2023,558331.05,Metric Tonnes,2196.44,Rs./Quintal
Rajasthan,Cereals,Bajra(Pearl Millet/Cumbu),May-2023,3332.90,Metric Tonnes,2179.10,Rs./Quintal
Rajasthan,Cereals,Barley(Jau),May-2023,53946.76,Metric Tonnes,1800.58,Rs./Quintal
Rajasthan,Cereals,Jowar(Sorghum),May-2023,163.42,Metric Tonnes,3390.05,Rs./Quintal
Rajasthan,Cereals,Maize,May-2023,2138.20,Metric Tonnes,1896.08,Rs./Quintal
Rajasthan,Cereals,Paddy(Common),May-2023,8223.00,Metric Tonnes,3791.72,Rs./Quintal
Rajasthan,Cereals,Wheat,May-2023,385403.11,Metric Tonnes,2148.32,Rs./Quintal
Rajasthan,Cereals,Bajra(Pearl Millet/Cumbu),June-2023,4737.27,Metric Tonnes,2053.15,Rs./Quintal
Rajasthan,Cereals,Barley(Jau),June-2023,20600.49,Metric Tonnes,1685.92,Rs./Quintal
Rajasthan,Cereals,Jowar(Sorghum),June-2023,432.27,Metric Tonnes,4112.26,Rs./Quintal
Rajasthan,Cereals,Maize,June-2023,5307.00,Metric Tonnes,1883.95,Rs./Quintal
Rajasthan,Cereals,Paddy(Common),June-2023,7946.50,Metric Tonnes,3482.65,Rs./Quintal
Rajasthan,Cereals,Wheat,June-2023,130147.83,Metric Tonnes,2186.48,Rs./Quintal
Rajasthan,Cereals,Bajra(Pearl Millet/Cumbu),July-2023,14737.25,Metric Tonnes,1798.22,Rs./Quintal
Rajasthan,Cereals,Barley(Jau),July-2023,8951.22,Metric Tonnes,1644.15,Rs./Quintal
Rajasthan,Cereals,Jowar(Sorghum),July-2023,266.20,Metric Tonnes,3385.22,Rs./Quintal
Rajasthan,Cereals,Maize,July-2023,2755.40,Metric Tonnes,2001.61,Rs./Quintal
Rajasthan,Cereals,Paddy(Common),July-2023,6001.00,Metric Tonnes,3305.07,Rs./Quintal
Rajasthan,Cereals,Wheat,July-2023,60284.77,Metric Tonnes,2252.90,Rs./Quintal
Rajasthan,Cereals,Bajra(Pearl Millet/Cumbu),August-2023,12300.06,Metric Tonnes,1895.56,Rs./Quintal
Rajasthan,Cereals,Barley(Jau),August-2023,4917.03,Metric Tonnes,1678.01,Rs./Quintal
Rajasthan,Cereals,Jowar(Sorghum),August-2023,195.10,Metric Tonnes,3050.21,Rs./Quintal
Rajasthan,Cereals,Maize,August-2023,2615.40,Metric Tonnes,1624.97,Rs./Quintal
Rajasthan,Cereals,Paddy(Basmati),August-2023,20.50,Metric Tonnes,3385.10,Rs./Quintal
Rajasthan,Cereals,Paddy(Common),August-2023,2873.20,Metric Tonnes,3553.28,Rs./Quintal
Rajasthan,Cereals,Wheat,August-2023,54933.40,Metric Tonnes,2370.35,Rs./Quintal
Rajasthan,Cereals,Bajra(Pearl Millet/Cumbu),September-2023,68863.28,Metric Tonnes,1946.68,Rs./Quintal
Rajasthan,Cereals,Barley(Jau),September-2023,3022.30,Metric Tonnes,1708.08,Rs./Quintal
Rajasthan,Cereals,Jowar(Sorghum),September-2023,759.30,Metric Tonnes,2948.28,Rs./Quintal
Rajasthan,Cereals,Maize,September-2023,3097.90,Metric Tonnes,1749.88,Rs./Quintal
Rajasthan,Cereals,Paddy(Basmati),September-2023,107.50,Metric Tonnes,3459.59,Rs./Quintal
Rajasthan,Cereals,Paddy(Common),September-2023,7299.90,Metric Tonnes,2450.85,Rs./Quintal
Rajasthan,Cereals,Wheat,September-2023,42190.50,Metric Tonnes,2414.40,Rs./Quintal
Rajasthan,Cereals,Bajra(Pearl Millet/Cumbu),October-2023,117598.61,Metric Tonnes,2052.69,Rs./Quintal
Rajasthan,Cereals,Barley(Jau),October-2023,2515.10,Metric Tonnes,1681.30,Rs./Quintal
Rajasthan,Cereals,Jowar(Sorghum),October-2023,9211.90,Metric Tonnes,3039.41,Rs./Quintal
Rajasthan,Cereals,Maize,October-2023,112855.75,Metric Tonnes,1754.96,Rs./Quintal
Rajasthan,Cereals,Paddy(Basmati),October-2023,6105.30,Metric Tonnes,3323.18,Rs./Quintal
Rajasthan,Cereals,Paddy(Common),October-2023,195100.90,Metric Tonnes,3143.39,Rs./Quintal
Rajasthan,Cereals,Rice,October-2023,3045.00,Metric Tonnes,199.67,Rs./Quintal
Rajasthan,Cereals,Wheat,October-2023,43729.77,Metric Tonnes,2477.54,Rs./Quintal
Rajasthan,Cereals,Bajra(Pearl Millet/Cumbu),November-2023,38415.31,Metric Tonnes,2171.30,Rs./Quintal
Rajasthan,Cereals,Barley(Jau),November-2023,1560.80,Metric Tonnes,1763.21,Rs./Quintal
Rajasthan,Cereals,Jowar(Sorghum),November-2023,4393.00,Metric Tonnes,3296.08,Rs./Quintal
Rajasthan,Cereals,Maize,November-2023,114835.00,Metric Tonnes,1905.43,Rs./Quintal
Rajasthan,Cereals,Paddy(Basmati),November-2023,13467.80,Metric Tonnes,3861.79,Rs./Quintal
Rajasthan,Cereals,Paddy(Common),November-2023,353823.20,Metric Tonnes,3463.10,Rs./Quintal
Rajasthan,Cereals,Wheat,November-2023,29455.09,Metric Tonnes,2557.78,Rs./Quintal
Rajasthan,Cereals,Bajra(Pearl Millet/Cumbu),December-2023,32903.34,Metric Tonnes,2217.45,Rs./Quintal
Rajasthan,Cereals,Barley(Jau),December-2023,2696.20,Metric Tonnes,1957.52,Rs./Quintal
Rajasthan,Cereals,Jowar(Sorghum),December-2023,3579.90,Metric Tonnes,3707.24,Rs./Quintal
Rajasthan,Cereals,Maize,December-2023,64801.45,Metric Tonnes,2182.18,Rs./Quintal
Rajasthan,Cereals,Paddy(Basmati),December-2023,6487.80,Metric Tonnes,4296.31,Rs./Quintal
Rajasthan,Cereals,Paddy(Common),December-2023,297407.80,Metric Tonnes,3661.82,Rs./Quintal
Rajasthan,Cereals,Rice,December-2023,6940.00,Metric Tonnes,4809.82,Rs./Quintal
Rajasthan,Cereals,Wheat,December-2023,26596.60,Metric Tonnes,2530.86,Rs./Quintal
Rajasthan,Cereals,Bajra(Pearl Millet/Cumbu),January-2024,17709.98,Metric Tonnes,2223.53,Rs./Quintal
Rajasthan,Cereals,Barley(Jau),January-2024,617.00,Metric Tonnes,1883.84,Rs./Quintal
Rajasthan,Cereals,Jowar(Sorghum),January-2024,1041.40,Metric Tonnes,3245.95,Rs./Quintal
Rajasthan,Cereals,Maize,January-2024,25027.60,Metric Tonnes,2261.55,Rs./Quintal
Rajasthan,Cereals,Paddy(Basmati),January-2024,1424.50,Metric Tonnes,4271.04,Rs./Quintal
Rajasthan,Cereals,Paddy(Common),January-2024,99337.60,Metric Tonnes,3563.58,Rs./Quintal
Rajasthan,Cereals,Rice,January-2024,1024.00,Metric Tonnes,4463.70,Rs./Quintal
Rajasthan,Cereals,Wheat,January-2024,20981.87,Metric Tonnes,2556.00,Rs./Quintal
Rajasthan,Cereals,Bajra(Pearl Millet/Cumbu),February-2024,16959.29,Metric Tonnes,2295.70,Rs./Quintal
Rajasthan,Cereals,Barley(Jau),February-2024,1040.80,Metric Tonnes,1894.09,Rs./Quintal
Rajasthan,Cereals,Jowar(Sorghum),February-2024,822.90,Metric Tonnes,3381.20,Rs./Quintal
Rajasthan,Cereals,Maize,February-2024,9616.40,Metric Tonnes,2210.34,Rs./Quintal
Rajasthan,Cereals,Paddy(Basmati),February-2024,789.00,Metric Tonnes,4066.19,Rs./Quintal
Rajasthan,Cereals,Paddy(Common),February-2024,89374.10,Metric Tonnes,3517.61,Rs./Quintal
Rajasthan,Cereals,Wheat,February-2024,23932.71,Metric Tonnes,2436.50,Rs./Quintal
Rajasthan,Cereals,Bajra(Pearl Millet/Cumbu),March-2024,10760.44,Metric Tonnes,2358.74,Rs./Quintal
Rajasthan,Cereals,Barley(Jau),March-2024,38980.35,Metric Tonnes,1850.82,Rs./Quintal
Rajasthan,Cereals,Jowar(Sorghum),March-2024,370.90,Metric Tonnes,3143.93,Rs./Quintal
Rajasthan,Cereals,Maize,March-2024,2128.39,Metric Tonnes,2246.41,Rs./Quintal
Rajasthan,Cereals,Paddy(Basmati),March-2024,449.50,Metric Tonnes,3956.43,Rs./Quintal
Rajasthan,Cereals,Paddy(Common),March-2024,63189.10,Metric Tonnes,3457.11,Rs./Quintal
Rajasthan,Cereals,Wheat,March-2024,130036.87,Metric Tonnes,2463.84,Rs./Quintal
Rajasthan,Cereals,Bajra(Pearl Millet/Cumbu),April-2024,5809.45,Metric Tonnes,2225.49,Rs./Quintal
Rajasthan,Cereals,Barley(Jau),April-2024,173384.54,Metric Tonnes,1755.33,Rs./Quintal
Rajasthan,Cereals,Jowar(Sorghum),April-2024,443.40,Metric Tonnes,2932.22,Rs./Quintal
Rajasthan,Cereals,Maize,April-2024,945.57,Metric Tonnes,2163.51,Rs./Quintal
Rajasthan,Cereals,Paddy(Basmati),April-2024,111.50,Metric Tonnes,4403.27,Rs./Quintal
Rajasthan,Cereals,Paddy(Common),April-2024,16091.10,Metric Tonnes,3456.03,Rs./Quintal
Rajasthan,Cereals,Wheat,April-2024,548632.51,Metric Tonnes,2394.50,Rs./Quintal
Rajasthan,Cereals,Bajra(Pearl Millet/Cumbu),May-2024,3541.25,Metric Tonnes,2192.92,Rs./Quintal
Rajasthan,Cereals,Barley(Jau),May-2024,34076.62,Metric Tonnes,1937.90,Rs./Quintal
Rajasthan,Cereals,Jowar(Sorghum),May-2024,337.95,Metric Tonnes,3257.64,Rs./Quintal
Rajasthan,Cereals,Maize,May-2024,901.55,Metric Tonnes,2175.21,Rs./Quintal
Rajasthan,Cereals,Paddy(Basmati),May-2024,2.00,Metric Tonnes,2450.00,Rs./Quintal
Rajasthan,Cereals,Paddy(Common),May-2024,21457.30,Metric Tonnes,3338.37,Rs./Quintal
Rajasthan,Cereals,Wheat,May-2024,407596.95,Metric Tonnes,2411.06,Rs./Quintal
Rajasthan,Cereals,Bajra(Pearl Millet/Cumbu),June-2024,2922.49,Metric Tonnes,2154.22,Rs./Quintal
Rajasthan,Cereals,Barley(Jau),June-2024,5581.35,Metric Tonnes,2031.83,Rs./Quintal
Rajasthan,Cereals,Jowar(Sorghum),June-2024,805.50,Metric Tonnes,3473.71,Rs./Quintal
Rajasthan,Cereals,Maize,June-2024,996.39,Metric Tonnes,2176.51,Rs./Quintal
Rajasthan,Cereals,Paddy(Common),June-2024,26104.90,Metric Tonnes,3261.91,Rs./Quintal
Rajasthan,Cereals,Wheat,June-2024,109162.96,Metric Tonnes,2465.86,Rs./Quintal
Rajasthan,Cereals,Bajra(Pearl Millet/Cumbu),July-2024,6838.25,Metric Tonnes,2110.89,Rs./Quintal
Rajasthan,Cereals,Barley(Jau),July-2024,1975.05,Metric Tonnes,2056.88,Rs./Quintal
Rajasthan,Cereals,Jowar(Sorghum),July-2024,1224.15,Metric Tonnes,3088.33,Rs./Quintal
Rajasthan,Cereals,Maize,July-2024,1104.95,Metric Tonnes,2277.93,Rs./Quintal
Rajasthan,Cereals,Paddy(Common),July-2024,10935.30,Metric Tonnes,3175.93,Rs./Quintal
Rajasthan,Cereals,Wheat,July-2024,42710.36,Metric Tonnes,2517.92,Rs./Quintal
Rajasthan,Cereals,Bajra(Pearl Millet/Cumbu),August-2024,2129.51,Metric Tonnes,2182.16,Rs./Quintal
Rajasthan,Cereals,Barley(Jau),August-2024,874.90,Metric Tonnes,2114.07,Rs./Quintal
Rajasthan,Cereals,Jowar(Sorghum),August-2024,347.20,Metric Tonnes,3003.97,Rs./Quintal
Rajasthan,Cereals,Maize,August-2024,709.80,Metric Tonnes,2371.09,Rs./Quintal
Rajasthan,Cereals,Paddy(Common),August-2024,3649.10,Metric Tonnes,2984.00,Rs./Quintal
Rajasthan,Cereals,Wheat,August-2024,29524.31,Metric Tonnes,2610.63,Rs./Quintal
Rajasthan,Cereals,Bajra(Pearl Millet/Cumbu),September-2024,54866.73,Metric Tonnes,2230.29,Rs./Quintal
Rajasthan,Cereals,Barley(Jau),September-2024,852.13,Metric Tonnes,2224.51,Rs./Quintal
Rajasthan,Cereals,Jowar(Sorghum),September-2024,869.44,Metric Tonnes,3180.68,Rs./Quintal
Rajasthan,Cereals,Maize,September-2024,1976.80,Metric Tonnes,2130.72,Rs./Quintal
Rajasthan,Cereals,Paddy(Basmati),September-2024,129.50,Metric Tonnes,2602.33,Rs./Quintal
Rajasthan,Cereals,Paddy(Common),September-2024,8879.60,Metric Tonnes,2234.80,Rs./Quintal
Rajasthan,Cereals,Wheat,September-2024,38515.54,Metric Tonnes,2664.28,Rs./Quintal
Rajasthan,Cereals,Bajra(Pearl Millet/Cumbu),October-2024,154672.40,Metric Tonnes,2384.42,Rs./Quintal
Rajasthan,Cereals,Barley(Jau),October-2024,720.86,Metric Tonnes,2236.56,Rs./Quintal
Rajasthan,Cereals,Jowar(Sorghum),October-2024,3491.68,Metric Tonnes,2639.71,Rs./Quintal
Rajasthan,Cereals,Maize,October-2024,121494.86,Metric Tonnes,2127.75,Rs./Quintal
Rajasthan,Cereals,Paddy(Basmati),October-2024,10761.10,Metric Tonnes,2640.78,Rs./Quintal
Rajasthan,Cereals,Paddy(Common),October-2024,109065.80,Metric Tonnes,2530.79,Rs./Quintal
Rajasthan,Cereals,Wheat,October-2024,34000.36,Metric Tonnes,2724.44,Rs./Quintal
Rajasthan,Cereals,Bajra(Pearl Millet/Cumbu),November-2024,53769.36,Metric Tonnes,2488.92,Rs./Quintal
Rajasthan,Cereals,Barley(Jau),November-2024,567.90,Metric Tonnes,2211.69,Rs./Quintal
Rajasthan,Cereals,Jowar(Sorghum),November-2024,5587.35,Metric Tonnes,2967.99,Rs./Quintal
Rajasthan,Cereals,Maize,November-2024,204932.80,Metric Tonnes,2302.65,Rs./Quintal
Rajasthan,Cereals,Paddy(Basmati),November-2024,22216.60,Metric Tonnes,3049.18,Rs./Quintal
Rajasthan,Cereals,Paddy(Common),November-2024,349900.00,Metric Tonnes,2908.22,Rs./Quintal
Rajasthan,Cereals,Wheat,November-2024,26565.09,Metric Tonnes,2839.90,Rs./Quintal
Rajasthan,Cereals,Bajra(Pearl Millet/Cumbu),December-2024,29683.31,Metric Tonnes,2511.77,Rs./Quintal
Rajasthan,Cereals,Barley(Jau),December-2024,924.60,Metric Tonnes,2218.06,Rs./Quintal
Rajasthan,Cereals,Jowar(Sorghum),December-2024,2408.32,Metric Tonnes,3108.39,Rs./Quintal
Rajasthan,Cereals,Maize,December-2024,100840.55,Metric Tonnes,2359.68,Rs./Quintal
Rajasthan,Cereals,Paddy(Basmati),December-2024,12339.00,Metric Tonnes,2868.43,Rs./Quintal
Rajasthan,Cereals,Paddy(Common),December-2024,270527.70,Metric Tonnes,2849.51,Rs./Quintal
Rajasthan,Cereals,Wheat,December-2024,27092.74,Metric Tonnes,2876.95,Rs./Quintal
Rajasthan,Cereals,Bajra(Pearl Millet/Cumbu),January-2025,22414.18,Metric Tonnes,2513.32,Rs./Quintal
Rajasthan,Cereals,Barley(Jau),January-2025,471.55,Metric Tonnes,2570.48,Rs./Quintal
Rajasthan,Cereals,Jowar(Sorghum),January-2025,899.70,Metric Tonnes,3612.74,Rs./Quintal
Rajasthan,Cereals,Maize,January-2025,28836.40,Metric Tonnes,2345.97,Rs./Quintal
Rajasthan,Cereals,Paddy(Basmati),January-2025,5462.90,Metric Tonnes,2785.13,Rs./Quintal
Rajasthan,Cereals,Paddy(Common),January-2025,142672.20,Metric Tonnes,2711.73,Rs./Quintal
Rajasthan,Cereals,Wheat,January-2025,20136.70,Metric Tonnes,3024.09,Rs./Quintal
Rajasthan,Cereals,Bajra(Pearl Millet/Cumbu),February-2025,12572.11,Metric Tonnes,2421.22,Rs./Quintal
Rajasthan,Cereals,Barley(Jau),February-2025,1413.85,Metric Tonnes,2331.13,Rs./Quintal
Rajasthan,Cereals,Jowar(Sorghum),February-2025,340.95,Metric Tonnes,3426.44,Rs./Quintal
Rajasthan,Cereals,Maize,February-2025,13190.49,Metric Tonnes,2339.99,Rs./Quintal
Rajasthan,Cereals,Paddy(Basmati),February-2025,3117.60,Metric Tonnes,2664.15,Rs./Quintal
Rajasthan,Cereals,Paddy(Common),February-2025,95885.70,Metric Tonnes,2708.96,Rs./Quintal
Rajasthan,Cereals,Wheat,February-2025,17440.32,Metric Tonnes,3019.42,Rs./Quintal
Rajasthan,Cereals,Bajra(Pearl Millet/Cumbu),March-2025,12849.41,Metric Tonnes,2373.62,Rs./Quintal
Rajasthan,Cereals,Barley(Jau),March-2025,67926.35,Metric Tonnes,1954.80,Rs./Quintal
Rajasthan,Cereals,Jowar(Sorghum),March-2025,160.05,Metric Tonnes,3061.32,Rs./Quintal
Rajasthan,Cereals,Maize,March-2025,6175.65,Metric Tonnes,2220.84,Rs./Quintal
Rajasthan,Cereals,Paddy(Basmati),March-2025,782.70,Metric Tonnes,2689.94,Rs./Quintal
Rajasthan,Cereals,Paddy(Common),March-2025,104842.80,Metric Tonnes,2622.06,Rs./Quintal
Rajasthan,Cereals,Wheat,March-2025,242377.81,Metric Tonnes,2510.34,Rs./Quintal
Rajasthan,Cereals,Bajra(Pearl Millet/Cumbu),April-2025,8001.29,Metric Tonnes,2299.93,Rs./Quintal
Rajasthan,Cereals,Barley(Jau),April-2025,195819.40,Metric Tonnes,2019.77,Rs./Quintal
Rajasthan,Cereals,Jowar(Sorghum),April-2025,51.55,Metric Tonnes,3106.69,Rs./Quintal
Rajasthan,Cereals,Maize,April-2025,1877.05,Metric Tonnes,2190.26,Rs./Quintal
Rajasthan,Cereals,Paddy(Basmati),April-2025,438.00,Metric Tonnes,2527.76,Rs./Quintal
Rajasthan,Cereals,Paddy(Common),April-2025,34398.80,Metric Tonnes,2821.24,Rs./Quintal
Rajasthan,Cereals,Wheat,April-2025,939321.99,Metric Tonnes,2488.04,Rs./Quintal
Rajasthan,Cereals,Bajra(Pearl Millet/Cumbu),May-2025,5417.14,Metric Tonnes,2312.80,Rs./Quintal
Rajasthan,Cereals,Barley(Jau),May-2025,22034.95,Metric Tonnes,2196.13,Rs./Quintal
Rajasthan,Cereals,Jowar(Sorghum),May-2025,123.00,Metric Tonnes,2936.75,Rs./Quintal
Rajasthan,Cereals,Maize,May-2025,1337.00,Metric Tonnes,2158.64,Rs./Quintal
Rajasthan,Cereals,Paddy(Basmati),May-2025,69.50,Metric Tonnes,2170.23,Rs./Quintal
Rajasthan,Cereals,Paddy(Common),May-2025,21089.00,Metric Tonnes,3079.88,Rs./Quintal
Rajasthan,Cereals,Wheat,May-2025,462162.78,Metric Tonnes,2512.63,Rs./Quintal
Rajasthan,Cereals,Bajra(Pearl Millet/Cumbu),June-2025,4837.81,Metric Tonnes,2257.59,Rs./Quintal
Rajasthan,Cereals,Barley(Jau),June-2025,4482.94,Metric Tonnes,2124.98,Rs./Quintal
Rajasthan,Cereals,Jowar(Sorghum),June-2025,200.90,Metric Tonnes,3219.42,Rs./Quintal
Rajasthan,Cereals,Maize,June-2025,2163.90,Metric Tonnes,2056.39,Rs./Quintal
Rajasthan,Cereals,Paddy(Common),June-2025,10422.30,Metric Tonnes,3096.45,Rs./Quintal
Rajasthan,Cereals,Wheat,June-2025,120109.90,Metric Tonnes,2503.28,Rs./Quintal
Rajasthan,Cereals,Bajra(Pearl Millet/Cumbu),July-2025,6306.77,Metric Tonnes,2150.36,Rs./Quintal
Rajasthan,Cereals,Barley(Jau),July-2025,1625.18,Metric Tonnes,2118.50,Rs./Quintal
Rajasthan,Cereals,Jowar(Sorghum),July-2025,83.50,Metric Tonnes,2940.53,Rs./Quintal
Rajasthan,Cereals,Maize,July-2025,1637.00,Metric Tonnes,1993.91,Rs./Quintal
Rajasthan,Cereals,Paddy(Common),July-2025,3315.70,Metric Tonnes,2835.91,Rs./Quintal
Rajasthan,Cereals,Wheat,July-2025,47611.97,Metric Tonnes,2561.76,Rs./Quintal
Rajasthan,Cereals,Bajra(Pearl Millet/Cumbu),August-2025,2494.97,Metric Tonnes,2207.48,Rs./Quintal
Rajasthan,Cereals,Barley(Jau),August-2025,1288.45,Metric Tonnes,2248.69,Rs./Quintal
Rajasthan,Cereals,Jowar(Sorghum),August-2025,30.10,Metric Tonnes,2607.31,Rs./Quintal
Rajasthan,Cereals,Maize,August-2025,723.10,Metric Tonnes,2208.68,Rs./Quintal
Rajasthan,Cereals,Paddy(Common),August-2025,2633.60,Metric Tonnes,2968.98,Rs./Quintal
Rajasthan,Cereals,Wheat,August-2025,41114.85,Metric Tonnes,2616.78,Rs./Quintal
Rajasthan,Cereals,Bajra(Pearl Millet/Cumbu),September-2025,83605.90,Metric Tonnes,2177.50,Rs./Quintal
Rajasthan,Cereals,Barley(Jau),September-2025,963.00,Metric Tonnes,2232.03,Rs./Quintal
Rajasthan,Cereals,Jowar(Sorghum),September-2025,66.50,Metric Tonnes,2630.19,Rs./Quintal
Rajasthan,Cereals,Maize,September-2025,1561.95,Metric Tonnes,2086.06,Rs./Quintal
Rajasthan,Cereals,Paddy(Basmati),September-2025,183.00,Metric Tonnes,2819.80,Rs./Quintal
Rajasthan,Cereals,Paddy(Common),September-2025,10477.50,Metric Tonnes,2370.51,Rs./Quintal
Rajasthan,Cereals,Wheat,September-2025,59548.15,Metric Tonnes,2603.46,Rs./Quintal
Rajasthan,Cereals,Bajra(Pearl Millet/Cumbu),October-2025,80867.57,Metric Tonnes,2180.18,Rs./Quintal
Rajasthan,Cereals,Barley(Jau),October-2025,1074.70,Metric Tonnes,2201.09,Rs./Quintal
Rajasthan,Cereals,Jaee,October-2025,119.00,Metric Tonnes,3814.45,Rs./Quintal
Rajasthan,Cereals,Jowar(Sorghum),October-2025,878.80,Metric Tonnes,2294.79,Rs./Quintal
Rajasthan,Cereals,Maize,October-2025,39666.70,Metric Tonnes,1724.17,Rs./Quintal
Rajasthan,Cereals,Paddy(Basmati),October-2025,16733.10,Metric Tonnes,2730.07,Rs./Quintal
Rajasthan,Cereals,Paddy(Common),October-2025,119856.90,Metric Tonnes,2529.09,Rs./Quintal
Rajasthan,Cereals,Wheat,October-2025,41037.90,Metric Tonnes,2568.34,Rs./Quintal
Rajasthan,Cereals,Bajra(Pearl Millet/Cumbu),November-2025,55038.01,Metric Tonnes,2193.45,Rs./Quintal
Rajasthan,Cereals,Barley(Jau),November-2025,1329.24,Metric Tonnes,2224.00,Rs./Quintal
Rajasthan,Cereals,Jowar(Sorghum),November-2025,893.15,Metric Tonnes,3208.98,Rs./Quintal
Rajasthan,Cereals,Maize,November-2025,97549.80,Metric Tonnes,1620.33,Rs./Quintal
Rajasthan,Cereals,Paddy(Basmati),November-2025,36394.20,Metric Tonnes,3209.97,Rs./Quintal
Rajasthan,Cereals,Paddy(Common),November-2025,117414.30,Metric Tonnes,2835.00,Rs./Quintal
Rajasthan,Cereals,Rice,November-2025,62.00,Metric Tonnes,3125.00,Rs./Quintal
Rajasthan,Cereals,Wheat,November-2025,27260.52,Metric Tonnes,2545.48,Rs./Quintal
Rajasthan,Cereals,Bajra(Pearl Millet/Cumbu),December-2025,39078.77,Metric Tonnes,2155.80,Rs./Quintal
Rajasthan,Cereals,Barley(Jau),December-2025,1055.97,Metric Tonnes,2088.38,Rs./Quintal
Rajasthan,Cereals,Jowar(Sorghum),December-2025,2202.70,Metric Tonnes,2988.67,Rs./Quintal
Rajasthan,Cereals,Maize,December-2025,116422.60,Metric Tonnes,1683.26,Rs./Quintal
Rajasthan,Cereals,Paddy(Basmati),December-2025,57295.70,Metric Tonnes,3323.58,Rs./Quintal
Rajasthan,Cereals,Paddy(Common),December-2025,56668.32,Metric Tonnes,3011.22,Rs./Quintal
Rajasthan,Cereals,Wheat,December-2025,29900.75,Metric Tonnes,2535.15,Rs./Quintal
Tamil Nadu,Cereals,Bajra(Pearl Millet/Cumbu),January-2023,0.24,Metric Tonnes,6191.67,Rs./Quintal
Tamil Nadu,Cereals,Hybrid Cumbu,January-2023,100.00,Metric Tonnes,2311.46,Rs./Quintal
Tamil Nadu,Cereals,Jowar(Sorghum),January-2023,21.18,Metric Tonnes,2908.60,Rs./Quintal
Tamil Nadu,Cereals,Kodo Millet(Varagu),January-2023,114.00,Metric Tonnes,2940.73,Rs./Quintal
Tamil Nadu,Cereals,Maize,January-2023,11594.61,Metric Tonnes,2167.21,Rs./Quintal
Tamil Nadu,Cereals,Paddy(Common),January-2023,145483.94,Metric Tonnes,1964.41,Rs./Quintal
Tamil Nadu,Cereals,Ragi(Finger Millet),January-2023,622.93,Metric Tonnes,2731.56,Rs./Quintal
Tamil Nadu,Cereals,T.V. Cumbu,January-2023,535.99,Metric Tonnes,6762.51,Rs./Quintal
Tamil Nadu,Cereals,Bajra(Pearl Millet/Cumbu),February-2023,0.18,Metric Tonnes,5777.78,Rs./Quintal
Tamil Nadu,Cereals,Hybrid Cumbu,February-2023,54.00,Metric Tonnes,2528.22,Rs./Quintal
Tamil Nadu,Cereals,Jowar(Sorghum),February-2023,321.41,Metric Tonnes,2073.16,Rs./Quintal
Tamil Nadu,Cereals,Kodo Millet(Varagu),February-2023,47.71,Metric Tonnes,3249.51,Rs./Quintal
Tamil Nadu,Cereals,Maize,February-2023,23778.26,Metric Tonnes,2242.05,Rs./Quintal
Tamil Nadu,Cereals,Paddy(Common),February-2023,102577.08,Metric Tonnes,1966.00,Rs./Quintal
Tamil Nadu,Cereals,Ragi(Finger Millet),February-2023,614.60,Metric Tonnes,2778.00,Rs./Quintal
Tamil Nadu,Cereals,T.V. Cumbu,February-2023,267.40,Metric Tonnes,6936.47,Rs./Quintal
Tamil Nadu,Cereals,Bajra(Pearl Millet/Cumbu),March-2023,0.20,Metric Tonnes,6400.00,Rs./Quintal
Tamil Nadu,Cereals,Hybrid Cumbu,March-2023,10.10,Metric Tonnes,2526.82,Rs./Quintal
Tamil Nadu,Cereals,Jowar(Sorghum),March-2023,7.45,Metric Tonnes,2356.45,Rs./Quintal
Tamil Nadu,Cereals,Kodo Millet(Varagu),March-2023,6.80,Metric Tonnes,3216.04,Rs./Quintal
Tamil Nadu,Cereals,Maize,March-2023,13007.10,Metric Tonnes,2158.04,Rs./Quintal
Tamil Nadu,Cereals,Paddy(Common),March-2023,171862.27,Metric Tonnes,1850.64,Rs./Quintal
Tamil Nadu,Cereals,Ragi(Finger Millet),March-2023,477.99,Metric Tonnes,2965.58,Rs./Quintal
Tamil Nadu,Cereals,T.V. Cumbu,March-2023,141.10,Metric Tonnes,6681.19,Rs./Quintal
Tamil Nadu,Cereals,Bajra(Pearl Millet/Cumbu),April-2023,4.07,Metric Tonnes,2600.00,Rs./Quintal
Tamil Nadu,Cereals,Hybrid Cumbu,April-2023,8.01,Metric Tonnes,2570.40,Rs./Quintal
Tamil Nadu,Cereals,Jowar(Sorghum),April-2023,37.53,Metric Tonnes,3457.90,Rs./Quintal
Tamil Nadu,Cereals,Kodo Millet(Varagu),April-2023,1.90,Metric Tonnes,2878.26,Rs./Quintal
Tamil Nadu,Cereals,Maize,April-2023,11930.44,Metric Tonnes,2087.19,Rs./Quintal
Tamil Nadu,Cereals,Paddy(Basmati),April-2023,2230.30,Metric Tonnes,2187.00,Rs./Quintal
Tamil Nadu,Cereals,Paddy(Common),April-2023,192014.34,Metric Tonnes,1913.61,Rs./Quintal
Tamil Nadu,Cereals,Ragi(Finger Millet),April-2023,726.93,Metric Tonnes,3064.02,Rs./Quintal
Tamil Nadu,Cereals,T.V. Cumbu,April-2023,119.99,Metric Tonnes,8267.92,Rs./Quintal
Tamil Nadu,Cereals,Hybrid Cumbu,May-2023,69.65,Metric Tonnes,2524.24,Rs./Quintal
Tamil Nadu,Cereals,Jowar(Sorghum),May-2023,1.50,Metric Tonnes,4025.76,Rs./Quintal
Tamil Nadu,Cereals,Kodo Millet(Varagu),May-2023,6.42,Metric Tonnes,2736.11,Rs./Quintal
Tamil Nadu,Cereals,Maize,May-2023,12141.56,Metric Tonnes,1915.37,Rs./Quintal
Tamil Nadu,Cereals,Paddy(Common),May-2023,94556.66,Metric Tonnes,1874.66,Rs./Quintal
Tamil Nadu,Cereals,Ragi(Finger Millet),May-2023,3093.39,Metric Tonnes,2274.62,Rs./Quintal
Tamil Nadu,Cereals,T.V. Cumbu,May-2023,236.80,Metric Tonnes,8349.06,Rs./Quintal
Tamil Nadu,Cereals,Bajra(Pearl Millet/Cumbu),June-2023,1.00,Metric Tonnes,2600.00,Rs./Quintal
Tamil Nadu,Cereals,Hybrid Cumbu,June-2023,366.50,Metric Tonnes,2378.07,Rs./Quintal
Tamil Nadu,Cereals,Jowar(Sorghum),June-2023,25.14,Metric Tonnes,3071.87,Rs./Quintal
Tamil Nadu,Cereals,Kodo Millet(Varagu),June-2023,1.90,Metric Tonnes,3206.89,Rs./Quintal
Tamil Nadu,Cereals,Maize,June-2023,20464.30,Metric Tonnes,1955.04,Rs./Quintal
Tamil Nadu,Cereals,Paddy(Common),June-2023,45662.06,Metric Tonnes,1914.14,Rs./Quintal
Tamil Nadu,Cereals,Ragi(Finger Millet),June-2023,1480.99,Metric Tonnes,2174.88,Rs./Quintal
Tamil Nadu,Cereals,T.V. Cumbu,June-2023,229.02,Metric Tonnes,8369.66,Rs./Quintal
Tamil Nadu,Cereals,Bajra(Pearl Millet/Cumbu),July-2023,0.23,Metric Tonnes,7096.00,Rs./Quintal
Tamil Nadu,Cereals,Hybrid Cumbu,July-2023,1309.60,Metric Tonnes,2449.51,Rs./Quintal
Tamil Nadu,Cereals,Jowar(Sorghum),July-2023,6.19,Metric Tonnes,4004.77,Rs./Quintal
Tamil Nadu,Cereals,Kodo Millet(Varagu),July-2023,0.30,Metric Tonnes,2832.67,Rs./Quintal
Tamil Nadu,Cereals,Maize,July-2023,11143.74,Metric Tonnes,2185.47,Rs./Quintal
Tamil Nadu,Cereals,Paddy(Common),July-2023,29740.14,Metric Tonnes,1931.11,Rs./Quintal
Tamil Nadu,Cereals,Ragi(Finger Millet),July-2023,328.03,Metric Tonnes,2646.64,Rs./Quintal
Tamil Nadu,Cereals,T.V. Cumbu,July-2023,283.00,Metric Tonnes,7601.20,Rs./Quintal
Tamil Nadu,Cereals,Bajra(Pearl Millet/Cumbu),August-2023,3.25,Metric Tonnes,2730.56,Rs./Quintal
Tamil Nadu,Cereals,Hybrid Cumbu,August-2023,4713.93,Metric Tonnes,2422.36,Rs./Quintal
Tamil Nadu,Cereals,Jowar(Sorghum),August-2023,40.08,Metric Tonnes,3408.59,Rs./Quintal
Tamil Nadu,Cereals,Maize,August-2023,11604.08,Metric Tonnes,2209.63,Rs./Quintal
Tamil Nadu,Cereals,Paddy(Common),August-2023,144332.87,Metric Tonnes,1997.37,Rs./Quintal
Tamil Nadu,Cereals,Ragi(Finger Millet),August-2023,412.97,Metric Tonnes,2794.43,Rs./Quintal
Tamil Nadu,Cereals,T.V. Cumbu,August-2023,1298.85,Metric Tonnes,5590.14,Rs./Quintal
Tamil Nadu,Cereals,Bajra(Pearl Millet/Cumbu),September-2023,1950.53,Metric Tonnes,4506.76,Rs./Quintal
Tamil Nadu,Cereals,Hybrid Cumbu,September-2023,6673.77,Metric Tonnes,2280.01,Rs./Quintal
Tamil Nadu,Cereals,Jowar(Sorghum),September-2023,46.61,Metric Tonnes,3425.48,Rs./Quintal
Tamil Nadu,Cereals,Kodo Millet(Varagu),September-2023,0.40,Metric Tonnes,3534.00,Rs./Quintal
Tamil Nadu,Cereals,Maize,September-2023,10832.99,Metric Tonnes,2215.67,Rs./Quintal
Tamil Nadu,Cereals,Paddy(Common),September-2023,38999.49,Metric Tonnes,2166.22,Rs./Quintal
Tamil Nadu,Cereals,Ragi(Finger Millet),September-2023,300.17,Metric Tonnes,2776.90,Rs./Quintal
Tamil Nadu,Cereals,T.V. Cumbu,September-2023,4371.39,Metric Tonnes,5979.57,Rs./Quintal
Tamil Nadu,Cereals,Bajra(Pearl Millet/Cumbu),October-2023,168.99,Metric Tonnes,5390.95,Rs./Quintal
Tamil Nadu,Cereals,Hybrid Cumbu,October-2023,2797.33,Metric Tonnes,2224.70,Rs./Quintal
Tamil Nadu,Cereals,Jowar(Sorghum),October-2023,22.22,Metric Tonnes,2716.36,Rs./Quintal
Tamil Nadu,Cereals,Kodo Millet(Varagu),October-2023,0.40,Metric Tonnes,3004.75,Rs./Quintal
Tamil Nadu,Cereals,Maize,October-2023,14332.37,Metric Tonnes,2111.60,Rs./Quintal
Tamil Nadu,Cereals,Paddy(Basmati),October-2023,1.03,Metric Tonnes,1769.00,Rs./Quintal
Tamil Nadu,Cereals,Paddy(Common),October-2023,41127.34,Metric Tonnes,2333.78,Rs./Quintal
Tamil Nadu,Cereals,Ragi(Finger Millet),October-2023,213.70,Metric Tonnes,3163.21,Rs./Quintal
Tamil Nadu,Cereals,T.V. Cumbu,October-2023,2920.76,Metric Tonnes,6220.95,Rs./Quintal
Tamil Nadu,Cereals,Bajra(Pearl Millet/Cumbu),November-2023,91.35,Metric Tonnes,6928.88,Rs./Quintal
Tamil Nadu,Cereals,Hybrid Cumbu,November-2023,207.42,Metric Tonnes,2840.85,Rs./Quintal
Tamil Nadu,Cereals,Jowar(Sorghum),November-2023,25.61,Metric Tonnes,3322.72,Rs./Quintal
Tamil Nadu,Cereals,Kodo Millet(Varagu),November-2023,0.10,Metric Tonnes,3100.00,Rs./Quintal
Tamil Nadu,Cereals,Maize,November-2023,6734.99,Metric Tonnes,2196.74,Rs./Quintal
Tamil Nadu,Cereals,Paddy(Basmati),November-2023,2.73,Metric Tonnes,2646.00,Rs./Quintal
Tamil Nadu,Cereals,Paddy(Common),November-2023,43686.76,Metric Tonnes,2288.63,Rs./Quintal
Tamil Nadu,Cereals,Ragi(Finger Millet),November-2023,341.21,Metric Tonnes,2853.00,Rs./Quintal
Tamil Nadu,Cereals,T.V. Cumbu,November-2023,1081.85,Metric Tonnes,6785.00,Rs./Quintal
Tamil Nadu,Cereals,Bajra(Pearl Millet/Cumbu),December-2023,28.81,Metric Tonnes,4261.68,Rs./Quintal
Tamil Nadu,Cereals,Hybrid Cumbu,December-2023,128.44,Metric Tonnes,2727.58,Rs./Quintal
Tamil Nadu,Cereals,Jowar(Sorghum),December-2023,19.38,Metric Tonnes,2908.03,Rs./Quintal
Tamil Nadu,Cereals,Kodo Millet(Varagu),December-2023,0.40,Metric Tonnes,2709.00,Rs./Quintal
Tamil Nadu,Cereals,Maize,December-2023,8240.78,Metric Tonnes,2169.30,Rs./Quintal
Tamil Nadu,Cereals,Paddy(Common),December-2023,79169.95,Metric Tonnes,2470.19,Rs./Quintal
Tamil Nadu,Cereals,Ragi(Finger Millet),December-2023,106.79,Metric Tonnes,3006.01,Rs./Quintal
Tamil Nadu,Cereals,T.V. Cumbu,December-2023,652.66,Metric Tonnes,6714.19,Rs./Quintal
Tamil Nadu,Cereals,Bajra(Pearl Millet/Cumbu),January-2024,0.36,Metric Tonnes,3236.58,Rs./Quintal
Tamil Nadu,Cereals,Hybrid Cumbu,January-2024,6.88,Metric Tonnes,2672.14,Rs./Quintal
Tamil Nadu,Cereals,Jowar(Sorghum),January-2024,207.56,Metric Tonnes,2671.44,Rs./Quintal
Tamil Nadu,Cereals,Kodo Millet(Varagu),January-2024,3.90,Metric Tonnes,2948.10,Rs./Quintal
Tamil Nadu,Cereals,Maize,January-2024,7323.52,Metric Tonnes,2194.78,Rs./Quintal
Tamil Nadu,Cereals,Paddy(Basmati),January-2024,0.06,Metric Tonnes,2955.00,Rs./Quintal
Tamil Nadu,Cereals,Paddy(Common),January-2024,131979.34,Metric Tonnes,2448.93,Rs./Quintal
Tamil Nadu,Cereals,Ragi(Finger Millet),January-2024,243.96,Metric Tonnes,2925.74,Rs./Quintal
Tamil Nadu,Cereals,T.V. Cumbu,January-2024,988.66,Metric Tonnes,6107.49,Rs./Quintal
Tamil Nadu,Cereals,Bajra(Pearl Millet/Cumbu),February-2024,2.47,Metric Tonnes,2953.81,Rs./Quintal
Tamil Nadu,Cereals,Hybrid Cumbu,February-2024,3.91,Metric Tonnes,3594.95,Rs./Quintal
Tamil Nadu,Cereals,Jowar(Sorghum),February-2024,266.20,Metric Tonnes,2603.19,Rs./Quintal
Tamil Nadu,Cereals,Kodo Millet(Varagu),February-2024,6.20,Metric Tonnes,3131.35,Rs./Quintal
Tamil Nadu,Cereals,Maize,February-2024,12378.78,Metric Tonnes,2178.70,Rs./Quintal
Tamil Nadu,Cereals,Paddy(Basmati),February-2024,0.72,Metric Tonnes,1547.00,Rs./Quintal
Tamil Nadu,Cereals,Paddy(Common),February-2024,200527.88,Metric Tonnes,2257.12,Rs./Quintal
Tamil Nadu,Cereals,Ragi(Finger Millet),February-2024,473.12,Metric Tonnes,3018.22,Rs./Quintal
Tamil Nadu,Cereals,T.V. Cumbu,February-2024,1297.74,Metric Tonnes,5729.00,Rs./Quintal
Tamil Nadu,Cereals,Bajra(Pearl Millet/Cumbu),March-2024,1.80,Metric Tonnes,2855.55,Rs./Quintal
Tamil Nadu,Cereals,Hybrid Cumbu,March-2024,0.90,Metric Tonnes,3454.67,Rs./Quintal
Tamil Nadu,Cereals,Jowar(Sorghum),March-2024,21.05,Metric Tonnes,3334.60,Rs./Quintal
Tamil Nadu,Cereals,Kodo Millet(Varagu),March-2024,1.40,Metric Tonnes,3170.57,Rs./Quintal
Tamil Nadu,Cereals,Maize,March-2024,10311.68,Metric Tonnes,2217.65,Rs./Quintal
Tamil Nadu,Cereals,Paddy(Common),March-2024,122367.83,Metric Tonnes,2160.43,Rs./Quintal
Tamil Nadu,Cereals,Ragi(Finger Millet),March-2024,523.22,Metric Tonnes,3179.29,Rs./Quintal
Tamil Nadu,Cereals,T.V. Cumbu,March-2024,514.34,Metric Tonnes,6024.00,Rs./Quintal
Tamil Nadu,Cereals,Bajra(Pearl Millet/Cumbu),April-2024,0.09,Metric Tonnes,3150.00,Rs./Quintal
Tamil Nadu,Cereals,Hybrid Cumbu,April-2024,0.82,Metric Tonnes,4013.39,Rs./Quintal
Tamil Nadu,Cereals,Jowar(Sorghum),April-2024,21.06,Metric Tonnes,3668.84,Rs./Quintal
Tamil Nadu,Cereals,Kodo Millet(Varagu),April-2024,0.14,Metric Tonnes,3250.00,Rs./Quintal
Tamil Nadu,Cereals,Maize,April-2024,12126.02,Metric Tonnes,2314.37,Rs./Quintal
Tamil Nadu,Cereals,Paddy(Common),April-2024,100327.50,Metric Tonnes,1943.03,Rs./Quintal
Tamil Nadu,Cereals,Ragi(Finger Millet),April-2024,747.24,Metric Tonnes,3326.45,Rs./Quintal
Tamil Nadu,Cereals,T.V. Cumbu,April-2024,809.44,Metric Tonnes,5798.13,Rs./Quintal
Tamil Nadu,Cereals,Bajra(Pearl Millet/Cumbu),May-2024,0.40,Metric Tonnes,2028.00,Rs./Quintal
Tamil Nadu,Cereals,Hybrid Cumbu,May-2024,4.01,Metric Tonnes,2952.51,Rs./Quintal
Tamil Nadu,Cereals,Jowar(Sorghum),May-2024,31.27,Metric Tonnes,3661.35,Rs./Quintal
Tamil Nadu,Cereals,Maize,May-2024,11707.43,Metric Tonnes,2300.24,Rs./Quintal
Tamil Nadu,Cereals,Paddy(Basmati),May-2024,5.00,Metric Tonnes,1400.00,Rs./Quintal
Tamil Nadu,Cereals,Paddy(Common),May-2024,107990.47,Metric Tonnes,1989.30,Rs./Quintal
Tamil Nadu,Cereals,Ragi(Finger Millet),May-2024,1347.16,Metric Tonnes,3259.93,Rs./Quintal
Tamil Nadu,Cereals,T.V. Cumbu,May-2024,968.18,Metric Tonnes,4604.05,Rs./Quintal
Tamil Nadu,Cereals,Bajra(Pearl Millet/Cumbu),June-2024,68.50,Metric Tonnes,2907.94,Rs./Quintal
Tamil Nadu,Cereals,Hybrid Cumbu,June-2024,0.30,Metric Tonnes,2341.33,Rs./Quintal
Tamil Nadu,Cereals,Jowar(Sorghum),June-2024,23.92,Metric Tonnes,4109.26,Rs./Quintal
Tamil Nadu,Cereals,Maize,June-2024,5255.60,Metric Tonnes,2387.90,Rs./Quintal
Tamil Nadu,Cereals,Paddy(Common),June-2024,46952.13,Metric Tonnes,2207.29,Rs./Quintal
Tamil Nadu,Cereals,Ragi(Finger Millet),June-2024,881.89,Metric Tonnes,3303.73,Rs./Quintal
Tamil Nadu,Cereals,T.V. Cumbu,June-2024,173.76,Metric Tonnes,3590.52,Rs./Quintal
Tamil Nadu,Cereals,Bajra(Pearl Millet/Cumbu),July-2024,328.20,Metric Tonnes,3176.66,Rs./Quintal
Tamil Nadu,Cereals,Maize,July-2024,135.27,Metric Tonnes,2824.54,Rs./Quintal
Tamil Nadu,Cereals,Paddy(Common),July-2024,30114.33,Metric Tonnes,2193.62,Rs./Quintal
Tamil Nadu,Cereals,Ragi(Finger Millet),July-2024,458.10,Metric Tonnes,3119.81,Rs./Quintal
Tamil Nadu,Cereals,Bajra(Pearl Millet/Cumbu),August-2024,1524.86,Metric Tonnes,2969.84,Rs./Quintal
Tamil Nadu,Cereals,Maize,August-2024,212.15,Metric Tonnes,2829.05,Rs./Quintal
Tamil Nadu,Cereals,Paddy(Common),August-2024,53568.49,Metric Tonnes,2134.28,Rs./Quintal
Tamil Nadu,Cereals,Ragi(Finger Millet),August-2024,636.03,Metric Tonnes,3329.22,Rs./Quintal
Tamil Nadu,Cereals,Bajra(Pearl Millet/Cumbu),September-2024,3570.98,Metric Tonnes,3039.25,Rs./Quintal
Tamil Nadu,Cereals,Maize,September-2024,240.71,Metric Tonnes,2823.88,Rs./Quintal
Tamil Nadu,Cereals,Paddy(Common),September-2024,36716.21,Metric Tonnes,2241.02,Rs./Quintal
Tamil Nadu,Cereals,Ragi(Finger Millet),September-2024,227.47,Metric Tonnes,3283.48,Rs./Quintal
Tamil Nadu,Cereals,Bajra(Pearl Millet/Cumbu),October-2024,1061.96,Metric Tonnes,3104.88,Rs./Quintal
Tamil Nadu,Cereals,Maize,October-2024,249.43,Metric Tonnes,2828.22,Rs./Quintal
Tamil Nadu,Cereals,Paddy(Common),October-2024,13324.54,Metric Tonnes,2434.26,Rs./Quintal
Tamil Nadu,Cereals,Ragi(Finger Millet),October-2024,135.48,Metric Tonnes,4728.51,Rs./Quintal
Tamil Nadu,Cereals,Bajra(Pearl Millet/Cumbu),November-2024,337.54,Metric Tonnes,3012.37,Rs./Quintal
Tamil Nadu,Cereals,Maize,November-2024,230.14,Metric Tonnes,2831.50,Rs./Quintal
Tamil Nadu,Cereals,Paddy(Common),November-2024,11302.75,Metric Tonnes,2182.78,Rs./Quintal
Tamil Nadu,Cereals,Ragi(Finger Millet),November-2024,117.93,Metric Tonnes,3393.77,Rs./Quintal
Tamil Nadu,Cereals,Bajra(Pearl Millet/Cumbu),December-2024,96.72,Metric Tonnes,2871.86,Rs./Quintal
Tamil Nadu,Cereals,Maize,December-2024,225.43,Metric Tonnes,2878.83,Rs./Quintal
Tamil Nadu,Cereals,Paddy(Common),December-2024,19777.87,Metric Tonnes,2083.75,Rs./Quintal
Tamil Nadu,Cereals,Ragi(Finger Millet),December-2024,204.46,Metric Tonnes,3467.56,Rs./Quintal
Tamil Nadu,Cereals,Bajra(Pearl Millet/Cumbu),January-2025,608.39,Metric Tonnes,2703.87,Rs./Quintal
Tamil Nadu,Cereals,Maize,January-2025,219.92,Metric Tonnes,2959.13,Rs./Quintal
Tamil Nadu,Cereals,Paddy(Common),January-2025,54455.64,Metric Tonnes,2182.50,Rs./Quintal
Tamil Nadu,Cereals,Ragi(Finger Millet),January-2025,315.02,Metric Tonnes,3480.70,Rs./Quintal
Tamil Nadu,Cereals,Bajra(Pearl Millet/Cumbu),February-2025,948.26,Metric Tonnes,2552.11,Rs./Quintal
Tamil Nadu,Cereals,Maize,February-2025,202.73,Metric Tonnes,2939.54,Rs./Quintal
Tamil Nadu,Cereals,Paddy(Common),February-2025,147873.13,Metric Tonnes,2041.01,Rs./Quintal
Tamil Nadu,Cereals,Ragi(Finger Millet),February-2025,310.33,Metric Tonnes,3589.77,Rs./Quintal
Tamil Nadu,Cereals,Bajra(Pearl Millet/Cumbu),March-2025,569.81,Metric Tonnes,2554.18,Rs./Quintal
Tamil Nadu,Cereals,Jowar(Sorghum),March-2025,109.17,Metric Tonnes,3418.66,Rs./Quintal
Tamil Nadu,Cereals,Maize,March-2025,230.56,Metric Tonnes,2809.19,Rs./Quintal
Tamil Nadu,Cereals,Paddy(Common),March-2025,60716.54,Metric Tonnes,2200.85,Rs./Quintal
Tamil Nadu,Cereals,Ragi(Finger Millet),March-2025,441.97,Metric Tonnes,3575.51,Rs./Quintal
Tamil Nadu,Cereals,Bajra(Pearl Millet/Cumbu),April-2025,552.59,Metric Tonnes,2725.63,Rs./Quintal
Tamil Nadu,Cereals,Jowar(Sorghum),April-2025,69.48,Metric Tonnes,2976.66,Rs./Quintal
Tamil Nadu,Cereals,Maize,April-2025,216.01,Metric Tonnes,2779.29,Rs./Quintal
Tamil Nadu,Cereals,Paddy(Common),April-2025,90294.47,Metric Tonnes,2078.32,Rs./Quintal
Tamil Nadu,Cereals,Ragi(Finger Millet),April-2025,728.64,Metric Tonnes,3680.95,Rs./Quintal
Tamil Nadu,Cereals,Bajra(Pearl Millet/Cumbu),May-2025,527.41,Metric Tonnes,2544.81,Rs./Quintal
Tamil Nadu,Cereals,Jowar(Sorghum),May-2025,578.22,Metric Tonnes,2570.48,Rs./Quintal
Tamil Nadu,Cereals,Maize,May-2025,200.34,Metric Tonnes,2785.15,Rs./Quintal
Tamil Nadu,Cereals,Paddy(Common),May-2025,32122.55,Metric Tonnes,2229.43,Rs./Quintal
Tamil Nadu,Cereals,Ragi(Finger Millet),May-2025,424.31,Metric Tonnes,3475.86,Rs./Quintal
Tamil Nadu,Cereals,Bajra(Pearl Millet/Cumbu),June-2025,286.19,Metric Tonnes,2486.34,Rs./Quintal
Tamil Nadu,Cereals,Jowar(Sorghum),June-2025,1025.33,Metric Tonnes,2282.95,Rs./Quintal
Tamil Nadu,Cereals,Maize,June-2025,191.69,Metric Tonnes,2901.23,Rs./Quintal
Tamil Nadu,Cereals,Paddy(Common),June-2025,21091.07,Metric Tonnes,2180.52,Rs./Quintal
Tamil Nadu,Cereals,Ragi(Finger Millet),June-2025,232.51,Metric Tonnes,3640.20,Rs./Quintal
Tamil Nadu,Cereals,Bajra(Pearl Millet/Cumbu),July-2025,762.35,Metric Tonnes,2878.78,Rs./Quintal
Tamil Nadu,Cereals,Jowar(Sorghum),July-2025,336.79,Metric Tonnes,2623.68,Rs./Quintal
Tamil Nadu,Cereals,Maize,July-2025,192.60,Metric Tonnes,2918.33,Rs./Quintal
Tamil Nadu,Cereals,Paddy(Common),July-2025,102832.13,Metric Tonnes,1957.84,Rs./Quintal
Tamil Nadu,Cereals,Ragi(Finger Millet),July-2025,594.32,Metric Tonnes,3617.18,Rs./Quintal
Tamil Nadu,Cereals,Bajra(Pearl Millet/Cumbu),August-2025,483.56,Metric Tonnes,2658.52,Rs./Quintal
Tamil Nadu,Cereals,Jowar(Sorghum),August-2025,849.84,Metric Tonnes,2463.30,Rs./Quintal
Tamil Nadu,Cereals,Maize,August-2025,223.45,Metric Tonnes,2950.41,Rs./Quintal
Tamil Nadu,Cereals,Paddy(Common),August-2025,25768.39,Metric Tonnes,2135.90,Rs./Quintal
Tamil Nadu,Cereals,Ragi(Finger Millet),August-2025,184.62,Metric Tonnes,3508.34,Rs./Quintal
Tamil Nadu,Cereals,Bajra(Pearl Millet/Cumbu),September-2025,1958.11,Metric Tonnes,3122.20,Rs./Quintal
Tamil Nadu,Cereals,Jowar(Sorghum),September-2025,1210.05,Metric Tonnes,2444.04,Rs./Quintal
Tamil Nadu,Cereals,Maize,September-2025,265.16,Metric Tonnes,2856.36,Rs./Quintal
Tamil Nadu,Cereals,Paddy(Common),September-2025,33479.53,Metric Tonnes,2116.88,Rs./Quintal
Tamil Nadu,Cereals,Ragi(Finger Millet),September-2025,305.86,Metric Tonnes,3553.20,Rs./Quintal
Tamil Nadu,Cereals,Bajra(Pearl Millet/Cumbu),October-2025,779.79,Metric Tonnes,3330.26,Rs./Quintal
Tamil Nadu,Cereals,Jowar(Sorghum),October-2025,642.55,Metric Tonnes,2040.85,Rs./Quintal
Tamil Nadu,Cereals,Maize,October-2025,224.92,Metric Tonnes,2917.69,Rs./Quintal
Tamil Nadu,Cereals,Paddy(Common),October-2025,14113.47,Metric Tonnes,2042.16,Rs./Quintal
Tamil Nadu,Cereals,Ragi(Finger Millet),October-2025,135.24,Metric Tonnes,3701.61,Rs./Quintal
Tamil Nadu,Cereals,Bajra(Pearl Millet/Cumbu),November-2025,339.28,Metric Tonnes,2919.15,Rs./Quintal
Tamil Nadu,Cereals,Jowar(Sorghum),November-2025,126.17,Metric Tonnes,1977.58,Rs./Quintal
Tamil Nadu,Cereals,Maize,November-2025,259.30,Metric Tonnes,2828.23,Rs./Quintal
Tamil Nadu,Cereals,Paddy(Common),November-2025,102133.15,Metric Tonnes,1915.56,Rs./Quintal
Tamil Nadu,Cereals,Ragi(Finger Millet),November-2025,712.41,Metric Tonnes,3284.35,Rs./Quintal
Tamil Nadu,Cereals,Bajra(Pearl Millet/Cumbu),December-2025,179.28,Metric Tonnes,3318.53,Rs./Quintal
Tamil Nadu,Cereals,Jowar(Sorghum),December-2025,266.80,Metric Tonnes,2021.28,Rs./Quintal
Tamil Nadu,Cereals,Maize,December-2025,260.42,Metric Tonnes,2761.99,Rs./Quintal
Tamil Nadu,Cereals,Paddy(Common),December-2025,55542.90,Metric Tonnes,1988.49,Rs./Quintal
Tamil Nadu,Cereals,Ragi(Finger Millet),December-2025,376.10,Metric Tonnes,3197.05,Rs./Quintal
Telangana,Cereals,Jowar(Sorghum),January-2023,0.40,Metric Tonnes,2336.75,Rs./Quintal
Telangana,Cereals,Maize,January-2023,8650.77,Metric Tonnes,2167.25,Rs./Quintal
Telangana,Cereals,Paddy(Basmati),January-2023,27.32,Metric Tonnes,2059.96,Rs./Quintal
Telangana,Cereals,Paddy(Common),January-2023,100729.41,Metric Tonnes,2059.83,Rs./Quintal
Telangana,Cereals,Ragi(Finger Millet),January-2023,237.30,Metric Tonnes,2711.26,Rs./Quintal
Telangana,Cereals,Bajra(Pearl Millet/Cumbu),February-2023,2.00,Metric Tonnes,1800.00,Rs./Quintal
Telangana,Cereals,Jowar(Sorghum),February-2023,24.45,Metric Tonnes,3202.73,Rs./Quintal
Telangana,Cereals,Maize,February-2023,18886.19,Metric Tonnes,1997.64,Rs./Quintal
Telangana,Cereals,Paddy(Basmati),February-2023,19.40,Metric Tonnes,2060.00,Rs./Quintal
Telangana,Cereals,Paddy(Common),February-2023,29773.41,Metric Tonnes,2095.99,Rs./Quintal
Telangana,Cereals,Ragi(Finger Millet),February-2023,5065.80,Metric Tonnes,7309.34,Rs./Quintal
Telangana,Cereals,Jowar(Sorghum),March-2023,693.44,Metric Tonnes,4394.88,Rs./Quintal
Telangana,Cereals,Maize,March-2023,50643.20,Metric Tonnes,2000.33,Rs./Quintal
Telangana,Cereals,Paddy(Basmati),March-2023,30.31,Metric Tonnes,2060.00,Rs./Quintal
Telangana,Cereals,Paddy(Common),March-2023,22174.37,Metric Tonnes,2003.85,Rs./Quintal
Telangana,Cereals,Ragi(Finger Millet),March-2023,970.20,Metric Tonnes,2959.05,Rs./Quintal
Telangana,Cereals,Wheat,March-2023,1.45,Metric Tonnes,2033.31,Rs./Quintal
Telangana,Cereals,Bajra(Pearl Millet/Cumbu),April-2023,25.00,Metric Tonnes,1200.00,Rs./Quintal
Telangana,Cereals,Jowar(Sorghum),April-2023,52.06,Metric Tonnes,4566.48,Rs./Quintal
Telangana,Cereals,Maize,April-2023,57529.96,Metric Tonnes,1883.02,Rs./Quintal
Telangana,Cereals,Paddy(Basmati),April-2023,30.30,Metric Tonnes,2060.00,Rs./Quintal
Telangana,Cereals,Paddy(Common),April-2023,210022.98,Metric Tonnes,1624.07,Rs./Quintal
Telangana,Cereals,Ragi(Finger Millet),April-2023,1592.20,Metric Tonnes,2564.82,Rs./Quintal
Telangana,Cereals,Wheat,April-2023,5.80,Metric Tonnes,2119.12,Rs./Quintal
Telangana,Cereals,Jowar(Sorghum),May-2023,173.89,Metric Tonnes,2195.20,Rs./Quintal
Telangana,Cereals,Maize,May-2023,54002.25,Metric Tonnes,1776.07,Rs./Quintal
Telangana,Cereals,Paddy(Basmati),May-2023,229.30,Metric Tonnes,2094.89,Rs./Quintal
Telangana,Cereals,Paddy(Common),May-2023,252119.77,Metric Tonnes,1747.09,Rs./Quintal
Telangana,Cereals,Ragi(Finger Millet),May-2023,545.30,Metric Tonnes,2676.23,Rs./Quintal
Telangana,Cereals,Wheat,May-2023,1.20,Metric Tonnes,1940.63,Rs./Quintal
Telangana,Cereals,Bajra(Pearl Millet/Cumbu),June-2023,19.00,Metric Tonnes,1777.63,Rs./Quintal
Telangana,Cereals,Jowar(Sorghum),June-2023,1887.16,Metric Tonnes,2906.84,Rs./Quintal
Telangana,Cereals,Maize,June-2023,11716.03,Metric Tonnes,1829.48,Rs./Quintal
Telangana,Cereals,Paddy(Basmati),June-2023,780.29,Metric Tonnes,2098.45,Rs./Quintal
Telangana,Cereals,Paddy(Common),June-2023,58515.16,Metric Tonnes,2022.35,Rs./Quintal
Telangana,Cereals,Ragi(Finger Millet),June-2023,97.00,Metric Tonnes,2206.17,Rs./Quintal
Telangana,Cereals,Wheat,June-2023,1.21,Metric Tonnes,2160.98,Rs./Quintal
Telangana,Cereals,Jowar(Sorghum),July-2023,56.69,Metric Tonnes,2651.23,Rs./Quintal
Telangana,Cereals,Maize,July-2023,1864.10,Metric Tonnes,2041.40,Rs./Quintal
Telangana,Cereals,Paddy(Basmati),July-2023,30.31,Metric Tonnes,2060.00,Rs./Quintal
Telangana,Cereals,Paddy(Common),July-2023,20551.26,Metric Tonnes,2146.00,Rs./Quintal
Telangana,Cereals,Ragi(Finger Millet),July-2023,13.20,Metric Tonnes,1000.00,Rs./Quintal
Telangana,Cereals,Rice,July-2023,20.00,Metric Tonnes,2500.00,Rs./Quintal
Telangana,Cereals,Wheat,July-2023,1.30,Metric Tonnes,2165.50,Rs./Quintal
Telangana,Cereals,Jowar(Sorghum),August-2023,49.61,Metric Tonnes,3016.55,Rs./Quintal
Telangana,Cereals,Maize,August-2023,1567.31,Metric Tonnes,2028.55,Rs./Quintal
Telangana,Cereals,Paddy(Basmati),August-2023,23.31,Metric Tonnes,2060.02,Rs./Quintal
Telangana,Cereals,Paddy(Common),August-2023,18087.48,Metric Tonnes,2134.04,Rs./Quintal
Telangana,Cereals,Ragi(Finger Millet),August-2023,10.00,Metric Tonnes,1160.00,Rs./Quintal
Telangana,Cereals,Wheat,August-2023,2.67,Metric Tonnes,2232.07,Rs./Quintal
Telangana,Cereals,Bajra(Pearl Millet/Cumbu),September-2023,3.00,Metric Tonnes,2100.00,Rs./Quintal
Telangana,Cereals,Jowar(Sorghum),September-2023,16.41,Metric Tonnes,2823.91,Rs./Quintal
Telangana,Cereals,Maize,September-2023,1956.30,Metric Tonnes,1952.58,Rs./Quintal
Telangana,Cereals,Paddy(Basmati),September-2023,26.27,Metric Tonnes,2060.00,Rs./Quintal
Telangana,Cereals,Paddy(Common),September-2023,30056.44,Metric Tonnes,1271.87,Rs./Quintal
Telangana,Cereals,Ragi(Finger Millet),September-2023,11.80,Metric Tonnes,1084.75,Rs./Quintal
Telangana,Cereals,Wheat,September-2023,0.29,Metric Tonnes,2310.90,Rs./Quintal
Telangana,Cereals,Jowar(Sorghum),October-2023,13.67,Metric Tonnes,2749.05,Rs./Quintal
Telangana,Cereals,Maize,October-2023,21525.42,Metric Tonnes,2062.96,Rs./Quintal
Telangana,Cereals,Paddy(Basmati),October-2023,6.04,Metric Tonnes,2060.00,Rs./Quintal
Telangana,Cereals,Paddy(Common),October-2023,176926.67,Metric Tonnes,821.05,Rs./Quintal
Telangana,Cereals,Ragi(Finger Millet),October-2023,69.20,Metric Tonnes,1919.51,Rs./Quintal
Telangana,Cereals,Rice,October-2023,24.90,Metric Tonnes,5200.00,Rs./Quintal
Telangana,Cereals,Wheat,October-2023,0.71,Metric Tonnes,1981.31,Rs./Quintal
Telangana,Cereals,Bajra(Pearl Millet/Cumbu),November-2023,36.00,Metric Tonnes,2203.00,Rs./Quintal
Telangana,Cereals,Jowar(Sorghum),November-2023,8.10,Metric Tonnes,3721.38,Rs./Quintal
Telangana,Cereals,Maize,November-2023,28750.40,Metric Tonnes,2193.52,Rs./Quintal
Telangana,Cereals,Paddy(Common),November-2023,311327.69,Metric Tonnes,1709.14,Rs./Quintal
Telangana,Cereals,Ragi(Finger Millet),November-2023,40.60,Metric Tonnes,3081.26,Rs./Quintal
Telangana,Cereals,Wheat,November-2023,1.00,Metric Tonnes,2384.50,Rs./Quintal
Telangana,Cereals,Bajra(Pearl Millet/Cumbu),December-2023,40.20,Metric Tonnes,2340.00,Rs./Quintal
Telangana,Cereals,Jowar(Sorghum),December-2023,1.10,Metric Tonnes,3179.45,Rs./Quintal
Telangana,Cereals,Maize,December-2023,11344.82,Metric Tonnes,2253.41,Rs./Quintal
Telangana,Cereals,Paddy(Basmati),December-2023,406.02,Metric Tonnes,2300.00,Rs./Quintal
Telangana,Cereals,Paddy(Common),December-2023,216545.19,Metric Tonnes,2328.74,Rs./Quintal
Telangana,Cereals,Ragi(Finger Millet),December-2023,34.10,Metric Tonnes,3525.25,Rs./Quintal
Telangana,Cereals,Maize,January-2024,2025.30,Metric Tonnes,2181.76,Rs./Quintal
Telangana,Cereals,Paddy(Common),January-2024,44367.04,Metric Tonnes,2301.55,Rs./Quintal
Telangana,Cereals,Jowar(Sorghum),February-2024,1.00,Metric Tonnes,1900.00,Rs./Quintal
Telangana,Cereals,Maize,February-2024,16122.76,Metric Tonnes,2144.37,Rs./Quintal
Telangana,Cereals,Paddy(Common),February-2024,23185.53,Metric Tonnes,2271.24,Rs./Quintal
Telangana,Cereals,Wheat,February-2024,4.09,Metric Tonnes,2251.00,Rs./Quintal
Telangana,Cereals,Jowar(Sorghum),March-2024,51.51,Metric Tonnes,2250.49,Rs./Quintal
Telangana,Cereals,Maize,March-2024,34071.29,Metric Tonnes,2127.47,Rs./Quintal
Telangana,Cereals,Paddy(Common),March-2024,39288.15,Metric Tonnes,2232.73,Rs./Quintal
Telangana,Cereals,Wheat,March-2024,38.27,Metric Tonnes,2370.74,Rs./Quintal
Telangana,Cereals,Jowar(Sorghum),April-2024,1032.92,Metric Tonnes,3227.61,Rs./Quintal
Telangana,Cereals,Maize,April-2024,40728.28,Metric Tonnes,2157.34,Rs./Quintal
Telangana,Cereals,Paddy(Common),April-2024,204806.38,Metric Tonnes,2146.33,Rs./Quintal
Telangana,Cereals,Ragi(Finger Millet),April-2024,116.60,Metric Tonnes,3310.62,Rs./Quintal
Telangana,Cereals,Wheat,April-2024,18.39,Metric Tonnes,2323.50,Rs./Quintal
Telangana,Cereals,Bajra(Pearl Millet/Cumbu),May-2024,12.00,Metric Tonnes,2133.67,Rs./Quintal
Telangana,Cereals,Jowar(Sorghum),May-2024,6514.07,Metric Tonnes,3181.70,Rs./Quintal
Telangana,Cereals,Maize,May-2024,24277.06,Metric Tonnes,2158.14,Rs./Quintal
Telangana,Cereals,Paddy(Basmati),May-2024,22.00,Metric Tonnes,2300.00,Rs./Quintal
Telangana,Cereals,Paddy(Common),May-2024,137525.23,Metric Tonnes,2162.98,Rs./Quintal
Telangana,Cereals,Ragi(Finger Millet),May-2024,247.60,Metric Tonnes,3558.36,Rs./Quintal
Telangana,Cereals,Wheat,May-2024,40.69,Metric Tonnes,2363.23,Rs./Quintal
Telangana,Cereals,Bajra(Pearl Millet/Cumbu),June-2024,11.00,Metric Tonnes,2095.00,Rs./Quintal
Telangana,Cereals,Jowar(Sorghum),June-2024,579.50,Metric Tonnes,3087.82,Rs./Quintal
Telangana,Cereals,Maize,June-2024,6498.27,Metric Tonnes,2152.67,Rs./Quintal
Telangana,Cereals,Paddy(Basmati),June-2024,685.60,Metric Tonnes,2204.30,Rs./Quintal
Telangana,Cereals,Paddy(Common),June-2024,29001.92,Metric Tonnes,2238.78,Rs./Quintal
Telangana,Cereals,Ragi(Finger Millet),June-2024,23.30,Metric Tonnes,3560.48,Rs./Quintal
Telangana,Cereals,Wheat,June-2024,319.38,Metric Tonnes,2319.65,Rs./Quintal
Telangana,Cereals,Bajra(Pearl Millet/Cumbu),July-2024,3.00,Metric Tonnes,2106.00,Rs./Quintal
Telangana,Cereals,Jowar(Sorghum),July-2024,228.12,Metric Tonnes,3123.46,Rs./Quintal
Telangana,Cereals,Maize,July-2024,1823.64,Metric Tonnes,2267.41,Rs./Quintal
Telangana,Cereals,Paddy(Basmati),July-2024,181.50,Metric Tonnes,2203.09,Rs./Quintal
Telangana,Cereals,Paddy(Common),July-2024,19144.85,Metric Tonnes,2252.08,Rs./Quintal
Telangana,Cereals,Ragi(Finger Millet),July-2024,4.00,Metric Tonnes,3300.50,Rs./Quintal
Telangana,Cereals,Wheat,July-2024,4.29,Metric Tonnes,2094.76,Rs./Quintal
Telangana,Cereals,Jowar(Sorghum),August-2024,125.54,Metric Tonnes,2724.21,Rs./Quintal
Telangana,Cereals,Maize,August-2024,2335.86,Metric Tonnes,2198.88,Rs./Quintal
Telangana,Cereals,Paddy(Basmati),August-2024,61.00,Metric Tonnes,2203.00,Rs./Quintal
Telangana,Cereals,Paddy(Common),August-2024,12759.61,Metric Tonnes,2299.53,Rs./Quintal
Telangana,Cereals,Ragi(Finger Millet),August-2024,13.00,Metric Tonnes,3989.85,Rs./Quintal
Telangana,Cereals,Wheat,August-2024,2.98,Metric Tonnes,2367.88,Rs./Quintal
Telangana,Cereals,Jowar(Sorghum),September-2024,107.32,Metric Tonnes,3243.04,Rs./Quintal
Telangana,Cereals,Maize,September-2024,15724.33,Metric Tonnes,2270.85,Rs./Quintal
Telangana,Cereals,Paddy(Basmati),September-2024,55.00,Metric Tonnes,2203.00,Rs./Quintal
Telangana,Cereals,Paddy(Common),September-2024,17228.13,Metric Tonnes,2284.30,Rs./Quintal
Telangana,Cereals,Ragi(Finger Millet),September-2024,17.00,Metric Tonnes,3806.12,Rs./Quintal
Telangana,Cereals,Wheat,September-2024,281.95,Metric Tonnes,2352.54,Rs./Quintal
Telangana,Cereals,Bajra(Pearl Millet/Cumbu),October-2024,1.15,Metric Tonnes,2349.52,Rs./Quintal
Telangana,Cereals,Jowar(Sorghum),October-2024,34.01,Metric Tonnes,2607.34,Rs./Quintal
Telangana,Cereals,Maize,October-2024,35534.28,Metric Tonnes,2207.41,Rs./Quintal
Telangana,Cereals,Paddy(Basmati),October-2024,77.00,Metric Tonnes,2465.71,Rs./Quintal
Telangana,Cereals,Paddy(Common),October-2024,67618.65,Metric Tonnes,2253.51,Rs./Quintal
Telangana,Cereals,Ragi(Finger Millet),October-2024,360.00,Metric Tonnes,2918.44,Rs./Quintal
Telangana,Cereals,Wheat,October-2024,0.15,Metric Tonnes,2021.00,Rs./Quintal
Telangana,Cereals,Bajra(Pearl Millet/Cumbu),November-2024,0.05,Metric Tonnes,2699.00,Rs./Quintal
Telangana,Cereals,Jowar(Sorghum),November-2024,20.01,Metric Tonnes,3086.61,Rs./Quintal
Telangana,Cereals,Maize,November-2024,46577.91,Metric Tonnes,2293.62,Rs./Quintal
Telangana,Cereals,Paddy(Basmati),November-2024,97.70,Metric Tonnes,2318.98,Rs./Quintal
Telangana,Cereals,Paddy(Common),November-2024,289081.60,Metric Tonnes,2289.47,Rs./Quintal
Telangana,Cereals,Ragi(Finger Millet),November-2024,555.00,Metric Tonnes,2913.76,Rs./Quintal
Telangana,Cereals,Wheat,November-2024,0.45,Metric Tonnes,2104.44,Rs./Quintal
Telangana,Cereals,Bajra(Pearl Millet/Cumbu),December-2024,2.00,Metric Tonnes,2000.00,Rs./Quintal
Telangana,Cereals,Jowar(Sorghum),December-2024,25.00,Metric Tonnes,3618.21,Rs./Quintal
Telangana,Cereals,Maize,December-2024,19925.20,Metric Tonnes,2249.15,Rs./Quintal
Telangana,Cereals,Paddy(Basmati),December-2024,685.66,Metric Tonnes,2378.54,Rs./Quintal
Telangana,Cereals,Paddy(Common),December-2024,171013.11,Metric Tonnes,2336.12,Rs./Quintal
Telangana,Cereals,Ragi(Finger Millet),December-2024,96.50,Metric Tonnes,3477.13,Rs./Quintal
Telangana,Cereals,Jowar(Sorghum),January-2025,2.39,Metric Tonnes,3274.51,Rs./Quintal
Telangana,Cereals,Maize,January-2025,2764.99,Metric Tonnes,2351.45,Rs./Quintal
Telangana,Cereals,Paddy(Common),January-2025,19195.38,Metric Tonnes,2312.86,Rs./Quintal
Telangana,Cereals,Jowar(Sorghum),February-2025,82.10,Metric Tonnes,3288.95,Rs./Quintal
Telangana,Cereals,Maize,February-2025,8278.15,Metric Tonnes,2231.98,Rs./Quintal
Telangana,Cereals,Paddy(Common),February-2025,15455.00,Metric Tonnes,2325.45,Rs./Quintal
Telangana,Cereals,Wheat,February-2025,0.20,Metric Tonnes,2661.00,Rs./Quintal
Telangana,Cereals,Jowar(Sorghum),March-2025,613.23,Metric Tonnes,4133.32,Rs./Quintal
Telangana,Cereals,Maize,March-2025,11665.98,Metric Tonnes,2211.15,Rs./Quintal
Telangana,Cereals,Paddy(Common),March-2025,32563.78,Metric Tonnes,2261.93,Rs./Quintal
Telangana,Cereals,Wheat,March-2025,5.58,Metric Tonnes,2487.71,Rs./Quintal
Telangana,Cereals,Jowar(Sorghum),April-2025,266.23,Metric Tonnes,2776.27,Rs./Quintal
Telangana,Cereals,Maize,April-2025,43563.01,Metric Tonnes,2249.11,Rs./Quintal
Telangana,Cereals,Paddy(Common),April-2025,167216.48,Metric Tonnes,2134.96,Rs./Quintal
Telangana,Cereals,Wheat,April-2025,19.36,Metric Tonnes,2418.97,Rs./Quintal
Telangana,Cereals,Jowar(Sorghum),May-2025,262.16,Metric Tonnes,2605.18,Rs./Quintal
Telangana,Cereals,Maize,May-2025,16758.37,Metric Tonnes,2152.36,Rs./Quintal
Telangana,Cereals,Paddy(Common),May-2025,85423.63,Metric Tonnes,2125.35,Rs./Quintal
Telangana,Cereals,Wheat,May-2025,9.06,Metric Tonnes,2436.59,Rs./Quintal
Telangana,Cereals,Jowar(Sorghum),June-2025,177.72,Metric Tonnes,2193.61,Rs./Quintal
Telangana,Cereals,Maize,June-2025,6952.98,Metric Tonnes,2125.54,Rs./Quintal
Telangana,Cereals,Paddy(Common),June-2025,19658.26,Metric Tonnes,2206.17,Rs./Quintal
Telangana,Cereals,Wheat,June-2025,3.95,Metric Tonnes,2336.89,Rs./Quintal
Telangana,Cereals,Bajra(Pearl Millet/Cumbu),July-2025,0.50,Metric Tonnes,2222.00,Rs./Quintal
Telangana,Cereals,Jowar(Sorghum),July-2025,38.61,Metric Tonnes,2764.96,Rs./Quintal
Telangana,Cereals,Maize,July-2025,1793.68,Metric Tonnes,2352.48,Rs./Quintal
Telangana,Cereals,Paddy(Common),July-2025,11404.75,Metric Tonnes,2337.82,Rs./Quintal
Telangana,Cereals,Wheat,July-2025,1.74,Metric Tonnes,2356.01,Rs./Quintal
Telangana,Cereals,Jowar(Sorghum),August-2025,82.53,Metric Tonnes,2859.14,Rs./Quintal
Telangana,Cereals,Maize,August-2025,2187.40,Metric Tonnes,2253.71,Rs./Quintal
Telangana,Cereals,Paddy(Common),August-2025,7291.20,Metric Tonnes,2340.30,Rs./Quintal
Telangana,Cereals,Wheat,August-2025,100.47,Metric Tonnes,2598.74,Rs./Quintal
Telangana,Cereals,Jowar(Sorghum),September-2025,25.90,Metric Tonnes,2473.33,Rs./Quintal
Telangana,Cereals,Maize,September-2025,8721.58,Metric Tonnes,1823.22,Rs./Quintal
Telangana,Cereals,Paddy(Common),September-2025,12403.78,Metric Tonnes,2288.70,Rs./Quintal
Telangana,Cereals,Wheat,September-2025,2.25,Metric Tonnes,2326.38,Rs./Quintal
Telangana,Cereals,Jowar(Sorghum),October-2025,46.42,Metric Tonnes,2496.29,Rs./Quintal
Telangana,Cereals,Maize,October-2025,28943.41,Metric Tonnes,1919.19,Rs./Quintal
Telangana,Cereals,Paddy(Common),October-2025,34256.41,Metric Tonnes,2200.86,Rs./Quintal
Telangana,Cereals,Wheat,October-2025,125.15,Metric Tonnes,2599.85,Rs./Quintal
Telangana,Cereals,Bajra(Pearl Millet/Cumbu),November-2025,11.30,Metric Tonnes,1504.12,Rs./Quintal
Telangana,Cereals,Jowar(Sorghum),November-2025,16.15,Metric Tonnes,2115.84,Rs./Quintal
Telangana,Cereals,Maize,November-2025,31541.54,Metric Tonnes,2080.62,Rs./Quintal
Telangana,Cereals,Paddy(Common),November-2025,158979.71,Metric Tonnes,2426.34,Rs./Quintal
Telangana,Cereals,Ragi(Finger Millet),November-2025,17.80,Metric Tonnes,5266.83,Rs./Quintal
Telangana,Cereals,Wheat,November-2025,12.00,Metric Tonnes,2600.00,Rs./Quintal
Telangana,Cereals,Bajra(Pearl Millet/Cumbu),December-2025,0.30,Metric Tonnes,1600.00,Rs./Quintal
Telangana,Cereals,Jowar(Sorghum),December-2025,1.10,Metric Tonnes,3070.14,Rs./Quintal
Telangana,Cereals,Maize,December-2025,5769.65,Metric Tonnes,2200.26,Rs./Quintal
Telangana,Cereals,Paddy(Common),December-2025,91642.63,Metric Tonnes,2449.52,Rs./Quintal
Telangana,Cereals,Ragi(Finger Millet),December-2025,2.40,Metric Tonnes,3550.17,Rs./Quintal
Telangana,Cereals,Wheat,December-2025,6.35,Metric Tonnes,2622.44,Rs./Quintal
Tripura,Cereals,Hybrid Cumbu,January-2023,5.40,Metric Tonnes,2481.48,Rs./Quintal
Tripura,Cereals,Paddy(Common),January-2023,75.40,Metric Tonnes,1884.56,Rs./Quintal
Tripura,Cereals,Rice,January-2023,893.98,Metric Tonnes,3225.08,Rs./Quintal
Tripura,Cereals,Hybrid Cumbu,February-2023,1.80,Metric Tonnes,2250.00,Rs./Quintal
Tripura,Cereals,Paddy(Common),February-2023,48.90,Metric Tonnes,1969.07,Rs./Quintal
Tripura,Cereals,Rice,February-2023,361.80,Metric Tonnes,3330.71,Rs./Quintal
Tripura,Cereals,Hybrid Cumbu,March-2023,1.04,Metric Tonnes,2182.69,Rs./Quintal
Tripura,Cereals,Paddy(Common),March-2023,29.60,Metric Tonnes,2001.32,Rs./Quintal
Tripura,Cereals,Rice,March-2023,523.00,Metric Tonnes,3346.94,Rs./Quintal
Tripura,Cereals,Hybrid Cumbu,April-2023,0.76,Metric Tonnes,3368.42,Rs./Quintal
Tripura,Cereals,Paddy(Common),April-2023,64.50,Metric Tonnes,2022.40,Rs./Quintal
Tripura,Cereals,Rice,April-2023,456.00,Metric Tonnes,3473.48,Rs./Quintal
Tripura,Cereals,Hybrid Cumbu,May-2023,1.35,Metric Tonnes,3500.00,Rs./Quintal
Tripura,Cereals,Paddy(Common),May-2023,67.00,Metric Tonnes,1871.29,Rs./Quintal
Tripura,Cereals,Rice,May-2023,572.13,Metric Tonnes,3536.16,Rs./Quintal
Tripura,Cereals,Hybrid Cumbu,June-2023,0.91,Metric Tonnes,3500.00,Rs./Quintal
Tripura,Cereals,Paddy(Common),June-2023,61.50,Metric Tonnes,1932.81,Rs./Quintal
Tripura,Cereals,Rice,June-2023,488.10,Metric Tonnes,3629.38,Rs./Quintal
Tripura,Cereals,Hybrid Cumbu,July-2023,1.32,Metric Tonnes,3500.00,Rs./Quintal
Tripura,Cereals,Paddy(Common),July-2023,73.30,Metric Tonnes,1983.49,Rs./Quintal
Tripura,Cereals,Rice,July-2023,572.10,Metric Tonnes,3974.66,Rs./Quintal
Tripura,Cereals,Hybrid Cumbu,August-2023,1.00,Metric Tonnes,3500.00,Rs./Quintal
Tripura,Cereals,Paddy(Common),August-2023,35.50,Metric Tonnes,2060.77,Rs./Quintal
Tripura,Cereals,Rice,August-2023,443.30,Metric Tonnes,4034.54,Rs./Quintal
Tripura,Cereals,Paddy(Common),September-2023,60.20,Metric Tonnes,2140.02,Rs./Quintal
Tripura,Cereals,Rice,September-2023,816.16,Metric Tonnes,4041.23,Rs./Quintal
Tripura,Cereals,Paddy(Common),October-2023,31.00,Metric Tonnes,2215.73,Rs./Quintal
Tripura,Cereals,Rice,October-2023,538.55,Metric Tonnes,3967.42,Rs./Quintal
Tripura,Cereals,Hybrid Cumbu,November-2023,0.80,Metric Tonnes,4375.00,Rs./Quintal
Tripura,Cereals,Paddy(Common),November-2023,39.60,Metric Tonnes,2042.64,Rs./Quintal
Tripura,Cereals,Rice,November-2023,546.00,Metric Tonnes,3899.57,Rs./Quintal
Tripura,Cereals,Hybrid Cumbu,December-2023,2.35,Metric Tonnes,3648.94,Rs./Quintal
Tripura,Cereals,Paddy(Common),December-2023,47.35,Metric Tonnes,1980.94,Rs./Quintal
Tripura,Cereals,Rice,December-2023,590.10,Metric Tonnes,3810.38,Rs./Quintal
Tripura,Cereals,Hybrid Cumbu,January-2024,5.54,Metric Tonnes,3500.00,Rs./Quintal
Tripura,Cereals,Paddy(Common),January-2024,47.60,Metric Tonnes,2034.12,Rs./Quintal
Tripura,Cereals,Rice,January-2024,610.50,Metric Tonnes,3818.63,Rs./Quintal
Tripura,Cereals,Hybrid Cumbu,February-2024,1.30,Metric Tonnes,4307.69,Rs./Quintal
Tripura,Cereals,Paddy(Common),February-2024,73.76,Metric Tonnes,2050.64,Rs./Quintal
Tripura,Cereals,Rice,February-2024,708.70,Metric Tonnes,3826.19,Rs./Quintal
Tripura,Cereals,Hybrid Cumbu,March-2024,0.50,Metric Tonnes,6100.00,Rs./Quintal
Tripura,Cereals,Paddy(Common),March-2024,92.45,Metric Tonnes,2113.14,Rs./Quintal
Tripura,Cereals,Rice,March-2024,1320.42,Metric Tonnes,3818.57,Rs./Quintal
Tripura,Cereals,Hybrid Cumbu,April-2024,1.40,Metric Tonnes,3928.57,Rs./Quintal
Tripura,Cereals,Paddy(Common),April-2024,66.80,Metric Tonnes,2132.75,Rs./Quintal
Tripura,Cereals,Rice,April-2024,989.50,Metric Tonnes,3836.27,Rs./Quintal
Tripura,Cereals,Hybrid Cumbu,May-2024,2.80,Metric Tonnes,3642.86,Rs./Quintal
Tripura,Cereals,Paddy(Common),May-2024,93.20,Metric Tonnes,2121.11,Rs./Quintal
Tripura,Cereals,Rice,May-2024,1115.76,Metric Tonnes,3867.20,Rs./Quintal
Tripura,Cereals,Hybrid Cumbu,June-2024,2.80,Metric Tonnes,4821.43,Rs./Quintal
Tripura,Cereals,Paddy(Common),June-2024,107.23,Metric Tonnes,2106.62,Rs./Quintal
Tripura,Cereals,Rice,June-2024,998.92,Metric Tonnes,3835.73,Rs./Quintal
Tripura,Cereals,Hybrid Cumbu,July-2024,1.40,Metric Tonnes,5500.00,Rs./Quintal
Tripura,Cereals,Paddy(Common),July-2024,78.40,Metric Tonnes,2104.60,Rs./Quintal
Tripura,Cereals,Rice,July-2024,900.00,Metric Tonnes,3835.26,Rs./Quintal
Tripura,Cereals,Paddy(Common),August-2024,57.40,Metric Tonnes,2140.10,Rs./Quintal
Tripura,Cereals,Rice,August-2024,787.80,Metric Tonnes,3855.64,Rs./Quintal
Tripura,Cereals,Paddy(Common),September-2024,45.60,Metric Tonnes,2213.05,Rs./Quintal
Tripura,Cereals,Rice,September-2024,1062.30,Metric Tonnes,3881.61,Rs./Quintal
Tripura,Cereals,Hybrid Cumbu,October-2024,0.02,Metric Tonnes,7000.00,Rs./Quintal
Tripura,Cereals,Paddy(Common),October-2024,37.50,Metric Tonnes,2260.59,Rs./Quintal
Tripura,Cereals,Rice,October-2024,713.61,Metric Tonnes,3944.59,Rs./Quintal
Tripura,Cereals,Hybrid Cumbu,November-2024,0.20,Metric Tonnes,4500.00,Rs./Quintal
Tripura,Cereals,Paddy(Common),November-2024,41.00,Metric Tonnes,2167.35,Rs./Quintal
Tripura,Cereals,Rice,November-2024,622.54,Metric Tonnes,4032.66,Rs./Quintal
Tripura,Cereals,Hybrid Cumbu,December-2024,0.93,Metric Tonnes,4301.08,Rs./Quintal
Tripura,Cereals,Paddy(Common),December-2024,89.70,Metric Tonnes,2197.72,Rs./Quintal
Tripura,Cereals,Rice,December-2024,846.10,Metric Tonnes,3944.08,Rs./Quintal
Tripura,Cereals,Hybrid Cumbu,January-2025,1.30,Metric Tonnes,3807.69,Rs./Quintal
Tripura,Cereals,Paddy(Common),January-2025,51.10,Metric Tonnes,2237.46,Rs./Quintal
Tripura,Cereals,Rice,January-2025,831.95,Metric Tonnes,3915.50,Rs./Quintal
Tripura,Cereals,Hybrid Cumbu,February-2025,0.30,Metric Tonnes,3500.00,Rs./Quintal
Tripura,Cereals,Paddy(Common),February-2025,54.70,Metric Tonnes,2245.96,Rs./Quintal
Tripura,Cereals,Rice,February-2025,783.50,Metric Tonnes,3929.56,Rs./Quintal
Tripura,Cereals,Hybrid Cumbu,March-2025,0.30,Metric Tonnes,3500.00,Rs./Quintal
Tripura,Cereals,Paddy(Common),March-2025,64.70,Metric Tonnes,2246.39,Rs./Quintal
Tripura,Cereals,Rice,March-2025,779.40,Metric Tonnes,3925.98,Rs./Quintal
Tripura,Cereals,Hybrid Cumbu,April-2025,0.90,Metric Tonnes,4000.00,Rs./Quintal
Tripura,Cereals,Paddy(Common),April-2025,21.20,Metric Tonnes,2209.67,Rs./Quintal
Tripura,Cereals,Rice,April-2025,559.80,Metric Tonnes,3920.04,Rs./Quintal
Tripura,Cereals,Hybrid Cumbu,May-2025,0.70,Metric Tonnes,3500.00,Rs./Quintal
Tripura,Cereals,Paddy(Common),May-2025,43.60,Metric Tonnes,2153.23,Rs./Quintal
Tripura,Cereals,Rice,May-2025,694.65,Metric Tonnes,3957.29,Rs./Quintal
Tripura,Cereals,Hybrid Cumbu,June-2025,0.30,Metric Tonnes,4000.00,Rs./Quintal
Tripura,Cereals,Paddy(Common),June-2025,64.20,Metric Tonnes,2174.24,Rs./Quintal
Tripura,Cereals,Rice,June-2025,793.20,Metric Tonnes,3951.37,Rs./Quintal
Tripura,Cereals,Hybrid Cumbu,July-2025,0.50,Metric Tonnes,3500.00,Rs./Quintal
Tripura,Cereals,Paddy(Common),July-2025,45.90,Metric Tonnes,2153.37,Rs./Quintal
Tripura,Cereals,Rice,July-2025,674.85,Metric Tonnes,3972.86,Rs./Quintal
Tripura,Cereals,Hybrid Cumbu,August-2025,0.44,Metric Tonnes,3500.00,Rs./Quintal
Tripura,Cereals,Paddy(Common),August-2025,47.70,Metric Tonnes,2191.59,Rs./Quintal
Tripura,Cereals,Rice,August-2025,713.50,Metric Tonnes,3974.59,Rs./Quintal
Tripura,Cereals,Hybrid Cumbu,September-2025,1.39,Metric Tonnes,4061.15,Rs./Quintal
Tripura,Cereals,Paddy(Common),September-2025,38.20,Metric Tonnes,2192.93,Rs./Quintal
Tripura,Cereals,Rice,September-2025,627.02,Metric Tonnes,3992.23,Rs./Quintal
Tripura,Cereals,Hybrid Cumbu,October-2025,0.25,Metric Tonnes,4300.00,Rs./Quintal
Tripura,Cereals,Paddy(Common),October-2025,41.50,Metric Tonnes,2192.23,Rs./Quintal
Tripura,Cereals,Rice,October-2025,560.40,Metric Tonnes,3966.59,Rs./Quintal
Tripura,Cereals,Paddy(Common),November-2025,34.50,Metric Tonnes,2520.43,Rs./Quintal
Tripura,Cereals,Rice,November-2025,195.40,Metric Tonnes,4006.53,Rs./Quintal
Tripura,Cereals,Paddy(Common),December-2025,30.40,Metric Tonnes,2056.74,Rs./Quintal
Tripura,Cereals,Rice,December-2025,326.78,Metric Tonnes,3873.01,Rs./Quintal
Uttar Pradesh,Cereals,Bajra(Pearl Millet/Cumbu),January-2023,45490.64,Metric Tonnes,2305.77,Rs./Quintal
Uttar Pradesh,Cereals,Barley(Jau),January-2023,7659.90,Metric Tonnes,2812.83,Rs./Quintal
Uttar Pradesh,Cereals,Jowar(Sorghum),January-2023,3503.30,Metric Tonnes,4507.62,Rs./Quintal
Uttar Pradesh,Cereals,Maize,January-2023,70905.30,Metric Tonnes,2196.49,Rs./Quintal
Uttar Pradesh,Cereals,Paddy(Basmati),January-2023,303726.21,Metric Tonnes,3677.54,Rs./Quintal
Uttar Pradesh,Cereals,Paddy(Common),January-2023,1058675.65,Metric Tonnes,2064.30,Rs./Quintal
Uttar Pradesh,Cereals,Rice,January-2023,429305.75,Metric Tonnes,2586.13,Rs./Quintal
Uttar Pradesh,Cereals,Wheat,January-2023,437821.60,Metric Tonnes,2691.92,Rs./Quintal
Uttar Pradesh,Cereals,Bajra(Pearl Millet/Cumbu),February-2023,31351.23,Metric Tonnes,2265.20,Rs./Quintal
Uttar Pradesh,Cereals,Barley(Jau),February-2023,9135.60,Metric Tonnes,2869.95,Rs./Quintal
Uttar Pradesh,Cereals,Jowar(Sorghum),February-2023,2793.50,Metric Tonnes,4204.14,Rs./Quintal
Uttar Pradesh,Cereals,Maize,February-2023,67659.00,Metric Tonnes,2195.46,Rs./Quintal
Uttar Pradesh,Cereals,Paddy(Basmati),February-2023,110572.30,Metric Tonnes,3802.04,Rs./Quintal
Uttar Pradesh,Cereals,Paddy(Common),February-2023,548384.44,Metric Tonnes,2040.41,Rs./Quintal
Uttar Pradesh,Cereals,Rice,February-2023,383526.14,Metric Tonnes,2589.54,Rs./Quintal
Uttar Pradesh,Cereals,Wheat,February-2023,438704.31,Metric Tonnes,2561.75,Rs./Quintal
Uttar Pradesh,Cereals,Bajra(Pearl Millet/Cumbu),March-2023,23066.63,Metric Tonnes,2185.76,Rs./Quintal
Uttar Pradesh,Cereals,Barley(Jau),March-2023,14857.20,Metric Tonnes,2442.06,Rs./Quintal
Uttar Pradesh,Cereals,Jowar(Sorghum),March-2023,2988.20,Metric Tonnes,3733.77,Rs./Quintal
Uttar Pradesh,Cereals,Maize,March-2023,46425.70,Metric Tonnes,2188.59,Rs./Quintal
Uttar Pradesh,Cereals,Paddy(Basmati),March-2023,50584.90,Metric Tonnes,3691.70,Rs./Quintal
Uttar Pradesh,Cereals,Paddy(Common),March-2023,184733.66,Metric Tonnes,1990.83,Rs./Quintal
Uttar Pradesh,Cereals,Rice,March-2023,344051.08,Metric Tonnes,2586.06,Rs./Quintal
Uttar Pradesh,Cereals,Same/Savi,March-2023,7.00,Metric Tonnes,2200.00,Rs./Quintal
Uttar Pradesh,Cereals,Wheat,March-2023,448872.45,Metric Tonnes,2251.61,Rs./Quintal
Uttar Pradesh,Cereals,Bajra(Pearl Millet/Cumbu),April-2023,24794.42,Metric Tonnes,2244.62,Rs./Quintal
Uttar Pradesh,Cereals,Barley(Jau),April-2023,42260.11,Metric Tonnes,2103.19,Rs./Quintal
Uttar Pradesh,Cereals,Jowar(Sorghum),April-2023,3207.50,Metric Tonnes,3460.25,Rs./Quintal
Uttar Pradesh,Cereals,Maize,April-2023,49624.00,Metric Tonnes,2230.31,Rs./Quintal
Uttar Pradesh,Cereals,Paddy(Basmati),April-2023,21465.10,Metric Tonnes,3965.06,Rs./Quintal
Uttar Pradesh,Cereals,Paddy(Common),April-2023,96154.14,Metric Tonnes,1963.63,Rs./Quintal
Uttar Pradesh,Cereals,Rice,April-2023,281065.16,Metric Tonnes,2642.40,Rs./Quintal
Uttar Pradesh,Cereals,Wheat,April-2023,1221570.36,Metric Tonnes,2150.30,Rs./Quintal
Uttar Pradesh,Cereals,Bajra(Pearl Millet/Cumbu),May-2023,12893.51,Metric Tonnes,2197.44,Rs./Quintal
Uttar Pradesh,Cereals,Barley(Jau),May-2023,22385.60,Metric Tonnes,2004.58,Rs./Quintal
Uttar Pradesh,Cereals,Jowar(Sorghum),May-2023,1225.60,Metric Tonnes,2897.98,Rs./Quintal
Uttar Pradesh,Cereals,Maize,May-2023,38703.60,Metric Tonnes,2196.28,Rs./Quintal
Uttar Pradesh,Cereals,Paddy(Basmati),May-2023,7794.90,Metric Tonnes,3756.58,Rs./Quintal
Uttar Pradesh,Cereals,Paddy(Common),May-2023,68151.90,Metric Tonnes,1998.13,Rs./Quintal
Uttar Pradesh,Cereals,Rice,May-2023,221516.46,Metric Tonnes,2649.03,Rs./Quintal
Uttar Pradesh,Cereals,Wheat,May-2023,1282590.41,Metric Tonnes,2173.67,Rs./Quintal
Uttar Pradesh,Cereals,Bajra(Pearl Millet/Cumbu),June-2023,20952.10,Metric Tonnes,2163.05,Rs./Quintal
Uttar Pradesh,Cereals,Barley(Jau),June-2023,15564.11,Metric Tonnes,1996.26,Rs./Quintal
Uttar Pradesh,Cereals,Jowar(Sorghum),June-2023,1816.90,Metric Tonnes,3682.54,Rs./Quintal
Uttar Pradesh,Cereals,Maize,June-2023,261373.70,Metric Tonnes,1934.43,Rs./Quintal
Uttar Pradesh,Cereals,Paddy(Basmati),June-2023,36169.20,Metric Tonnes,2984.54,Rs./Quintal
Uttar Pradesh,Cereals,Paddy(Common),June-2023,81155.77,Metric Tonnes,2033.00,Rs./Quintal
Uttar Pradesh,Cereals,Rice,June-2023,199274.51,Metric Tonnes,2675.96,Rs./Quintal
Uttar Pradesh,Cereals,Wheat,June-2023,819293.09,Metric Tonnes,2272.52,Rs./Quintal
Uttar Pradesh,Cereals,Bajra(Pearl Millet/Cumbu),July-2023,34785.60,Metric Tonnes,2046.82,Rs./Quintal
Uttar Pradesh,Cereals,Barley(Jau),July-2023,11354.85,Metric Tonnes,2027.25,Rs./Quintal
Uttar Pradesh,Cereals,Jowar(Sorghum),July-2023,1893.30,Metric Tonnes,3308.86,Rs./Quintal
Uttar Pradesh,Cereals,Maize,July-2023,464103.39,Metric Tonnes,1878.45,Rs./Quintal
Uttar Pradesh,Cereals,Paddy(Basmati),July-2023,91595.60,Metric Tonnes,3021.98,Rs./Quintal
Uttar Pradesh,Cereals,Paddy(Common),July-2023,93112.61,Metric Tonnes,1996.41,Rs./Quintal
Uttar Pradesh,Cereals,Rice,July-2023,196940.04,Metric Tonnes,2714.40,Rs./Quintal
Uttar Pradesh,Cereals,Wheat,July-2023,547342.29,Metric Tonnes,2265.76,Rs./Quintal
Uttar Pradesh,Cereals,Bajra(Pearl Millet/Cumbu),August-2023,36692.40,Metric Tonnes,1957.22,Rs./Quintal
Uttar Pradesh,Cereals,Barley(Jau),August-2023,11323.00,Metric Tonnes,2042.59,Rs./Quintal
Uttar Pradesh,Cereals,Jowar(Sorghum),August-2023,2186.00,Metric Tonnes,2619.62,Rs./Quintal
Uttar Pradesh,Cereals,Maize,August-2023,516128.63,Metric Tonnes,1841.17,Rs./Quintal
Uttar Pradesh,Cereals,Paddy(Basmati),August-2023,45559.60,Metric Tonnes,3229.68,Rs./Quintal
Uttar Pradesh,Cereals,Paddy(Common),August-2023,69197.40,Metric Tonnes,2034.22,Rs./Quintal
Uttar Pradesh,Cereals,Rice,August-2023,209029.89,Metric Tonnes,2718.52,Rs./Quintal
Uttar Pradesh,Cereals,Wheat,August-2023,519913.63,Metric Tonnes,2294.62,Rs./Quintal
Uttar Pradesh,Cereals,Bajra(Pearl Millet/Cumbu),September-2023,25664.60,Metric Tonnes,1939.22,Rs./Quintal
Uttar Pradesh,Cereals,Barley(Jau),September-2023,9876.70,Metric Tonnes,2001.13,Rs./Quintal
Uttar Pradesh,Cereals,Jowar(Sorghum),September-2023,1725.80,Metric Tonnes,2778.27,Rs./Quintal
Uttar Pradesh,Cereals,Maize,September-2023,291846.00,Metric Tonnes,1908.20,Rs./Quintal
Uttar Pradesh,Cereals,Paddy(Basmati),September-2023,209290.90,Metric Tonnes,3331.90,Rs./Quintal
Uttar Pradesh,Cereals,Paddy(Common),September-2023,130302.50,Metric Tonnes,2039.29,Rs./Quintal
Uttar Pradesh,Cereals,Rice,September-2023,289773.05,Metric Tonnes,2744.21,Rs./Quintal
Uttar Pradesh,Cereals,Wheat,September-2023,537782.09,Metric Tonnes,2329.32,Rs./Quintal
Uttar Pradesh,Cereals,Bajra(Pearl Millet/Cumbu),October-2023,56945.65,Metric Tonnes,2097.97,Rs./Quintal
Uttar Pradesh,Cereals,Barley(Jau),October-2023,20391.90,Metric Tonnes,2073.73,Rs./Quintal
Uttar Pradesh,Cereals,Jowar(Sorghum),October-2023,1689.70,Metric Tonnes,3064.78,Rs./Quintal
Uttar Pradesh,Cereals,Maize,October-2023,197280.20,Metric Tonnes,2009.02,Rs./Quintal
Uttar Pradesh,Cereals,Paddy(Basmati),October-2023,1163362.71,Metric Tonnes,3130.16,Rs./Quintal
Uttar Pradesh,Cereals,Paddy(Common),October-2023,860700.94,Metric Tonnes,2155.19,Rs./Quintal
Uttar Pradesh,Cereals,Rice,October-2023,483202.31,Metric Tonnes,2787.14,Rs./Quintal
Uttar Pradesh,Cereals,Wheat,October-2023,522160.45,Metric Tonnes,2363.47,Rs./Quintal
Uttar Pradesh,Cereals,Bajra(Pearl Millet/Cumbu),November-2023,64945.27,Metric Tonnes,2452.29,Rs./Quintal
Uttar Pradesh,Cereals,Barley(Jau),November-2023,9078.81,Metric Tonnes,2046.13,Rs./Quintal
Uttar Pradesh,Cereals,Jowar(Sorghum),November-2023,1818.50,Metric Tonnes,3063.59,Rs./Quintal
Uttar Pradesh,Cereals,Maize,November-2023,114160.55,Metric Tonnes,2090.38,Rs./Quintal
Uttar Pradesh,Cereals,Paddy(Basmati),November-2023,960584.85,Metric Tonnes,3476.76,Rs./Quintal
Uttar Pradesh,Cereals,Paddy(Common),November-2023,1080735.04,Metric Tonnes,2243.90,Rs./Quintal
Uttar Pradesh,Cereals,Rice,November-2023,326632.94,Metric Tonnes,2768.09,Rs./Quintal
Uttar Pradesh,Cereals,Wheat,November-2023,402130.72,Metric Tonnes,2463.38,Rs./Quintal
Uttar Pradesh,Cereals,Bajra(Pearl Millet/Cumbu),December-2023,50950.62,Metric Tonnes,2306.27,Rs./Quintal
Uttar Pradesh,Cereals,Barley(Jau),December-2023,7522.53,Metric Tonnes,2060.41,Rs./Quintal
Uttar Pradesh,Cereals,Jowar(Sorghum),December-2023,3983.00,Metric Tonnes,3841.90,Rs./Quintal
Uttar Pradesh,Cereals,Maize,December-2023,76087.23,Metric Tonnes,2118.75,Rs./Quintal
Uttar Pradesh,Cereals,Paddy(Basmati),December-2023,426469.91,Metric Tonnes,3766.07,Rs./Quintal
Uttar Pradesh,Cereals,Paddy(Common),December-2023,1169643.02,Metric Tonnes,2177.58,Rs./Quintal
Uttar Pradesh,Cereals,Rice,December-2023,308307.25,Metric Tonnes,2741.45,Rs./Quintal
Uttar Pradesh,Cereals,Same/Savi,December-2023,16.00,Metric Tonnes,1375.00,Rs./Quintal
Uttar Pradesh,Cereals,Wheat,December-2023,366475.92,Metric Tonnes,2486.49,Rs./Quintal
Uttar Pradesh,Cereals,Bajra(Pearl Millet/Cumbu),January-2024,36883.35,Metric Tonnes,2287.53,Rs./Quintal
Uttar Pradesh,Cereals,Barley(Jau),January-2024,7230.10,Metric Tonnes,2097.48,Rs./Quintal
Uttar Pradesh,Cereals,Jowar(Sorghum),January-2024,4602.10,Metric Tonnes,4409.41,Rs./Quintal
Uttar Pradesh,Cereals,Maize,January-2024,56671.80,Metric Tonnes,2140.38,Rs./Quintal
Uttar Pradesh,Cereals,Paddy(Basmati),January-2024,153085.00,Metric Tonnes,3705.74,Rs./Quintal
Uttar Pradesh,Cereals,Paddy(Common),January-2024,602848.78,Metric Tonnes,2161.91,Rs./Quintal
Uttar Pradesh,Cereals,Rice,January-2024,286186.40,Metric Tonnes,2791.17,Rs./Quintal
Uttar Pradesh,Cereals,Same/Savi,January-2024,24.00,Metric Tonnes,1875.00,Rs./Quintal
Uttar Pradesh,Cereals,Wheat,January-2024,325152.95,Metric Tonnes,2509.50,Rs./Quintal
Uttar Pradesh,Cereals,Bajra(Pearl Millet/Cumbu),February-2024,27310.95,Metric Tonnes,2276.36,Rs./Quintal
Uttar Pradesh,Cereals,Barley(Jau),February-2024,7686.07,Metric Tonnes,2100.69,Rs./Quintal
Uttar Pradesh,Cereals,Jowar(Sorghum),February-2024,4092.90,Metric Tonnes,3862.02,Rs./Quintal
Uttar Pradesh,Cereals,Kodo Millet(Varagu),February-2024,22.10,Metric Tonnes,2501.00,Rs./Quintal
Uttar Pradesh,Cereals,Maize,February-2024,51701.90,Metric Tonnes,2179.63,Rs./Quintal
Uttar Pradesh,Cereals,Paddy(Basmati),February-2024,96647.80,Metric Tonnes,3534.82,Rs./Quintal
Uttar Pradesh,Cereals,Paddy(Common),February-2024,432813.97,Metric Tonnes,2177.92,Rs./Quintal
Uttar Pradesh,Cereals,Rice,February-2024,280240.50,Metric Tonnes,2869.81,Rs./Quintal
Uttar Pradesh,Cereals,Same/Savi,February-2024,16.00,Metric Tonnes,2306.25,Rs./Quintal
Uttar Pradesh,Cereals,Wheat,February-2024,358394.85,Metric Tonnes,2513.93,Rs./Quintal
Uttar Pradesh,Cereals,Bajra(Pearl Millet/Cumbu),March-2024,21771.18,Metric Tonnes,2262.94,Rs./Quintal
Uttar Pradesh,Cereals,Barley(Jau),March-2024,8487.80,Metric Tonnes,2069.37,Rs./Quintal
Uttar Pradesh,Cereals,Jowar(Sorghum),March-2024,4791.00,Metric Tonnes,4177.00,Rs./Quintal
Uttar Pradesh,Cereals,Maize,March-2024,41214.70,Metric Tonnes,2194.09,Rs./Quintal
Uttar Pradesh,Cereals,Paddy(Basmati),March-2024,49138.30,Metric Tonnes,3519.01,Rs./Quintal
Uttar Pradesh,Cereals,Paddy(Common),March-2024,198078.94,Metric Tonnes,2190.26,Rs./Quintal
Uttar Pradesh,Cereals,Rice,March-2024,226924.90,Metric Tonnes,2982.46,Rs./Quintal
Uttar Pradesh,Cereals,Same/Savi,March-2024,19.00,Metric Tonnes,2305.26,Rs./Quintal
Uttar Pradesh,Cereals,Wheat,March-2024,299443.85,Metric Tonnes,2480.70,Rs./Quintal
Uttar Pradesh,Cereals,Bajra(Pearl Millet/Cumbu),April-2024,15352.20,Metric Tonnes,2220.43,Rs./Quintal
Uttar Pradesh,Cereals,Barley(Jau),April-2024,18410.88,Metric Tonnes,1992.93,Rs./Quintal
Uttar Pradesh,Cereals,Jowar(Sorghum),April-2024,4035.90,Metric Tonnes,3608.19,Rs./Quintal
Uttar Pradesh,Cereals,Maize,April-2024,26228.80,Metric Tonnes,2222.65,Rs./Quintal
Uttar Pradesh,Cereals,Paddy(Basmati),April-2024,41761.60,Metric Tonnes,3430.02,Rs./Quintal
Uttar Pradesh,Cereals,Paddy(Common),April-2024,131594.34,Metric Tonnes,2236.22,Rs./Quintal
Uttar Pradesh,Cereals,Rice,April-2024,193892.95,Metric Tonnes,2926.65,Rs./Quintal
Uttar Pradesh,Cereals,Same/Savi,April-2024,6.00,Metric Tonnes,2033.33,Rs./Quintal
Uttar Pradesh,Cereals,Wheat,April-2024,1227938.37,Metric Tonnes,2326.19,Rs./Quintal
Uttar Pradesh,Cereals,Bajra(Pearl Millet/Cumbu),May-2024,12940.40,Metric Tonnes,2156.79,Rs./Quintal
Uttar Pradesh,Cereals,Barley(Jau),May-2024,14981.57,Metric Tonnes,2046.51,Rs./Quintal
Uttar Pradesh,Cereals,Jowar(Sorghum),May-2024,2250.10,Metric Tonnes,3061.66,Rs./Quintal
Uttar Pradesh,Cereals,Maize,May-2024,44814.85,Metric Tonnes,2161.25,Rs./Quintal
Uttar Pradesh,Cereals,Paddy(Basmati),May-2024,16462.00,Metric Tonnes,3241.81,Rs./Quintal
Uttar Pradesh,Cereals,Paddy(Common),May-2024,84642.33,Metric Tonnes,2237.82,Rs./Quintal
Uttar Pradesh,Cereals,Rice,May-2024,228798.11,Metric Tonnes,2928.99,Rs./Quintal
Uttar Pradesh,Cereals,Wheat,May-2024,1689956.64,Metric Tonnes,2328.70,Rs./Quintal
Uttar Pradesh,Cereals,Bajra(Pearl Millet/Cumbu),June-2024,28327.48,Metric Tonnes,2117.87,Rs./Quintal
Uttar Pradesh,Cereals,Barley(Jau),June-2024,9664.29,Metric Tonnes,2193.88,Rs./Quintal
Uttar Pradesh,Cereals,Jowar(Sorghum),June-2024,1680.90,Metric Tonnes,3064.24,Rs./Quintal
Uttar Pradesh,Cereals,Maize,June-2024,487453.53,Metric Tonnes,2122.03,Rs./Quintal
Uttar Pradesh,Cereals,Paddy(Basmati),June-2024,31855.80,Metric Tonnes,2948.88,Rs./Quintal
Uttar Pradesh,Cereals,Paddy(Common),June-2024,81371.60,Metric Tonnes,2216.89,Rs./Quintal
Uttar Pradesh,Cereals,Rice,June-2024,221358.30,Metric Tonnes,2965.99,Rs./Quintal
Uttar Pradesh,Cereals,Wheat,June-2024,906178.19,Metric Tonnes,2391.75,Rs./Quintal
Uttar Pradesh,Cereals,Bajra(Pearl Millet/Cumbu),July-2024,129851.01,Metric Tonnes,2143.47,Rs./Quintal
Uttar Pradesh,Cereals,Barley(Jau),July-2024,6754.10,Metric Tonnes,2178.82,Rs./Quintal
Uttar Pradesh,Cereals,Jowar(Sorghum),July-2024,1341.20,Metric Tonnes,3293.35,Rs./Quintal
Uttar Pradesh,Cereals,Maize,July-2024,613421.88,Metric Tonnes,2169.38,Rs./Quintal
Uttar Pradesh,Cereals,Paddy(Basmati),July-2024,69722.40,Metric Tonnes,2616.72,Rs./Quintal
Uttar Pradesh,Cereals,Paddy(Common),July-2024,166513.40,Metric Tonnes,2125.51,Rs./Quintal
Uttar Pradesh,Cereals,Rice,July-2024,242798.41,Metric Tonnes,3069.38,Rs./Quintal
Uttar Pradesh,Cereals,Wheat,July-2024,684560.54,Metric Tonnes,2436.77,Rs./Quintal
Uttar Pradesh,Cereals,Bajra(Pearl Millet/Cumbu),August-2024,54541.39,Metric Tonnes,2171.96,Rs./Quintal
Uttar Pradesh,Cereals,Barley(Jau),August-2024,8818.27,Metric Tonnes,2170.02,Rs./Quintal
Uttar Pradesh,Cereals,Jowar(Sorghum),August-2024,1513.10,Metric Tonnes,3037.42,Rs./Quintal
Uttar Pradesh,Cereals,Maize,August-2024,447425.32,Metric Tonnes,2249.84,Rs./Quintal
Uttar Pradesh,Cereals,Paddy(Basmati),August-2024,55911.80,Metric Tonnes,2424.57,Rs./Quintal
Uttar Pradesh,Cereals,Paddy(Common),August-2024,100150.60,Metric Tonnes,2201.50,Rs./Quintal
Uttar Pradesh,Cereals,Rice,August-2024,268066.05,Metric Tonnes,3153.96,Rs./Quintal
Uttar Pradesh,Cereals,Wheat,August-2024,629832.67,Metric Tonnes,2479.54,Rs./Quintal
Uttar Pradesh,Cereals,Bajra(Pearl Millet/Cumbu),September-2024,27808.35,Metric Tonnes,2276.04,Rs./Quintal
Uttar Pradesh,Cereals,Barley(Jau),September-2024,7309.10,Metric Tonnes,2257.07,Rs./Quintal
Uttar Pradesh,Cereals,Jowar(Sorghum),September-2024,1621.20,Metric Tonnes,2926.33,Rs./Quintal
Uttar Pradesh,Cereals,Maize,September-2024,226152.52,Metric Tonnes,2339.18,Rs./Quintal
Uttar Pradesh,Cereals,Paddy(Basmati),September-2024,77944.80,Metric Tonnes,2593.69,Rs./Quintal
Uttar Pradesh,Cereals,Paddy(Common),September-2024,106152.23,Metric Tonnes,2255.87,Rs./Quintal
Uttar Pradesh,Cereals,Rice,September-2024,255381.13,Metric Tonnes,3173.12,Rs./Quintal
Uttar Pradesh,Cereals,Wheat,September-2024,571858.12,Metric Tonnes,2564.30,Rs./Quintal
Uttar Pradesh,Cereals,Bajra(Pearl Millet/Cumbu),October-2024,21714.70,Metric Tonnes,2404.22,Rs./Quintal
Uttar Pradesh,Cereals,Barley(Jau),October-2024,6907.90,Metric Tonnes,2336.58,Rs./Quintal
Uttar Pradesh,Cereals,Jowar(Sorghum),October-2024,1493.20,Metric Tonnes,3009.21,Rs./Quintal
Uttar Pradesh,Cereals,Maize,October-2024,149677.05,Metric Tonnes,2399.24,Rs./Quintal
Uttar Pradesh,Cereals,Paddy(Basmati),October-2024,1155731.18,Metric Tonnes,2621.37,Rs./Quintal
Uttar Pradesh,Cereals,Paddy(Common),October-2024,741792.20,Metric Tonnes,2119.68,Rs./Quintal
Uttar Pradesh,Cereals,Rice,October-2024,276938.27,Metric Tonnes,3230.76,Rs./Quintal
Uttar Pradesh,Cereals,Wheat,October-2024,538704.27,Metric Tonnes,2679.69,Rs./Quintal
Uttar Pradesh,Cereals,Bajra(Pearl Millet/Cumbu),November-2024,37608.05,Metric Tonnes,2515.45,Rs./Quintal
Uttar Pradesh,Cereals,Barley(Jau),November-2024,6199.75,Metric Tonnes,2374.58,Rs./Quintal
Uttar Pradesh,Cereals,Jowar(Sorghum),November-2024,2919.00,Metric Tonnes,3157.06,Rs./Quintal
Uttar Pradesh,Cereals,Maize,November-2024,101345.90,Metric Tonnes,2366.60,Rs./Quintal
Uttar Pradesh,Cereals,Paddy(Basmati),November-2024,1050504.80,Metric Tonnes,2859.78,Rs./Quintal
Uttar Pradesh,Cereals,Paddy(Common),November-2024,1258951.23,Metric Tonnes,2206.96,Rs./Quintal
Uttar Pradesh,Cereals,Rice,November-2024,288794.82,Metric Tonnes,3220.23,Rs./Quintal
Uttar Pradesh,Cereals,Wheat,November-2024,426883.31,Metric Tonnes,2757.94,Rs./Quintal
Uttar Pradesh,Cereals,Bajra(Pearl Millet/Cumbu),December-2024,32181.25,Metric Tonnes,2564.24,Rs./Quintal
Uttar Pradesh,Cereals,Barley(Jau),December-2024,9412.30,Metric Tonnes,2381.80,Rs./Quintal
Uttar Pradesh,Cereals,Jowar(Sorghum),December-2024,4183.80,Metric Tonnes,3381.80,Rs./Quintal
Uttar Pradesh,Cereals,Maize,December-2024,75078.75,Metric Tonnes,2376.19,Rs./Quintal
Uttar Pradesh,Cereals,Paddy(Basmati),December-2024,646869.58,Metric Tonnes,2885.91,Rs./Quintal
Uttar Pradesh,Cereals,Paddy(Common),December-2024,1228794.03,Metric Tonnes,2260.61,Rs./Quintal
Uttar Pradesh,Cereals,Rice,December-2024,350072.29,Metric Tonnes,3182.12,Rs./Quintal
Uttar Pradesh,Cereals,Same/Savi,December-2024,11.00,Metric Tonnes,2254.55,Rs./Quintal
Uttar Pradesh,Cereals,Wheat,December-2024,432602.60,Metric Tonnes,2775.03,Rs./Quintal
Uttar Pradesh,Cereals,Bajra(Pearl Millet/Cumbu),January-2025,37929.40,Metric Tonnes,2556.78,Rs./Quintal
Uttar Pradesh,Cereals,Barley(Jau),January-2025,6557.35,Metric Tonnes,2453.17,Rs./Quintal
Uttar Pradesh,Cereals,Jowar(Sorghum),January-2025,3195.10,Metric Tonnes,3430.09,Rs./Quintal
Uttar Pradesh,Cereals,Maize,January-2025,67614.08,Metric Tonnes,2412.57,Rs./Quintal
Uttar Pradesh,Cereals,Paddy(Basmati),January-2025,280055.42,Metric Tonnes,2740.75,Rs./Quintal
Uttar Pradesh,Cereals,Paddy(Common),January-2025,701730.89,Metric Tonnes,2281.32,Rs./Quintal
Uttar Pradesh,Cereals,Rice,January-2025,349459.25,Metric Tonnes,3261.90,Rs./Quintal
Uttar Pradesh,Cereals,Same/Savi,January-2025,1.00,Metric Tonnes,1900.00,Rs./Quintal
Uttar Pradesh,Cereals,Wheat,January-2025,490085.85,Metric Tonnes,2865.84,Rs./Quintal
Uttar Pradesh,Cereals,Bajra(Pearl Millet/Cumbu),February-2025,31080.17,Metric Tonnes,2495.22,Rs./Quintal
Uttar Pradesh,Cereals,Barley(Jau),February-2025,7390.90,Metric Tonnes,2484.96,Rs./Quintal
Uttar Pradesh,Cereals,Jowar(Sorghum),February-2025,5153.10,Metric Tonnes,3485.87,Rs./Quintal
Uttar Pradesh,Cereals,Maize,February-2025,71134.34,Metric Tonnes,2413.85,Rs./Quintal
Uttar Pradesh,Cereals,Paddy(Basmati),February-2025,142302.35,Metric Tonnes,2656.64,Rs./Quintal
Uttar Pradesh,Cereals,Paddy(Common),February-2025,526624.20,Metric Tonnes,2257.74,Rs./Quintal
Uttar Pradesh,Cereals,Rice,February-2025,287854.94,Metric Tonnes,3262.13,Rs./Quintal
Uttar Pradesh,Cereals,Wheat,February-2025,433705.59,Metric Tonnes,2891.11,Rs./Quintal
Uttar Pradesh,Cereals,Bajra(Pearl Millet/Cumbu),March-2025,19949.45,Metric Tonnes,2403.03,Rs./Quintal
Uttar Pradesh,Cereals,Barley(Jau),March-2025,12658.55,Metric Tonnes,2212.81,Rs./Quintal
Uttar Pradesh,Cereals,Jowar(Sorghum),March-2025,2413.70,Metric Tonnes,3258.20,Rs./Quintal
Uttar Pradesh,Cereals,Maize,March-2025,54464.99,Metric Tonnes,2401.83,Rs./Quintal
Uttar Pradesh,Cereals,Paddy(Basmati),March-2025,69377.10,Metric Tonnes,2478.60,Rs./Quintal
Uttar Pradesh,Cereals,Paddy(Common),March-2025,209675.50,Metric Tonnes,2204.90,Rs./Quintal
Uttar Pradesh,Cereals,Rice,March-2025,250206.93,Metric Tonnes,3243.49,Rs./Quintal
Uttar Pradesh,Cereals,Same/Savi,March-2025,0.20,Metric Tonnes,3200.00,Rs./Quintal
Uttar Pradesh,Cereals,Wheat,March-2025,411172.69,Metric Tonnes,2774.29,Rs./Quintal
Uttar Pradesh,Cereals,Bajra(Pearl Millet/Cumbu),April-2025,16465.82,Metric Tonnes,2329.03,Rs./Quintal
Uttar Pradesh,Cereals,Barley(Jau),April-2025,23575.20,Metric Tonnes,2220.92,Rs./Quintal
Uttar Pradesh,Cereals,Jowar(Sorghum),April-2025,3263.70,Metric Tonnes,3242.91,Rs./Quintal
Uttar Pradesh,Cereals,Maize,April-2025,45252.60,Metric Tonnes,2387.91,Rs./Quintal
Uttar Pradesh,Cereals,Paddy(Basmati),April-2025,32101.74,Metric Tonnes,2498.97,Rs./Quintal
Uttar Pradesh,Cereals,Paddy(Common),April-2025,115343.66,Metric Tonnes,2175.94,Rs./Quintal
Uttar Pradesh,Cereals,Rice,April-2025,258392.10,Metric Tonnes,3237.01,Rs./Quintal
Uttar Pradesh,Cereals,Same/Savi,April-2025,1.00,Metric Tonnes,1300.00,Rs./Quintal
Uttar Pradesh,Cereals,Wheat,April-2025,2142037.05,Metric Tonnes,2450.21,Rs./Quintal
Uttar Pradesh,Cereals,Bajra(Pearl Millet/Cumbu),May-2025,11390.73,Metric Tonnes,2286.98,Rs./Quintal
Uttar Pradesh,Cereals,Barley(Jau),May-2025,21762.70,Metric Tonnes,2273.15,Rs./Quintal
Uttar Pradesh,Cereals,Jowar(Sorghum),May-2025,2801.90,Metric Tonnes,3291.90,Rs./Quintal
Uttar Pradesh,Cereals,Maize,May-2025,67006.11,Metric Tonnes,2283.16,Rs./Quintal
Uttar Pradesh,Cereals,Paddy(Basmati),May-2025,23629.20,Metric Tonnes,2657.07,Rs./Quintal
Uttar Pradesh,Cereals,Paddy(Common),May-2025,74904.08,Metric Tonnes,2182.54,Rs./Quintal
Uttar Pradesh,Cereals,Rice,May-2025,260935.89,Metric Tonnes,3239.20,Rs./Quintal
Uttar Pradesh,Cereals,Wheat,May-2025,1832524.16,Metric Tonnes,2454.30,Rs./Quintal
Uttar Pradesh,Cereals,Bajra(Pearl Millet/Cumbu),June-2025,18947.48,Metric Tonnes,2223.58,Rs./Quintal
Uttar Pradesh,Cereals,Barley(Jau),June-2025,13532.10,Metric Tonnes,2302.51,Rs./Quintal
Uttar Pradesh,Cereals,Jowar(Sorghum),June-2025,1422.20,Metric Tonnes,3358.71,Rs./Quintal
Uttar Pradesh,Cereals,Maize,June-2025,543435.67,Metric Tonnes,2117.10,Rs./Quintal
Uttar Pradesh,Cereals,Paddy(Basmati),June-2025,22909.60,Metric Tonnes,2727.60,Rs./Quintal
Uttar Pradesh,Cereals,Paddy(Common),June-2025,64039.01,Metric Tonnes,2166.93,Rs./Quintal
Uttar Pradesh,Cereals,Rice,June-2025,244334.05,Metric Tonnes,3234.69,Rs./Quintal
Uttar Pradesh,Cereals,Wheat,June-2025,935526.42,Metric Tonnes,2487.71,Rs./Quintal
Uttar Pradesh,Cereals,Bajra(Pearl Millet/Cumbu),July-2025,60818.34,Metric Tonnes,2203.45,Rs./Quintal
Uttar Pradesh,Cereals,Barley(Jau),July-2025,9007.25,Metric Tonnes,2301.35,Rs./Quintal
Uttar Pradesh,Cereals,Jowar(Sorghum),July-2025,1605.50,Metric Tonnes,2956.01,Rs./Quintal
Uttar Pradesh,Cereals,Maize,July-2025,888626.04,Metric Tonnes,2064.58,Rs./Quintal
Uttar Pradesh,Cereals,Paddy(Basmati),July-2025,24245.50,Metric Tonnes,2883.93,Rs./Quintal
Uttar Pradesh,Cereals,Paddy(Common),July-2025,113743.61,Metric Tonnes,2085.92,Rs./Quintal
Uttar Pradesh,Cereals,Rice,July-2025,257173.90,Metric Tonnes,3262.26,Rs./Quintal
Uttar Pradesh,Cereals,Wheat,July-2025,699994.70,Metric Tonnes,2500.03,Rs./Quintal
Uttar Pradesh,Cereals,Bajra(Pearl Millet/Cumbu),August-2025,21857.37,Metric Tonnes,2222.36,Rs./Quintal
Uttar Pradesh,Cereals,Barley(Jau),August-2025,8471.42,Metric Tonnes,2290.94,Rs./Quintal
Uttar Pradesh,Cereals,Jowar(Sorghum),August-2025,1274.60,Metric Tonnes,2742.94,Rs./Quintal
Uttar Pradesh,Cereals,Maize,August-2025,577927.02,Metric Tonnes,2156.81,Rs./Quintal
Uttar Pradesh,Cereals,Paddy(Basmati),August-2025,16812.80,Metric Tonnes,2827.77,Rs./Quintal
Uttar Pradesh,Cereals,Paddy(Common),August-2025,80792.00,Metric Tonnes,2183.20,Rs./Quintal
Uttar Pradesh,Cereals,Rice,August-2025,227921.94,Metric Tonnes,3302.76,Rs./Quintal
Uttar Pradesh,Cereals,Wheat,August-2025,638198.37,Metric Tonnes,2535.58,Rs./Quintal
Uttar Pradesh,Cereals,Bajra(Pearl Millet/Cumbu),September-2025,13409.34,Metric Tonnes,2234.47,Rs./Quintal
Uttar Pradesh,Cereals,Barley(Jau),September-2025,9974.00,Metric Tonnes,2263.25,Rs./Quintal
Uttar Pradesh,Cereals,Jowar(Sorghum),September-2025,998.00,Metric Tonnes,3254.33,Rs./Quintal
Uttar Pradesh,Cereals,Maize,September-2025,361694.39,Metric Tonnes,2183.50,Rs./Quintal
Uttar Pradesh,Cereals,Paddy(Basmati),September-2025,218750.60,Metric Tonnes,2874.87,Rs./Quintal
Uttar Pradesh,Cereals,Paddy(Common),September-2025,159182.00,Metric Tonnes,2053.78,Rs./Quintal
Uttar Pradesh,Cereals,Rice,September-2025,225393.06,Metric Tonnes,3291.68,Rs./Quintal
Uttar Pradesh,Cereals,Wheat,September-2025,649995.59,Metric Tonnes,2538.15,Rs./Quintal
Uttar Pradesh,Cereals,Bajra(Pearl Millet/Cumbu),October-2025,23712.49,Metric Tonnes,2521.76,Rs./Quintal
Uttar Pradesh,Cereals,Barley(Jau),October-2025,7736.50,Metric Tonnes,2297.66,Rs./Quintal
Uttar Pradesh,Cereals,Jowar(Sorghum),October-2025,1028.50,Metric Tonnes,3624.27,Rs./Quintal
Uttar Pradesh,Cereals,Maize,October-2025,180957.73,Metric Tonnes,2283.68,Rs./Quintal
Uttar Pradesh,Cereals,Paddy(Basmati),October-2025,1293195.50,Metric Tonnes,2698.42,Rs./Quintal
Uttar Pradesh,Cereals,Paddy(Common),October-2025,994348.78,Metric Tonnes,1956.43,Rs./Quintal
Uttar Pradesh,Cereals,Rice,October-2025,226240.93,Metric Tonnes,3295.17,Rs./Quintal
Uttar Pradesh,Cereals,Wheat,October-2025,515597.68,Metric Tonnes,2538.44,Rs./Quintal
Uttar Pradesh,Cereals,Bajra(Pearl Millet/Cumbu),November-2025,100468.36,Metric Tonnes,2729.78,Rs./Quintal
Uttar Pradesh,Cereals,Barley(Jau),November-2025,5223.60,Metric Tonnes,2312.12,Rs./Quintal
Uttar Pradesh,Cereals,Jowar(Sorghum),November-2025,1511.26,Metric Tonnes,3594.39,Rs./Quintal
Uttar Pradesh,Cereals,Maize,November-2025,90600.27,Metric Tonnes,2274.16,Rs./Quintal
Uttar Pradesh,Cereals,Paddy(Basmati),November-2025,1462100.80,Metric Tonnes,2604.61,Rs./Quintal
Uttar Pradesh,Cereals,Paddy(Common),November-2025,1410830.47,Metric Tonnes,2068.59,Rs./Quintal
Uttar Pradesh,Cereals,Rice,November-2025,173198.05,Metric Tonnes,3219.70,Rs./Quintal
Uttar Pradesh,Cereals,Wheat,November-2025,379712.98,Metric Tonnes,2526.02,Rs./Quintal
Uttar Pradesh,Cereals,Bajra(Pearl Millet/Cumbu),December-2025,81367.40,Metric Tonnes,2716.08,Rs./Quintal
Uttar Pradesh,Cereals,Barley(Jau),December-2025,3471.50,Metric Tonnes,2317.55,Rs./Quintal
Uttar Pradesh,Cereals,Jowar(Sorghum),December-2025,1194.50,Metric Tonnes,3638.93,Rs./Quintal
Uttar Pradesh,Cereals,Maize,December-2025,84673.34,Metric Tonnes,2317.76,Rs./Quintal
Uttar Pradesh,Cereals,Paddy(Basmati),December-2025,622596.81,Metric Tonnes,2932.94,Rs./Quintal
Uttar Pradesh,Cereals,Paddy(Common),December-2025,1511269.40,Metric Tonnes,2272.54,Rs./Quintal
Uttar Pradesh,Cereals,Rice,December-2025,129300.72,Metric Tonnes,3167.60,Rs./Quintal
Uttar Pradesh,Cereals,Wheat,December-2025,473890.03,Metric Tonnes,2519.78,Rs./Quintal
Uttarakhand,Cereals,Maize,January-2023,17.80,Metric Tonnes,2023.48,Rs./Quintal
Uttarakhand,Cereals,Paddy(Common),January-2023,15228.35,Metric Tonnes,1942.68,Rs./Quintal
Uttarakhand,Cereals,Rice,January-2023,2527.44,Metric Tonnes,2848.13,Rs./Quintal
Uttarakhand,Cereals,Paddy(Common),February-2023,3340.98,Metric Tonnes,2013.88,Rs./Quintal
Uttarakhand,Cereals,Rice,February-2023,362.80,Metric Tonnes,3070.00,Rs./Quintal
Uttarakhand,Cereals,Wheat,February-2023,701.00,Metric Tonnes,2199.86,Rs./Quintal
Uttarakhand,Cereals,Maize,March-2023,30.40,Metric Tonnes,2400.00,Rs./Quintal
Uttarakhand,Cereals,Paddy(Common),March-2023,1178.70,Metric Tonnes,1861.90,Rs./Quintal
Uttarakhand,Cereals,Rice,March-2023,13534.83,Metric Tonnes,2343.05,Rs./Quintal
Uttarakhand,Cereals,Wheat,March-2023,875.00,Metric Tonnes,2171.43,Rs./Quintal
Uttarakhand,Cereals,Maize,April-2023,46.90,Metric Tonnes,2243.96,Rs./Quintal
Uttarakhand,Cereals,Paddy(Common),April-2023,4713.50,Metric Tonnes,2171.86,Rs./Quintal
Uttarakhand,Cereals,Rice,April-2023,43723.99,Metric Tonnes,2862.28,Rs./Quintal
Uttarakhand,Cereals,Wheat,April-2023,69773.05,Metric Tonnes,2208.10,Rs./Quintal
Uttarakhand,Cereals,Maize,May-2023,277.60,Metric Tonnes,2046.20,Rs./Quintal
Uttarakhand,Cereals,Paddy(Common),May-2023,425.90,Metric Tonnes,2025.95,Rs./Quintal
Uttarakhand,Cereals,Rice,May-2023,50499.26,Metric Tonnes,2896.32,Rs./Quintal
Uttarakhand,Cereals,Wheat,May-2023,49658.11,Metric Tonnes,2207.52,Rs./Quintal
Uttarakhand,Cereals,Maize,June-2023,432.70,Metric Tonnes,2209.04,Rs./Quintal
Uttarakhand,Cereals,Paddy(Common),June-2023,53086.54,Metric Tonnes,2204.10,Rs./Quintal
Uttarakhand,Cereals,Rice,June-2023,42497.73,Metric Tonnes,3098.00,Rs./Quintal
Uttarakhand,Cereals,Wheat,June-2023,12118.90,Metric Tonnes,2371.97,Rs./Quintal
Uttarakhand,Cereals,Maize,July-2023,153.80,Metric Tonnes,2193.72,Rs./Quintal
Uttarakhand,Cereals,Paddy(Common),July-2023,87612.39,Metric Tonnes,2065.67,Rs./Quintal
Uttarakhand,Cereals,Rice,July-2023,65372.53,Metric Tonnes,3467.58,Rs./Quintal
Uttarakhand,Cereals,Wheat,July-2023,19001.60,Metric Tonnes,2287.52,Rs./Quintal
Uttarakhand,Cereals,Maize,August-2023,165.00,Metric Tonnes,1846.46,Rs./Quintal
Uttarakhand,Cereals,Paddy(Common),August-2023,43425.20,Metric Tonnes,1718.52,Rs./Quintal
Uttarakhand,Cereals,Rice,August-2023,77133.62,Metric Tonnes,3414.17,Rs./Quintal
Uttarakhand,Cereals,Wheat,August-2023,12038.15,Metric Tonnes,2321.03,Rs./Quintal
Uttarakhand,Cereals,Maize,September-2023,111.00,Metric Tonnes,1855.77,Rs./Quintal
Uttarakhand,Cereals,Paddy(Common),September-2023,10451.71,Metric Tonnes,1967.20,Rs./Quintal
Uttarakhand,Cereals,Rice,September-2023,68111.81,Metric Tonnes,3097.92,Rs./Quintal
Uttarakhand,Cereals,Wheat,September-2023,20501.10,Metric Tonnes,2381.31,Rs./Quintal
Uttarakhand,Cereals,Maize,October-2023,44.60,Metric Tonnes,1972.49,Rs./Quintal
Uttarakhand,Cereals,Paddy(Common),October-2023,375891.07,Metric Tonnes,2117.72,Rs./Quintal
Uttarakhand,Cereals,Rice,October-2023,53593.75,Metric Tonnes,3341.77,Rs./Quintal
Uttarakhand,Cereals,Wheat,October-2023,16766.50,Metric Tonnes,2336.78,Rs./Quintal
Uttarakhand,Cereals,Maize,November-2023,64.20,Metric Tonnes,2300.00,Rs./Quintal
Uttarakhand,Cereals,Paddy(Common),November-2023,292702.81,Metric Tonnes,2122.50,Rs./Quintal
Uttarakhand,Cereals,Rice,November-2023,46629.28,Metric Tonnes,3411.58,Rs./Quintal
Uttarakhand,Cereals,Wheat,November-2023,5159.50,Metric Tonnes,2489.32,Rs./Quintal
Uttarakhand,Cereals,Maize,December-2023,141.60,Metric Tonnes,2279.84,Rs./Quintal
Uttarakhand,Cereals,Paddy(Common),December-2023,111857.96,Metric Tonnes,2154.50,Rs./Quintal
Uttarakhand,Cereals,Rice,December-2023,70851.46,Metric Tonnes,3603.30,Rs./Quintal
Uttarakhand,Cereals,Wheat,December-2023,4060.10,Metric Tonnes,2359.64,Rs./Quintal
Uttarakhand,Cereals,Maize,January-2024,160.00,Metric Tonnes,2468.93,Rs./Quintal
Uttarakhand,Cereals,Paddy(Basmati),January-2024,26.50,Metric Tonnes,3440.57,Rs./Quintal
Uttarakhand,Cereals,Paddy(Common),January-2024,20190.80,Metric Tonnes,2084.20,Rs./Quintal
Uttarakhand,Cereals,Rice,January-2024,55543.50,Metric Tonnes,3007.72,Rs./Quintal
Uttarakhand,Cereals,Wheat,January-2024,2868.10,Metric Tonnes,2267.26,Rs./Quintal
Uttarakhand,Cereals,Maize,February-2024,113.20,Metric Tonnes,2463.34,Rs./Quintal
Uttarakhand,Cereals,Paddy(Basmati),February-2024,5028.40,Metric Tonnes,1919.83,Rs./Quintal
Uttarakhand,Cereals,Paddy(Common),February-2024,17964.35,Metric Tonnes,2174.88,Rs./Quintal
Uttarakhand,Cereals,Rice,February-2024,115101.07,Metric Tonnes,3438.85,Rs./Quintal
Uttarakhand,Cereals,Wheat,February-2024,11669.90,Metric Tonnes,2451.75,Rs./Quintal
Uttarakhand,Cereals,Maize,March-2024,33.70,Metric Tonnes,2559.94,Rs./Quintal
Uttarakhand,Cereals,Paddy(Basmati),March-2024,2142.30,Metric Tonnes,2250.40,Rs./Quintal
Uttarakhand,Cereals,Paddy(Common),March-2024,21907.17,Metric Tonnes,2198.99,Rs./Quintal
Uttarakhand,Cereals,Rice,March-2024,122037.05,Metric Tonnes,3508.81,Rs./Quintal
Uttarakhand,Cereals,Wheat,March-2024,4222.65,Metric Tonnes,2327.20,Rs./Quintal
Uttarakhand,Cereals,Maize,April-2024,58.14,Metric Tonnes,2479.00,Rs./Quintal
Uttarakhand,Cereals,Paddy(Basmati),April-2024,20.00,Metric Tonnes,3025.00,Rs./Quintal
Uttarakhand,Cereals,Paddy(Common),April-2024,1580.01,Metric Tonnes,2834.85,Rs./Quintal
Uttarakhand,Cereals,Rice,April-2024,58949.17,Metric Tonnes,3237.28,Rs./Quintal
Uttarakhand,Cereals,Wheat,April-2024,32753.42,Metric Tonnes,2306.78,Rs./Quintal
Uttarakhand,Cereals,Maize,May-2024,25.40,Metric Tonnes,2180.31,Rs./Quintal
Uttarakhand,Cereals,Paddy(Common),May-2024,805.60,Metric Tonnes,2284.54,Rs./Quintal
Uttarakhand,Cereals,Rice,May-2024,84647.25,Metric Tonnes,3257.30,Rs./Quintal
Uttarakhand,Cereals,Wheat,May-2024,43433.54,Metric Tonnes,2329.64,Rs./Quintal
Uttarakhand,Cereals,Maize,June-2024,146.50,Metric Tonnes,2138.36,Rs./Quintal
Uttarakhand,Cereals,Paddy(Common),June-2024,53467.08,Metric Tonnes,2145.77,Rs./Quintal
Uttarakhand,Cereals,Rice,June-2024,142724.71,Metric Tonnes,3459.82,Rs./Quintal
Uttarakhand,Cereals,Wheat,June-2024,3833.01,Metric Tonnes,2418.59,Rs./Quintal
Uttarakhand,Cereals,Maize,July-2024,95.10,Metric Tonnes,2330.81,Rs./Quintal
Uttarakhand,Cereals,Paddy(Common),July-2024,87356.80,Metric Tonnes,1908.91,Rs./Quintal
Uttarakhand,Cereals,Rice,July-2024,106811.96,Metric Tonnes,3373.24,Rs./Quintal
Uttarakhand,Cereals,Wheat,July-2024,4733.30,Metric Tonnes,2017.24,Rs./Quintal
Uttarakhand,Cereals,Maize,August-2024,47.80,Metric Tonnes,2399.39,Rs./Quintal
Uttarakhand,Cereals,Paddy(Common),August-2024,53548.73,Metric Tonnes,2059.75,Rs./Quintal
Uttarakhand,Cereals,Rice,August-2024,120971.41,Metric Tonnes,3305.29,Rs./Quintal
Uttarakhand,Cereals,Wheat,August-2024,220.40,Metric Tonnes,2252.79,Rs./Quintal
Uttarakhand,Cereals,Maize,September-2024,31.90,Metric Tonnes,1573.04,Rs./Quintal
Uttarakhand,Cereals,Paddy(Basmati),September-2024,93.02,Metric Tonnes,2445.16,Rs./Quintal
Uttarakhand,Cereals,Paddy(Common),September-2024,38391.83,Metric Tonnes,1987.60,Rs./Quintal
Uttarakhand,Cereals,Rice,September-2024,134140.93,Metric Tonnes,3404.93,Rs./Quintal
Uttarakhand,Cereals,Wheat,September-2024,313.00,Metric Tonnes,2261.27,Rs./Quintal
Uttarakhand,Cereals,Maize,October-2024,6.00,Metric Tonnes,2400.00,Rs./Quintal
Uttarakhand,Cereals,Paddy(Basmati),October-2024,366.73,Metric Tonnes,2611.40,Rs./Quintal
Uttarakhand,Cereals,Paddy(Common),October-2024,269050.28,Metric Tonnes,2078.13,Rs./Quintal
Uttarakhand,Cereals,Rice,October-2024,113287.78,Metric Tonnes,3337.30,Rs./Quintal
Uttarakhand,Cereals,Wheat,October-2024,110.30,Metric Tonnes,2480.91,Rs./Quintal
Uttarakhand,Cereals,Maize,November-2024,5.10,Metric Tonnes,2300.00,Rs./Quintal
Uttarakhand,Cereals,Paddy(Basmati),November-2024,558.35,Metric Tonnes,3228.73,Rs./Quintal
Uttarakhand,Cereals,Paddy(Common),November-2024,355102.76,Metric Tonnes,2120.56,Rs./Quintal
Uttarakhand,Cereals,Rice,November-2024,104648.95,Metric Tonnes,3416.99,Rs./Quintal
Uttarakhand,Cereals,Wheat,November-2024,40.80,Metric Tonnes,2325.43,Rs./Quintal
Uttarakhand,Cereals,Maize,December-2024,16.10,Metric Tonnes,2393.54,Rs./Quintal
Uttarakhand,Cereals,Paddy(Basmati),December-2024,751.11,Metric Tonnes,3300.25,Rs./Quintal
Uttarakhand,Cereals,Paddy(Common),December-2024,102265.20,Metric Tonnes,2244.37,Rs./Quintal
Uttarakhand,Cereals,Rice,December-2024,111727.60,Metric Tonnes,3200.12,Rs./Quintal
Uttarakhand,Cereals,Wheat,December-2024,167.30,Metric Tonnes,2296.81,Rs./Quintal
Uttarakhand,Cereals,Maize,January-2025,5.00,Metric Tonnes,2350.00,Rs./Quintal
Uttarakhand,Cereals,Paddy(Basmati),January-2025,21.75,Metric Tonnes,2904.48,Rs./Quintal
Uttarakhand,Cereals,Paddy(Common),January-2025,27714.35,Metric Tonnes,2365.10,Rs./Quintal
Uttarakhand,Cereals,Rice,January-2025,99131.42,Metric Tonnes,3174.99,Rs./Quintal
Uttarakhand,Cereals,Wheat,January-2025,59.20,Metric Tonnes,2323.81,Rs./Quintal
Uttarakhand,Cereals,Paddy(Common),February-2025,22349.68,Metric Tonnes,2743.85,Rs./Quintal
Uttarakhand,Cereals,Rice,February-2025,113556.16,Metric Tonnes,3838.36,Rs./Quintal
Uttarakhand,Cereals,Wheat,February-2025,6689.90,Metric Tonnes,2136.65,Rs./Quintal
Uttarakhand,Cereals,Paddy(Basmati),March-2025,3.00,Metric Tonnes,2950.00,Rs./Quintal
Uttarakhand,Cereals,Paddy(Common),March-2025,4404.50,Metric Tonnes,2265.96,Rs./Quintal
Uttarakhand,Cereals,Rice,March-2025,116126.57,Metric Tonnes,3170.43,Rs./Quintal
Uttarakhand,Cereals,Wheat,March-2025,226.60,Metric Tonnes,2349.35,Rs./Quintal
Uttarakhand,Cereals,Paddy(Common),April-2025,1031.00,Metric Tonnes,2025.97,Rs./Quintal
Uttarakhand,Cereals,Rice,April-2025,32135.50,Metric Tonnes,3080.03,Rs./Quintal
Uttarakhand,Cereals,Wheat,April-2025,39205.85,Metric Tonnes,2447.95,Rs./Quintal
Uttarakhand,Cereals,Paddy(Common),May-2025,60.00,Metric Tonnes,1918.33,Rs./Quintal
Uttarakhand,Cereals,Rice,May-2025,47948.16,Metric Tonnes,3274.75,Rs./Quintal
Uttarakhand,Cereals,Wheat,May-2025,76057.15,Metric Tonnes,2458.35,Rs./Quintal
Uttarakhand,Cereals,Maize,June-2025,1352.80,Metric Tonnes,2040.66,Rs./Quintal
Uttarakhand,Cereals,Paddy(Common),June-2025,11536.65,Metric Tonnes,2106.44,Rs./Quintal
Uttarakhand,Cereals,Rice,June-2025,32662.79,Metric Tonnes,3340.13,Rs./Quintal
Uttarakhand,Cereals,Wheat,June-2025,5479.08,Metric Tonnes,2516.97,Rs./Quintal
Uttarakhand,Cereals,Maize,July-2025,91.60,Metric Tonnes,1622.41,Rs./Quintal
Uttarakhand,Cereals,Paddy(Common),July-2025,6862.65,Metric Tonnes,2216.17,Rs./Quintal
Uttarakhand,Cereals,Rice,July-2025,25641.54,Metric Tonnes,3517.40,Rs./Quintal
Uttarakhand,Cereals,Wheat,July-2025,464.40,Metric Tonnes,2445.30,Rs./Quintal
Uttarakhand,Cereals,Maize,August-2025,1.20,Metric Tonnes,1591.67,Rs./Quintal
Uttarakhand,Cereals,Paddy(Common),August-2025,3892.10,Metric Tonnes,1949.97,Rs./Quintal
Uttarakhand,Cereals,Rice,August-2025,42656.29,Metric Tonnes,3383.14,Rs./Quintal
Uttarakhand,Cereals,Wheat,August-2025,242.90,Metric Tonnes,2455.17,Rs./Quintal
Uttarakhand,Cereals,Maize,September-2025,1.50,Metric Tonnes,1466.67,Rs./Quintal
Uttarakhand,Cereals,Paddy(Basmati),September-2025,182.98,Metric Tonnes,2861.56,Rs./Quintal
Uttarakhand,Cereals,Paddy(Common),September-2025,2448.50,Metric Tonnes,1910.89,Rs./Quintal
Uttarakhand,Cereals,Rice,September-2025,39542.64,Metric Tonnes,3322.85,Rs./Quintal
Uttarakhand,Cereals,Wheat,September-2025,217.40,Metric Tonnes,2444.07,Rs./Quintal
Uttarakhand,Cereals,Paddy(Basmati),October-2025,317.60,Metric Tonnes,2761.69,Rs./Quintal
Uttarakhand,Cereals,Paddy(Common),October-2025,344387.47,Metric Tonnes,2152.38,Rs./Quintal
Uttarakhand,Cereals,Rice,October-2025,10676.26,Metric Tonnes,3391.31,Rs./Quintal
Uttarakhand,Cereals,Wheat,October-2025,44.90,Metric Tonnes,2489.67,Rs./Quintal
Uttarakhand,Cereals,Paddy(Basmati),November-2025,1179.01,Metric Tonnes,3255.09,Rs./Quintal
Uttarakhand,Cereals,Paddy(Common),November-2025,111628.43,Metric Tonnes,2249.08,Rs./Quintal
Uttarakhand,Cereals,Rice,November-2025,812.90,Metric Tonnes,3176.01,Rs./Quintal
Uttarakhand,Cereals,Wheat,November-2025,61.80,Metric Tonnes,2488.07,Rs./Quintal
Uttarakhand,Cereals,Maize,December-2025,17.50,Metric Tonnes,1730.00,Rs./Quintal
Uttarakhand,Cereals,Paddy(Basmati),December-2025,181.00,Metric Tonnes,3700.96,Rs./Quintal
Uttarakhand,Cereals,Paddy(Common),December-2025,6959.75,Metric Tonnes,2306.51,Rs./Quintal
Uttarakhand,Cereals,Ragi(Finger Millet),December-2025,1.20,Metric Tonnes,3100.00,Rs./Quintal
Uttarakhand,Cereals,Rice,December-2025,1786.30,Metric Tonnes,3231.48,Rs./Quintal
Uttarakhand,Cereals,Wheat,December-2025,104.00,Metric Tonnes,2499.09,Rs./Quintal
West Bengal,Cereals,Paddy(Common),January-2023,16149.40,Metric Tonnes,2002.03,Rs./Quintal
West Bengal,Cereals,Rice,January-2023,32919.80,Metric Tonnes,3296.17,Rs./Quintal
West Bengal,Cereals,Wheat,January-2023,2738.33,Metric Tonnes,2863.13,Rs./Quintal
West Bengal,Cereals,Paddy(Common),February-2023,13444.80,Metric Tonnes,2001.32,Rs./Quintal
West Bengal,Cereals,Rice,February-2023,30414.00,Metric Tonnes,3399.96,Rs./Quintal
West Bengal,Cereals,Wheat,February-2023,2325.88,Metric Tonnes,2909.06,Rs./Quintal
West Bengal,Cereals,Paddy(Common),March-2023,12628.60,Metric Tonnes,2011.58,Rs./Quintal
West Bengal,Cereals,Rice,March-2023,30465.15,Metric Tonnes,3356.24,Rs./Quintal
West Bengal,Cereals,Wheat,March-2023,2270.38,Metric Tonnes,2846.83,Rs./Quintal
West Bengal,Cereals,Paddy(Common),April-2023,11784.10,Metric Tonnes,2032.29,Rs./Quintal
West Bengal,Cereals,Rice,April-2023,28922.65,Metric Tonnes,3244.33,Rs./Quintal
West Bengal,Cereals,Wheat,April-2023,2813.67,Metric Tonnes,2693.44,Rs./Quintal
West Bengal,Cereals,Paddy(Common),May-2023,13315.50,Metric Tonnes,2050.98,Rs./Quintal
West Bengal,Cereals,Rice,May-2023,35538.13,Metric Tonnes,3348.01,Rs./Quintal
West Bengal,Cereals,Wheat,May-2023,3849.15,Metric Tonnes,2492.05,Rs./Quintal
West Bengal,Cereals,Paddy(Common),June-2023,12123.60,Metric Tonnes,2048.99,Rs./Quintal
West Bengal,Cereals,Rice,June-2023,35505.09,Metric Tonnes,3501.30,Rs./Quintal
West Bengal,Cereals,Wheat,June-2023,3260.70,Metric Tonnes,2665.73,Rs./Quintal
West Bengal,Cereals,Paddy(Common),July-2023,10340.10,Metric Tonnes,2058.85,Rs./Quintal
West Bengal,Cereals,Rice,July-2023,31638.50,Metric Tonnes,3651.81,Rs./Quintal
West Bengal,Cereals,Wheat,July-2023,2728.77,Metric Tonnes,2709.21,Rs./Quintal
West Bengal,Cereals,Paddy(Common),August-2023,8865.55,Metric Tonnes,2089.31,Rs./Quintal
West Bengal,Cereals,Rice,August-2023,28929.71,Metric Tonnes,3782.87,Rs./Quintal
West Bengal,Cereals,Wheat,August-2023,2399.21,Metric Tonnes,2754.66,Rs./Quintal
West Bengal,Cereals,Paddy(Common),September-2023,8258.20,Metric Tonnes,2120.23,Rs./Quintal
West Bengal,Cereals,Rice,September-2023,26880.35,Metric Tonnes,3843.39,Rs./Quintal
West Bengal,Cereals,Wheat,September-2023,2257.95,Metric Tonnes,2714.06,Rs./Quintal
West Bengal,Cereals,Paddy(Common),October-2023,8683.10,Metric Tonnes,2132.99,Rs./Quintal
West Bengal,Cereals,Rice,October-2023,26590.55,Metric Tonnes,3844.06,Rs./Quintal
West Bengal,Cereals,Wheat,October-2023,2770.38,Metric Tonnes,2800.70,Rs./Quintal
West Bengal,Cereals,Paddy(Basmati),November-2023,175.00,Metric Tonnes,2218.85,Rs./Quintal
West Bengal,Cereals,Paddy(Common),November-2023,7029.80,Metric Tonnes,2171.39,Rs./Quintal
West Bengal,Cereals,Rice,November-2023,25243.45,Metric Tonnes,3843.45,Rs./Quintal
West Bengal,Cereals,Wheat,November-2023,1992.24,Metric Tonnes,2667.89,Rs./Quintal
West Bengal,Cereals,Paddy(Basmati),December-2023,252.00,Metric Tonnes,2203.00,Rs./Quintal
West Bengal,Cereals,Paddy(Common),December-2023,8205.10,Metric Tonnes,2203.72,Rs./Quintal
West Bengal,Cereals,Rice,December-2023,27463.30,Metric Tonnes,3810.54,Rs./Quintal
West Bengal,Cereals,Wheat,December-2023,1545.91,Metric Tonnes,2502.26,Rs./Quintal
West Bengal,Cereals,Paddy(Basmati),January-2024,62.00,Metric Tonnes,2213.97,Rs./Quintal
West Bengal,Cereals,Paddy(Common),January-2024,10051.70,Metric Tonnes,2196.75,Rs./Quintal
West Bengal,Cereals,Rice,January-2024,28314.92,Metric Tonnes,3717.85,Rs./Quintal
West Bengal,Cereals,Wheat,January-2024,2020.67,Metric Tonnes,2469.51,Rs./Quintal
West Bengal,Cereals,Paddy(Common),February-2024,8183.50,Metric Tonnes,2202.28,Rs./Quintal
West Bengal,Cereals,Rice,February-2024,27375.92,Metric Tonnes,3797.29,Rs./Quintal
West Bengal,Cereals,Wheat,February-2024,1555.45,Metric Tonnes,2462.12,Rs./Quintal
West Bengal,Cereals,Paddy(Common),March-2024,7844.20,Metric Tonnes,2202.08,Rs./Quintal
West Bengal,Cereals,Rice,March-2024,28284.24,Metric Tonnes,3827.15,Rs./Quintal
West Bengal,Cereals,Wheat,March-2024,1595.16,Metric Tonnes,2457.12,Rs./Quintal
West Bengal,Cereals,Paddy(Common),April-2024,7481.90,Metric Tonnes,2202.01,Rs./Quintal
West Bengal,Cereals,Rice,April-2024,26682.90,Metric Tonnes,3822.10,Rs./Quintal
West Bengal,Cereals,Wheat,April-2024,1533.13,Metric Tonnes,2482.89,Rs./Quintal
West Bengal,Cereals,Paddy(Common),May-2024,8705.20,Metric Tonnes,2209.07,Rs./Quintal
West Bengal,Cereals,Rice,May-2024,31311.87,Metric Tonnes,3837.69,Rs./Quintal
West Bengal,Cereals,Wheat,May-2024,2229.31,Metric Tonnes,2449.37,Rs./Quintal
West Bengal,Cereals,Paddy(Basmati),June-2024,28.00,Metric Tonnes,2140.00,Rs./Quintal
West Bengal,Cereals,Paddy(Common),June-2024,8046.95,Metric Tonnes,2212.14,Rs./Quintal
West Bengal,Cereals,Rice,June-2024,30064.82,Metric Tonnes,3772.84,Rs./Quintal
West Bengal,Cereals,Wheat,June-2024,2374.53,Metric Tonnes,2468.93,Rs./Quintal
West Bengal,Cereals,Paddy(Common),July-2024,6970.20,Metric Tonnes,2214.29,Rs./Quintal
West Bengal,Cereals,Rice,July-2024,32850.73,Metric Tonnes,3800.93,Rs./Quintal
West Bengal,Cereals,Wheat,July-2024,2246.88,Metric Tonnes,2489.61,Rs./Quintal
West Bengal,Cereals,Paddy(Common),August-2024,6531.50,Metric Tonnes,2215.78,Rs./Quintal
West Bengal,Cereals,Rice,August-2024,33459.39,Metric Tonnes,3787.85,Rs./Quintal
West Bengal,Cereals,Wheat,August-2024,2394.74,Metric Tonnes,2479.09,Rs./Quintal
West Bengal,Cereals,Paddy(Common),September-2024,5883.20,Metric Tonnes,2222.06,Rs./Quintal
West Bengal,Cereals,Rice,September-2024,34294.17,Metric Tonnes,3759.87,Rs./Quintal
West Bengal,Cereals,Wheat,September-2024,1884.00,Metric Tonnes,2518.83,Rs./Quintal
West Bengal,Cereals,Paddy(Common),October-2024,6209.50,Metric Tonnes,2296.83,Rs./Quintal
West Bengal,Cereals,Rice,October-2024,31939.28,Metric Tonnes,3777.52,Rs./Quintal
West Bengal,Cereals,Wheat,October-2024,1785.29,Metric Tonnes,2498.27,Rs./Quintal
West Bengal,Cereals,Paddy(Common),November-2024,6107.80,Metric Tonnes,2331.48,Rs./Quintal
West Bengal,Cereals,Rice,November-2024,30477.81,Metric Tonnes,3849.97,Rs./Quintal
West Bengal,Cereals,Wheat,November-2024,1753.52,Metric Tonnes,2520.35,Rs./Quintal
West Bengal,Cereals,Paddy(Common),December-2024,12470.40,Metric Tonnes,2318.79,Rs./Quintal
West Bengal,Cereals,Rice,December-2024,35424.31,Metric Tonnes,3829.74,Rs./Quintal
West Bengal,Cereals,Wheat,December-2024,1808.02,Metric Tonnes,2542.53,Rs./Quintal
West Bengal,Cereals,Paddy(Common),January-2025,14216.40,Metric Tonnes,2308.14,Rs./Quintal
West Bengal,Cereals,Rice,January-2025,35437.53,Metric Tonnes,3833.37,Rs./Quintal
West Bengal,Cereals,Wheat,January-2025,1913.68,Metric Tonnes,2509.34,Rs./Quintal
West Bengal,Cereals,Paddy(Common),February-2025,12104.60,Metric Tonnes,2313.98,Rs./Quintal
West Bengal,Cereals,Rice,February-2025,30055.44,Metric Tonnes,3898.34,Rs./Quintal
West Bengal,Cereals,Wheat,February-2025,1687.60,Metric Tonnes,2745.66,Rs./Quintal
West Bengal,Cereals,Paddy(Common),March-2025,11033.40,Metric Tonnes,2328.00,Rs./Quintal
West Bengal,Cereals,Rice,March-2025,31392.78,Metric Tonnes,3975.87,Rs./Quintal
West Bengal,Cereals,Wheat,March-2025,1694.81,Metric Tonnes,2678.31,Rs./Quintal
West Bengal,Cereals,Paddy(Common),April-2025,9034.20,Metric Tonnes,2333.28,Rs./Quintal
West Bengal,Cereals,Rice,April-2025,30816.57,Metric Tonnes,4007.31,Rs./Quintal
West Bengal,Cereals,Wheat,April-2025,1954.44,Metric Tonnes,2653.37,Rs./Quintal
West Bengal,Cereals,Paddy(Common),May-2025,9668.00,Metric Tonnes,2328.35,Rs./Quintal
West Bengal,Cereals,Rice,May-2025,32106.09,Metric Tonnes,4104.16,Rs./Quintal
West Bengal,Cereals,Wheat,May-2025,1814.85,Metric Tonnes,2619.11,Rs./Quintal
West Bengal,Cereals,Paddy(Common),June-2025,8805.90,Metric Tonnes,2334.92,Rs./Quintal
West Bengal,Cereals,Rice,June-2025,29017.34,Metric Tonnes,4075.93,Rs./Quintal
West Bengal,Cereals,Wheat,June-2025,1497.37,Metric Tonnes,2625.40,Rs./Quintal
West Bengal,Cereals,Paddy(Common),July-2025,12313.70,Metric Tonnes,2332.03,Rs./Quintal
West Bengal,Cereals,Rice,July-2025,34850.18,Metric Tonnes,4016.67,Rs./Quintal
West Bengal,Cereals,Wheat,July-2025,1675.21,Metric Tonnes,2635.98,Rs./Quintal
West Bengal,Cereals,Paddy(Common),August-2025,10633.89,Metric Tonnes,2336.56,Rs./Quintal
West Bengal,Cereals,Rice,August-2025,33654.20,Metric Tonnes,4006.18,Rs./Quintal
West Bengal,Cereals,Wheat,August-2025,1824.06,Metric Tonnes,2640.13,Rs./Quintal
West Bengal,Cereals,Paddy(Common),September-2025,10068.40,Metric Tonnes,2335.15,Rs./Quintal
West Bengal,Cereals,Rice,September-2025,32809.93,Metric Tonnes,4034.39,Rs./Quintal
West Bengal,Cereals,Wheat,September-2025,1700.06,Metric Tonnes,2654.84,Rs./Quintal
West Bengal,Cereals,Paddy(Common),October-2025,7367.90,Metric Tonnes,2358.03,Rs./Quintal
West Bengal,Cereals,Rice,October-2025,31271.31,Metric Tonnes,4068.82,Rs./Quintal
West Bengal,Cereals,Wheat,October-2025,1472.60,Metric Tonnes,2663.10,Rs./Quintal
West Bengal,Cereals,Maize,November-2025,298.11,Metric Tonnes,2185.99,Rs./Quintal
West Bengal,Cereals,Paddy(Common),November-2025,8896.86,Metric Tonnes,2378.91,Rs./Quintal
West Bengal,Cereals,Rice,November-2025,31121.91,Metric Tonnes,4098.37,Rs./Quintal
West Bengal,Cereals,Wheat,November-2025,1568.09,Metric Tonnes,2642.77,Rs./Quintal
West Bengal,Cereals,Maize,December-2025,928.35,Metric Tonnes,2246.97,Rs./Quintal
West Bengal,Cereals,Paddy(Common),December-2025,14476.13,Metric Tonnes,2338.34,Rs./Quintal
West Bengal,Cereals,Rice,December-2025,34939.27,Metric Tonnes,4128.98,Rs./Quintal
West Bengal,Cereals,Wheat,December-2025,1930.22,Metric Tonnes,2661.13,Rs./Quintal

Note:
Weighted Average Price = ∑(arrival quantity * modal price) / ∑arrival quantity

