run_id,master_seed,instance_hash,farmer_id,plot_id,crop,prev_state,new_state,event,sequence,lock_level,can_change_crop,status,reason
p2_dev,20260812,5ea24037c2d9cb6a,F0001,F0001-P03,onion,,VIEWED,ACCEPT,0,FLEXIBLE,True,OK,phase-1 accepted; entered lifecycle
p2_dev,20260812,5ea24037c2d9cb6a,F0001,F0001-P03,onion,VIEWED,TENTATIVE_ACCEPT,ACCEPT,1,SOFT_LOCK,True,OK,
p2_dev,20260812,5ea24037c2d9cb6a,F0001,F0001-P03,onion,TENTATIVE_ACCEPT,CONFIRMED,COMMIT_ADVANCE,2,SOFT_LOCK,True,OK,
p2_dev,20260812,5ea24037c2d9cb6a,F0001,F0001-P03,onion,CONFIRMED,INPUTS_PURCHASED,COMMIT_ADVANCE,3,SOFT_LOCK,True,OK,
p2_dev,20260812,5ea24037c2d9cb6a,F0001,F0001-P03,onion,INPUTS_PURCHASED,LAND_PREPARED,COMMIT_ADVANCE,4,SOFT_LOCK,True,OK,
p2_dev,20260812,5ea24037c2d9cb6a,F0001,F0001-P03,onion,LAND_PREPARED,PLANTED,COMMIT_ADVANCE,5,HARD_LOCK,False,OK,
p2_dev,20260812,5ea24037c2d9cb6a,F0001,F0001-P03,onion,PLANTED,PLANTED,MODIFY,5,HARD_LOCK,False,BLOCKED,hard-locked (PLANTED); crop immutable
p2_dev,20260812,5ea24037c2d9cb6a,F0003,F0003-P01,rice,,VIEWED,ACCEPT,0,FLEXIBLE,True,OK,phase-1 accepted; entered lifecycle
p2_dev,20260812,5ea24037c2d9cb6a,F0003,F0003-P01,rice,VIEWED,TENTATIVE_ACCEPT,ACCEPT,1,SOFT_LOCK,True,OK,
p2_dev,20260812,5ea24037c2d9cb6a,F0003,F0003-P01,rice,TENTATIVE_ACCEPT,CONFIRMED,COMMIT_ADVANCE,2,SOFT_LOCK,True,OK,
p2_dev,20260812,5ea24037c2d9cb6a,F0003,F0003-P01,rice,CONFIRMED,INPUTS_PURCHASED,COMMIT_ADVANCE,3,SOFT_LOCK,True,OK,
p2_dev,20260812,5ea24037c2d9cb6a,F0003,F0003-P01,rice,INPUTS_PURCHASED,LAND_PREPARED,COMMIT_ADVANCE,4,SOFT_LOCK,True,OK,
p2_dev,20260812,5ea24037c2d9cb6a,F0003,F0003-P01,rice,LAND_PREPARED,PLANTED,COMMIT_ADVANCE,5,HARD_LOCK,False,OK,
p2_dev,20260812,5ea24037c2d9cb6a,F0003,F0003-P01,rice,PLANTED,PLANTED,MODIFY,5,HARD_LOCK,False,BLOCKED,hard-locked (PLANTED); crop immutable
p2_dev,20260812,5ea24037c2d9cb6a,F0004,F0004-P01,maize,,VIEWED,ACCEPT,0,FLEXIBLE,True,OK,phase-1 accepted; entered lifecycle
p2_dev,20260812,5ea24037c2d9cb6a,F0004,F0004-P01,maize,VIEWED,TENTATIVE_ACCEPT,ACCEPT,1,SOFT_LOCK,True,OK,
p2_dev,20260812,5ea24037c2d9cb6a,F0004,F0004-P01,maize,TENTATIVE_ACCEPT,CONFIRMED,COMMIT_ADVANCE,2,SOFT_LOCK,True,OK,
p2_dev,20260812,5ea24037c2d9cb6a,F0004,F0004-P01,maize,CONFIRMED,INPUTS_PURCHASED,COMMIT_ADVANCE,3,SOFT_LOCK,True,OK,
p2_dev,20260812,5ea24037c2d9cb6a,F0004,F0004-P01,maize,INPUTS_PURCHASED,LAND_PREPARED,COMMIT_ADVANCE,4,SOFT_LOCK,True,OK,
p2_dev,20260812,5ea24037c2d9cb6a,F0004,F0004-P01,maize,LAND_PREPARED,PLANTED,COMMIT_ADVANCE,5,HARD_LOCK,False,OK,
p2_dev,20260812,5ea24037c2d9cb6a,F0004,F0004-P01,maize,PLANTED,PLANTED,MODIFY,5,HARD_LOCK,False,BLOCKED,hard-locked (PLANTED); crop immutable
p2_dev,20260812,5ea24037c2d9cb6a,F0005,F0005-P01,soybean,,VIEWED,ACCEPT,0,FLEXIBLE,True,OK,phase-1 accepted; entered lifecycle
p2_dev,20260812,5ea24037c2d9cb6a,F0005,F0005-P01,soybean,VIEWED,TENTATIVE_ACCEPT,ACCEPT,1,SOFT_LOCK,True,OK,
p2_dev,20260812,5ea24037c2d9cb6a,F0005,F0005-P01,soybean,TENTATIVE_ACCEPT,CONFIRMED,COMMIT_ADVANCE,2,SOFT_LOCK,True,OK,
p2_dev,20260812,5ea24037c2d9cb6a,F0005,F0005-P01,soybean,CONFIRMED,INPUTS_PURCHASED,COMMIT_ADVANCE,3,SOFT_LOCK,True,OK,
p2_dev,20260812,5ea24037c2d9cb6a,F0005,F0005-P01,soybean,INPUTS_PURCHASED,LAND_PREPARED,COMMIT_ADVANCE,4,SOFT_LOCK,True,OK,
p2_dev,20260812,5ea24037c2d9cb6a,F0005,F0005-P01,soybean,LAND_PREPARED,PLANTED,COMMIT_ADVANCE,5,HARD_LOCK,False,OK,
p2_dev,20260812,5ea24037c2d9cb6a,F0005,F0005-P01,soybean,PLANTED,PLANTED,MODIFY,5,HARD_LOCK,False,BLOCKED,hard-locked (PLANTED); crop immutable
p2_dev,20260812,5ea24037c2d9cb6a,F0005,F0005-P02,onion,,VIEWED,ACCEPT,0,FLEXIBLE,True,OK,phase-1 accepted; entered lifecycle
p2_dev,20260812,5ea24037c2d9cb6a,F0005,F0005-P02,onion,VIEWED,TENTATIVE_ACCEPT,ACCEPT,1,SOFT_LOCK,True,OK,
p2_dev,20260812,5ea24037c2d9cb6a,F0005,F0005-P02,onion,TENTATIVE_ACCEPT,CONFIRMED,COMMIT_ADVANCE,2,SOFT_LOCK,True,OK,
p2_dev,20260812,5ea24037c2d9cb6a,F0005,F0005-P02,onion,CONFIRMED,INPUTS_PURCHASED,COMMIT_ADVANCE,3,SOFT_LOCK,True,OK,
p2_dev,20260812,5ea24037c2d9cb6a,F0005,F0005-P02,onion,INPUTS_PURCHASED,LAND_PREPARED,COMMIT_ADVANCE,4,SOFT_LOCK,True,OK,
p2_dev,20260812,5ea24037c2d9cb6a,F0005,F0005-P02,onion,LAND_PREPARED,PLANTED,COMMIT_ADVANCE,5,HARD_LOCK,False,OK,
p2_dev,20260812,5ea24037c2d9cb6a,F0005,F0005-P02,onion,PLANTED,PLANTED,MODIFY,5,HARD_LOCK,False,BLOCKED,hard-locked (PLANTED); crop immutable
p2_dev,20260812,5ea24037c2d9cb6a,F0006,F0006-P01,maize,,VIEWED,ACCEPT,0,FLEXIBLE,True,OK,phase-1 accepted; entered lifecycle
p2_dev,20260812,5ea24037c2d9cb6a,F0006,F0006-P01,maize,VIEWED,TENTATIVE_ACCEPT,ACCEPT,1,SOFT_LOCK,True,OK,
p2_dev,20260812,5ea24037c2d9cb6a,F0006,F0006-P01,maize,TENTATIVE_ACCEPT,CONFIRMED,COMMIT_ADVANCE,2,SOFT_LOCK,True,OK,
p2_dev,20260812,5ea24037c2d9cb6a,F0006,F0006-P01,maize,CONFIRMED,INPUTS_PURCHASED,COMMIT_ADVANCE,3,SOFT_LOCK,True,OK,
p2_dev,20260812,5ea24037c2d9cb6a,F0006,F0006-P01,maize,INPUTS_PURCHASED,LAND_PREPARED,COMMIT_ADVANCE,4,SOFT_LOCK,True,OK,
p2_dev,20260812,5ea24037c2d9cb6a,F0006,F0006-P01,maize,LAND_PREPARED,PLANTED,COMMIT_ADVANCE,5,HARD_LOCK,False,OK,
p2_dev,20260812,5ea24037c2d9cb6a,F0007,F0007-P02,maize,,VIEWED,ACCEPT,0,FLEXIBLE,True,OK,phase-1 accepted; entered lifecycle
p2_dev,20260812,5ea24037c2d9cb6a,F0007,F0007-P02,maize,VIEWED,TENTATIVE_ACCEPT,ACCEPT,1,SOFT_LOCK,True,OK,
p2_dev,20260812,5ea24037c2d9cb6a,F0007,F0007-P02,maize,TENTATIVE_ACCEPT,CONFIRMED,COMMIT_ADVANCE,2,SOFT_LOCK,True,OK,
p2_dev,20260812,5ea24037c2d9cb6a,F0007,F0007-P02,maize,CONFIRMED,INPUTS_PURCHASED,COMMIT_ADVANCE,3,SOFT_LOCK,True,OK,
p2_dev,20260812,5ea24037c2d9cb6a,F0007,F0007-P02,maize,INPUTS_PURCHASED,LAND_PREPARED,COMMIT_ADVANCE,4,SOFT_LOCK,True,OK,
p2_dev,20260812,5ea24037c2d9cb6a,F0007,F0007-P02,maize,LAND_PREPARED,PLANTED,COMMIT_ADVANCE,5,HARD_LOCK,False,OK,
p2_dev,20260812,5ea24037c2d9cb6a,F0010,F0010-P01,soybean,,VIEWED,ACCEPT,0,FLEXIBLE,True,OK,phase-1 accepted; entered lifecycle
p2_dev,20260812,5ea24037c2d9cb6a,F0010,F0010-P01,soybean,VIEWED,TENTATIVE_ACCEPT,ACCEPT,1,SOFT_LOCK,True,OK,
p2_dev,20260812,5ea24037c2d9cb6a,F0010,F0010-P01,soybean,TENTATIVE_ACCEPT,CONFIRMED,COMMIT_ADVANCE,2,SOFT_LOCK,True,OK,
p2_dev,20260812,5ea24037c2d9cb6a,F0010,F0010-P01,soybean,CONFIRMED,INPUTS_PURCHASED,COMMIT_ADVANCE,3,SOFT_LOCK,True,OK,
p2_dev,20260812,5ea24037c2d9cb6a,F0010,F0010-P01,soybean,INPUTS_PURCHASED,LAND_PREPARED,COMMIT_ADVANCE,4,SOFT_LOCK,True,OK,
p2_dev,20260812,5ea24037c2d9cb6a,F0010,F0010-P01,soybean,LAND_PREPARED,PLANTED,COMMIT_ADVANCE,5,HARD_LOCK,False,OK,
p2_dev,20260812,5ea24037c2d9cb6a,F0012,F0012-P02,maize,,VIEWED,ACCEPT,0,FLEXIBLE,True,OK,phase-1 accepted; entered lifecycle
p2_dev,20260812,5ea24037c2d9cb6a,F0012,F0012-P02,maize,VIEWED,TENTATIVE_ACCEPT,ACCEPT,1,SOFT_LOCK,True,OK,
p2_dev,20260812,5ea24037c2d9cb6a,F0012,F0012-P02,maize,TENTATIVE_ACCEPT,CONFIRMED,COMMIT_ADVANCE,2,SOFT_LOCK,True,OK,
p2_dev,20260812,5ea24037c2d9cb6a,F0012,F0012-P02,maize,CONFIRMED,INPUTS_PURCHASED,COMMIT_ADVANCE,3,SOFT_LOCK,True,OK,
p2_dev,20260812,5ea24037c2d9cb6a,F0012,F0012-P02,maize,INPUTS_PURCHASED,LAND_PREPARED,COMMIT_ADVANCE,4,SOFT_LOCK,True,OK,
p2_dev,20260812,5ea24037c2d9cb6a,F0012,F0012-P02,maize,LAND_PREPARED,PLANTED,COMMIT_ADVANCE,5,HARD_LOCK,False,OK,
p2_dev,20260812,5ea24037c2d9cb6a,F0013,F0013-P01,maize,,VIEWED,ACCEPT,0,FLEXIBLE,True,OK,phase-1 accepted; entered lifecycle
p2_dev,20260812,5ea24037c2d9cb6a,F0013,F0013-P01,maize,VIEWED,TENTATIVE_ACCEPT,ACCEPT,1,SOFT_LOCK,True,OK,
p2_dev,20260812,5ea24037c2d9cb6a,F0013,F0013-P01,maize,TENTATIVE_ACCEPT,CONFIRMED,COMMIT_ADVANCE,2,SOFT_LOCK,True,OK,
p2_dev,20260812,5ea24037c2d9cb6a,F0013,F0013-P01,maize,CONFIRMED,INPUTS_PURCHASED,COMMIT_ADVANCE,3,SOFT_LOCK,True,OK,
p2_dev,20260812,5ea24037c2d9cb6a,F0013,F0013-P01,maize,INPUTS_PURCHASED,LAND_PREPARED,COMMIT_ADVANCE,4,SOFT_LOCK,True,OK,
p2_dev,20260812,5ea24037c2d9cb6a,F0013,F0013-P01,maize,LAND_PREPARED,PLANTED,COMMIT_ADVANCE,5,HARD_LOCK,False,OK,
p2_dev,20260812,5ea24037c2d9cb6a,F0015,F0015-P02,soybean,,VIEWED,ACCEPT,0,FLEXIBLE,True,OK,phase-1 accepted; entered lifecycle
p2_dev,20260812,5ea24037c2d9cb6a,F0015,F0015-P02,soybean,VIEWED,TENTATIVE_ACCEPT,ACCEPT,1,SOFT_LOCK,True,OK,
p2_dev,20260812,5ea24037c2d9cb6a,F0015,F0015-P02,soybean,TENTATIVE_ACCEPT,CONFIRMED,COMMIT_ADVANCE,2,SOFT_LOCK,True,OK,
p2_dev,20260812,5ea24037c2d9cb6a,F0015,F0015-P02,soybean,CONFIRMED,INPUTS_PURCHASED,COMMIT_ADVANCE,3,SOFT_LOCK,True,OK,
p2_dev,20260812,5ea24037c2d9cb6a,F0015,F0015-P02,soybean,INPUTS_PURCHASED,LAND_PREPARED,COMMIT_ADVANCE,4,SOFT_LOCK,True,OK,
p2_dev,20260812,5ea24037c2d9cb6a,F0015,F0015-P02,soybean,LAND_PREPARED,PLANTED,COMMIT_ADVANCE,5,HARD_LOCK,False,OK,
p2_dev,20260812,5ea24037c2d9cb6a,F0017,F0017-P02,onion,,VIEWED,ACCEPT,0,FLEXIBLE,True,OK,phase-1 accepted; entered lifecycle
p2_dev,20260812,5ea24037c2d9cb6a,F0017,F0017-P02,onion,VIEWED,TENTATIVE_ACCEPT,ACCEPT,1,SOFT_LOCK,True,OK,
p2_dev,20260812,5ea24037c2d9cb6a,F0017,F0017-P02,onion,TENTATIVE_ACCEPT,CONFIRMED,COMMIT_ADVANCE,2,SOFT_LOCK,True,OK,
p2_dev,20260812,5ea24037c2d9cb6a,F0017,F0017-P02,onion,CONFIRMED,INPUTS_PURCHASED,COMMIT_ADVANCE,3,SOFT_LOCK,True,OK,
p2_dev,20260812,5ea24037c2d9cb6a,F0017,F0017-P02,onion,INPUTS_PURCHASED,LAND_PREPARED,COMMIT_ADVANCE,4,SOFT_LOCK,True,OK,
p2_dev,20260812,5ea24037c2d9cb6a,F0017,F0017-P02,onion,LAND_PREPARED,PLANTED,COMMIT_ADVANCE,5,HARD_LOCK,False,OK,
p2_dev,20260812,5ea24037c2d9cb6a,F0017,F0017-P03,onion,,VIEWED,REJECT,0,FLEXIBLE,True,REJECTED_TERMINAL,phase-1 rejected; never enters commitment ladder
p2_dev,20260812,5ea24037c2d9cb6a,F0017,F0017-P05,onion,,VIEWED,ACCEPT,0,FLEXIBLE,True,OK,phase-1 accepted; entered lifecycle
p2_dev,20260812,5ea24037c2d9cb6a,F0017,F0017-P05,onion,VIEWED,TENTATIVE_ACCEPT,ACCEPT,1,SOFT_LOCK,True,OK,
p2_dev,20260812,5ea24037c2d9cb6a,F0017,F0017-P05,onion,TENTATIVE_ACCEPT,CONFIRMED,COMMIT_ADVANCE,2,SOFT_LOCK,True,OK,
p2_dev,20260812,5ea24037c2d9cb6a,F0017,F0017-P05,onion,CONFIRMED,INPUTS_PURCHASED,COMMIT_ADVANCE,3,SOFT_LOCK,True,OK,
p2_dev,20260812,5ea24037c2d9cb6a,F0017,F0017-P05,onion,INPUTS_PURCHASED,LAND_PREPARED,COMMIT_ADVANCE,4,SOFT_LOCK,True,OK,
p2_dev,20260812,5ea24037c2d9cb6a,F0017,F0017-P05,onion,LAND_PREPARED,PLANTED,COMMIT_ADVANCE,5,HARD_LOCK,False,OK,
p2_dev,20260812,5ea24037c2d9cb6a,F0018,F0018-P02,onion,,VIEWED,ACCEPT,0,FLEXIBLE,True,OK,phase-1 accepted; entered lifecycle
p2_dev,20260812,5ea24037c2d9cb6a,F0018,F0018-P02,onion,VIEWED,TENTATIVE_ACCEPT,ACCEPT,1,SOFT_LOCK,True,OK,
p2_dev,20260812,5ea24037c2d9cb6a,F0018,F0018-P02,onion,TENTATIVE_ACCEPT,CONFIRMED,COMMIT_ADVANCE,2,SOFT_LOCK,True,OK,
p2_dev,20260812,5ea24037c2d9cb6a,F0018,F0018-P02,onion,CONFIRMED,INPUTS_PURCHASED,COMMIT_ADVANCE,3,SOFT_LOCK,True,OK,
p2_dev,20260812,5ea24037c2d9cb6a,F0018,F0018-P02,onion,INPUTS_PURCHASED,LAND_PREPARED,COMMIT_ADVANCE,4,SOFT_LOCK,True,OK,
p2_dev,20260812,5ea24037c2d9cb6a,F0018,F0018-P02,onion,LAND_PREPARED,PLANTED,COMMIT_ADVANCE,5,HARD_LOCK,False,OK,
p2_dev,20260812,5ea24037c2d9cb6a,F0019,F0019-P01,rice,,VIEWED,ACCEPT,0,FLEXIBLE,True,OK,phase-1 accepted; entered lifecycle
p2_dev,20260812,5ea24037c2d9cb6a,F0019,F0019-P01,rice,VIEWED,TENTATIVE_ACCEPT,ACCEPT,1,SOFT_LOCK,True,OK,
p2_dev,20260812,5ea24037c2d9cb6a,F0019,F0019-P01,rice,TENTATIVE_ACCEPT,CONFIRMED,COMMIT_ADVANCE,2,SOFT_LOCK,True,OK,
p2_dev,20260812,5ea24037c2d9cb6a,F0019,F0019-P01,rice,CONFIRMED,INPUTS_PURCHASED,COMMIT_ADVANCE,3,SOFT_LOCK,True,OK,
p2_dev,20260812,5ea24037c2d9cb6a,F0019,F0019-P01,rice,INPUTS_PURCHASED,LAND_PREPARED,COMMIT_ADVANCE,4,SOFT_LOCK,True,OK,
p2_dev,20260812,5ea24037c2d9cb6a,F0019,F0019-P01,rice,LAND_PREPARED,PLANTED,COMMIT_ADVANCE,5,HARD_LOCK,False,OK,
p2_dev,20260812,5ea24037c2d9cb6a,F0020,F0020-P01,sorghum,,VIEWED,ACCEPT,0,FLEXIBLE,True,OK,phase-1 accepted; entered lifecycle
p2_dev,20260812,5ea24037c2d9cb6a,F0020,F0020-P01,sorghum,VIEWED,TENTATIVE_ACCEPT,ACCEPT,1,SOFT_LOCK,True,OK,
p2_dev,20260812,5ea24037c2d9cb6a,F0020,F0020-P01,sorghum,TENTATIVE_ACCEPT,CONFIRMED,COMMIT_ADVANCE,2,SOFT_LOCK,True,OK,
p2_dev,20260812,5ea24037c2d9cb6a,F0020,F0020-P01,sorghum,CONFIRMED,INPUTS_PURCHASED,COMMIT_ADVANCE,3,SOFT_LOCK,True,OK,
p2_dev,20260812,5ea24037c2d9cb6a,F0020,F0020-P01,sorghum,INPUTS_PURCHASED,LAND_PREPARED,COMMIT_ADVANCE,4,SOFT_LOCK,True,OK,
p2_dev,20260812,5ea24037c2d9cb6a,F0020,F0020-P01,sorghum,LAND_PREPARED,PLANTED,COMMIT_ADVANCE,5,HARD_LOCK,False,OK,
p2_dev,20260812,5ea24037c2d9cb6a,F0020,F0020-P02,sorghum,,VIEWED,ACCEPT,0,FLEXIBLE,True,OK,phase-1 accepted; entered lifecycle
p2_dev,20260812,5ea24037c2d9cb6a,F0020,F0020-P02,sorghum,VIEWED,TENTATIVE_ACCEPT,ACCEPT,1,SOFT_LOCK,True,OK,
p2_dev,20260812,5ea24037c2d9cb6a,F0020,F0020-P02,sorghum,TENTATIVE_ACCEPT,CONFIRMED,COMMIT_ADVANCE,2,SOFT_LOCK,True,OK,
p2_dev,20260812,5ea24037c2d9cb6a,F0020,F0020-P02,sorghum,CONFIRMED,INPUTS_PURCHASED,COMMIT_ADVANCE,3,SOFT_LOCK,True,OK,
p2_dev,20260812,5ea24037c2d9cb6a,F0020,F0020-P02,sorghum,INPUTS_PURCHASED,LAND_PREPARED,COMMIT_ADVANCE,4,SOFT_LOCK,True,OK,
p2_dev,20260812,5ea24037c2d9cb6a,F0020,F0020-P02,sorghum,LAND_PREPARED,PLANTED,COMMIT_ADVANCE,5,HARD_LOCK,False,OK,
p2_dev,20260812,5ea24037c2d9cb6a,F0025,F0025-P01,maize,,VIEWED,REJECT,0,FLEXIBLE,True,REJECTED_TERMINAL,phase-1 rejected; never enters commitment ladder
p2_dev,20260812,5ea24037c2d9cb6a,F0027,F0027-P01,maize,,VIEWED,ACCEPT,0,FLEXIBLE,True,OK,phase-1 accepted; entered lifecycle
p2_dev,20260812,5ea24037c2d9cb6a,F0027,F0027-P01,maize,VIEWED,TENTATIVE_ACCEPT,ACCEPT,1,SOFT_LOCK,True,OK,
p2_dev,20260812,5ea24037c2d9cb6a,F0027,F0027-P01,maize,TENTATIVE_ACCEPT,CONFIRMED,COMMIT_ADVANCE,2,SOFT_LOCK,True,OK,
p2_dev,20260812,5ea24037c2d9cb6a,F0027,F0027-P01,maize,CONFIRMED,INPUTS_PURCHASED,COMMIT_ADVANCE,3,SOFT_LOCK,True,OK,
p2_dev,20260812,5ea24037c2d9cb6a,F0027,F0027-P01,maize,INPUTS_PURCHASED,LAND_PREPARED,COMMIT_ADVANCE,4,SOFT_LOCK,True,OK,
p2_dev,20260812,5ea24037c2d9cb6a,F0027,F0027-P01,maize,LAND_PREPARED,PLANTED,COMMIT_ADVANCE,5,HARD_LOCK,False,OK,
p2_dev,20260812,5ea24037c2d9cb6a,F0027,F0027-P03,maize,,VIEWED,ACCEPT,0,FLEXIBLE,True,OK,phase-1 accepted; entered lifecycle
p2_dev,20260812,5ea24037c2d9cb6a,F0027,F0027-P03,maize,VIEWED,TENTATIVE_ACCEPT,ACCEPT,1,SOFT_LOCK,True,OK,
p2_dev,20260812,5ea24037c2d9cb6a,F0027,F0027-P03,maize,TENTATIVE_ACCEPT,CONFIRMED,COMMIT_ADVANCE,2,SOFT_LOCK,True,OK,
p2_dev,20260812,5ea24037c2d9cb6a,F0027,F0027-P03,maize,CONFIRMED,INPUTS_PURCHASED,COMMIT_ADVANCE,3,SOFT_LOCK,True,OK,
p2_dev,20260812,5ea24037c2d9cb6a,F0027,F0027-P03,maize,INPUTS_PURCHASED,LAND_PREPARED,COMMIT_ADVANCE,4,SOFT_LOCK,True,OK,
p2_dev,20260812,5ea24037c2d9cb6a,F0027,F0027-P03,maize,LAND_PREPARED,PLANTED,COMMIT_ADVANCE,5,HARD_LOCK,False,OK,
p2_dev,20260812,5ea24037c2d9cb6a,F0030,F0030-P01,maize,,VIEWED,REJECT,0,FLEXIBLE,True,REJECTED_TERMINAL,phase-1 rejected; never enters commitment ladder
p2_dev,20260812,5ea24037c2d9cb6a,F0030,F0030-P02,maize,,VIEWED,ACCEPT,0,FLEXIBLE,True,OK,phase-1 accepted; entered lifecycle
p2_dev,20260812,5ea24037c2d9cb6a,F0030,F0030-P02,maize,VIEWED,TENTATIVE_ACCEPT,ACCEPT,1,SOFT_LOCK,True,OK,
p2_dev,20260812,5ea24037c2d9cb6a,F0030,F0030-P02,maize,TENTATIVE_ACCEPT,CONFIRMED,COMMIT_ADVANCE,2,SOFT_LOCK,True,OK,
p2_dev,20260812,5ea24037c2d9cb6a,F0030,F0030-P02,maize,CONFIRMED,INPUTS_PURCHASED,COMMIT_ADVANCE,3,SOFT_LOCK,True,OK,
p2_dev,20260812,5ea24037c2d9cb6a,F0030,F0030-P02,maize,INPUTS_PURCHASED,LAND_PREPARED,COMMIT_ADVANCE,4,SOFT_LOCK,True,OK,
p2_dev,20260812,5ea24037c2d9cb6a,F0030,F0030-P02,maize,LAND_PREPARED,PLANTED,COMMIT_ADVANCE,5,HARD_LOCK,False,OK,
p2_dev,20260812,5ea24037c2d9cb6a,F0031,F0031-P01,sorghum,,VIEWED,ACCEPT,0,FLEXIBLE,True,OK,phase-1 accepted; entered lifecycle
p2_dev,20260812,5ea24037c2d9cb6a,F0031,F0031-P01,sorghum,VIEWED,TENTATIVE_ACCEPT,ACCEPT,1,SOFT_LOCK,True,OK,
p2_dev,20260812,5ea24037c2d9cb6a,F0031,F0031-P01,sorghum,TENTATIVE_ACCEPT,CONFIRMED,COMMIT_ADVANCE,2,SOFT_LOCK,True,OK,
p2_dev,20260812,5ea24037c2d9cb6a,F0031,F0031-P01,sorghum,CONFIRMED,INPUTS_PURCHASED,COMMIT_ADVANCE,3,SOFT_LOCK,True,OK,
p2_dev,20260812,5ea24037c2d9cb6a,F0031,F0031-P01,sorghum,INPUTS_PURCHASED,LAND_PREPARED,COMMIT_ADVANCE,4,SOFT_LOCK,True,OK,
p2_dev,20260812,5ea24037c2d9cb6a,F0031,F0031-P01,sorghum,LAND_PREPARED,PLANTED,COMMIT_ADVANCE,5,HARD_LOCK,False,OK,
p2_dev,20260812,5ea24037c2d9cb6a,F0031,F0031-P02,maize,,VIEWED,REJECT,0,FLEXIBLE,True,REJECTED_TERMINAL,phase-1 rejected; never enters commitment ladder
p2_dev,20260812,5ea24037c2d9cb6a,F0031,F0031-P03,maize,,VIEWED,ACCEPT,0,FLEXIBLE,True,OK,phase-1 accepted; entered lifecycle
p2_dev,20260812,5ea24037c2d9cb6a,F0031,F0031-P03,maize,VIEWED,TENTATIVE_ACCEPT,ACCEPT,1,SOFT_LOCK,True,OK,
p2_dev,20260812,5ea24037c2d9cb6a,F0031,F0031-P03,maize,TENTATIVE_ACCEPT,CONFIRMED,COMMIT_ADVANCE,2,SOFT_LOCK,True,OK,
p2_dev,20260812,5ea24037c2d9cb6a,F0031,F0031-P03,maize,CONFIRMED,INPUTS_PURCHASED,COMMIT_ADVANCE,3,SOFT_LOCK,True,OK,
p2_dev,20260812,5ea24037c2d9cb6a,F0031,F0031-P03,maize,INPUTS_PURCHASED,LAND_PREPARED,COMMIT_ADVANCE,4,SOFT_LOCK,True,OK,
p2_dev,20260812,5ea24037c2d9cb6a,F0031,F0031-P03,maize,LAND_PREPARED,PLANTED,COMMIT_ADVANCE,5,HARD_LOCK,False,OK,
p2_dev,20260812,5ea24037c2d9cb6a,F0033,F0033-P01,maize,,VIEWED,ACCEPT,0,FLEXIBLE,True,OK,phase-1 accepted; entered lifecycle
p2_dev,20260812,5ea24037c2d9cb6a,F0033,F0033-P01,maize,VIEWED,TENTATIVE_ACCEPT,ACCEPT,1,SOFT_LOCK,True,OK,
p2_dev,20260812,5ea24037c2d9cb6a,F0033,F0033-P01,maize,TENTATIVE_ACCEPT,CONFIRMED,COMMIT_ADVANCE,2,SOFT_LOCK,True,OK,
p2_dev,20260812,5ea24037c2d9cb6a,F0033,F0033-P01,maize,CONFIRMED,INPUTS_PURCHASED,COMMIT_ADVANCE,3,SOFT_LOCK,True,OK,
p2_dev,20260812,5ea24037c2d9cb6a,F0033,F0033-P01,maize,INPUTS_PURCHASED,LAND_PREPARED,COMMIT_ADVANCE,4,SOFT_LOCK,True,OK,
p2_dev,20260812,5ea24037c2d9cb6a,F0033,F0033-P01,maize,LAND_PREPARED,PLANTED,COMMIT_ADVANCE,5,HARD_LOCK,False,OK,
p2_dev,20260812,5ea24037c2d9cb6a,F0035,F0035-P01,rice,,VIEWED,ACCEPT,0,FLEXIBLE,True,OK,phase-1 accepted; entered lifecycle
p2_dev,20260812,5ea24037c2d9cb6a,F0035,F0035-P01,rice,VIEWED,TENTATIVE_ACCEPT,ACCEPT,1,SOFT_LOCK,True,OK,
p2_dev,20260812,5ea24037c2d9cb6a,F0035,F0035-P01,rice,TENTATIVE_ACCEPT,CONFIRMED,COMMIT_ADVANCE,2,SOFT_LOCK,True,OK,
p2_dev,20260812,5ea24037c2d9cb6a,F0035,F0035-P01,rice,CONFIRMED,INPUTS_PURCHASED,COMMIT_ADVANCE,3,SOFT_LOCK,True,OK,
p2_dev,20260812,5ea24037c2d9cb6a,F0035,F0035-P01,rice,INPUTS_PURCHASED,LAND_PREPARED,COMMIT_ADVANCE,4,SOFT_LOCK,True,OK,
p2_dev,20260812,5ea24037c2d9cb6a,F0035,F0035-P01,rice,LAND_PREPARED,PLANTED,COMMIT_ADVANCE,5,HARD_LOCK,False,OK,
p2_dev,20260812,5ea24037c2d9cb6a,F0035,F0035-P02,rice,,VIEWED,ACCEPT,0,FLEXIBLE,True,OK,phase-1 accepted; entered lifecycle
p2_dev,20260812,5ea24037c2d9cb6a,F0035,F0035-P02,rice,VIEWED,TENTATIVE_ACCEPT,ACCEPT,1,SOFT_LOCK,True,OK,
p2_dev,20260812,5ea24037c2d9cb6a,F0035,F0035-P02,rice,TENTATIVE_ACCEPT,CONFIRMED,COMMIT_ADVANCE,2,SOFT_LOCK,True,OK,
p2_dev,20260812,5ea24037c2d9cb6a,F0035,F0035-P02,rice,CONFIRMED,INPUTS_PURCHASED,COMMIT_ADVANCE,3,SOFT_LOCK,True,OK,
p2_dev,20260812,5ea24037c2d9cb6a,F0035,F0035-P02,rice,INPUTS_PURCHASED,LAND_PREPARED,COMMIT_ADVANCE,4,SOFT_LOCK,True,OK,
p2_dev,20260812,5ea24037c2d9cb6a,F0035,F0035-P02,rice,LAND_PREPARED,PLANTED,COMMIT_ADVANCE,5,HARD_LOCK,False,OK,
p2_dev,20260812,5ea24037c2d9cb6a,F0037,F0037-P01,rice,,VIEWED,ACCEPT,0,FLEXIBLE,True,OK,phase-1 accepted; entered lifecycle
p2_dev,20260812,5ea24037c2d9cb6a,F0037,F0037-P01,rice,VIEWED,TENTATIVE_ACCEPT,ACCEPT,1,SOFT_LOCK,True,OK,
p2_dev,20260812,5ea24037c2d9cb6a,F0037,F0037-P01,rice,TENTATIVE_ACCEPT,CONFIRMED,COMMIT_ADVANCE,2,SOFT_LOCK,True,OK,
p2_dev,20260812,5ea24037c2d9cb6a,F0037,F0037-P01,rice,CONFIRMED,INPUTS_PURCHASED,COMMIT_ADVANCE,3,SOFT_LOCK,True,OK,
p2_dev,20260812,5ea24037c2d9cb6a,F0037,F0037-P01,rice,INPUTS_PURCHASED,LAND_PREPARED,COMMIT_ADVANCE,4,SOFT_LOCK,True,OK,
p2_dev,20260812,5ea24037c2d9cb6a,F0037,F0037-P01,rice,LAND_PREPARED,PLANTED,COMMIT_ADVANCE,5,HARD_LOCK,False,OK,
p2_dev,20260812,5ea24037c2d9cb6a,F0038,F0038-P01,pigeon_pea,,VIEWED,ACCEPT,0,FLEXIBLE,True,OK,phase-1 accepted; entered lifecycle
p2_dev,20260812,5ea24037c2d9cb6a,F0038,F0038-P01,pigeon_pea,VIEWED,TENTATIVE_ACCEPT,ACCEPT,1,SOFT_LOCK,True,OK,
p2_dev,20260812,5ea24037c2d9cb6a,F0038,F0038-P01,pigeon_pea,TENTATIVE_ACCEPT,CONFIRMED,COMMIT_ADVANCE,2,SOFT_LOCK,True,OK,
p2_dev,20260812,5ea24037c2d9cb6a,F0038,F0038-P01,pigeon_pea,CONFIRMED,INPUTS_PURCHASED,COMMIT_ADVANCE,3,SOFT_LOCK,True,OK,
p2_dev,20260812,5ea24037c2d9cb6a,F0038,F0038-P01,pigeon_pea,INPUTS_PURCHASED,LAND_PREPARED,COMMIT_ADVANCE,4,SOFT_LOCK,True,OK,
p2_dev,20260812,5ea24037c2d9cb6a,F0038,F0038-P01,pigeon_pea,LAND_PREPARED,PLANTED,COMMIT_ADVANCE,5,HARD_LOCK,False,OK,
p2_dev,20260812,5ea24037c2d9cb6a,F0038,F0038-P02,onion,,VIEWED,ACCEPT,0,FLEXIBLE,True,OK,phase-1 accepted; entered lifecycle
p2_dev,20260812,5ea24037c2d9cb6a,F0038,F0038-P02,onion,VIEWED,TENTATIVE_ACCEPT,ACCEPT,1,SOFT_LOCK,True,OK,
p2_dev,20260812,5ea24037c2d9cb6a,F0038,F0038-P02,onion,TENTATIVE_ACCEPT,CONFIRMED,COMMIT_ADVANCE,2,SOFT_LOCK,True,OK,
p2_dev,20260812,5ea24037c2d9cb6a,F0038,F0038-P02,onion,CONFIRMED,INPUTS_PURCHASED,COMMIT_ADVANCE,3,SOFT_LOCK,True,OK,
p2_dev,20260812,5ea24037c2d9cb6a,F0038,F0038-P02,onion,INPUTS_PURCHASED,LAND_PREPARED,COMMIT_ADVANCE,4,SOFT_LOCK,True,OK,
p2_dev,20260812,5ea24037c2d9cb6a,F0038,F0038-P02,onion,LAND_PREPARED,PLANTED,COMMIT_ADVANCE,5,HARD_LOCK,False,OK,
p2_dev,20260812,5ea24037c2d9cb6a,F0039,F0039-P01,maize,,VIEWED,ACCEPT,0,FLEXIBLE,True,OK,phase-1 accepted; entered lifecycle
p2_dev,20260812,5ea24037c2d9cb6a,F0039,F0039-P01,maize,VIEWED,TENTATIVE_ACCEPT,ACCEPT,1,SOFT_LOCK,True,OK,
p2_dev,20260812,5ea24037c2d9cb6a,F0039,F0039-P01,maize,TENTATIVE_ACCEPT,CONFIRMED,COMMIT_ADVANCE,2,SOFT_LOCK,True,OK,
p2_dev,20260812,5ea24037c2d9cb6a,F0039,F0039-P01,maize,CONFIRMED,INPUTS_PURCHASED,COMMIT_ADVANCE,3,SOFT_LOCK,True,OK,
p2_dev,20260812,5ea24037c2d9cb6a,F0039,F0039-P01,maize,INPUTS_PURCHASED,LAND_PREPARED,COMMIT_ADVANCE,4,SOFT_LOCK,True,OK,
p2_dev,20260812,5ea24037c2d9cb6a,F0039,F0039-P01,maize,LAND_PREPARED,PLANTED,COMMIT_ADVANCE,5,HARD_LOCK,False,OK,
p2_dev,20260812,5ea24037c2d9cb6a,F0040,F0040-P03,soybean,,VIEWED,ACCEPT,0,FLEXIBLE,True,OK,phase-1 accepted; entered lifecycle
p2_dev,20260812,5ea24037c2d9cb6a,F0040,F0040-P03,soybean,VIEWED,TENTATIVE_ACCEPT,ACCEPT,1,SOFT_LOCK,True,OK,
p2_dev,20260812,5ea24037c2d9cb6a,F0040,F0040-P03,soybean,TENTATIVE_ACCEPT,CONFIRMED,COMMIT_ADVANCE,2,SOFT_LOCK,True,OK,
p2_dev,20260812,5ea24037c2d9cb6a,F0040,F0040-P03,soybean,CONFIRMED,INPUTS_PURCHASED,COMMIT_ADVANCE,3,SOFT_LOCK,True,OK,
p2_dev,20260812,5ea24037c2d9cb6a,F0040,F0040-P03,soybean,INPUTS_PURCHASED,LAND_PREPARED,COMMIT_ADVANCE,4,SOFT_LOCK,True,OK,
p2_dev,20260812,5ea24037c2d9cb6a,F0040,F0040-P03,soybean,LAND_PREPARED,PLANTED,COMMIT_ADVANCE,5,HARD_LOCK,False,OK,
p2_dev,20260812,5ea24037c2d9cb6a,F0041,F0041-P01,groundnut,,VIEWED,ACCEPT,0,FLEXIBLE,True,OK,phase-1 accepted; entered lifecycle
p2_dev,20260812,5ea24037c2d9cb6a,F0041,F0041-P01,groundnut,VIEWED,TENTATIVE_ACCEPT,ACCEPT,1,SOFT_LOCK,True,OK,
p2_dev,20260812,5ea24037c2d9cb6a,F0041,F0041-P01,groundnut,TENTATIVE_ACCEPT,CONFIRMED,COMMIT_ADVANCE,2,SOFT_LOCK,True,OK,
p2_dev,20260812,5ea24037c2d9cb6a,F0041,F0041-P01,groundnut,CONFIRMED,INPUTS_PURCHASED,COMMIT_ADVANCE,3,SOFT_LOCK,True,OK,
p2_dev,20260812,5ea24037c2d9cb6a,F0041,F0041-P01,groundnut,INPUTS_PURCHASED,LAND_PREPARED,COMMIT_ADVANCE,4,SOFT_LOCK,True,OK,
p2_dev,20260812,5ea24037c2d9cb6a,F0041,F0041-P01,groundnut,LAND_PREPARED,PLANTED,COMMIT_ADVANCE,5,HARD_LOCK,False,OK,
p2_dev,20260812,5ea24037c2d9cb6a,F0042,F0042-P01,maize,,VIEWED,ACCEPT,0,FLEXIBLE,True,OK,phase-1 accepted; entered lifecycle
p2_dev,20260812,5ea24037c2d9cb6a,F0042,F0042-P01,maize,VIEWED,TENTATIVE_ACCEPT,ACCEPT,1,SOFT_LOCK,True,OK,
p2_dev,20260812,5ea24037c2d9cb6a,F0042,F0042-P01,maize,TENTATIVE_ACCEPT,CONFIRMED,COMMIT_ADVANCE,2,SOFT_LOCK,True,OK,
p2_dev,20260812,5ea24037c2d9cb6a,F0042,F0042-P01,maize,CONFIRMED,INPUTS_PURCHASED,COMMIT_ADVANCE,3,SOFT_LOCK,True,OK,
p2_dev,20260812,5ea24037c2d9cb6a,F0042,F0042-P01,maize,INPUTS_PURCHASED,LAND_PREPARED,COMMIT_ADVANCE,4,SOFT_LOCK,True,OK,
p2_dev,20260812,5ea24037c2d9cb6a,F0042,F0042-P01,maize,LAND_PREPARED,PLANTED,COMMIT_ADVANCE,5,HARD_LOCK,False,OK,
p2_dev,20260812,5ea24037c2d9cb6a,F0043,F0043-P01,onion,,VIEWED,ACCEPT,0,FLEXIBLE,True,OK,phase-1 accepted; entered lifecycle
p2_dev,20260812,5ea24037c2d9cb6a,F0043,F0043-P01,onion,VIEWED,TENTATIVE_ACCEPT,ACCEPT,1,SOFT_LOCK,True,OK,
p2_dev,20260812,5ea24037c2d9cb6a,F0043,F0043-P01,onion,TENTATIVE_ACCEPT,CONFIRMED,COMMIT_ADVANCE,2,SOFT_LOCK,True,OK,
p2_dev,20260812,5ea24037c2d9cb6a,F0043,F0043-P01,onion,CONFIRMED,INPUTS_PURCHASED,COMMIT_ADVANCE,3,SOFT_LOCK,True,OK,
p2_dev,20260812,5ea24037c2d9cb6a,F0043,F0043-P01,onion,INPUTS_PURCHASED,LAND_PREPARED,COMMIT_ADVANCE,4,SOFT_LOCK,True,OK,
p2_dev,20260812,5ea24037c2d9cb6a,F0043,F0043-P01,onion,LAND_PREPARED,PLANTED,COMMIT_ADVANCE,5,HARD_LOCK,False,OK,
p2_dev,20260812,5ea24037c2d9cb6a,F0045,F0045-P01,soybean,,VIEWED,ACCEPT,0,FLEXIBLE,True,OK,phase-1 accepted; entered lifecycle
p2_dev,20260812,5ea24037c2d9cb6a,F0045,F0045-P01,soybean,VIEWED,TENTATIVE_ACCEPT,ACCEPT,1,SOFT_LOCK,True,OK,
p2_dev,20260812,5ea24037c2d9cb6a,F0045,F0045-P01,soybean,TENTATIVE_ACCEPT,CONFIRMED,COMMIT_ADVANCE,2,SOFT_LOCK,True,OK,
p2_dev,20260812,5ea24037c2d9cb6a,F0045,F0045-P01,soybean,CONFIRMED,INPUTS_PURCHASED,COMMIT_ADVANCE,3,SOFT_LOCK,True,OK,
p2_dev,20260812,5ea24037c2d9cb6a,F0045,F0045-P01,soybean,INPUTS_PURCHASED,LAND_PREPARED,COMMIT_ADVANCE,4,SOFT_LOCK,True,OK,
p2_dev,20260812,5ea24037c2d9cb6a,F0045,F0045-P01,soybean,LAND_PREPARED,PLANTED,COMMIT_ADVANCE,5,HARD_LOCK,False,OK,
p2_dev,20260812,5ea24037c2d9cb6a,F0047,F0047-P02,maize,,VIEWED,ACCEPT,0,FLEXIBLE,True,OK,phase-1 accepted; entered lifecycle
p2_dev,20260812,5ea24037c2d9cb6a,F0047,F0047-P02,maize,VIEWED,TENTATIVE_ACCEPT,ACCEPT,1,SOFT_LOCK,True,OK,
p2_dev,20260812,5ea24037c2d9cb6a,F0047,F0047-P02,maize,TENTATIVE_ACCEPT,CONFIRMED,COMMIT_ADVANCE,2,SOFT_LOCK,True,OK,
p2_dev,20260812,5ea24037c2d9cb6a,F0047,F0047-P02,maize,CONFIRMED,INPUTS_PURCHASED,COMMIT_ADVANCE,3,SOFT_LOCK,True,OK,
p2_dev,20260812,5ea24037c2d9cb6a,F0047,F0047-P02,maize,INPUTS_PURCHASED,LAND_PREPARED,COMMIT_ADVANCE,4,SOFT_LOCK,True,OK,
p2_dev,20260812,5ea24037c2d9cb6a,F0047,F0047-P02,maize,LAND_PREPARED,PLANTED,COMMIT_ADVANCE,5,HARD_LOCK,False,OK,
p2_dev,20260812,5ea24037c2d9cb6a,F0048,F0048-P01,rice,,VIEWED,ACCEPT,0,FLEXIBLE,True,OK,phase-1 accepted; entered lifecycle
p2_dev,20260812,5ea24037c2d9cb6a,F0048,F0048-P01,rice,VIEWED,TENTATIVE_ACCEPT,ACCEPT,1,SOFT_LOCK,True,OK,
p2_dev,20260812,5ea24037c2d9cb6a,F0048,F0048-P01,rice,TENTATIVE_ACCEPT,CONFIRMED,COMMIT_ADVANCE,2,SOFT_LOCK,True,OK,
p2_dev,20260812,5ea24037c2d9cb6a,F0048,F0048-P01,rice,CONFIRMED,INPUTS_PURCHASED,COMMIT_ADVANCE,3,SOFT_LOCK,True,OK,
p2_dev,20260812,5ea24037c2d9cb6a,F0048,F0048-P01,rice,INPUTS_PURCHASED,LAND_PREPARED,COMMIT_ADVANCE,4,SOFT_LOCK,True,OK,
p2_dev,20260812,5ea24037c2d9cb6a,F0048,F0048-P01,rice,LAND_PREPARED,PLANTED,COMMIT_ADVANCE,5,HARD_LOCK,False,OK,
p2_dev,20260812,5ea24037c2d9cb6a,F0049,F0049-P01,soybean,,VIEWED,ACCEPT,0,FLEXIBLE,True,OK,phase-1 accepted; entered lifecycle
p2_dev,20260812,5ea24037c2d9cb6a,F0049,F0049-P01,soybean,VIEWED,TENTATIVE_ACCEPT,ACCEPT,1,SOFT_LOCK,True,OK,
p2_dev,20260812,5ea24037c2d9cb6a,F0049,F0049-P01,soybean,TENTATIVE_ACCEPT,CONFIRMED,COMMIT_ADVANCE,2,SOFT_LOCK,True,OK,
p2_dev,20260812,5ea24037c2d9cb6a,F0049,F0049-P01,soybean,CONFIRMED,INPUTS_PURCHASED,COMMIT_ADVANCE,3,SOFT_LOCK,True,OK,
p2_dev,20260812,5ea24037c2d9cb6a,F0049,F0049-P01,soybean,INPUTS_PURCHASED,LAND_PREPARED,COMMIT_ADVANCE,4,SOFT_LOCK,True,OK,
p2_dev,20260812,5ea24037c2d9cb6a,F0049,F0049-P01,soybean,LAND_PREPARED,PLANTED,COMMIT_ADVANCE,5,HARD_LOCK,False,OK,
p2_dev,20260812,5ea24037c2d9cb6a,F0050,F0050-P01,maize,,VIEWED,ACCEPT,0,FLEXIBLE,True,OK,phase-1 accepted; entered lifecycle
p2_dev,20260812,5ea24037c2d9cb6a,F0050,F0050-P01,maize,VIEWED,TENTATIVE_ACCEPT,ACCEPT,1,SOFT_LOCK,True,OK,
p2_dev,20260812,5ea24037c2d9cb6a,F0050,F0050-P01,maize,TENTATIVE_ACCEPT,CONFIRMED,COMMIT_ADVANCE,2,SOFT_LOCK,True,OK,
p2_dev,20260812,5ea24037c2d9cb6a,F0050,F0050-P01,maize,CONFIRMED,INPUTS_PURCHASED,COMMIT_ADVANCE,3,SOFT_LOCK,True,OK,
p2_dev,20260812,5ea24037c2d9cb6a,F0050,F0050-P01,maize,INPUTS_PURCHASED,LAND_PREPARED,COMMIT_ADVANCE,4,SOFT_LOCK,True,OK,
p2_dev,20260812,5ea24037c2d9cb6a,F0050,F0050-P01,maize,LAND_PREPARED,PLANTED,COMMIT_ADVANCE,5,HARD_LOCK,False,OK,
p2_dev,20260812,5ea24037c2d9cb6a,F0050,F0050-P02,maize,,VIEWED,ACCEPT,0,FLEXIBLE,True,OK,phase-1 accepted; entered lifecycle
p2_dev,20260812,5ea24037c2d9cb6a,F0050,F0050-P02,maize,VIEWED,TENTATIVE_ACCEPT,ACCEPT,1,SOFT_LOCK,True,OK,
p2_dev,20260812,5ea24037c2d9cb6a,F0050,F0050-P02,maize,TENTATIVE_ACCEPT,CONFIRMED,COMMIT_ADVANCE,2,SOFT_LOCK,True,OK,
p2_dev,20260812,5ea24037c2d9cb6a,F0050,F0050-P02,maize,CONFIRMED,INPUTS_PURCHASED,COMMIT_ADVANCE,3,SOFT_LOCK,True,OK,
p2_dev,20260812,5ea24037c2d9cb6a,F0050,F0050-P02,maize,INPUTS_PURCHASED,LAND_PREPARED,COMMIT_ADVANCE,4,SOFT_LOCK,True,OK,
p2_dev,20260812,5ea24037c2d9cb6a,F0050,F0050-P02,maize,LAND_PREPARED,PLANTED,COMMIT_ADVANCE,5,HARD_LOCK,False,OK,
p2_dev,20260812,5ea24037c2d9cb6a,F0050,F0050-P03,onion,,VIEWED,ACCEPT,0,FLEXIBLE,True,OK,phase-1 accepted; entered lifecycle
p2_dev,20260812,5ea24037c2d9cb6a,F0050,F0050-P03,onion,VIEWED,TENTATIVE_ACCEPT,ACCEPT,1,SOFT_LOCK,True,OK,
p2_dev,20260812,5ea24037c2d9cb6a,F0050,F0050-P03,onion,TENTATIVE_ACCEPT,CONFIRMED,COMMIT_ADVANCE,2,SOFT_LOCK,True,OK,
p2_dev,20260812,5ea24037c2d9cb6a,F0050,F0050-P03,onion,CONFIRMED,INPUTS_PURCHASED,COMMIT_ADVANCE,3,SOFT_LOCK,True,OK,
p2_dev,20260812,5ea24037c2d9cb6a,F0050,F0050-P03,onion,INPUTS_PURCHASED,LAND_PREPARED,COMMIT_ADVANCE,4,SOFT_LOCK,True,OK,
p2_dev,20260812,5ea24037c2d9cb6a,F0050,F0050-P03,onion,LAND_PREPARED,PLANTED,COMMIT_ADVANCE,5,HARD_LOCK,False,OK,
p2_dev,20260812,5ea24037c2d9cb6a,F0051,F0051-P01,sorghum,,VIEWED,REJECT,0,FLEXIBLE,True,REJECTED_TERMINAL,phase-1 rejected; never enters commitment ladder
p2_dev,20260812,5ea24037c2d9cb6a,F0055,F0055-P01,sorghum,,VIEWED,ACCEPT,0,FLEXIBLE,True,OK,phase-1 accepted; entered lifecycle
p2_dev,20260812,5ea24037c2d9cb6a,F0055,F0055-P01,sorghum,VIEWED,TENTATIVE_ACCEPT,ACCEPT,1,SOFT_LOCK,True,OK,
p2_dev,20260812,5ea24037c2d9cb6a,F0055,F0055-P01,sorghum,TENTATIVE_ACCEPT,CONFIRMED,COMMIT_ADVANCE,2,SOFT_LOCK,True,OK,
p2_dev,20260812,5ea24037c2d9cb6a,F0055,F0055-P01,sorghum,CONFIRMED,INPUTS_PURCHASED,COMMIT_ADVANCE,3,SOFT_LOCK,True,OK,
p2_dev,20260812,5ea24037c2d9cb6a,F0055,F0055-P01,sorghum,INPUTS_PURCHASED,LAND_PREPARED,COMMIT_ADVANCE,4,SOFT_LOCK,True,OK,
p2_dev,20260812,5ea24037c2d9cb6a,F0055,F0055-P01,sorghum,LAND_PREPARED,PLANTED,COMMIT_ADVANCE,5,HARD_LOCK,False,OK,
p2_dev,20260812,5ea24037c2d9cb6a,F0056,F0056-P02,rice,,VIEWED,ACCEPT,0,FLEXIBLE,True,OK,phase-1 accepted; entered lifecycle
p2_dev,20260812,5ea24037c2d9cb6a,F0056,F0056-P02,rice,VIEWED,TENTATIVE_ACCEPT,ACCEPT,1,SOFT_LOCK,True,OK,
p2_dev,20260812,5ea24037c2d9cb6a,F0056,F0056-P02,rice,TENTATIVE_ACCEPT,CONFIRMED,COMMIT_ADVANCE,2,SOFT_LOCK,True,OK,
p2_dev,20260812,5ea24037c2d9cb6a,F0056,F0056-P02,rice,CONFIRMED,INPUTS_PURCHASED,COMMIT_ADVANCE,3,SOFT_LOCK,True,OK,
p2_dev,20260812,5ea24037c2d9cb6a,F0056,F0056-P02,rice,INPUTS_PURCHASED,LAND_PREPARED,COMMIT_ADVANCE,4,SOFT_LOCK,True,OK,
p2_dev,20260812,5ea24037c2d9cb6a,F0056,F0056-P02,rice,LAND_PREPARED,PLANTED,COMMIT_ADVANCE,5,HARD_LOCK,False,OK,
p2_dev,20260812,5ea24037c2d9cb6a,F0062,F0062-P01,sorghum,,VIEWED,ACCEPT,0,FLEXIBLE,True,OK,phase-1 accepted; entered lifecycle
p2_dev,20260812,5ea24037c2d9cb6a,F0062,F0062-P01,sorghum,VIEWED,TENTATIVE_ACCEPT,ACCEPT,1,SOFT_LOCK,True,OK,
p2_dev,20260812,5ea24037c2d9cb6a,F0062,F0062-P01,sorghum,TENTATIVE_ACCEPT,CONFIRMED,COMMIT_ADVANCE,2,SOFT_LOCK,True,OK,
p2_dev,20260812,5ea24037c2d9cb6a,F0062,F0062-P01,sorghum,CONFIRMED,INPUTS_PURCHASED,COMMIT_ADVANCE,3,SOFT_LOCK,True,OK,
p2_dev,20260812,5ea24037c2d9cb6a,F0062,F0062-P01,sorghum,INPUTS_PURCHASED,LAND_PREPARED,COMMIT_ADVANCE,4,SOFT_LOCK,True,OK,
p2_dev,20260812,5ea24037c2d9cb6a,F0062,F0062-P01,sorghum,LAND_PREPARED,PLANTED,COMMIT_ADVANCE,5,HARD_LOCK,False,OK,
p2_dev,20260812,5ea24037c2d9cb6a,F0064,F0064-P01,rice,,VIEWED,ACCEPT,0,FLEXIBLE,True,OK,phase-1 accepted; entered lifecycle
p2_dev,20260812,5ea24037c2d9cb6a,F0064,F0064-P01,rice,VIEWED,TENTATIVE_ACCEPT,ACCEPT,1,SOFT_LOCK,True,OK,
p2_dev,20260812,5ea24037c2d9cb6a,F0064,F0064-P01,rice,TENTATIVE_ACCEPT,CONFIRMED,COMMIT_ADVANCE,2,SOFT_LOCK,True,OK,
p2_dev,20260812,5ea24037c2d9cb6a,F0064,F0064-P01,rice,CONFIRMED,INPUTS_PURCHASED,COMMIT_ADVANCE,3,SOFT_LOCK,True,OK,
p2_dev,20260812,5ea24037c2d9cb6a,F0064,F0064-P01,rice,INPUTS_PURCHASED,LAND_PREPARED,COMMIT_ADVANCE,4,SOFT_LOCK,True,OK,
p2_dev,20260812,5ea24037c2d9cb6a,F0064,F0064-P01,rice,LAND_PREPARED,PLANTED,COMMIT_ADVANCE,5,HARD_LOCK,False,OK,
p2_dev,20260812,5ea24037c2d9cb6a,F0064,F0064-P02,rice,,VIEWED,ACCEPT,0,FLEXIBLE,True,OK,phase-1 accepted; entered lifecycle
p2_dev,20260812,5ea24037c2d9cb6a,F0064,F0064-P02,rice,VIEWED,TENTATIVE_ACCEPT,ACCEPT,1,SOFT_LOCK,True,OK,
p2_dev,20260812,5ea24037c2d9cb6a,F0064,F0064-P02,rice,TENTATIVE_ACCEPT,CONFIRMED,COMMIT_ADVANCE,2,SOFT_LOCK,True,OK,
p2_dev,20260812,5ea24037c2d9cb6a,F0064,F0064-P02,rice,CONFIRMED,INPUTS_PURCHASED,COMMIT_ADVANCE,3,SOFT_LOCK,True,OK,
p2_dev,20260812,5ea24037c2d9cb6a,F0064,F0064-P02,rice,INPUTS_PURCHASED,LAND_PREPARED,COMMIT_ADVANCE,4,SOFT_LOCK,True,OK,
p2_dev,20260812,5ea24037c2d9cb6a,F0064,F0064-P02,rice,LAND_PREPARED,PLANTED,COMMIT_ADVANCE,5,HARD_LOCK,False,OK,
p2_dev,20260812,5ea24037c2d9cb6a,F0066,F0066-P01,rice,,VIEWED,ACCEPT,0,FLEXIBLE,True,OK,phase-1 accepted; entered lifecycle
p2_dev,20260812,5ea24037c2d9cb6a,F0066,F0066-P01,rice,VIEWED,TENTATIVE_ACCEPT,ACCEPT,1,SOFT_LOCK,True,OK,
p2_dev,20260812,5ea24037c2d9cb6a,F0066,F0066-P01,rice,TENTATIVE_ACCEPT,CONFIRMED,COMMIT_ADVANCE,2,SOFT_LOCK,True,OK,
p2_dev,20260812,5ea24037c2d9cb6a,F0066,F0066-P01,rice,CONFIRMED,INPUTS_PURCHASED,COMMIT_ADVANCE,3,SOFT_LOCK,True,OK,
p2_dev,20260812,5ea24037c2d9cb6a,F0066,F0066-P01,rice,INPUTS_PURCHASED,LAND_PREPARED,COMMIT_ADVANCE,4,SOFT_LOCK,True,OK,
p2_dev,20260812,5ea24037c2d9cb6a,F0066,F0066-P01,rice,LAND_PREPARED,PLANTED,COMMIT_ADVANCE,5,HARD_LOCK,False,OK,
p2_dev,20260812,5ea24037c2d9cb6a,F0068,F0068-P01,onion,,VIEWED,ACCEPT,0,FLEXIBLE,True,OK,phase-1 accepted; entered lifecycle
p2_dev,20260812,5ea24037c2d9cb6a,F0068,F0068-P01,onion,VIEWED,TENTATIVE_ACCEPT,ACCEPT,1,SOFT_LOCK,True,OK,
p2_dev,20260812,5ea24037c2d9cb6a,F0068,F0068-P01,onion,TENTATIVE_ACCEPT,CONFIRMED,COMMIT_ADVANCE,2,SOFT_LOCK,True,OK,
p2_dev,20260812,5ea24037c2d9cb6a,F0068,F0068-P01,onion,CONFIRMED,INPUTS_PURCHASED,COMMIT_ADVANCE,3,SOFT_LOCK,True,OK,
p2_dev,20260812,5ea24037c2d9cb6a,F0068,F0068-P01,onion,INPUTS_PURCHASED,LAND_PREPARED,COMMIT_ADVANCE,4,SOFT_LOCK,True,OK,
p2_dev,20260812,5ea24037c2d9cb6a,F0068,F0068-P01,onion,LAND_PREPARED,PLANTED,COMMIT_ADVANCE,5,HARD_LOCK,False,OK,
p2_dev,20260812,5ea24037c2d9cb6a,F0068,F0068-P02,sorghum,,VIEWED,ACCEPT,0,FLEXIBLE,True,OK,phase-1 accepted; entered lifecycle
p2_dev,20260812,5ea24037c2d9cb6a,F0068,F0068-P02,sorghum,VIEWED,TENTATIVE_ACCEPT,ACCEPT,1,SOFT_LOCK,True,OK,
p2_dev,20260812,5ea24037c2d9cb6a,F0068,F0068-P02,sorghum,TENTATIVE_ACCEPT,CONFIRMED,COMMIT_ADVANCE,2,SOFT_LOCK,True,OK,
p2_dev,20260812,5ea24037c2d9cb6a,F0068,F0068-P02,sorghum,CONFIRMED,INPUTS_PURCHASED,COMMIT_ADVANCE,3,SOFT_LOCK,True,OK,
p2_dev,20260812,5ea24037c2d9cb6a,F0068,F0068-P02,sorghum,INPUTS_PURCHASED,LAND_PREPARED,COMMIT_ADVANCE,4,SOFT_LOCK,True,OK,
p2_dev,20260812,5ea24037c2d9cb6a,F0068,F0068-P02,sorghum,LAND_PREPARED,PLANTED,COMMIT_ADVANCE,5,HARD_LOCK,False,OK,
p2_dev,20260812,5ea24037c2d9cb6a,F0068,F0068-P03,onion,,VIEWED,ACCEPT,0,FLEXIBLE,True,OK,phase-1 accepted; entered lifecycle
p2_dev,20260812,5ea24037c2d9cb6a,F0068,F0068-P03,onion,VIEWED,TENTATIVE_ACCEPT,ACCEPT,1,SOFT_LOCK,True,OK,
p2_dev,20260812,5ea24037c2d9cb6a,F0068,F0068-P03,onion,TENTATIVE_ACCEPT,CONFIRMED,COMMIT_ADVANCE,2,SOFT_LOCK,True,OK,
p2_dev,20260812,5ea24037c2d9cb6a,F0068,F0068-P03,onion,CONFIRMED,INPUTS_PURCHASED,COMMIT_ADVANCE,3,SOFT_LOCK,True,OK,
p2_dev,20260812,5ea24037c2d9cb6a,F0068,F0068-P03,onion,INPUTS_PURCHASED,LAND_PREPARED,COMMIT_ADVANCE,4,SOFT_LOCK,True,OK,
p2_dev,20260812,5ea24037c2d9cb6a,F0068,F0068-P03,onion,LAND_PREPARED,PLANTED,COMMIT_ADVANCE,5,HARD_LOCK,False,OK,
p2_dev,20260812,5ea24037c2d9cb6a,F0070,F0070-P01,maize,,VIEWED,ACCEPT,0,FLEXIBLE,True,OK,phase-1 accepted; entered lifecycle
p2_dev,20260812,5ea24037c2d9cb6a,F0070,F0070-P01,maize,VIEWED,TENTATIVE_ACCEPT,ACCEPT,1,SOFT_LOCK,True,OK,
p2_dev,20260812,5ea24037c2d9cb6a,F0070,F0070-P01,maize,TENTATIVE_ACCEPT,CONFIRMED,COMMIT_ADVANCE,2,SOFT_LOCK,True,OK,
p2_dev,20260812,5ea24037c2d9cb6a,F0070,F0070-P01,maize,CONFIRMED,INPUTS_PURCHASED,COMMIT_ADVANCE,3,SOFT_LOCK,True,OK,
p2_dev,20260812,5ea24037c2d9cb6a,F0070,F0070-P01,maize,INPUTS_PURCHASED,LAND_PREPARED,COMMIT_ADVANCE,4,SOFT_LOCK,True,OK,
p2_dev,20260812,5ea24037c2d9cb6a,F0070,F0070-P01,maize,LAND_PREPARED,PLANTED,COMMIT_ADVANCE,5,HARD_LOCK,False,OK,
p2_dev,20260812,5ea24037c2d9cb6a,F0071,F0071-P01,maize,,VIEWED,ACCEPT,0,FLEXIBLE,True,OK,phase-1 accepted; entered lifecycle
p2_dev,20260812,5ea24037c2d9cb6a,F0071,F0071-P01,maize,VIEWED,TENTATIVE_ACCEPT,ACCEPT,1,SOFT_LOCK,True,OK,
p2_dev,20260812,5ea24037c2d9cb6a,F0071,F0071-P01,maize,TENTATIVE_ACCEPT,CONFIRMED,COMMIT_ADVANCE,2,SOFT_LOCK,True,OK,
p2_dev,20260812,5ea24037c2d9cb6a,F0071,F0071-P01,maize,CONFIRMED,INPUTS_PURCHASED,COMMIT_ADVANCE,3,SOFT_LOCK,True,OK,
p2_dev,20260812,5ea24037c2d9cb6a,F0071,F0071-P01,maize,INPUTS_PURCHASED,LAND_PREPARED,COMMIT_ADVANCE,4,SOFT_LOCK,True,OK,
p2_dev,20260812,5ea24037c2d9cb6a,F0071,F0071-P01,maize,LAND_PREPARED,PLANTED,COMMIT_ADVANCE,5,HARD_LOCK,False,OK,
p2_dev,20260812,5ea24037c2d9cb6a,F0072,F0072-P02,maize,,VIEWED,ACCEPT,0,FLEXIBLE,True,OK,phase-1 accepted; entered lifecycle
p2_dev,20260812,5ea24037c2d9cb6a,F0072,F0072-P02,maize,VIEWED,TENTATIVE_ACCEPT,ACCEPT,1,SOFT_LOCK,True,OK,
p2_dev,20260812,5ea24037c2d9cb6a,F0072,F0072-P02,maize,TENTATIVE_ACCEPT,CONFIRMED,COMMIT_ADVANCE,2,SOFT_LOCK,True,OK,
p2_dev,20260812,5ea24037c2d9cb6a,F0072,F0072-P02,maize,CONFIRMED,INPUTS_PURCHASED,COMMIT_ADVANCE,3,SOFT_LOCK,True,OK,
p2_dev,20260812,5ea24037c2d9cb6a,F0072,F0072-P02,maize,INPUTS_PURCHASED,LAND_PREPARED,COMMIT_ADVANCE,4,SOFT_LOCK,True,OK,
p2_dev,20260812,5ea24037c2d9cb6a,F0072,F0072-P02,maize,LAND_PREPARED,PLANTED,COMMIT_ADVANCE,5,HARD_LOCK,False,OK,
p2_dev,20260812,5ea24037c2d9cb6a,F0074,F0074-P01,rice,,VIEWED,ACCEPT,0,FLEXIBLE,True,OK,phase-1 accepted; entered lifecycle
p2_dev,20260812,5ea24037c2d9cb6a,F0074,F0074-P01,rice,VIEWED,TENTATIVE_ACCEPT,ACCEPT,1,SOFT_LOCK,True,OK,
p2_dev,20260812,5ea24037c2d9cb6a,F0074,F0074-P01,rice,TENTATIVE_ACCEPT,CONFIRMED,COMMIT_ADVANCE,2,SOFT_LOCK,True,OK,
p2_dev,20260812,5ea24037c2d9cb6a,F0074,F0074-P01,rice,CONFIRMED,INPUTS_PURCHASED,COMMIT_ADVANCE,3,SOFT_LOCK,True,OK,
p2_dev,20260812,5ea24037c2d9cb6a,F0074,F0074-P01,rice,INPUTS_PURCHASED,LAND_PREPARED,COMMIT_ADVANCE,4,SOFT_LOCK,True,OK,
p2_dev,20260812,5ea24037c2d9cb6a,F0074,F0074-P01,rice,LAND_PREPARED,PLANTED,COMMIT_ADVANCE,5,HARD_LOCK,False,OK,
p2_dev,20260812,5ea24037c2d9cb6a,F0074,F0074-P02,rice,,VIEWED,ACCEPT,0,FLEXIBLE,True,OK,phase-1 accepted; entered lifecycle
p2_dev,20260812,5ea24037c2d9cb6a,F0074,F0074-P02,rice,VIEWED,TENTATIVE_ACCEPT,ACCEPT,1,SOFT_LOCK,True,OK,
p2_dev,20260812,5ea24037c2d9cb6a,F0074,F0074-P02,rice,TENTATIVE_ACCEPT,CONFIRMED,COMMIT_ADVANCE,2,SOFT_LOCK,True,OK,
p2_dev,20260812,5ea24037c2d9cb6a,F0074,F0074-P02,rice,CONFIRMED,INPUTS_PURCHASED,COMMIT_ADVANCE,3,SOFT_LOCK,True,OK,
p2_dev,20260812,5ea24037c2d9cb6a,F0074,F0074-P02,rice,INPUTS_PURCHASED,LAND_PREPARED,COMMIT_ADVANCE,4,SOFT_LOCK,True,OK,
p2_dev,20260812,5ea24037c2d9cb6a,F0074,F0074-P02,rice,LAND_PREPARED,PLANTED,COMMIT_ADVANCE,5,HARD_LOCK,False,OK,
p2_dev,20260812,5ea24037c2d9cb6a,F0077,F0077-P01,maize,,VIEWED,ACCEPT,0,FLEXIBLE,True,OK,phase-1 accepted; entered lifecycle
p2_dev,20260812,5ea24037c2d9cb6a,F0077,F0077-P01,maize,VIEWED,TENTATIVE_ACCEPT,ACCEPT,1,SOFT_LOCK,True,OK,
p2_dev,20260812,5ea24037c2d9cb6a,F0077,F0077-P01,maize,TENTATIVE_ACCEPT,CONFIRMED,COMMIT_ADVANCE,2,SOFT_LOCK,True,OK,
p2_dev,20260812,5ea24037c2d9cb6a,F0077,F0077-P01,maize,CONFIRMED,INPUTS_PURCHASED,COMMIT_ADVANCE,3,SOFT_LOCK,True,OK,
p2_dev,20260812,5ea24037c2d9cb6a,F0077,F0077-P01,maize,INPUTS_PURCHASED,LAND_PREPARED,COMMIT_ADVANCE,4,SOFT_LOCK,True,OK,
p2_dev,20260812,5ea24037c2d9cb6a,F0077,F0077-P01,maize,LAND_PREPARED,PLANTED,COMMIT_ADVANCE,5,HARD_LOCK,False,OK,
p2_dev,20260812,5ea24037c2d9cb6a,F0078,F0078-P01,maize,,VIEWED,ACCEPT,0,FLEXIBLE,True,OK,phase-1 accepted; entered lifecycle
p2_dev,20260812,5ea24037c2d9cb6a,F0078,F0078-P01,maize,VIEWED,TENTATIVE_ACCEPT,ACCEPT,1,SOFT_LOCK,True,OK,
p2_dev,20260812,5ea24037c2d9cb6a,F0078,F0078-P01,maize,TENTATIVE_ACCEPT,CONFIRMED,COMMIT_ADVANCE,2,SOFT_LOCK,True,OK,
p2_dev,20260812,5ea24037c2d9cb6a,F0078,F0078-P01,maize,CONFIRMED,INPUTS_PURCHASED,COMMIT_ADVANCE,3,SOFT_LOCK,True,OK,
p2_dev,20260812,5ea24037c2d9cb6a,F0078,F0078-P01,maize,INPUTS_PURCHASED,LAND_PREPARED,COMMIT_ADVANCE,4,SOFT_LOCK,True,OK,
p2_dev,20260812,5ea24037c2d9cb6a,F0078,F0078-P01,maize,LAND_PREPARED,PLANTED,COMMIT_ADVANCE,5,HARD_LOCK,False,OK,
p2_dev,20260812,5ea24037c2d9cb6a,F0078,F0078-P02,maize,,VIEWED,ACCEPT,0,FLEXIBLE,True,OK,phase-1 accepted; entered lifecycle
p2_dev,20260812,5ea24037c2d9cb6a,F0078,F0078-P02,maize,VIEWED,TENTATIVE_ACCEPT,ACCEPT,1,SOFT_LOCK,True,OK,
p2_dev,20260812,5ea24037c2d9cb6a,F0078,F0078-P02,maize,TENTATIVE_ACCEPT,CONFIRMED,COMMIT_ADVANCE,2,SOFT_LOCK,True,OK,
p2_dev,20260812,5ea24037c2d9cb6a,F0078,F0078-P02,maize,CONFIRMED,INPUTS_PURCHASED,COMMIT_ADVANCE,3,SOFT_LOCK,True,OK,
p2_dev,20260812,5ea24037c2d9cb6a,F0078,F0078-P02,maize,INPUTS_PURCHASED,LAND_PREPARED,COMMIT_ADVANCE,4,SOFT_LOCK,True,OK,
p2_dev,20260812,5ea24037c2d9cb6a,F0078,F0078-P02,maize,LAND_PREPARED,PLANTED,COMMIT_ADVANCE,5,HARD_LOCK,False,OK,
p2_dev,20260812,5ea24037c2d9cb6a,F0078,F0078-P03,maize,,VIEWED,ACCEPT,0,FLEXIBLE,True,OK,phase-1 accepted; entered lifecycle
p2_dev,20260812,5ea24037c2d9cb6a,F0078,F0078-P03,maize,VIEWED,TENTATIVE_ACCEPT,ACCEPT,1,SOFT_LOCK,True,OK,
p2_dev,20260812,5ea24037c2d9cb6a,F0078,F0078-P03,maize,TENTATIVE_ACCEPT,CONFIRMED,COMMIT_ADVANCE,2,SOFT_LOCK,True,OK,
p2_dev,20260812,5ea24037c2d9cb6a,F0078,F0078-P03,maize,CONFIRMED,INPUTS_PURCHASED,COMMIT_ADVANCE,3,SOFT_LOCK,True,OK,
p2_dev,20260812,5ea24037c2d9cb6a,F0078,F0078-P03,maize,INPUTS_PURCHASED,LAND_PREPARED,COMMIT_ADVANCE,4,SOFT_LOCK,True,OK,
p2_dev,20260812,5ea24037c2d9cb6a,F0078,F0078-P03,maize,LAND_PREPARED,PLANTED,COMMIT_ADVANCE,5,HARD_LOCK,False,OK,
p2_dev,20260812,5ea24037c2d9cb6a,F0079,F0079-P02,onion,,VIEWED,ACCEPT,0,FLEXIBLE,True,OK,phase-1 accepted; entered lifecycle
p2_dev,20260812,5ea24037c2d9cb6a,F0079,F0079-P02,onion,VIEWED,TENTATIVE_ACCEPT,ACCEPT,1,SOFT_LOCK,True,OK,
p2_dev,20260812,5ea24037c2d9cb6a,F0079,F0079-P02,onion,TENTATIVE_ACCEPT,CONFIRMED,COMMIT_ADVANCE,2,SOFT_LOCK,True,OK,
p2_dev,20260812,5ea24037c2d9cb6a,F0079,F0079-P02,onion,CONFIRMED,INPUTS_PURCHASED,COMMIT_ADVANCE,3,SOFT_LOCK,True,OK,
p2_dev,20260812,5ea24037c2d9cb6a,F0079,F0079-P02,onion,INPUTS_PURCHASED,LAND_PREPARED,COMMIT_ADVANCE,4,SOFT_LOCK,True,OK,
p2_dev,20260812,5ea24037c2d9cb6a,F0079,F0079-P02,onion,LAND_PREPARED,PLANTED,COMMIT_ADVANCE,5,HARD_LOCK,False,OK,
p2_dev,20260812,5ea24037c2d9cb6a,F0080,F0080-P01,onion,,VIEWED,ACCEPT,0,FLEXIBLE,True,OK,phase-1 accepted; entered lifecycle
p2_dev,20260812,5ea24037c2d9cb6a,F0080,F0080-P01,onion,VIEWED,TENTATIVE_ACCEPT,ACCEPT,1,SOFT_LOCK,True,OK,
p2_dev,20260812,5ea24037c2d9cb6a,F0080,F0080-P01,onion,TENTATIVE_ACCEPT,CONFIRMED,COMMIT_ADVANCE,2,SOFT_LOCK,True,OK,
p2_dev,20260812,5ea24037c2d9cb6a,F0080,F0080-P01,onion,CONFIRMED,INPUTS_PURCHASED,COMMIT_ADVANCE,3,SOFT_LOCK,True,OK,
p2_dev,20260812,5ea24037c2d9cb6a,F0080,F0080-P01,onion,INPUTS_PURCHASED,LAND_PREPARED,COMMIT_ADVANCE,4,SOFT_LOCK,True,OK,
p2_dev,20260812,5ea24037c2d9cb6a,F0080,F0080-P01,onion,LAND_PREPARED,PLANTED,COMMIT_ADVANCE,5,HARD_LOCK,False,OK,
p2_dev,20260812,5ea24037c2d9cb6a,F0080,F0080-P02,soybean,,VIEWED,ACCEPT,0,FLEXIBLE,True,OK,phase-1 accepted; entered lifecycle
p2_dev,20260812,5ea24037c2d9cb6a,F0080,F0080-P02,soybean,VIEWED,TENTATIVE_ACCEPT,ACCEPT,1,SOFT_LOCK,True,OK,
p2_dev,20260812,5ea24037c2d9cb6a,F0080,F0080-P02,soybean,TENTATIVE_ACCEPT,CONFIRMED,COMMIT_ADVANCE,2,SOFT_LOCK,True,OK,
p2_dev,20260812,5ea24037c2d9cb6a,F0080,F0080-P02,soybean,CONFIRMED,INPUTS_PURCHASED,COMMIT_ADVANCE,3,SOFT_LOCK,True,OK,
p2_dev,20260812,5ea24037c2d9cb6a,F0080,F0080-P02,soybean,INPUTS_PURCHASED,LAND_PREPARED,COMMIT_ADVANCE,4,SOFT_LOCK,True,OK,
p2_dev,20260812,5ea24037c2d9cb6a,F0080,F0080-P02,soybean,LAND_PREPARED,PLANTED,COMMIT_ADVANCE,5,HARD_LOCK,False,OK,
p2_dev,20260812,5ea24037c2d9cb6a,F0082,F0082-P01,pigeon_pea,,VIEWED,ACCEPT,0,FLEXIBLE,True,OK,phase-1 accepted; entered lifecycle
p2_dev,20260812,5ea24037c2d9cb6a,F0082,F0082-P01,pigeon_pea,VIEWED,TENTATIVE_ACCEPT,ACCEPT,1,SOFT_LOCK,True,OK,
p2_dev,20260812,5ea24037c2d9cb6a,F0082,F0082-P01,pigeon_pea,TENTATIVE_ACCEPT,CONFIRMED,COMMIT_ADVANCE,2,SOFT_LOCK,True,OK,
p2_dev,20260812,5ea24037c2d9cb6a,F0082,F0082-P01,pigeon_pea,CONFIRMED,INPUTS_PURCHASED,COMMIT_ADVANCE,3,SOFT_LOCK,True,OK,
p2_dev,20260812,5ea24037c2d9cb6a,F0082,F0082-P01,pigeon_pea,INPUTS_PURCHASED,LAND_PREPARED,COMMIT_ADVANCE,4,SOFT_LOCK,True,OK,
p2_dev,20260812,5ea24037c2d9cb6a,F0082,F0082-P01,pigeon_pea,LAND_PREPARED,PLANTED,COMMIT_ADVANCE,5,HARD_LOCK,False,OK,
p2_dev,20260812,5ea24037c2d9cb6a,F0082,F0082-P02,maize,,VIEWED,ACCEPT,0,FLEXIBLE,True,OK,phase-1 accepted; entered lifecycle
p2_dev,20260812,5ea24037c2d9cb6a,F0082,F0082-P02,maize,VIEWED,TENTATIVE_ACCEPT,ACCEPT,1,SOFT_LOCK,True,OK,
p2_dev,20260812,5ea24037c2d9cb6a,F0082,F0082-P02,maize,TENTATIVE_ACCEPT,CONFIRMED,COMMIT_ADVANCE,2,SOFT_LOCK,True,OK,
p2_dev,20260812,5ea24037c2d9cb6a,F0082,F0082-P02,maize,CONFIRMED,INPUTS_PURCHASED,COMMIT_ADVANCE,3,SOFT_LOCK,True,OK,
p2_dev,20260812,5ea24037c2d9cb6a,F0082,F0082-P02,maize,INPUTS_PURCHASED,LAND_PREPARED,COMMIT_ADVANCE,4,SOFT_LOCK,True,OK,
p2_dev,20260812,5ea24037c2d9cb6a,F0082,F0082-P02,maize,LAND_PREPARED,PLANTED,COMMIT_ADVANCE,5,HARD_LOCK,False,OK,
p2_dev,20260812,5ea24037c2d9cb6a,F0083,F0083-P01,rice,,VIEWED,ACCEPT,0,FLEXIBLE,True,OK,phase-1 accepted; entered lifecycle
p2_dev,20260812,5ea24037c2d9cb6a,F0083,F0083-P01,rice,VIEWED,TENTATIVE_ACCEPT,ACCEPT,1,SOFT_LOCK,True,OK,
p2_dev,20260812,5ea24037c2d9cb6a,F0083,F0083-P01,rice,TENTATIVE_ACCEPT,CONFIRMED,COMMIT_ADVANCE,2,SOFT_LOCK,True,OK,
p2_dev,20260812,5ea24037c2d9cb6a,F0083,F0083-P01,rice,CONFIRMED,INPUTS_PURCHASED,COMMIT_ADVANCE,3,SOFT_LOCK,True,OK,
p2_dev,20260812,5ea24037c2d9cb6a,F0083,F0083-P01,rice,INPUTS_PURCHASED,LAND_PREPARED,COMMIT_ADVANCE,4,SOFT_LOCK,True,OK,
p2_dev,20260812,5ea24037c2d9cb6a,F0083,F0083-P01,rice,LAND_PREPARED,PLANTED,COMMIT_ADVANCE,5,HARD_LOCK,False,OK,
p2_dev,20260812,5ea24037c2d9cb6a,F0084,F0084-P01,maize,,VIEWED,ACCEPT,0,FLEXIBLE,True,OK,phase-1 accepted; entered lifecycle
p2_dev,20260812,5ea24037c2d9cb6a,F0084,F0084-P01,maize,VIEWED,TENTATIVE_ACCEPT,ACCEPT,1,SOFT_LOCK,True,OK,
p2_dev,20260812,5ea24037c2d9cb6a,F0084,F0084-P01,maize,TENTATIVE_ACCEPT,CONFIRMED,COMMIT_ADVANCE,2,SOFT_LOCK,True,OK,
p2_dev,20260812,5ea24037c2d9cb6a,F0084,F0084-P01,maize,CONFIRMED,INPUTS_PURCHASED,COMMIT_ADVANCE,3,SOFT_LOCK,True,OK,
p2_dev,20260812,5ea24037c2d9cb6a,F0084,F0084-P01,maize,INPUTS_PURCHASED,LAND_PREPARED,COMMIT_ADVANCE,4,SOFT_LOCK,True,OK,
p2_dev,20260812,5ea24037c2d9cb6a,F0084,F0084-P01,maize,LAND_PREPARED,PLANTED,COMMIT_ADVANCE,5,HARD_LOCK,False,OK,
p2_dev,20260812,5ea24037c2d9cb6a,F0084,F0084-P02,maize,,VIEWED,ACCEPT,0,FLEXIBLE,True,OK,phase-1 accepted; entered lifecycle
p2_dev,20260812,5ea24037c2d9cb6a,F0084,F0084-P02,maize,VIEWED,TENTATIVE_ACCEPT,ACCEPT,1,SOFT_LOCK,True,OK,
p2_dev,20260812,5ea24037c2d9cb6a,F0084,F0084-P02,maize,TENTATIVE_ACCEPT,CONFIRMED,COMMIT_ADVANCE,2,SOFT_LOCK,True,OK,
p2_dev,20260812,5ea24037c2d9cb6a,F0084,F0084-P02,maize,CONFIRMED,INPUTS_PURCHASED,COMMIT_ADVANCE,3,SOFT_LOCK,True,OK,
p2_dev,20260812,5ea24037c2d9cb6a,F0084,F0084-P02,maize,INPUTS_PURCHASED,LAND_PREPARED,COMMIT_ADVANCE,4,SOFT_LOCK,True,OK,
p2_dev,20260812,5ea24037c2d9cb6a,F0084,F0084-P02,maize,LAND_PREPARED,PLANTED,COMMIT_ADVANCE,5,HARD_LOCK,False,OK,
p2_dev,20260812,5ea24037c2d9cb6a,F0085,F0085-P01,groundnut,,VIEWED,REJECT,0,FLEXIBLE,True,REJECTED_TERMINAL,phase-1 rejected; never enters commitment ladder
p2_dev,20260812,5ea24037c2d9cb6a,F0086,F0086-P02,maize,,VIEWED,ACCEPT,0,FLEXIBLE,True,OK,phase-1 accepted; entered lifecycle
p2_dev,20260812,5ea24037c2d9cb6a,F0086,F0086-P02,maize,VIEWED,TENTATIVE_ACCEPT,ACCEPT,1,SOFT_LOCK,True,OK,
p2_dev,20260812,5ea24037c2d9cb6a,F0086,F0086-P02,maize,TENTATIVE_ACCEPT,CONFIRMED,COMMIT_ADVANCE,2,SOFT_LOCK,True,OK,
p2_dev,20260812,5ea24037c2d9cb6a,F0086,F0086-P02,maize,CONFIRMED,INPUTS_PURCHASED,COMMIT_ADVANCE,3,SOFT_LOCK,True,OK,
p2_dev,20260812,5ea24037c2d9cb6a,F0086,F0086-P02,maize,INPUTS_PURCHASED,LAND_PREPARED,COMMIT_ADVANCE,4,SOFT_LOCK,True,OK,
p2_dev,20260812,5ea24037c2d9cb6a,F0086,F0086-P02,maize,LAND_PREPARED,PLANTED,COMMIT_ADVANCE,5,HARD_LOCK,False,OK,
p2_dev,20260812,5ea24037c2d9cb6a,F0089,F0089-P01,maize,,VIEWED,ACCEPT,0,FLEXIBLE,True,OK,phase-1 accepted; entered lifecycle
p2_dev,20260812,5ea24037c2d9cb6a,F0089,F0089-P01,maize,VIEWED,TENTATIVE_ACCEPT,ACCEPT,1,SOFT_LOCK,True,OK,
p2_dev,20260812,5ea24037c2d9cb6a,F0089,F0089-P01,maize,TENTATIVE_ACCEPT,CONFIRMED,COMMIT_ADVANCE,2,SOFT_LOCK,True,OK,
p2_dev,20260812,5ea24037c2d9cb6a,F0089,F0089-P01,maize,CONFIRMED,INPUTS_PURCHASED,COMMIT_ADVANCE,3,SOFT_LOCK,True,OK,
p2_dev,20260812,5ea24037c2d9cb6a,F0089,F0089-P01,maize,INPUTS_PURCHASED,LAND_PREPARED,COMMIT_ADVANCE,4,SOFT_LOCK,True,OK,
p2_dev,20260812,5ea24037c2d9cb6a,F0089,F0089-P01,maize,LAND_PREPARED,PLANTED,COMMIT_ADVANCE,5,HARD_LOCK,False,OK,
p2_dev,20260812,5ea24037c2d9cb6a,F0090,F0090-P01,rice,,VIEWED,ACCEPT,0,FLEXIBLE,True,OK,phase-1 accepted; entered lifecycle
p2_dev,20260812,5ea24037c2d9cb6a,F0090,F0090-P01,rice,VIEWED,TENTATIVE_ACCEPT,ACCEPT,1,SOFT_LOCK,True,OK,
p2_dev,20260812,5ea24037c2d9cb6a,F0090,F0090-P01,rice,TENTATIVE_ACCEPT,CONFIRMED,COMMIT_ADVANCE,2,SOFT_LOCK,True,OK,
p2_dev,20260812,5ea24037c2d9cb6a,F0090,F0090-P01,rice,CONFIRMED,INPUTS_PURCHASED,COMMIT_ADVANCE,3,SOFT_LOCK,True,OK,
p2_dev,20260812,5ea24037c2d9cb6a,F0090,F0090-P01,rice,INPUTS_PURCHASED,LAND_PREPARED,COMMIT_ADVANCE,4,SOFT_LOCK,True,OK,
p2_dev,20260812,5ea24037c2d9cb6a,F0090,F0090-P01,rice,LAND_PREPARED,PLANTED,COMMIT_ADVANCE,5,HARD_LOCK,False,OK,
p2_dev,20260812,5ea24037c2d9cb6a,F0090,F0090-P02,rice,,VIEWED,ACCEPT,0,FLEXIBLE,True,OK,phase-1 accepted; entered lifecycle
p2_dev,20260812,5ea24037c2d9cb6a,F0090,F0090-P02,rice,VIEWED,TENTATIVE_ACCEPT,ACCEPT,1,SOFT_LOCK,True,OK,
p2_dev,20260812,5ea24037c2d9cb6a,F0090,F0090-P02,rice,TENTATIVE_ACCEPT,CONFIRMED,COMMIT_ADVANCE,2,SOFT_LOCK,True,OK,
p2_dev,20260812,5ea24037c2d9cb6a,F0090,F0090-P02,rice,CONFIRMED,INPUTS_PURCHASED,COMMIT_ADVANCE,3,SOFT_LOCK,True,OK,
p2_dev,20260812,5ea24037c2d9cb6a,F0090,F0090-P02,rice,INPUTS_PURCHASED,LAND_PREPARED,COMMIT_ADVANCE,4,SOFT_LOCK,True,OK,
p2_dev,20260812,5ea24037c2d9cb6a,F0090,F0090-P02,rice,LAND_PREPARED,PLANTED,COMMIT_ADVANCE,5,HARD_LOCK,False,OK,
p2_dev,20260812,5ea24037c2d9cb6a,F0091,F0091-P01,soybean,,VIEWED,ACCEPT,0,FLEXIBLE,True,OK,phase-1 accepted; entered lifecycle
p2_dev,20260812,5ea24037c2d9cb6a,F0091,F0091-P01,soybean,VIEWED,TENTATIVE_ACCEPT,ACCEPT,1,SOFT_LOCK,True,OK,
p2_dev,20260812,5ea24037c2d9cb6a,F0091,F0091-P01,soybean,TENTATIVE_ACCEPT,CONFIRMED,COMMIT_ADVANCE,2,SOFT_LOCK,True,OK,
p2_dev,20260812,5ea24037c2d9cb6a,F0091,F0091-P01,soybean,CONFIRMED,INPUTS_PURCHASED,COMMIT_ADVANCE,3,SOFT_LOCK,True,OK,
p2_dev,20260812,5ea24037c2d9cb6a,F0091,F0091-P01,soybean,INPUTS_PURCHASED,LAND_PREPARED,COMMIT_ADVANCE,4,SOFT_LOCK,True,OK,
p2_dev,20260812,5ea24037c2d9cb6a,F0091,F0091-P01,soybean,LAND_PREPARED,PLANTED,COMMIT_ADVANCE,5,HARD_LOCK,False,OK,
p2_dev,20260812,5ea24037c2d9cb6a,F0092,F0092-P02,rice,,VIEWED,ACCEPT,0,FLEXIBLE,True,OK,phase-1 accepted; entered lifecycle
p2_dev,20260812,5ea24037c2d9cb6a,F0092,F0092-P02,rice,VIEWED,TENTATIVE_ACCEPT,ACCEPT,1,SOFT_LOCK,True,OK,
p2_dev,20260812,5ea24037c2d9cb6a,F0092,F0092-P02,rice,TENTATIVE_ACCEPT,CONFIRMED,COMMIT_ADVANCE,2,SOFT_LOCK,True,OK,
p2_dev,20260812,5ea24037c2d9cb6a,F0092,F0092-P02,rice,CONFIRMED,INPUTS_PURCHASED,COMMIT_ADVANCE,3,SOFT_LOCK,True,OK,
p2_dev,20260812,5ea24037c2d9cb6a,F0092,F0092-P02,rice,INPUTS_PURCHASED,LAND_PREPARED,COMMIT_ADVANCE,4,SOFT_LOCK,True,OK,
p2_dev,20260812,5ea24037c2d9cb6a,F0092,F0092-P02,rice,LAND_PREPARED,PLANTED,COMMIT_ADVANCE,5,HARD_LOCK,False,OK,
p2_dev,20260812,5ea24037c2d9cb6a,F0093,F0093-P01,maize,,VIEWED,ACCEPT,0,FLEXIBLE,True,OK,phase-1 accepted; entered lifecycle
p2_dev,20260812,5ea24037c2d9cb6a,F0093,F0093-P01,maize,VIEWED,TENTATIVE_ACCEPT,ACCEPT,1,SOFT_LOCK,True,OK,
p2_dev,20260812,5ea24037c2d9cb6a,F0093,F0093-P01,maize,TENTATIVE_ACCEPT,CONFIRMED,COMMIT_ADVANCE,2,SOFT_LOCK,True,OK,
p2_dev,20260812,5ea24037c2d9cb6a,F0093,F0093-P01,maize,CONFIRMED,INPUTS_PURCHASED,COMMIT_ADVANCE,3,SOFT_LOCK,True,OK,
p2_dev,20260812,5ea24037c2d9cb6a,F0093,F0093-P01,maize,INPUTS_PURCHASED,LAND_PREPARED,COMMIT_ADVANCE,4,SOFT_LOCK,True,OK,
p2_dev,20260812,5ea24037c2d9cb6a,F0093,F0093-P01,maize,LAND_PREPARED,PLANTED,COMMIT_ADVANCE,5,HARD_LOCK,False,OK,
p2_dev,20260812,5ea24037c2d9cb6a,F0094,F0094-P01,rice,,VIEWED,ACCEPT,0,FLEXIBLE,True,OK,phase-1 accepted; entered lifecycle
p2_dev,20260812,5ea24037c2d9cb6a,F0094,F0094-P01,rice,VIEWED,TENTATIVE_ACCEPT,ACCEPT,1,SOFT_LOCK,True,OK,
p2_dev,20260812,5ea24037c2d9cb6a,F0094,F0094-P01,rice,TENTATIVE_ACCEPT,CONFIRMED,COMMIT_ADVANCE,2,SOFT_LOCK,True,OK,
p2_dev,20260812,5ea24037c2d9cb6a,F0094,F0094-P01,rice,CONFIRMED,INPUTS_PURCHASED,COMMIT_ADVANCE,3,SOFT_LOCK,True,OK,
p2_dev,20260812,5ea24037c2d9cb6a,F0094,F0094-P01,rice,INPUTS_PURCHASED,LAND_PREPARED,COMMIT_ADVANCE,4,SOFT_LOCK,True,OK,
p2_dev,20260812,5ea24037c2d9cb6a,F0094,F0094-P01,rice,LAND_PREPARED,PLANTED,COMMIT_ADVANCE,5,HARD_LOCK,False,OK,
p2_dev,20260812,5ea24037c2d9cb6a,F0097,F0097-P02,soybean,,VIEWED,REJECT,0,FLEXIBLE,True,REJECTED_TERMINAL,phase-1 rejected; never enters commitment ladder
p2_dev,20260812,5ea24037c2d9cb6a,F0102,F0102-P01,rice,,VIEWED,ACCEPT,0,FLEXIBLE,True,OK,phase-1 accepted; entered lifecycle
p2_dev,20260812,5ea24037c2d9cb6a,F0102,F0102-P01,rice,VIEWED,TENTATIVE_ACCEPT,ACCEPT,1,SOFT_LOCK,True,OK,
p2_dev,20260812,5ea24037c2d9cb6a,F0102,F0102-P01,rice,TENTATIVE_ACCEPT,CONFIRMED,COMMIT_ADVANCE,2,SOFT_LOCK,True,OK,
p2_dev,20260812,5ea24037c2d9cb6a,F0102,F0102-P01,rice,CONFIRMED,INPUTS_PURCHASED,COMMIT_ADVANCE,3,SOFT_LOCK,True,OK,
p2_dev,20260812,5ea24037c2d9cb6a,F0102,F0102-P01,rice,INPUTS_PURCHASED,LAND_PREPARED,COMMIT_ADVANCE,4,SOFT_LOCK,True,OK,
p2_dev,20260812,5ea24037c2d9cb6a,F0102,F0102-P01,rice,LAND_PREPARED,PLANTED,COMMIT_ADVANCE,5,HARD_LOCK,False,OK,
p2_dev,20260812,5ea24037c2d9cb6a,F0103,F0103-P01,maize,,VIEWED,REJECT,0,FLEXIBLE,True,REJECTED_TERMINAL,phase-1 rejected; never enters commitment ladder
p2_dev,20260812,5ea24037c2d9cb6a,F0105,F0105-P04,soybean,,VIEWED,ACCEPT,0,FLEXIBLE,True,OK,phase-1 accepted; entered lifecycle
p2_dev,20260812,5ea24037c2d9cb6a,F0105,F0105-P04,soybean,VIEWED,TENTATIVE_ACCEPT,ACCEPT,1,SOFT_LOCK,True,OK,
p2_dev,20260812,5ea24037c2d9cb6a,F0105,F0105-P04,soybean,TENTATIVE_ACCEPT,CONFIRMED,COMMIT_ADVANCE,2,SOFT_LOCK,True,OK,
p2_dev,20260812,5ea24037c2d9cb6a,F0105,F0105-P04,soybean,CONFIRMED,INPUTS_PURCHASED,COMMIT_ADVANCE,3,SOFT_LOCK,True,OK,
p2_dev,20260812,5ea24037c2d9cb6a,F0105,F0105-P04,soybean,INPUTS_PURCHASED,LAND_PREPARED,COMMIT_ADVANCE,4,SOFT_LOCK,True,OK,
p2_dev,20260812,5ea24037c2d9cb6a,F0105,F0105-P04,soybean,LAND_PREPARED,PLANTED,COMMIT_ADVANCE,5,HARD_LOCK,False,OK,
p2_dev,20260812,5ea24037c2d9cb6a,F0106,F0106-P01,onion,,VIEWED,ACCEPT,0,FLEXIBLE,True,OK,phase-1 accepted; entered lifecycle
p2_dev,20260812,5ea24037c2d9cb6a,F0106,F0106-P01,onion,VIEWED,TENTATIVE_ACCEPT,ACCEPT,1,SOFT_LOCK,True,OK,
p2_dev,20260812,5ea24037c2d9cb6a,F0106,F0106-P01,onion,TENTATIVE_ACCEPT,CONFIRMED,COMMIT_ADVANCE,2,SOFT_LOCK,True,OK,
p2_dev,20260812,5ea24037c2d9cb6a,F0106,F0106-P01,onion,CONFIRMED,INPUTS_PURCHASED,COMMIT_ADVANCE,3,SOFT_LOCK,True,OK,
p2_dev,20260812,5ea24037c2d9cb6a,F0106,F0106-P01,onion,INPUTS_PURCHASED,LAND_PREPARED,COMMIT_ADVANCE,4,SOFT_LOCK,True,OK,
p2_dev,20260812,5ea24037c2d9cb6a,F0106,F0106-P01,onion,LAND_PREPARED,PLANTED,COMMIT_ADVANCE,5,HARD_LOCK,False,OK,
p2_dev,20260812,5ea24037c2d9cb6a,F0107,F0107-P02,maize,,VIEWED,ACCEPT,0,FLEXIBLE,True,OK,phase-1 accepted; entered lifecycle
p2_dev,20260812,5ea24037c2d9cb6a,F0107,F0107-P02,maize,VIEWED,TENTATIVE_ACCEPT,ACCEPT,1,SOFT_LOCK,True,OK,
p2_dev,20260812,5ea24037c2d9cb6a,F0107,F0107-P02,maize,TENTATIVE_ACCEPT,CONFIRMED,COMMIT_ADVANCE,2,SOFT_LOCK,True,OK,
p2_dev,20260812,5ea24037c2d9cb6a,F0107,F0107-P02,maize,CONFIRMED,INPUTS_PURCHASED,COMMIT_ADVANCE,3,SOFT_LOCK,True,OK,
p2_dev,20260812,5ea24037c2d9cb6a,F0107,F0107-P02,maize,INPUTS_PURCHASED,LAND_PREPARED,COMMIT_ADVANCE,4,SOFT_LOCK,True,OK,
p2_dev,20260812,5ea24037c2d9cb6a,F0107,F0107-P02,maize,LAND_PREPARED,PLANTED,COMMIT_ADVANCE,5,HARD_LOCK,False,OK,
p2_dev,20260812,5ea24037c2d9cb6a,F0108,F0108-P01,rice,,VIEWED,ACCEPT,0,FLEXIBLE,True,OK,phase-1 accepted; entered lifecycle
p2_dev,20260812,5ea24037c2d9cb6a,F0108,F0108-P01,rice,VIEWED,TENTATIVE_ACCEPT,ACCEPT,1,SOFT_LOCK,True,OK,
p2_dev,20260812,5ea24037c2d9cb6a,F0108,F0108-P01,rice,TENTATIVE_ACCEPT,CONFIRMED,COMMIT_ADVANCE,2,SOFT_LOCK,True,OK,
p2_dev,20260812,5ea24037c2d9cb6a,F0108,F0108-P01,rice,CONFIRMED,INPUTS_PURCHASED,COMMIT_ADVANCE,3,SOFT_LOCK,True,OK,
p2_dev,20260812,5ea24037c2d9cb6a,F0108,F0108-P01,rice,INPUTS_PURCHASED,LAND_PREPARED,COMMIT_ADVANCE,4,SOFT_LOCK,True,OK,
p2_dev,20260812,5ea24037c2d9cb6a,F0108,F0108-P01,rice,LAND_PREPARED,PLANTED,COMMIT_ADVANCE,5,HARD_LOCK,False,OK,
p2_dev,20260812,5ea24037c2d9cb6a,F0108,F0108-P03,rice,,VIEWED,ACCEPT,0,FLEXIBLE,True,OK,phase-1 accepted; entered lifecycle
p2_dev,20260812,5ea24037c2d9cb6a,F0108,F0108-P03,rice,VIEWED,TENTATIVE_ACCEPT,ACCEPT,1,SOFT_LOCK,True,OK,
p2_dev,20260812,5ea24037c2d9cb6a,F0108,F0108-P03,rice,TENTATIVE_ACCEPT,CONFIRMED,COMMIT_ADVANCE,2,SOFT_LOCK,True,OK,
p2_dev,20260812,5ea24037c2d9cb6a,F0108,F0108-P03,rice,CONFIRMED,INPUTS_PURCHASED,COMMIT_ADVANCE,3,SOFT_LOCK,True,OK,
p2_dev,20260812,5ea24037c2d9cb6a,F0108,F0108-P03,rice,INPUTS_PURCHASED,LAND_PREPARED,COMMIT_ADVANCE,4,SOFT_LOCK,True,OK,
p2_dev,20260812,5ea24037c2d9cb6a,F0108,F0108-P03,rice,LAND_PREPARED,PLANTED,COMMIT_ADVANCE,5,HARD_LOCK,False,OK,
p2_dev,20260812,5ea24037c2d9cb6a,F0109,F0109-P02,maize,,VIEWED,ACCEPT,0,FLEXIBLE,True,OK,phase-1 accepted; entered lifecycle
p2_dev,20260812,5ea24037c2d9cb6a,F0109,F0109-P02,maize,VIEWED,TENTATIVE_ACCEPT,ACCEPT,1,SOFT_LOCK,True,OK,
p2_dev,20260812,5ea24037c2d9cb6a,F0109,F0109-P02,maize,TENTATIVE_ACCEPT,CONFIRMED,COMMIT_ADVANCE,2,SOFT_LOCK,True,OK,
p2_dev,20260812,5ea24037c2d9cb6a,F0109,F0109-P02,maize,CONFIRMED,INPUTS_PURCHASED,COMMIT_ADVANCE,3,SOFT_LOCK,True,OK,
p2_dev,20260812,5ea24037c2d9cb6a,F0109,F0109-P02,maize,INPUTS_PURCHASED,LAND_PREPARED,COMMIT_ADVANCE,4,SOFT_LOCK,True,OK,
p2_dev,20260812,5ea24037c2d9cb6a,F0109,F0109-P02,maize,LAND_PREPARED,PLANTED,COMMIT_ADVANCE,5,HARD_LOCK,False,OK,
p2_dev,20260812,5ea24037c2d9cb6a,F0110,F0110-P01,sorghum,,VIEWED,REJECT,0,FLEXIBLE,True,REJECTED_TERMINAL,phase-1 rejected; never enters commitment ladder
p2_dev,20260812,5ea24037c2d9cb6a,F0110,F0110-P02,sorghum,,VIEWED,ACCEPT,0,FLEXIBLE,True,OK,phase-1 accepted; entered lifecycle
p2_dev,20260812,5ea24037c2d9cb6a,F0110,F0110-P02,sorghum,VIEWED,TENTATIVE_ACCEPT,ACCEPT,1,SOFT_LOCK,True,OK,
p2_dev,20260812,5ea24037c2d9cb6a,F0110,F0110-P02,sorghum,TENTATIVE_ACCEPT,CONFIRMED,COMMIT_ADVANCE,2,SOFT_LOCK,True,OK,
p2_dev,20260812,5ea24037c2d9cb6a,F0110,F0110-P02,sorghum,CONFIRMED,INPUTS_PURCHASED,COMMIT_ADVANCE,3,SOFT_LOCK,True,OK,
p2_dev,20260812,5ea24037c2d9cb6a,F0110,F0110-P02,sorghum,INPUTS_PURCHASED,LAND_PREPARED,COMMIT_ADVANCE,4,SOFT_LOCK,True,OK,
p2_dev,20260812,5ea24037c2d9cb6a,F0110,F0110-P02,sorghum,LAND_PREPARED,PLANTED,COMMIT_ADVANCE,5,HARD_LOCK,False,OK,
p2_dev,20260812,5ea24037c2d9cb6a,F0110,F0110-P03,sorghum,,VIEWED,ACCEPT,0,FLEXIBLE,True,OK,phase-1 accepted; entered lifecycle
p2_dev,20260812,5ea24037c2d9cb6a,F0110,F0110-P03,sorghum,VIEWED,TENTATIVE_ACCEPT,ACCEPT,1,SOFT_LOCK,True,OK,
p2_dev,20260812,5ea24037c2d9cb6a,F0110,F0110-P03,sorghum,TENTATIVE_ACCEPT,CONFIRMED,COMMIT_ADVANCE,2,SOFT_LOCK,True,OK,
p2_dev,20260812,5ea24037c2d9cb6a,F0110,F0110-P03,sorghum,CONFIRMED,INPUTS_PURCHASED,COMMIT_ADVANCE,3,SOFT_LOCK,True,OK,
p2_dev,20260812,5ea24037c2d9cb6a,F0110,F0110-P03,sorghum,INPUTS_PURCHASED,LAND_PREPARED,COMMIT_ADVANCE,4,SOFT_LOCK,True,OK,
p2_dev,20260812,5ea24037c2d9cb6a,F0110,F0110-P03,sorghum,LAND_PREPARED,PLANTED,COMMIT_ADVANCE,5,HARD_LOCK,False,OK,
p2_dev,20260812,5ea24037c2d9cb6a,F0111,F0111-P02,maize,,VIEWED,REJECT,0,FLEXIBLE,True,REJECTED_TERMINAL,phase-1 rejected; never enters commitment ladder
p2_dev,20260812,5ea24037c2d9cb6a,F0114,F0114-P01,maize,,VIEWED,ACCEPT,0,FLEXIBLE,True,OK,phase-1 accepted; entered lifecycle
p2_dev,20260812,5ea24037c2d9cb6a,F0114,F0114-P01,maize,VIEWED,TENTATIVE_ACCEPT,ACCEPT,1,SOFT_LOCK,True,OK,
p2_dev,20260812,5ea24037c2d9cb6a,F0114,F0114-P01,maize,TENTATIVE_ACCEPT,CONFIRMED,COMMIT_ADVANCE,2,SOFT_LOCK,True,OK,
p2_dev,20260812,5ea24037c2d9cb6a,F0114,F0114-P01,maize,CONFIRMED,INPUTS_PURCHASED,COMMIT_ADVANCE,3,SOFT_LOCK,True,OK,
p2_dev,20260812,5ea24037c2d9cb6a,F0114,F0114-P01,maize,INPUTS_PURCHASED,LAND_PREPARED,COMMIT_ADVANCE,4,SOFT_LOCK,True,OK,
p2_dev,20260812,5ea24037c2d9cb6a,F0114,F0114-P01,maize,LAND_PREPARED,PLANTED,COMMIT_ADVANCE,5,HARD_LOCK,False,OK,
p2_dev,20260812,5ea24037c2d9cb6a,F0115,F0115-P02,maize,,VIEWED,ACCEPT,0,FLEXIBLE,True,OK,phase-1 accepted; entered lifecycle
p2_dev,20260812,5ea24037c2d9cb6a,F0115,F0115-P02,maize,VIEWED,TENTATIVE_ACCEPT,ACCEPT,1,SOFT_LOCK,True,OK,
p2_dev,20260812,5ea24037c2d9cb6a,F0115,F0115-P02,maize,TENTATIVE_ACCEPT,CONFIRMED,COMMIT_ADVANCE,2,SOFT_LOCK,True,OK,
p2_dev,20260812,5ea24037c2d9cb6a,F0115,F0115-P02,maize,CONFIRMED,INPUTS_PURCHASED,COMMIT_ADVANCE,3,SOFT_LOCK,True,OK,
p2_dev,20260812,5ea24037c2d9cb6a,F0115,F0115-P02,maize,INPUTS_PURCHASED,LAND_PREPARED,COMMIT_ADVANCE,4,SOFT_LOCK,True,OK,
p2_dev,20260812,5ea24037c2d9cb6a,F0115,F0115-P02,maize,LAND_PREPARED,PLANTED,COMMIT_ADVANCE,5,HARD_LOCK,False,OK,
p2_dev,20260812,5ea24037c2d9cb6a,F0115,F0115-P03,maize,,VIEWED,ACCEPT,0,FLEXIBLE,True,OK,phase-1 accepted; entered lifecycle
p2_dev,20260812,5ea24037c2d9cb6a,F0115,F0115-P03,maize,VIEWED,TENTATIVE_ACCEPT,ACCEPT,1,SOFT_LOCK,True,OK,
p2_dev,20260812,5ea24037c2d9cb6a,F0115,F0115-P03,maize,TENTATIVE_ACCEPT,CONFIRMED,COMMIT_ADVANCE,2,SOFT_LOCK,True,OK,
p2_dev,20260812,5ea24037c2d9cb6a,F0115,F0115-P03,maize,CONFIRMED,INPUTS_PURCHASED,COMMIT_ADVANCE,3,SOFT_LOCK,True,OK,
p2_dev,20260812,5ea24037c2d9cb6a,F0115,F0115-P03,maize,INPUTS_PURCHASED,LAND_PREPARED,COMMIT_ADVANCE,4,SOFT_LOCK,True,OK,
p2_dev,20260812,5ea24037c2d9cb6a,F0115,F0115-P03,maize,LAND_PREPARED,PLANTED,COMMIT_ADVANCE,5,HARD_LOCK,False,OK,
p2_dev,20260812,5ea24037c2d9cb6a,F0116,F0116-P02,rice,,VIEWED,ACCEPT,0,FLEXIBLE,True,OK,phase-1 accepted; entered lifecycle
p2_dev,20260812,5ea24037c2d9cb6a,F0116,F0116-P02,rice,VIEWED,TENTATIVE_ACCEPT,ACCEPT,1,SOFT_LOCK,True,OK,
p2_dev,20260812,5ea24037c2d9cb6a,F0116,F0116-P02,rice,TENTATIVE_ACCEPT,CONFIRMED,COMMIT_ADVANCE,2,SOFT_LOCK,True,OK,
p2_dev,20260812,5ea24037c2d9cb6a,F0116,F0116-P02,rice,CONFIRMED,INPUTS_PURCHASED,COMMIT_ADVANCE,3,SOFT_LOCK,True,OK,
p2_dev,20260812,5ea24037c2d9cb6a,F0116,F0116-P02,rice,INPUTS_PURCHASED,LAND_PREPARED,COMMIT_ADVANCE,4,SOFT_LOCK,True,OK,
p2_dev,20260812,5ea24037c2d9cb6a,F0116,F0116-P02,rice,LAND_PREPARED,PLANTED,COMMIT_ADVANCE,5,HARD_LOCK,False,OK,
p2_dev,20260812,5ea24037c2d9cb6a,F0117,F0117-P02,rice,,VIEWED,ACCEPT,0,FLEXIBLE,True,OK,phase-1 accepted; entered lifecycle
p2_dev,20260812,5ea24037c2d9cb6a,F0117,F0117-P02,rice,VIEWED,TENTATIVE_ACCEPT,ACCEPT,1,SOFT_LOCK,True,OK,
p2_dev,20260812,5ea24037c2d9cb6a,F0117,F0117-P02,rice,TENTATIVE_ACCEPT,CONFIRMED,COMMIT_ADVANCE,2,SOFT_LOCK,True,OK,
p2_dev,20260812,5ea24037c2d9cb6a,F0117,F0117-P02,rice,CONFIRMED,INPUTS_PURCHASED,COMMIT_ADVANCE,3,SOFT_LOCK,True,OK,
p2_dev,20260812,5ea24037c2d9cb6a,F0117,F0117-P02,rice,INPUTS_PURCHASED,LAND_PREPARED,COMMIT_ADVANCE,4,SOFT_LOCK,True,OK,
p2_dev,20260812,5ea24037c2d9cb6a,F0117,F0117-P02,rice,LAND_PREPARED,PLANTED,COMMIT_ADVANCE,5,HARD_LOCK,False,OK,
p2_dev,20260812,5ea24037c2d9cb6a,F0119,F0119-P01,soybean,,VIEWED,ACCEPT,0,FLEXIBLE,True,OK,phase-1 accepted; entered lifecycle
p2_dev,20260812,5ea24037c2d9cb6a,F0119,F0119-P01,soybean,VIEWED,TENTATIVE_ACCEPT,ACCEPT,1,SOFT_LOCK,True,OK,
p2_dev,20260812,5ea24037c2d9cb6a,F0119,F0119-P01,soybean,TENTATIVE_ACCEPT,CONFIRMED,COMMIT_ADVANCE,2,SOFT_LOCK,True,OK,
p2_dev,20260812,5ea24037c2d9cb6a,F0119,F0119-P01,soybean,CONFIRMED,INPUTS_PURCHASED,COMMIT_ADVANCE,3,SOFT_LOCK,True,OK,
p2_dev,20260812,5ea24037c2d9cb6a,F0119,F0119-P01,soybean,INPUTS_PURCHASED,LAND_PREPARED,COMMIT_ADVANCE,4,SOFT_LOCK,True,OK,
p2_dev,20260812,5ea24037c2d9cb6a,F0119,F0119-P01,soybean,LAND_PREPARED,PLANTED,COMMIT_ADVANCE,5,HARD_LOCK,False,OK,
p2_dev,20260812,5ea24037c2d9cb6a,F0120,F0120-P01,rice,,VIEWED,REJECT,0,FLEXIBLE,True,REJECTED_TERMINAL,phase-1 rejected; never enters commitment ladder
p2_dev,20260812,5ea24037c2d9cb6a,F0121,F0121-P01,soybean,,VIEWED,ACCEPT,0,FLEXIBLE,True,OK,phase-1 accepted; entered lifecycle
p2_dev,20260812,5ea24037c2d9cb6a,F0121,F0121-P01,soybean,VIEWED,TENTATIVE_ACCEPT,ACCEPT,1,SOFT_LOCK,True,OK,
p2_dev,20260812,5ea24037c2d9cb6a,F0121,F0121-P01,soybean,TENTATIVE_ACCEPT,CONFIRMED,COMMIT_ADVANCE,2,SOFT_LOCK,True,OK,
p2_dev,20260812,5ea24037c2d9cb6a,F0121,F0121-P01,soybean,CONFIRMED,INPUTS_PURCHASED,COMMIT_ADVANCE,3,SOFT_LOCK,True,OK,
p2_dev,20260812,5ea24037c2d9cb6a,F0121,F0121-P01,soybean,INPUTS_PURCHASED,LAND_PREPARED,COMMIT_ADVANCE,4,SOFT_LOCK,True,OK,
p2_dev,20260812,5ea24037c2d9cb6a,F0121,F0121-P01,soybean,LAND_PREPARED,PLANTED,COMMIT_ADVANCE,5,HARD_LOCK,False,OK,
p2_dev,20260812,5ea24037c2d9cb6a,F0122,F0122-P01,maize,,VIEWED,ACCEPT,0,FLEXIBLE,True,OK,phase-1 accepted; entered lifecycle
p2_dev,20260812,5ea24037c2d9cb6a,F0122,F0122-P01,maize,VIEWED,TENTATIVE_ACCEPT,ACCEPT,1,SOFT_LOCK,True,OK,
p2_dev,20260812,5ea24037c2d9cb6a,F0122,F0122-P01,maize,TENTATIVE_ACCEPT,CONFIRMED,COMMIT_ADVANCE,2,SOFT_LOCK,True,OK,
p2_dev,20260812,5ea24037c2d9cb6a,F0122,F0122-P01,maize,CONFIRMED,INPUTS_PURCHASED,COMMIT_ADVANCE,3,SOFT_LOCK,True,OK,
p2_dev,20260812,5ea24037c2d9cb6a,F0122,F0122-P01,maize,INPUTS_PURCHASED,LAND_PREPARED,COMMIT_ADVANCE,4,SOFT_LOCK,True,OK,
p2_dev,20260812,5ea24037c2d9cb6a,F0122,F0122-P01,maize,LAND_PREPARED,PLANTED,COMMIT_ADVANCE,5,HARD_LOCK,False,OK,
p2_dev,20260812,5ea24037c2d9cb6a,F0123,F0123-P01,sorghum,,VIEWED,ACCEPT,0,FLEXIBLE,True,OK,phase-1 accepted; entered lifecycle
p2_dev,20260812,5ea24037c2d9cb6a,F0123,F0123-P01,sorghum,VIEWED,TENTATIVE_ACCEPT,ACCEPT,1,SOFT_LOCK,True,OK,
p2_dev,20260812,5ea24037c2d9cb6a,F0123,F0123-P01,sorghum,TENTATIVE_ACCEPT,CONFIRMED,COMMIT_ADVANCE,2,SOFT_LOCK,True,OK,
p2_dev,20260812,5ea24037c2d9cb6a,F0123,F0123-P01,sorghum,CONFIRMED,INPUTS_PURCHASED,COMMIT_ADVANCE,3,SOFT_LOCK,True,OK,
p2_dev,20260812,5ea24037c2d9cb6a,F0123,F0123-P01,sorghum,INPUTS_PURCHASED,LAND_PREPARED,COMMIT_ADVANCE,4,SOFT_LOCK,True,OK,
p2_dev,20260812,5ea24037c2d9cb6a,F0123,F0123-P01,sorghum,LAND_PREPARED,PLANTED,COMMIT_ADVANCE,5,HARD_LOCK,False,OK,
p2_dev,20260812,5ea24037c2d9cb6a,F0126,F0126-P01,maize,,VIEWED,ACCEPT,0,FLEXIBLE,True,OK,phase-1 accepted; entered lifecycle
p2_dev,20260812,5ea24037c2d9cb6a,F0126,F0126-P01,maize,VIEWED,TENTATIVE_ACCEPT,ACCEPT,1,SOFT_LOCK,True,OK,
p2_dev,20260812,5ea24037c2d9cb6a,F0126,F0126-P01,maize,TENTATIVE_ACCEPT,CONFIRMED,COMMIT_ADVANCE,2,SOFT_LOCK,True,OK,
p2_dev,20260812,5ea24037c2d9cb6a,F0126,F0126-P01,maize,CONFIRMED,INPUTS_PURCHASED,COMMIT_ADVANCE,3,SOFT_LOCK,True,OK,
p2_dev,20260812,5ea24037c2d9cb6a,F0126,F0126-P01,maize,INPUTS_PURCHASED,LAND_PREPARED,COMMIT_ADVANCE,4,SOFT_LOCK,True,OK,
p2_dev,20260812,5ea24037c2d9cb6a,F0126,F0126-P01,maize,LAND_PREPARED,PLANTED,COMMIT_ADVANCE,5,HARD_LOCK,False,OK,
p2_dev,20260812,5ea24037c2d9cb6a,F0126,F0126-P02,maize,,VIEWED,ACCEPT,0,FLEXIBLE,True,OK,phase-1 accepted; entered lifecycle
p2_dev,20260812,5ea24037c2d9cb6a,F0126,F0126-P02,maize,VIEWED,TENTATIVE_ACCEPT,ACCEPT,1,SOFT_LOCK,True,OK,
p2_dev,20260812,5ea24037c2d9cb6a,F0126,F0126-P02,maize,TENTATIVE_ACCEPT,CONFIRMED,COMMIT_ADVANCE,2,SOFT_LOCK,True,OK,
p2_dev,20260812,5ea24037c2d9cb6a,F0126,F0126-P02,maize,CONFIRMED,INPUTS_PURCHASED,COMMIT_ADVANCE,3,SOFT_LOCK,True,OK,
p2_dev,20260812,5ea24037c2d9cb6a,F0126,F0126-P02,maize,INPUTS_PURCHASED,LAND_PREPARED,COMMIT_ADVANCE,4,SOFT_LOCK,True,OK,
p2_dev,20260812,5ea24037c2d9cb6a,F0126,F0126-P02,maize,LAND_PREPARED,PLANTED,COMMIT_ADVANCE,5,HARD_LOCK,False,OK,
p2_dev,20260812,5ea24037c2d9cb6a,F0127,F0127-P01,sorghum,,VIEWED,ACCEPT,0,FLEXIBLE,True,OK,phase-1 accepted; entered lifecycle
p2_dev,20260812,5ea24037c2d9cb6a,F0127,F0127-P01,sorghum,VIEWED,TENTATIVE_ACCEPT,ACCEPT,1,SOFT_LOCK,True,OK,
p2_dev,20260812,5ea24037c2d9cb6a,F0127,F0127-P01,sorghum,TENTATIVE_ACCEPT,CONFIRMED,COMMIT_ADVANCE,2,SOFT_LOCK,True,OK,
p2_dev,20260812,5ea24037c2d9cb6a,F0127,F0127-P01,sorghum,CONFIRMED,INPUTS_PURCHASED,COMMIT_ADVANCE,3,SOFT_LOCK,True,OK,
p2_dev,20260812,5ea24037c2d9cb6a,F0127,F0127-P01,sorghum,INPUTS_PURCHASED,LAND_PREPARED,COMMIT_ADVANCE,4,SOFT_LOCK,True,OK,
p2_dev,20260812,5ea24037c2d9cb6a,F0127,F0127-P01,sorghum,LAND_PREPARED,PLANTED,COMMIT_ADVANCE,5,HARD_LOCK,False,OK,
p2_dev,20260812,5ea24037c2d9cb6a,F0128,F0128-P01,rice,,VIEWED,ACCEPT,0,FLEXIBLE,True,OK,phase-1 accepted; entered lifecycle
p2_dev,20260812,5ea24037c2d9cb6a,F0128,F0128-P01,rice,VIEWED,TENTATIVE_ACCEPT,ACCEPT,1,SOFT_LOCK,True,OK,
p2_dev,20260812,5ea24037c2d9cb6a,F0128,F0128-P01,rice,TENTATIVE_ACCEPT,CONFIRMED,COMMIT_ADVANCE,2,SOFT_LOCK,True,OK,
p2_dev,20260812,5ea24037c2d9cb6a,F0128,F0128-P01,rice,CONFIRMED,INPUTS_PURCHASED,COMMIT_ADVANCE,3,SOFT_LOCK,True,OK,
p2_dev,20260812,5ea24037c2d9cb6a,F0128,F0128-P01,rice,INPUTS_PURCHASED,LAND_PREPARED,COMMIT_ADVANCE,4,SOFT_LOCK,True,OK,
p2_dev,20260812,5ea24037c2d9cb6a,F0128,F0128-P01,rice,LAND_PREPARED,PLANTED,COMMIT_ADVANCE,5,HARD_LOCK,False,OK,
p2_dev,20260812,5ea24037c2d9cb6a,F0128,F0128-P02,rice,,VIEWED,ACCEPT,0,FLEXIBLE,True,OK,phase-1 accepted; entered lifecycle
p2_dev,20260812,5ea24037c2d9cb6a,F0128,F0128-P02,rice,VIEWED,TENTATIVE_ACCEPT,ACCEPT,1,SOFT_LOCK,True,OK,
p2_dev,20260812,5ea24037c2d9cb6a,F0128,F0128-P02,rice,TENTATIVE_ACCEPT,CONFIRMED,COMMIT_ADVANCE,2,SOFT_LOCK,True,OK,
p2_dev,20260812,5ea24037c2d9cb6a,F0128,F0128-P02,rice,CONFIRMED,INPUTS_PURCHASED,COMMIT_ADVANCE,3,SOFT_LOCK,True,OK,
p2_dev,20260812,5ea24037c2d9cb6a,F0128,F0128-P02,rice,INPUTS_PURCHASED,LAND_PREPARED,COMMIT_ADVANCE,4,SOFT_LOCK,True,OK,
p2_dev,20260812,5ea24037c2d9cb6a,F0128,F0128-P02,rice,LAND_PREPARED,PLANTED,COMMIT_ADVANCE,5,HARD_LOCK,False,OK,
p2_dev,20260812,5ea24037c2d9cb6a,F0128,F0128-P03,rice,,VIEWED,ACCEPT,0,FLEXIBLE,True,OK,phase-1 accepted; entered lifecycle
p2_dev,20260812,5ea24037c2d9cb6a,F0128,F0128-P03,rice,VIEWED,TENTATIVE_ACCEPT,ACCEPT,1,SOFT_LOCK,True,OK,
p2_dev,20260812,5ea24037c2d9cb6a,F0128,F0128-P03,rice,TENTATIVE_ACCEPT,CONFIRMED,COMMIT_ADVANCE,2,SOFT_LOCK,True,OK,
p2_dev,20260812,5ea24037c2d9cb6a,F0128,F0128-P03,rice,CONFIRMED,INPUTS_PURCHASED,COMMIT_ADVANCE,3,SOFT_LOCK,True,OK,
p2_dev,20260812,5ea24037c2d9cb6a,F0128,F0128-P03,rice,INPUTS_PURCHASED,LAND_PREPARED,COMMIT_ADVANCE,4,SOFT_LOCK,True,OK,
p2_dev,20260812,5ea24037c2d9cb6a,F0128,F0128-P03,rice,LAND_PREPARED,PLANTED,COMMIT_ADVANCE,5,HARD_LOCK,False,OK,
p2_dev,20260812,5ea24037c2d9cb6a,F0129,F0129-P01,onion,,VIEWED,ACCEPT,0,FLEXIBLE,True,OK,phase-1 accepted; entered lifecycle
p2_dev,20260812,5ea24037c2d9cb6a,F0129,F0129-P01,onion,VIEWED,TENTATIVE_ACCEPT,ACCEPT,1,SOFT_LOCK,True,OK,
p2_dev,20260812,5ea24037c2d9cb6a,F0129,F0129-P01,onion,TENTATIVE_ACCEPT,CONFIRMED,COMMIT_ADVANCE,2,SOFT_LOCK,True,OK,
p2_dev,20260812,5ea24037c2d9cb6a,F0129,F0129-P01,onion,CONFIRMED,INPUTS_PURCHASED,COMMIT_ADVANCE,3,SOFT_LOCK,True,OK,
p2_dev,20260812,5ea24037c2d9cb6a,F0129,F0129-P01,onion,INPUTS_PURCHASED,LAND_PREPARED,COMMIT_ADVANCE,4,SOFT_LOCK,True,OK,
p2_dev,20260812,5ea24037c2d9cb6a,F0129,F0129-P01,onion,LAND_PREPARED,PLANTED,COMMIT_ADVANCE,5,HARD_LOCK,False,OK,
p2_dev,20260812,5ea24037c2d9cb6a,F0129,F0129-P02,pigeon_pea,,VIEWED,ACCEPT,0,FLEXIBLE,True,OK,phase-1 accepted; entered lifecycle
p2_dev,20260812,5ea24037c2d9cb6a,F0129,F0129-P02,pigeon_pea,VIEWED,TENTATIVE_ACCEPT,ACCEPT,1,SOFT_LOCK,True,OK,
p2_dev,20260812,5ea24037c2d9cb6a,F0129,F0129-P02,pigeon_pea,TENTATIVE_ACCEPT,CONFIRMED,COMMIT_ADVANCE,2,SOFT_LOCK,True,OK,
p2_dev,20260812,5ea24037c2d9cb6a,F0129,F0129-P02,pigeon_pea,CONFIRMED,INPUTS_PURCHASED,COMMIT_ADVANCE,3,SOFT_LOCK,True,OK,
p2_dev,20260812,5ea24037c2d9cb6a,F0129,F0129-P02,pigeon_pea,INPUTS_PURCHASED,LAND_PREPARED,COMMIT_ADVANCE,4,SOFT_LOCK,True,OK,
p2_dev,20260812,5ea24037c2d9cb6a,F0129,F0129-P02,pigeon_pea,LAND_PREPARED,PLANTED,COMMIT_ADVANCE,5,HARD_LOCK,False,OK,
p2_dev,20260812,5ea24037c2d9cb6a,F0130,F0130-P01,maize,,VIEWED,ACCEPT,0,FLEXIBLE,True,OK,phase-1 accepted; entered lifecycle
p2_dev,20260812,5ea24037c2d9cb6a,F0130,F0130-P01,maize,VIEWED,TENTATIVE_ACCEPT,ACCEPT,1,SOFT_LOCK,True,OK,
p2_dev,20260812,5ea24037c2d9cb6a,F0130,F0130-P01,maize,TENTATIVE_ACCEPT,CONFIRMED,COMMIT_ADVANCE,2,SOFT_LOCK,True,OK,
p2_dev,20260812,5ea24037c2d9cb6a,F0130,F0130-P01,maize,CONFIRMED,INPUTS_PURCHASED,COMMIT_ADVANCE,3,SOFT_LOCK,True,OK,
p2_dev,20260812,5ea24037c2d9cb6a,F0130,F0130-P01,maize,INPUTS_PURCHASED,LAND_PREPARED,COMMIT_ADVANCE,4,SOFT_LOCK,True,OK,
p2_dev,20260812,5ea24037c2d9cb6a,F0130,F0130-P01,maize,LAND_PREPARED,PLANTED,COMMIT_ADVANCE,5,HARD_LOCK,False,OK,
p2_dev,20260812,5ea24037c2d9cb6a,F0131,F0131-P01,rice,,VIEWED,ACCEPT,0,FLEXIBLE,True,OK,phase-1 accepted; entered lifecycle
p2_dev,20260812,5ea24037c2d9cb6a,F0131,F0131-P01,rice,VIEWED,TENTATIVE_ACCEPT,ACCEPT,1,SOFT_LOCK,True,OK,
p2_dev,20260812,5ea24037c2d9cb6a,F0131,F0131-P01,rice,TENTATIVE_ACCEPT,CONFIRMED,COMMIT_ADVANCE,2,SOFT_LOCK,True,OK,
p2_dev,20260812,5ea24037c2d9cb6a,F0131,F0131-P01,rice,CONFIRMED,INPUTS_PURCHASED,COMMIT_ADVANCE,3,SOFT_LOCK,True,OK,
p2_dev,20260812,5ea24037c2d9cb6a,F0131,F0131-P01,rice,INPUTS_PURCHASED,LAND_PREPARED,COMMIT_ADVANCE,4,SOFT_LOCK,True,OK,
p2_dev,20260812,5ea24037c2d9cb6a,F0131,F0131-P01,rice,LAND_PREPARED,PLANTED,COMMIT_ADVANCE,5,HARD_LOCK,False,OK,
p2_dev,20260812,5ea24037c2d9cb6a,F0131,F0131-P02,rice,,VIEWED,ACCEPT,0,FLEXIBLE,True,OK,phase-1 accepted; entered lifecycle
p2_dev,20260812,5ea24037c2d9cb6a,F0131,F0131-P02,rice,VIEWED,TENTATIVE_ACCEPT,ACCEPT,1,SOFT_LOCK,True,OK,
p2_dev,20260812,5ea24037c2d9cb6a,F0131,F0131-P02,rice,TENTATIVE_ACCEPT,CONFIRMED,COMMIT_ADVANCE,2,SOFT_LOCK,True,OK,
p2_dev,20260812,5ea24037c2d9cb6a,F0131,F0131-P02,rice,CONFIRMED,INPUTS_PURCHASED,COMMIT_ADVANCE,3,SOFT_LOCK,True,OK,
p2_dev,20260812,5ea24037c2d9cb6a,F0131,F0131-P02,rice,INPUTS_PURCHASED,LAND_PREPARED,COMMIT_ADVANCE,4,SOFT_LOCK,True,OK,
p2_dev,20260812,5ea24037c2d9cb6a,F0131,F0131-P02,rice,LAND_PREPARED,PLANTED,COMMIT_ADVANCE,5,HARD_LOCK,False,OK,
p2_dev,20260812,5ea24037c2d9cb6a,F0133,F0133-P01,onion,,VIEWED,REJECT,0,FLEXIBLE,True,REJECTED_TERMINAL,phase-1 rejected; never enters commitment ladder
p2_dev,20260812,5ea24037c2d9cb6a,F0134,F0134-P01,rice,,VIEWED,REJECT,0,FLEXIBLE,True,REJECTED_TERMINAL,phase-1 rejected; never enters commitment ladder
p2_dev,20260812,5ea24037c2d9cb6a,F0135,F0135-P01,groundnut,,VIEWED,ACCEPT,0,FLEXIBLE,True,OK,phase-1 accepted; entered lifecycle
p2_dev,20260812,5ea24037c2d9cb6a,F0135,F0135-P01,groundnut,VIEWED,TENTATIVE_ACCEPT,ACCEPT,1,SOFT_LOCK,True,OK,
p2_dev,20260812,5ea24037c2d9cb6a,F0135,F0135-P01,groundnut,TENTATIVE_ACCEPT,CONFIRMED,COMMIT_ADVANCE,2,SOFT_LOCK,True,OK,
p2_dev,20260812,5ea24037c2d9cb6a,F0135,F0135-P01,groundnut,CONFIRMED,INPUTS_PURCHASED,COMMIT_ADVANCE,3,SOFT_LOCK,True,OK,
p2_dev,20260812,5ea24037c2d9cb6a,F0135,F0135-P01,groundnut,INPUTS_PURCHASED,LAND_PREPARED,COMMIT_ADVANCE,4,SOFT_LOCK,True,OK,
p2_dev,20260812,5ea24037c2d9cb6a,F0135,F0135-P01,groundnut,LAND_PREPARED,PLANTED,COMMIT_ADVANCE,5,HARD_LOCK,False,OK,
p2_dev,20260812,5ea24037c2d9cb6a,F0136,F0136-P02,maize,,VIEWED,ACCEPT,0,FLEXIBLE,True,OK,phase-1 accepted; entered lifecycle
p2_dev,20260812,5ea24037c2d9cb6a,F0136,F0136-P02,maize,VIEWED,TENTATIVE_ACCEPT,ACCEPT,1,SOFT_LOCK,True,OK,
p2_dev,20260812,5ea24037c2d9cb6a,F0136,F0136-P02,maize,TENTATIVE_ACCEPT,CONFIRMED,COMMIT_ADVANCE,2,SOFT_LOCK,True,OK,
p2_dev,20260812,5ea24037c2d9cb6a,F0136,F0136-P02,maize,CONFIRMED,INPUTS_PURCHASED,COMMIT_ADVANCE,3,SOFT_LOCK,True,OK,
p2_dev,20260812,5ea24037c2d9cb6a,F0136,F0136-P02,maize,INPUTS_PURCHASED,LAND_PREPARED,COMMIT_ADVANCE,4,SOFT_LOCK,True,OK,
p2_dev,20260812,5ea24037c2d9cb6a,F0136,F0136-P02,maize,LAND_PREPARED,PLANTED,COMMIT_ADVANCE,5,HARD_LOCK,False,OK,
p2_dev,20260812,5ea24037c2d9cb6a,F0138,F0138-P02,rice,,VIEWED,ACCEPT,0,FLEXIBLE,True,OK,phase-1 accepted; entered lifecycle
p2_dev,20260812,5ea24037c2d9cb6a,F0138,F0138-P02,rice,VIEWED,TENTATIVE_ACCEPT,ACCEPT,1,SOFT_LOCK,True,OK,
p2_dev,20260812,5ea24037c2d9cb6a,F0138,F0138-P02,rice,TENTATIVE_ACCEPT,CONFIRMED,COMMIT_ADVANCE,2,SOFT_LOCK,True,OK,
p2_dev,20260812,5ea24037c2d9cb6a,F0138,F0138-P02,rice,CONFIRMED,INPUTS_PURCHASED,COMMIT_ADVANCE,3,SOFT_LOCK,True,OK,
p2_dev,20260812,5ea24037c2d9cb6a,F0138,F0138-P02,rice,INPUTS_PURCHASED,LAND_PREPARED,COMMIT_ADVANCE,4,SOFT_LOCK,True,OK,
p2_dev,20260812,5ea24037c2d9cb6a,F0138,F0138-P02,rice,LAND_PREPARED,PLANTED,COMMIT_ADVANCE,5,HARD_LOCK,False,OK,
p2_dev,20260812,5ea24037c2d9cb6a,F0138,F0138-P03,groundnut,,VIEWED,ACCEPT,0,FLEXIBLE,True,OK,phase-1 accepted; entered lifecycle
p2_dev,20260812,5ea24037c2d9cb6a,F0138,F0138-P03,groundnut,VIEWED,TENTATIVE_ACCEPT,ACCEPT,1,SOFT_LOCK,True,OK,
p2_dev,20260812,5ea24037c2d9cb6a,F0138,F0138-P03,groundnut,TENTATIVE_ACCEPT,CONFIRMED,COMMIT_ADVANCE,2,SOFT_LOCK,True,OK,
p2_dev,20260812,5ea24037c2d9cb6a,F0138,F0138-P03,groundnut,CONFIRMED,INPUTS_PURCHASED,COMMIT_ADVANCE,3,SOFT_LOCK,True,OK,
p2_dev,20260812,5ea24037c2d9cb6a,F0138,F0138-P03,groundnut,INPUTS_PURCHASED,LAND_PREPARED,COMMIT_ADVANCE,4,SOFT_LOCK,True,OK,
p2_dev,20260812,5ea24037c2d9cb6a,F0138,F0138-P03,groundnut,LAND_PREPARED,PLANTED,COMMIT_ADVANCE,5,HARD_LOCK,False,OK,
p2_dev,20260812,5ea24037c2d9cb6a,F0139,F0139-P02,maize,,VIEWED,ACCEPT,0,FLEXIBLE,True,OK,phase-1 accepted; entered lifecycle
p2_dev,20260812,5ea24037c2d9cb6a,F0139,F0139-P02,maize,VIEWED,TENTATIVE_ACCEPT,ACCEPT,1,SOFT_LOCK,True,OK,
p2_dev,20260812,5ea24037c2d9cb6a,F0139,F0139-P02,maize,TENTATIVE_ACCEPT,CONFIRMED,COMMIT_ADVANCE,2,SOFT_LOCK,True,OK,
p2_dev,20260812,5ea24037c2d9cb6a,F0139,F0139-P02,maize,CONFIRMED,INPUTS_PURCHASED,COMMIT_ADVANCE,3,SOFT_LOCK,True,OK,
p2_dev,20260812,5ea24037c2d9cb6a,F0139,F0139-P02,maize,INPUTS_PURCHASED,LAND_PREPARED,COMMIT_ADVANCE,4,SOFT_LOCK,True,OK,
p2_dev,20260812,5ea24037c2d9cb6a,F0139,F0139-P02,maize,LAND_PREPARED,PLANTED,COMMIT_ADVANCE,5,HARD_LOCK,False,OK,
p2_dev,20260812,5ea24037c2d9cb6a,F0141,F0141-P02,sorghum,,VIEWED,ACCEPT,0,FLEXIBLE,True,OK,phase-1 accepted; entered lifecycle
p2_dev,20260812,5ea24037c2d9cb6a,F0141,F0141-P02,sorghum,VIEWED,TENTATIVE_ACCEPT,ACCEPT,1,SOFT_LOCK,True,OK,
p2_dev,20260812,5ea24037c2d9cb6a,F0141,F0141-P02,sorghum,TENTATIVE_ACCEPT,CONFIRMED,COMMIT_ADVANCE,2,SOFT_LOCK,True,OK,
p2_dev,20260812,5ea24037c2d9cb6a,F0141,F0141-P02,sorghum,CONFIRMED,INPUTS_PURCHASED,COMMIT_ADVANCE,3,SOFT_LOCK,True,OK,
p2_dev,20260812,5ea24037c2d9cb6a,F0141,F0141-P02,sorghum,INPUTS_PURCHASED,LAND_PREPARED,COMMIT_ADVANCE,4,SOFT_LOCK,True,OK,
p2_dev,20260812,5ea24037c2d9cb6a,F0141,F0141-P02,sorghum,LAND_PREPARED,PLANTED,COMMIT_ADVANCE,5,HARD_LOCK,False,OK,
p2_dev,20260812,5ea24037c2d9cb6a,F0142,F0142-P01,maize,,VIEWED,ACCEPT,0,FLEXIBLE,True,OK,phase-1 accepted; entered lifecycle
p2_dev,20260812,5ea24037c2d9cb6a,F0142,F0142-P01,maize,VIEWED,TENTATIVE_ACCEPT,ACCEPT,1,SOFT_LOCK,True,OK,
p2_dev,20260812,5ea24037c2d9cb6a,F0142,F0142-P01,maize,TENTATIVE_ACCEPT,CONFIRMED,COMMIT_ADVANCE,2,SOFT_LOCK,True,OK,
p2_dev,20260812,5ea24037c2d9cb6a,F0142,F0142-P01,maize,CONFIRMED,INPUTS_PURCHASED,COMMIT_ADVANCE,3,SOFT_LOCK,True,OK,
p2_dev,20260812,5ea24037c2d9cb6a,F0142,F0142-P01,maize,INPUTS_PURCHASED,LAND_PREPARED,COMMIT_ADVANCE,4,SOFT_LOCK,True,OK,
p2_dev,20260812,5ea24037c2d9cb6a,F0142,F0142-P01,maize,LAND_PREPARED,PLANTED,COMMIT_ADVANCE,5,HARD_LOCK,False,OK,
p2_dev,20260812,5ea24037c2d9cb6a,F0145,F0145-P01,sorghum,,VIEWED,ACCEPT,0,FLEXIBLE,True,OK,phase-1 accepted; entered lifecycle
p2_dev,20260812,5ea24037c2d9cb6a,F0145,F0145-P01,sorghum,VIEWED,TENTATIVE_ACCEPT,ACCEPT,1,SOFT_LOCK,True,OK,
p2_dev,20260812,5ea24037c2d9cb6a,F0145,F0145-P01,sorghum,TENTATIVE_ACCEPT,CONFIRMED,COMMIT_ADVANCE,2,SOFT_LOCK,True,OK,
p2_dev,20260812,5ea24037c2d9cb6a,F0145,F0145-P01,sorghum,CONFIRMED,INPUTS_PURCHASED,COMMIT_ADVANCE,3,SOFT_LOCK,True,OK,
p2_dev,20260812,5ea24037c2d9cb6a,F0145,F0145-P01,sorghum,INPUTS_PURCHASED,LAND_PREPARED,COMMIT_ADVANCE,4,SOFT_LOCK,True,OK,
p2_dev,20260812,5ea24037c2d9cb6a,F0145,F0145-P01,sorghum,LAND_PREPARED,PLANTED,COMMIT_ADVANCE,5,HARD_LOCK,False,OK,
p2_dev,20260812,5ea24037c2d9cb6a,F0145,F0145-P02,sorghum,,VIEWED,ACCEPT,0,FLEXIBLE,True,OK,phase-1 accepted; entered lifecycle
p2_dev,20260812,5ea24037c2d9cb6a,F0145,F0145-P02,sorghum,VIEWED,TENTATIVE_ACCEPT,ACCEPT,1,SOFT_LOCK,True,OK,
p2_dev,20260812,5ea24037c2d9cb6a,F0145,F0145-P02,sorghum,TENTATIVE_ACCEPT,CONFIRMED,COMMIT_ADVANCE,2,SOFT_LOCK,True,OK,
p2_dev,20260812,5ea24037c2d9cb6a,F0145,F0145-P02,sorghum,CONFIRMED,INPUTS_PURCHASED,COMMIT_ADVANCE,3,SOFT_LOCK,True,OK,
p2_dev,20260812,5ea24037c2d9cb6a,F0145,F0145-P02,sorghum,INPUTS_PURCHASED,LAND_PREPARED,COMMIT_ADVANCE,4,SOFT_LOCK,True,OK,
p2_dev,20260812,5ea24037c2d9cb6a,F0145,F0145-P02,sorghum,LAND_PREPARED,PLANTED,COMMIT_ADVANCE,5,HARD_LOCK,False,OK,
p2_dev,20260812,5ea24037c2d9cb6a,F0146,F0146-P01,maize,,VIEWED,ACCEPT,0,FLEXIBLE,True,OK,phase-1 accepted; entered lifecycle
p2_dev,20260812,5ea24037c2d9cb6a,F0146,F0146-P01,maize,VIEWED,TENTATIVE_ACCEPT,ACCEPT,1,SOFT_LOCK,True,OK,
p2_dev,20260812,5ea24037c2d9cb6a,F0146,F0146-P01,maize,TENTATIVE_ACCEPT,CONFIRMED,COMMIT_ADVANCE,2,SOFT_LOCK,True,OK,
p2_dev,20260812,5ea24037c2d9cb6a,F0146,F0146-P01,maize,CONFIRMED,INPUTS_PURCHASED,COMMIT_ADVANCE,3,SOFT_LOCK,True,OK,
p2_dev,20260812,5ea24037c2d9cb6a,F0146,F0146-P01,maize,INPUTS_PURCHASED,LAND_PREPARED,COMMIT_ADVANCE,4,SOFT_LOCK,True,OK,
p2_dev,20260812,5ea24037c2d9cb6a,F0146,F0146-P01,maize,LAND_PREPARED,PLANTED,COMMIT_ADVANCE,5,HARD_LOCK,False,OK,
p2_dev,20260812,5ea24037c2d9cb6a,F0147,F0147-P02,onion,,VIEWED,ACCEPT,0,FLEXIBLE,True,OK,phase-1 accepted; entered lifecycle
p2_dev,20260812,5ea24037c2d9cb6a,F0147,F0147-P02,onion,VIEWED,TENTATIVE_ACCEPT,ACCEPT,1,SOFT_LOCK,True,OK,
p2_dev,20260812,5ea24037c2d9cb6a,F0147,F0147-P02,onion,TENTATIVE_ACCEPT,CONFIRMED,COMMIT_ADVANCE,2,SOFT_LOCK,True,OK,
p2_dev,20260812,5ea24037c2d9cb6a,F0147,F0147-P02,onion,CONFIRMED,INPUTS_PURCHASED,COMMIT_ADVANCE,3,SOFT_LOCK,True,OK,
p2_dev,20260812,5ea24037c2d9cb6a,F0147,F0147-P02,onion,INPUTS_PURCHASED,LAND_PREPARED,COMMIT_ADVANCE,4,SOFT_LOCK,True,OK,
p2_dev,20260812,5ea24037c2d9cb6a,F0147,F0147-P02,onion,LAND_PREPARED,PLANTED,COMMIT_ADVANCE,5,HARD_LOCK,False,OK,
p2_dev,20260812,5ea24037c2d9cb6a,F0148,F0148-P01,groundnut,,VIEWED,ACCEPT,0,FLEXIBLE,True,OK,phase-1 accepted; entered lifecycle
p2_dev,20260812,5ea24037c2d9cb6a,F0148,F0148-P01,groundnut,VIEWED,TENTATIVE_ACCEPT,ACCEPT,1,SOFT_LOCK,True,OK,
p2_dev,20260812,5ea24037c2d9cb6a,F0148,F0148-P01,groundnut,TENTATIVE_ACCEPT,CONFIRMED,COMMIT_ADVANCE,2,SOFT_LOCK,True,OK,
p2_dev,20260812,5ea24037c2d9cb6a,F0148,F0148-P01,groundnut,CONFIRMED,INPUTS_PURCHASED,COMMIT_ADVANCE,3,SOFT_LOCK,True,OK,
p2_dev,20260812,5ea24037c2d9cb6a,F0148,F0148-P01,groundnut,INPUTS_PURCHASED,LAND_PREPARED,COMMIT_ADVANCE,4,SOFT_LOCK,True,OK,
p2_dev,20260812,5ea24037c2d9cb6a,F0148,F0148-P01,groundnut,LAND_PREPARED,PLANTED,COMMIT_ADVANCE,5,HARD_LOCK,False,OK,
p2_dev,20260812,5ea24037c2d9cb6a,F0149,F0149-P01,maize,,VIEWED,ACCEPT,0,FLEXIBLE,True,OK,phase-1 accepted; entered lifecycle
p2_dev,20260812,5ea24037c2d9cb6a,F0149,F0149-P01,maize,VIEWED,TENTATIVE_ACCEPT,ACCEPT,1,SOFT_LOCK,True,OK,
p2_dev,20260812,5ea24037c2d9cb6a,F0149,F0149-P01,maize,TENTATIVE_ACCEPT,CONFIRMED,COMMIT_ADVANCE,2,SOFT_LOCK,True,OK,
p2_dev,20260812,5ea24037c2d9cb6a,F0149,F0149-P01,maize,CONFIRMED,INPUTS_PURCHASED,COMMIT_ADVANCE,3,SOFT_LOCK,True,OK,
p2_dev,20260812,5ea24037c2d9cb6a,F0149,F0149-P01,maize,INPUTS_PURCHASED,LAND_PREPARED,COMMIT_ADVANCE,4,SOFT_LOCK,True,OK,
p2_dev,20260812,5ea24037c2d9cb6a,F0149,F0149-P01,maize,LAND_PREPARED,PLANTED,COMMIT_ADVANCE,5,HARD_LOCK,False,OK,
p2_dev,20260812,5ea24037c2d9cb6a,F0150,F0150-P02,maize,,VIEWED,ACCEPT,0,FLEXIBLE,True,OK,phase-1 accepted; entered lifecycle
p2_dev,20260812,5ea24037c2d9cb6a,F0150,F0150-P02,maize,VIEWED,TENTATIVE_ACCEPT,ACCEPT,1,SOFT_LOCK,True,OK,
p2_dev,20260812,5ea24037c2d9cb6a,F0150,F0150-P02,maize,TENTATIVE_ACCEPT,CONFIRMED,COMMIT_ADVANCE,2,SOFT_LOCK,True,OK,
p2_dev,20260812,5ea24037c2d9cb6a,F0150,F0150-P02,maize,CONFIRMED,INPUTS_PURCHASED,COMMIT_ADVANCE,3,SOFT_LOCK,True,OK,
p2_dev,20260812,5ea24037c2d9cb6a,F0150,F0150-P02,maize,INPUTS_PURCHASED,LAND_PREPARED,COMMIT_ADVANCE,4,SOFT_LOCK,True,OK,
p2_dev,20260812,5ea24037c2d9cb6a,F0150,F0150-P02,maize,LAND_PREPARED,PLANTED,COMMIT_ADVANCE,5,HARD_LOCK,False,OK,
p2_dev,20260812,5ea24037c2d9cb6a,F0150,F0150-P03,onion,,VIEWED,ACCEPT,0,FLEXIBLE,True,OK,phase-1 accepted; entered lifecycle
p2_dev,20260812,5ea24037c2d9cb6a,F0150,F0150-P03,onion,VIEWED,TENTATIVE_ACCEPT,ACCEPT,1,SOFT_LOCK,True,OK,
p2_dev,20260812,5ea24037c2d9cb6a,F0150,F0150-P03,onion,TENTATIVE_ACCEPT,CONFIRMED,COMMIT_ADVANCE,2,SOFT_LOCK,True,OK,
p2_dev,20260812,5ea24037c2d9cb6a,F0150,F0150-P03,onion,CONFIRMED,INPUTS_PURCHASED,COMMIT_ADVANCE,3,SOFT_LOCK,True,OK,
p2_dev,20260812,5ea24037c2d9cb6a,F0150,F0150-P03,onion,INPUTS_PURCHASED,LAND_PREPARED,COMMIT_ADVANCE,4,SOFT_LOCK,True,OK,
p2_dev,20260812,5ea24037c2d9cb6a,F0150,F0150-P03,onion,LAND_PREPARED,PLANTED,COMMIT_ADVANCE,5,HARD_LOCK,False,OK,
p2_dev,20260812,5ea24037c2d9cb6a,F0152,F0152-P03,soybean,,VIEWED,ACCEPT,0,FLEXIBLE,True,OK,phase-1 accepted; entered lifecycle
p2_dev,20260812,5ea24037c2d9cb6a,F0152,F0152-P03,soybean,VIEWED,TENTATIVE_ACCEPT,ACCEPT,1,SOFT_LOCK,True,OK,
p2_dev,20260812,5ea24037c2d9cb6a,F0152,F0152-P03,soybean,TENTATIVE_ACCEPT,CONFIRMED,COMMIT_ADVANCE,2,SOFT_LOCK,True,OK,
p2_dev,20260812,5ea24037c2d9cb6a,F0152,F0152-P03,soybean,CONFIRMED,INPUTS_PURCHASED,COMMIT_ADVANCE,3,SOFT_LOCK,True,OK,
p2_dev,20260812,5ea24037c2d9cb6a,F0152,F0152-P03,soybean,INPUTS_PURCHASED,LAND_PREPARED,COMMIT_ADVANCE,4,SOFT_LOCK,True,OK,
p2_dev,20260812,5ea24037c2d9cb6a,F0152,F0152-P03,soybean,LAND_PREPARED,PLANTED,COMMIT_ADVANCE,5,HARD_LOCK,False,OK,
p2_dev,20260812,5ea24037c2d9cb6a,F0153,F0153-P03,groundnut,,VIEWED,ACCEPT,0,FLEXIBLE,True,OK,phase-1 accepted; entered lifecycle
p2_dev,20260812,5ea24037c2d9cb6a,F0153,F0153-P03,groundnut,VIEWED,TENTATIVE_ACCEPT,ACCEPT,1,SOFT_LOCK,True,OK,
p2_dev,20260812,5ea24037c2d9cb6a,F0153,F0153-P03,groundnut,TENTATIVE_ACCEPT,CONFIRMED,COMMIT_ADVANCE,2,SOFT_LOCK,True,OK,
p2_dev,20260812,5ea24037c2d9cb6a,F0153,F0153-P03,groundnut,CONFIRMED,INPUTS_PURCHASED,COMMIT_ADVANCE,3,SOFT_LOCK,True,OK,
p2_dev,20260812,5ea24037c2d9cb6a,F0153,F0153-P03,groundnut,INPUTS_PURCHASED,LAND_PREPARED,COMMIT_ADVANCE,4,SOFT_LOCK,True,OK,
p2_dev,20260812,5ea24037c2d9cb6a,F0153,F0153-P03,groundnut,LAND_PREPARED,PLANTED,COMMIT_ADVANCE,5,HARD_LOCK,False,OK,
p2_dev,20260812,5ea24037c2d9cb6a,F0154,F0154-P01,maize,,VIEWED,ACCEPT,0,FLEXIBLE,True,OK,phase-1 accepted; entered lifecycle
p2_dev,20260812,5ea24037c2d9cb6a,F0154,F0154-P01,maize,VIEWED,TENTATIVE_ACCEPT,ACCEPT,1,SOFT_LOCK,True,OK,
p2_dev,20260812,5ea24037c2d9cb6a,F0154,F0154-P01,maize,TENTATIVE_ACCEPT,CONFIRMED,COMMIT_ADVANCE,2,SOFT_LOCK,True,OK,
p2_dev,20260812,5ea24037c2d9cb6a,F0154,F0154-P01,maize,CONFIRMED,INPUTS_PURCHASED,COMMIT_ADVANCE,3,SOFT_LOCK,True,OK,
p2_dev,20260812,5ea24037c2d9cb6a,F0154,F0154-P01,maize,INPUTS_PURCHASED,LAND_PREPARED,COMMIT_ADVANCE,4,SOFT_LOCK,True,OK,
p2_dev,20260812,5ea24037c2d9cb6a,F0154,F0154-P01,maize,LAND_PREPARED,PLANTED,COMMIT_ADVANCE,5,HARD_LOCK,False,OK,
p2_dev,20260812,5ea24037c2d9cb6a,F0156,F0156-P01,maize,,VIEWED,ACCEPT,0,FLEXIBLE,True,OK,phase-1 accepted; entered lifecycle
p2_dev,20260812,5ea24037c2d9cb6a,F0156,F0156-P01,maize,VIEWED,TENTATIVE_ACCEPT,ACCEPT,1,SOFT_LOCK,True,OK,
p2_dev,20260812,5ea24037c2d9cb6a,F0156,F0156-P01,maize,TENTATIVE_ACCEPT,CONFIRMED,COMMIT_ADVANCE,2,SOFT_LOCK,True,OK,
p2_dev,20260812,5ea24037c2d9cb6a,F0156,F0156-P01,maize,CONFIRMED,INPUTS_PURCHASED,COMMIT_ADVANCE,3,SOFT_LOCK,True,OK,
p2_dev,20260812,5ea24037c2d9cb6a,F0156,F0156-P01,maize,INPUTS_PURCHASED,LAND_PREPARED,COMMIT_ADVANCE,4,SOFT_LOCK,True,OK,
p2_dev,20260812,5ea24037c2d9cb6a,F0156,F0156-P01,maize,LAND_PREPARED,PLANTED,COMMIT_ADVANCE,5,HARD_LOCK,False,OK,
p2_dev,20260812,5ea24037c2d9cb6a,F0156,F0156-P02,onion,,VIEWED,ACCEPT,0,FLEXIBLE,True,OK,phase-1 accepted; entered lifecycle
p2_dev,20260812,5ea24037c2d9cb6a,F0156,F0156-P02,onion,VIEWED,TENTATIVE_ACCEPT,ACCEPT,1,SOFT_LOCK,True,OK,
p2_dev,20260812,5ea24037c2d9cb6a,F0156,F0156-P02,onion,TENTATIVE_ACCEPT,CONFIRMED,COMMIT_ADVANCE,2,SOFT_LOCK,True,OK,
p2_dev,20260812,5ea24037c2d9cb6a,F0156,F0156-P02,onion,CONFIRMED,INPUTS_PURCHASED,COMMIT_ADVANCE,3,SOFT_LOCK,True,OK,
p2_dev,20260812,5ea24037c2d9cb6a,F0156,F0156-P02,onion,INPUTS_PURCHASED,LAND_PREPARED,COMMIT_ADVANCE,4,SOFT_LOCK,True,OK,
p2_dev,20260812,5ea24037c2d9cb6a,F0156,F0156-P02,onion,LAND_PREPARED,PLANTED,COMMIT_ADVANCE,5,HARD_LOCK,False,OK,
p2_dev,20260812,5ea24037c2d9cb6a,F0156,F0156-P03,maize,,VIEWED,ACCEPT,0,FLEXIBLE,True,OK,phase-1 accepted; entered lifecycle
p2_dev,20260812,5ea24037c2d9cb6a,F0156,F0156-P03,maize,VIEWED,TENTATIVE_ACCEPT,ACCEPT,1,SOFT_LOCK,True,OK,
p2_dev,20260812,5ea24037c2d9cb6a,F0156,F0156-P03,maize,TENTATIVE_ACCEPT,CONFIRMED,COMMIT_ADVANCE,2,SOFT_LOCK,True,OK,
p2_dev,20260812,5ea24037c2d9cb6a,F0156,F0156-P03,maize,CONFIRMED,INPUTS_PURCHASED,COMMIT_ADVANCE,3,SOFT_LOCK,True,OK,
p2_dev,20260812,5ea24037c2d9cb6a,F0156,F0156-P03,maize,INPUTS_PURCHASED,LAND_PREPARED,COMMIT_ADVANCE,4,SOFT_LOCK,True,OK,
p2_dev,20260812,5ea24037c2d9cb6a,F0156,F0156-P03,maize,LAND_PREPARED,PLANTED,COMMIT_ADVANCE,5,HARD_LOCK,False,OK,
p2_dev,20260812,5ea24037c2d9cb6a,F0158,F0158-P02,rice,,VIEWED,ACCEPT,0,FLEXIBLE,True,OK,phase-1 accepted; entered lifecycle
p2_dev,20260812,5ea24037c2d9cb6a,F0158,F0158-P02,rice,VIEWED,TENTATIVE_ACCEPT,ACCEPT,1,SOFT_LOCK,True,OK,
p2_dev,20260812,5ea24037c2d9cb6a,F0158,F0158-P02,rice,TENTATIVE_ACCEPT,CONFIRMED,COMMIT_ADVANCE,2,SOFT_LOCK,True,OK,
p2_dev,20260812,5ea24037c2d9cb6a,F0158,F0158-P02,rice,CONFIRMED,INPUTS_PURCHASED,COMMIT_ADVANCE,3,SOFT_LOCK,True,OK,
p2_dev,20260812,5ea24037c2d9cb6a,F0158,F0158-P02,rice,INPUTS_PURCHASED,LAND_PREPARED,COMMIT_ADVANCE,4,SOFT_LOCK,True,OK,
p2_dev,20260812,5ea24037c2d9cb6a,F0158,F0158-P02,rice,LAND_PREPARED,PLANTED,COMMIT_ADVANCE,5,HARD_LOCK,False,OK,
p2_dev,20260812,5ea24037c2d9cb6a,F0159,F0159-P01,rice,,VIEWED,ACCEPT,0,FLEXIBLE,True,OK,phase-1 accepted; entered lifecycle
p2_dev,20260812,5ea24037c2d9cb6a,F0159,F0159-P01,rice,VIEWED,TENTATIVE_ACCEPT,ACCEPT,1,SOFT_LOCK,True,OK,
p2_dev,20260812,5ea24037c2d9cb6a,F0159,F0159-P01,rice,TENTATIVE_ACCEPT,CONFIRMED,COMMIT_ADVANCE,2,SOFT_LOCK,True,OK,
p2_dev,20260812,5ea24037c2d9cb6a,F0159,F0159-P01,rice,CONFIRMED,INPUTS_PURCHASED,COMMIT_ADVANCE,3,SOFT_LOCK,True,OK,
p2_dev,20260812,5ea24037c2d9cb6a,F0159,F0159-P01,rice,INPUTS_PURCHASED,LAND_PREPARED,COMMIT_ADVANCE,4,SOFT_LOCK,True,OK,
p2_dev,20260812,5ea24037c2d9cb6a,F0159,F0159-P01,rice,LAND_PREPARED,PLANTED,COMMIT_ADVANCE,5,HARD_LOCK,False,OK,
p2_dev,20260812,5ea24037c2d9cb6a,F0160,F0160-P03,groundnut,,VIEWED,ACCEPT,0,FLEXIBLE,True,OK,phase-1 accepted; entered lifecycle
p2_dev,20260812,5ea24037c2d9cb6a,F0160,F0160-P03,groundnut,VIEWED,TENTATIVE_ACCEPT,ACCEPT,1,SOFT_LOCK,True,OK,
p2_dev,20260812,5ea24037c2d9cb6a,F0160,F0160-P03,groundnut,TENTATIVE_ACCEPT,CONFIRMED,COMMIT_ADVANCE,2,SOFT_LOCK,True,OK,
p2_dev,20260812,5ea24037c2d9cb6a,F0160,F0160-P03,groundnut,CONFIRMED,INPUTS_PURCHASED,COMMIT_ADVANCE,3,SOFT_LOCK,True,OK,
p2_dev,20260812,5ea24037c2d9cb6a,F0160,F0160-P03,groundnut,INPUTS_PURCHASED,LAND_PREPARED,COMMIT_ADVANCE,4,SOFT_LOCK,True,OK,
p2_dev,20260812,5ea24037c2d9cb6a,F0160,F0160-P03,groundnut,LAND_PREPARED,PLANTED,COMMIT_ADVANCE,5,HARD_LOCK,False,OK,
p2_dev,20260812,5ea24037c2d9cb6a,F0162,F0162-P01,rice,,VIEWED,ACCEPT,0,FLEXIBLE,True,OK,phase-1 accepted; entered lifecycle
p2_dev,20260812,5ea24037c2d9cb6a,F0162,F0162-P01,rice,VIEWED,TENTATIVE_ACCEPT,ACCEPT,1,SOFT_LOCK,True,OK,
p2_dev,20260812,5ea24037c2d9cb6a,F0162,F0162-P01,rice,TENTATIVE_ACCEPT,CONFIRMED,COMMIT_ADVANCE,2,SOFT_LOCK,True,OK,
p2_dev,20260812,5ea24037c2d9cb6a,F0162,F0162-P01,rice,CONFIRMED,INPUTS_PURCHASED,COMMIT_ADVANCE,3,SOFT_LOCK,True,OK,
p2_dev,20260812,5ea24037c2d9cb6a,F0162,F0162-P01,rice,INPUTS_PURCHASED,LAND_PREPARED,COMMIT_ADVANCE,4,SOFT_LOCK,True,OK,
p2_dev,20260812,5ea24037c2d9cb6a,F0162,F0162-P01,rice,LAND_PREPARED,PLANTED,COMMIT_ADVANCE,5,HARD_LOCK,False,OK,
p2_dev,20260812,5ea24037c2d9cb6a,F0163,F0163-P01,rice,,VIEWED,ACCEPT,0,FLEXIBLE,True,OK,phase-1 accepted; entered lifecycle
p2_dev,20260812,5ea24037c2d9cb6a,F0163,F0163-P01,rice,VIEWED,TENTATIVE_ACCEPT,ACCEPT,1,SOFT_LOCK,True,OK,
p2_dev,20260812,5ea24037c2d9cb6a,F0163,F0163-P01,rice,TENTATIVE_ACCEPT,CONFIRMED,COMMIT_ADVANCE,2,SOFT_LOCK,True,OK,
p2_dev,20260812,5ea24037c2d9cb6a,F0163,F0163-P01,rice,CONFIRMED,INPUTS_PURCHASED,COMMIT_ADVANCE,3,SOFT_LOCK,True,OK,
p2_dev,20260812,5ea24037c2d9cb6a,F0163,F0163-P01,rice,INPUTS_PURCHASED,LAND_PREPARED,COMMIT_ADVANCE,4,SOFT_LOCK,True,OK,
p2_dev,20260812,5ea24037c2d9cb6a,F0163,F0163-P01,rice,LAND_PREPARED,PLANTED,COMMIT_ADVANCE,5,HARD_LOCK,False,OK,
p2_dev,20260812,5ea24037c2d9cb6a,F0166,F0166-P01,rice,,VIEWED,ACCEPT,0,FLEXIBLE,True,OK,phase-1 accepted; entered lifecycle
p2_dev,20260812,5ea24037c2d9cb6a,F0166,F0166-P01,rice,VIEWED,TENTATIVE_ACCEPT,ACCEPT,1,SOFT_LOCK,True,OK,
p2_dev,20260812,5ea24037c2d9cb6a,F0166,F0166-P01,rice,TENTATIVE_ACCEPT,CONFIRMED,COMMIT_ADVANCE,2,SOFT_LOCK,True,OK,
p2_dev,20260812,5ea24037c2d9cb6a,F0166,F0166-P01,rice,CONFIRMED,INPUTS_PURCHASED,COMMIT_ADVANCE,3,SOFT_LOCK,True,OK,
p2_dev,20260812,5ea24037c2d9cb6a,F0166,F0166-P01,rice,INPUTS_PURCHASED,LAND_PREPARED,COMMIT_ADVANCE,4,SOFT_LOCK,True,OK,
p2_dev,20260812,5ea24037c2d9cb6a,F0166,F0166-P01,rice,LAND_PREPARED,PLANTED,COMMIT_ADVANCE,5,HARD_LOCK,False,OK,
p2_dev,20260812,5ea24037c2d9cb6a,F0167,F0167-P01,rice,,VIEWED,ACCEPT,0,FLEXIBLE,True,OK,phase-1 accepted; entered lifecycle
p2_dev,20260812,5ea24037c2d9cb6a,F0167,F0167-P01,rice,VIEWED,TENTATIVE_ACCEPT,ACCEPT,1,SOFT_LOCK,True,OK,
p2_dev,20260812,5ea24037c2d9cb6a,F0167,F0167-P01,rice,TENTATIVE_ACCEPT,CONFIRMED,COMMIT_ADVANCE,2,SOFT_LOCK,True,OK,
p2_dev,20260812,5ea24037c2d9cb6a,F0167,F0167-P01,rice,CONFIRMED,INPUTS_PURCHASED,COMMIT_ADVANCE,3,SOFT_LOCK,True,OK,
p2_dev,20260812,5ea24037c2d9cb6a,F0167,F0167-P01,rice,INPUTS_PURCHASED,LAND_PREPARED,COMMIT_ADVANCE,4,SOFT_LOCK,True,OK,
p2_dev,20260812,5ea24037c2d9cb6a,F0167,F0167-P01,rice,LAND_PREPARED,PLANTED,COMMIT_ADVANCE,5,HARD_LOCK,False,OK,
p2_dev,20260812,5ea24037c2d9cb6a,F0169,F0169-P02,onion,,VIEWED,ACCEPT,0,FLEXIBLE,True,OK,phase-1 accepted; entered lifecycle
p2_dev,20260812,5ea24037c2d9cb6a,F0169,F0169-P02,onion,VIEWED,TENTATIVE_ACCEPT,ACCEPT,1,SOFT_LOCK,True,OK,
p2_dev,20260812,5ea24037c2d9cb6a,F0169,F0169-P02,onion,TENTATIVE_ACCEPT,CONFIRMED,COMMIT_ADVANCE,2,SOFT_LOCK,True,OK,
p2_dev,20260812,5ea24037c2d9cb6a,F0169,F0169-P02,onion,CONFIRMED,INPUTS_PURCHASED,COMMIT_ADVANCE,3,SOFT_LOCK,True,OK,
p2_dev,20260812,5ea24037c2d9cb6a,F0169,F0169-P02,onion,INPUTS_PURCHASED,LAND_PREPARED,COMMIT_ADVANCE,4,SOFT_LOCK,True,OK,
p2_dev,20260812,5ea24037c2d9cb6a,F0169,F0169-P02,onion,LAND_PREPARED,PLANTED,COMMIT_ADVANCE,5,HARD_LOCK,False,OK,
p2_dev,20260812,5ea24037c2d9cb6a,F0175,F0175-P01,sorghum,,VIEWED,REJECT,0,FLEXIBLE,True,REJECTED_TERMINAL,phase-1 rejected; never enters commitment ladder
p2_dev,20260812,5ea24037c2d9cb6a,F0177,F0177-P01,pigeon_pea,,VIEWED,ACCEPT,0,FLEXIBLE,True,OK,phase-1 accepted; entered lifecycle
p2_dev,20260812,5ea24037c2d9cb6a,F0177,F0177-P01,pigeon_pea,VIEWED,TENTATIVE_ACCEPT,ACCEPT,1,SOFT_LOCK,True,OK,
p2_dev,20260812,5ea24037c2d9cb6a,F0177,F0177-P01,pigeon_pea,TENTATIVE_ACCEPT,CONFIRMED,COMMIT_ADVANCE,2,SOFT_LOCK,True,OK,
p2_dev,20260812,5ea24037c2d9cb6a,F0177,F0177-P01,pigeon_pea,CONFIRMED,INPUTS_PURCHASED,COMMIT_ADVANCE,3,SOFT_LOCK,True,OK,
p2_dev,20260812,5ea24037c2d9cb6a,F0177,F0177-P01,pigeon_pea,INPUTS_PURCHASED,LAND_PREPARED,COMMIT_ADVANCE,4,SOFT_LOCK,True,OK,
p2_dev,20260812,5ea24037c2d9cb6a,F0177,F0177-P01,pigeon_pea,LAND_PREPARED,PLANTED,COMMIT_ADVANCE,5,HARD_LOCK,False,OK,
p2_dev,20260812,5ea24037c2d9cb6a,F0178,F0178-P01,pigeon_pea,,VIEWED,REJECT,0,FLEXIBLE,True,REJECTED_TERMINAL,phase-1 rejected; never enters commitment ladder
p2_dev,20260812,5ea24037c2d9cb6a,F0178,F0178-P02,onion,,VIEWED,ACCEPT,0,FLEXIBLE,True,OK,phase-1 accepted; entered lifecycle
p2_dev,20260812,5ea24037c2d9cb6a,F0178,F0178-P02,onion,VIEWED,TENTATIVE_ACCEPT,ACCEPT,1,SOFT_LOCK,True,OK,
p2_dev,20260812,5ea24037c2d9cb6a,F0178,F0178-P02,onion,TENTATIVE_ACCEPT,CONFIRMED,COMMIT_ADVANCE,2,SOFT_LOCK,True,OK,
p2_dev,20260812,5ea24037c2d9cb6a,F0178,F0178-P02,onion,CONFIRMED,INPUTS_PURCHASED,COMMIT_ADVANCE,3,SOFT_LOCK,True,OK,
p2_dev,20260812,5ea24037c2d9cb6a,F0178,F0178-P02,onion,INPUTS_PURCHASED,LAND_PREPARED,COMMIT_ADVANCE,4,SOFT_LOCK,True,OK,
p2_dev,20260812,5ea24037c2d9cb6a,F0178,F0178-P02,onion,LAND_PREPARED,PLANTED,COMMIT_ADVANCE,5,HARD_LOCK,False,OK,
p2_dev,20260812,5ea24037c2d9cb6a,F0179,F0179-P01,onion,,VIEWED,ACCEPT,0,FLEXIBLE,True,OK,phase-1 accepted; entered lifecycle
p2_dev,20260812,5ea24037c2d9cb6a,F0179,F0179-P01,onion,VIEWED,TENTATIVE_ACCEPT,ACCEPT,1,SOFT_LOCK,True,OK,
p2_dev,20260812,5ea24037c2d9cb6a,F0179,F0179-P01,onion,TENTATIVE_ACCEPT,CONFIRMED,COMMIT_ADVANCE,2,SOFT_LOCK,True,OK,
p2_dev,20260812,5ea24037c2d9cb6a,F0179,F0179-P01,onion,CONFIRMED,INPUTS_PURCHASED,COMMIT_ADVANCE,3,SOFT_LOCK,True,OK,
p2_dev,20260812,5ea24037c2d9cb6a,F0179,F0179-P01,onion,INPUTS_PURCHASED,LAND_PREPARED,COMMIT_ADVANCE,4,SOFT_LOCK,True,OK,
p2_dev,20260812,5ea24037c2d9cb6a,F0179,F0179-P01,onion,LAND_PREPARED,PLANTED,COMMIT_ADVANCE,5,HARD_LOCK,False,OK,
p2_dev,20260812,5ea24037c2d9cb6a,F0179,F0179-P02,pigeon_pea,,VIEWED,REJECT,0,FLEXIBLE,True,REJECTED_TERMINAL,phase-1 rejected; never enters commitment ladder
p2_dev,20260812,5ea24037c2d9cb6a,F0180,F0180-P01,groundnut,,VIEWED,ACCEPT,0,FLEXIBLE,True,OK,phase-1 accepted; entered lifecycle
p2_dev,20260812,5ea24037c2d9cb6a,F0180,F0180-P01,groundnut,VIEWED,TENTATIVE_ACCEPT,ACCEPT,1,SOFT_LOCK,True,OK,
p2_dev,20260812,5ea24037c2d9cb6a,F0180,F0180-P01,groundnut,TENTATIVE_ACCEPT,CONFIRMED,COMMIT_ADVANCE,2,SOFT_LOCK,True,OK,
p2_dev,20260812,5ea24037c2d9cb6a,F0180,F0180-P01,groundnut,CONFIRMED,INPUTS_PURCHASED,COMMIT_ADVANCE,3,SOFT_LOCK,True,OK,
p2_dev,20260812,5ea24037c2d9cb6a,F0180,F0180-P01,groundnut,INPUTS_PURCHASED,LAND_PREPARED,COMMIT_ADVANCE,4,SOFT_LOCK,True,OK,
p2_dev,20260812,5ea24037c2d9cb6a,F0180,F0180-P01,groundnut,LAND_PREPARED,PLANTED,COMMIT_ADVANCE,5,HARD_LOCK,False,OK,
p2_dev,20260812,5ea24037c2d9cb6a,F0181,F0181-P02,onion,,VIEWED,ACCEPT,0,FLEXIBLE,True,OK,phase-1 accepted; entered lifecycle
p2_dev,20260812,5ea24037c2d9cb6a,F0181,F0181-P02,onion,VIEWED,TENTATIVE_ACCEPT,ACCEPT,1,SOFT_LOCK,True,OK,
p2_dev,20260812,5ea24037c2d9cb6a,F0181,F0181-P02,onion,TENTATIVE_ACCEPT,CONFIRMED,COMMIT_ADVANCE,2,SOFT_LOCK,True,OK,
p2_dev,20260812,5ea24037c2d9cb6a,F0181,F0181-P02,onion,CONFIRMED,INPUTS_PURCHASED,COMMIT_ADVANCE,3,SOFT_LOCK,True,OK,
p2_dev,20260812,5ea24037c2d9cb6a,F0181,F0181-P02,onion,INPUTS_PURCHASED,LAND_PREPARED,COMMIT_ADVANCE,4,SOFT_LOCK,True,OK,
p2_dev,20260812,5ea24037c2d9cb6a,F0181,F0181-P02,onion,LAND_PREPARED,PLANTED,COMMIT_ADVANCE,5,HARD_LOCK,False,OK,
p2_dev,20260812,5ea24037c2d9cb6a,F0183,F0183-P01,maize,,VIEWED,ACCEPT,0,FLEXIBLE,True,OK,phase-1 accepted; entered lifecycle
p2_dev,20260812,5ea24037c2d9cb6a,F0183,F0183-P01,maize,VIEWED,TENTATIVE_ACCEPT,ACCEPT,1,SOFT_LOCK,True,OK,
p2_dev,20260812,5ea24037c2d9cb6a,F0183,F0183-P01,maize,TENTATIVE_ACCEPT,CONFIRMED,COMMIT_ADVANCE,2,SOFT_LOCK,True,OK,
p2_dev,20260812,5ea24037c2d9cb6a,F0183,F0183-P01,maize,CONFIRMED,INPUTS_PURCHASED,COMMIT_ADVANCE,3,SOFT_LOCK,True,OK,
p2_dev,20260812,5ea24037c2d9cb6a,F0183,F0183-P01,maize,INPUTS_PURCHASED,LAND_PREPARED,COMMIT_ADVANCE,4,SOFT_LOCK,True,OK,
p2_dev,20260812,5ea24037c2d9cb6a,F0183,F0183-P01,maize,LAND_PREPARED,PLANTED,COMMIT_ADVANCE,5,HARD_LOCK,False,OK,
p2_dev,20260812,5ea24037c2d9cb6a,F0188,F0188-P01,maize,,VIEWED,ACCEPT,0,FLEXIBLE,True,OK,phase-1 accepted; entered lifecycle
p2_dev,20260812,5ea24037c2d9cb6a,F0188,F0188-P01,maize,VIEWED,TENTATIVE_ACCEPT,ACCEPT,1,SOFT_LOCK,True,OK,
p2_dev,20260812,5ea24037c2d9cb6a,F0188,F0188-P01,maize,TENTATIVE_ACCEPT,CONFIRMED,COMMIT_ADVANCE,2,SOFT_LOCK,True,OK,
p2_dev,20260812,5ea24037c2d9cb6a,F0188,F0188-P01,maize,CONFIRMED,INPUTS_PURCHASED,COMMIT_ADVANCE,3,SOFT_LOCK,True,OK,
p2_dev,20260812,5ea24037c2d9cb6a,F0188,F0188-P01,maize,INPUTS_PURCHASED,LAND_PREPARED,COMMIT_ADVANCE,4,SOFT_LOCK,True,OK,
p2_dev,20260812,5ea24037c2d9cb6a,F0188,F0188-P01,maize,LAND_PREPARED,PLANTED,COMMIT_ADVANCE,5,HARD_LOCK,False,OK,
p2_dev,20260812,5ea24037c2d9cb6a,F0188,F0188-P02,pigeon_pea,,VIEWED,ACCEPT,0,FLEXIBLE,True,OK,phase-1 accepted; entered lifecycle
p2_dev,20260812,5ea24037c2d9cb6a,F0188,F0188-P02,pigeon_pea,VIEWED,TENTATIVE_ACCEPT,ACCEPT,1,SOFT_LOCK,True,OK,
p2_dev,20260812,5ea24037c2d9cb6a,F0188,F0188-P02,pigeon_pea,TENTATIVE_ACCEPT,CONFIRMED,COMMIT_ADVANCE,2,SOFT_LOCK,True,OK,
p2_dev,20260812,5ea24037c2d9cb6a,F0188,F0188-P02,pigeon_pea,CONFIRMED,INPUTS_PURCHASED,COMMIT_ADVANCE,3,SOFT_LOCK,True,OK,
p2_dev,20260812,5ea24037c2d9cb6a,F0188,F0188-P02,pigeon_pea,INPUTS_PURCHASED,LAND_PREPARED,COMMIT_ADVANCE,4,SOFT_LOCK,True,OK,
p2_dev,20260812,5ea24037c2d9cb6a,F0188,F0188-P02,pigeon_pea,LAND_PREPARED,PLANTED,COMMIT_ADVANCE,5,HARD_LOCK,False,OK,
p2_dev,20260812,5ea24037c2d9cb6a,F0188,F0188-P03,onion,,VIEWED,ACCEPT,0,FLEXIBLE,True,OK,phase-1 accepted; entered lifecycle
p2_dev,20260812,5ea24037c2d9cb6a,F0188,F0188-P03,onion,VIEWED,TENTATIVE_ACCEPT,ACCEPT,1,SOFT_LOCK,True,OK,
p2_dev,20260812,5ea24037c2d9cb6a,F0188,F0188-P03,onion,TENTATIVE_ACCEPT,CONFIRMED,COMMIT_ADVANCE,2,SOFT_LOCK,True,OK,
p2_dev,20260812,5ea24037c2d9cb6a,F0188,F0188-P03,onion,CONFIRMED,INPUTS_PURCHASED,COMMIT_ADVANCE,3,SOFT_LOCK,True,OK,
p2_dev,20260812,5ea24037c2d9cb6a,F0188,F0188-P03,onion,INPUTS_PURCHASED,LAND_PREPARED,COMMIT_ADVANCE,4,SOFT_LOCK,True,OK,
p2_dev,20260812,5ea24037c2d9cb6a,F0188,F0188-P03,onion,LAND_PREPARED,PLANTED,COMMIT_ADVANCE,5,HARD_LOCK,False,OK,
p2_dev,20260812,5ea24037c2d9cb6a,F0188,F0188-P04,maize,,VIEWED,ACCEPT,0,FLEXIBLE,True,OK,phase-1 accepted; entered lifecycle
p2_dev,20260812,5ea24037c2d9cb6a,F0188,F0188-P04,maize,VIEWED,TENTATIVE_ACCEPT,ACCEPT,1,SOFT_LOCK,True,OK,
p2_dev,20260812,5ea24037c2d9cb6a,F0188,F0188-P04,maize,TENTATIVE_ACCEPT,CONFIRMED,COMMIT_ADVANCE,2,SOFT_LOCK,True,OK,
p2_dev,20260812,5ea24037c2d9cb6a,F0188,F0188-P04,maize,CONFIRMED,INPUTS_PURCHASED,COMMIT_ADVANCE,3,SOFT_LOCK,True,OK,
p2_dev,20260812,5ea24037c2d9cb6a,F0188,F0188-P04,maize,INPUTS_PURCHASED,LAND_PREPARED,COMMIT_ADVANCE,4,SOFT_LOCK,True,OK,
p2_dev,20260812,5ea24037c2d9cb6a,F0188,F0188-P04,maize,LAND_PREPARED,PLANTED,COMMIT_ADVANCE,5,HARD_LOCK,False,OK,
p2_dev,20260812,5ea24037c2d9cb6a,F0189,F0189-P01,onion,,VIEWED,ACCEPT,0,FLEXIBLE,True,OK,phase-1 accepted; entered lifecycle
p2_dev,20260812,5ea24037c2d9cb6a,F0189,F0189-P01,onion,VIEWED,TENTATIVE_ACCEPT,ACCEPT,1,SOFT_LOCK,True,OK,
p2_dev,20260812,5ea24037c2d9cb6a,F0189,F0189-P01,onion,TENTATIVE_ACCEPT,CONFIRMED,COMMIT_ADVANCE,2,SOFT_LOCK,True,OK,
p2_dev,20260812,5ea24037c2d9cb6a,F0189,F0189-P01,onion,CONFIRMED,INPUTS_PURCHASED,COMMIT_ADVANCE,3,SOFT_LOCK,True,OK,
p2_dev,20260812,5ea24037c2d9cb6a,F0189,F0189-P01,onion,INPUTS_PURCHASED,LAND_PREPARED,COMMIT_ADVANCE,4,SOFT_LOCK,True,OK,
p2_dev,20260812,5ea24037c2d9cb6a,F0189,F0189-P01,onion,LAND_PREPARED,PLANTED,COMMIT_ADVANCE,5,HARD_LOCK,False,OK,
p2_dev,20260812,5ea24037c2d9cb6a,F0190,F0190-P01,maize,,VIEWED,ACCEPT,0,FLEXIBLE,True,OK,phase-1 accepted; entered lifecycle
p2_dev,20260812,5ea24037c2d9cb6a,F0190,F0190-P01,maize,VIEWED,TENTATIVE_ACCEPT,ACCEPT,1,SOFT_LOCK,True,OK,
p2_dev,20260812,5ea24037c2d9cb6a,F0190,F0190-P01,maize,TENTATIVE_ACCEPT,CONFIRMED,COMMIT_ADVANCE,2,SOFT_LOCK,True,OK,
p2_dev,20260812,5ea24037c2d9cb6a,F0190,F0190-P01,maize,CONFIRMED,INPUTS_PURCHASED,COMMIT_ADVANCE,3,SOFT_LOCK,True,OK,
p2_dev,20260812,5ea24037c2d9cb6a,F0190,F0190-P01,maize,INPUTS_PURCHASED,LAND_PREPARED,COMMIT_ADVANCE,4,SOFT_LOCK,True,OK,
p2_dev,20260812,5ea24037c2d9cb6a,F0190,F0190-P01,maize,LAND_PREPARED,PLANTED,COMMIT_ADVANCE,5,HARD_LOCK,False,OK,
p2_dev,20260812,5ea24037c2d9cb6a,F0192,F0192-P02,groundnut,,VIEWED,ACCEPT,0,FLEXIBLE,True,OK,phase-1 accepted; entered lifecycle
p2_dev,20260812,5ea24037c2d9cb6a,F0192,F0192-P02,groundnut,VIEWED,TENTATIVE_ACCEPT,ACCEPT,1,SOFT_LOCK,True,OK,
p2_dev,20260812,5ea24037c2d9cb6a,F0192,F0192-P02,groundnut,TENTATIVE_ACCEPT,CONFIRMED,COMMIT_ADVANCE,2,SOFT_LOCK,True,OK,
p2_dev,20260812,5ea24037c2d9cb6a,F0192,F0192-P02,groundnut,CONFIRMED,INPUTS_PURCHASED,COMMIT_ADVANCE,3,SOFT_LOCK,True,OK,
p2_dev,20260812,5ea24037c2d9cb6a,F0192,F0192-P02,groundnut,INPUTS_PURCHASED,LAND_PREPARED,COMMIT_ADVANCE,4,SOFT_LOCK,True,OK,
p2_dev,20260812,5ea24037c2d9cb6a,F0192,F0192-P02,groundnut,LAND_PREPARED,PLANTED,COMMIT_ADVANCE,5,HARD_LOCK,False,OK,
p2_dev,20260812,5ea24037c2d9cb6a,F0193,F0193-P01,maize,,VIEWED,REJECT,0,FLEXIBLE,True,REJECTED_TERMINAL,phase-1 rejected; never enters commitment ladder
p2_dev,20260812,5ea24037c2d9cb6a,F0193,F0193-P02,maize,,VIEWED,ACCEPT,0,FLEXIBLE,True,OK,phase-1 accepted; entered lifecycle
p2_dev,20260812,5ea24037c2d9cb6a,F0193,F0193-P02,maize,VIEWED,TENTATIVE_ACCEPT,ACCEPT,1,SOFT_LOCK,True,OK,
p2_dev,20260812,5ea24037c2d9cb6a,F0193,F0193-P02,maize,TENTATIVE_ACCEPT,CONFIRMED,COMMIT_ADVANCE,2,SOFT_LOCK,True,OK,
p2_dev,20260812,5ea24037c2d9cb6a,F0193,F0193-P02,maize,CONFIRMED,INPUTS_PURCHASED,COMMIT_ADVANCE,3,SOFT_LOCK,True,OK,
p2_dev,20260812,5ea24037c2d9cb6a,F0193,F0193-P02,maize,INPUTS_PURCHASED,LAND_PREPARED,COMMIT_ADVANCE,4,SOFT_LOCK,True,OK,
p2_dev,20260812,5ea24037c2d9cb6a,F0193,F0193-P02,maize,LAND_PREPARED,PLANTED,COMMIT_ADVANCE,5,HARD_LOCK,False,OK,
p2_dev,20260812,5ea24037c2d9cb6a,F0194,F0194-P01,onion,,VIEWED,ACCEPT,0,FLEXIBLE,True,OK,phase-1 accepted; entered lifecycle
p2_dev,20260812,5ea24037c2d9cb6a,F0194,F0194-P01,onion,VIEWED,TENTATIVE_ACCEPT,ACCEPT,1,SOFT_LOCK,True,OK,
p2_dev,20260812,5ea24037c2d9cb6a,F0194,F0194-P01,onion,TENTATIVE_ACCEPT,CONFIRMED,COMMIT_ADVANCE,2,SOFT_LOCK,True,OK,
p2_dev,20260812,5ea24037c2d9cb6a,F0194,F0194-P01,onion,CONFIRMED,INPUTS_PURCHASED,COMMIT_ADVANCE,3,SOFT_LOCK,True,OK,
p2_dev,20260812,5ea24037c2d9cb6a,F0194,F0194-P01,onion,INPUTS_PURCHASED,LAND_PREPARED,COMMIT_ADVANCE,4,SOFT_LOCK,True,OK,
p2_dev,20260812,5ea24037c2d9cb6a,F0194,F0194-P01,onion,LAND_PREPARED,PLANTED,COMMIT_ADVANCE,5,HARD_LOCK,False,OK,
p2_dev,20260812,5ea24037c2d9cb6a,F0195,F0195-P01,soybean,,VIEWED,ACCEPT,0,FLEXIBLE,True,OK,phase-1 accepted; entered lifecycle
p2_dev,20260812,5ea24037c2d9cb6a,F0195,F0195-P01,soybean,VIEWED,TENTATIVE_ACCEPT,ACCEPT,1,SOFT_LOCK,True,OK,
p2_dev,20260812,5ea24037c2d9cb6a,F0195,F0195-P01,soybean,TENTATIVE_ACCEPT,CONFIRMED,COMMIT_ADVANCE,2,SOFT_LOCK,True,OK,
p2_dev,20260812,5ea24037c2d9cb6a,F0195,F0195-P01,soybean,CONFIRMED,INPUTS_PURCHASED,COMMIT_ADVANCE,3,SOFT_LOCK,True,OK,
p2_dev,20260812,5ea24037c2d9cb6a,F0195,F0195-P01,soybean,INPUTS_PURCHASED,LAND_PREPARED,COMMIT_ADVANCE,4,SOFT_LOCK,True,OK,
p2_dev,20260812,5ea24037c2d9cb6a,F0195,F0195-P01,soybean,LAND_PREPARED,PLANTED,COMMIT_ADVANCE,5,HARD_LOCK,False,OK,
p2_dev,20260812,5ea24037c2d9cb6a,F0198,F0198-P01,soybean,,VIEWED,ACCEPT,0,FLEXIBLE,True,OK,phase-1 accepted; entered lifecycle
p2_dev,20260812,5ea24037c2d9cb6a,F0198,F0198-P01,soybean,VIEWED,TENTATIVE_ACCEPT,ACCEPT,1,SOFT_LOCK,True,OK,
p2_dev,20260812,5ea24037c2d9cb6a,F0198,F0198-P01,soybean,TENTATIVE_ACCEPT,CONFIRMED,COMMIT_ADVANCE,2,SOFT_LOCK,True,OK,
p2_dev,20260812,5ea24037c2d9cb6a,F0198,F0198-P01,soybean,CONFIRMED,INPUTS_PURCHASED,COMMIT_ADVANCE,3,SOFT_LOCK,True,OK,
p2_dev,20260812,5ea24037c2d9cb6a,F0198,F0198-P01,soybean,INPUTS_PURCHASED,LAND_PREPARED,COMMIT_ADVANCE,4,SOFT_LOCK,True,OK,
p2_dev,20260812,5ea24037c2d9cb6a,F0198,F0198-P01,soybean,LAND_PREPARED,PLANTED,COMMIT_ADVANCE,5,HARD_LOCK,False,OK,
p2_dev,20260812,5ea24037c2d9cb6a,F0200,F0200-P01,pigeon_pea,,VIEWED,ACCEPT,0,FLEXIBLE,True,OK,phase-1 accepted; entered lifecycle
p2_dev,20260812,5ea24037c2d9cb6a,F0200,F0200-P01,pigeon_pea,VIEWED,TENTATIVE_ACCEPT,ACCEPT,1,SOFT_LOCK,True,OK,
p2_dev,20260812,5ea24037c2d9cb6a,F0200,F0200-P01,pigeon_pea,TENTATIVE_ACCEPT,CONFIRMED,COMMIT_ADVANCE,2,SOFT_LOCK,True,OK,
p2_dev,20260812,5ea24037c2d9cb6a,F0200,F0200-P01,pigeon_pea,CONFIRMED,INPUTS_PURCHASED,COMMIT_ADVANCE,3,SOFT_LOCK,True,OK,
p2_dev,20260812,5ea24037c2d9cb6a,F0200,F0200-P01,pigeon_pea,INPUTS_PURCHASED,LAND_PREPARED,COMMIT_ADVANCE,4,SOFT_LOCK,True,OK,
p2_dev,20260812,5ea24037c2d9cb6a,F0200,F0200-P01,pigeon_pea,LAND_PREPARED,PLANTED,COMMIT_ADVANCE,5,HARD_LOCK,False,OK,
p2_dev,20260812,5ea24037c2d9cb6a,F0201,F0201-P01,onion,,VIEWED,ACCEPT,0,FLEXIBLE,True,OK,phase-1 accepted; entered lifecycle
p2_dev,20260812,5ea24037c2d9cb6a,F0201,F0201-P01,onion,VIEWED,TENTATIVE_ACCEPT,ACCEPT,1,SOFT_LOCK,True,OK,
p2_dev,20260812,5ea24037c2d9cb6a,F0201,F0201-P01,onion,TENTATIVE_ACCEPT,CONFIRMED,COMMIT_ADVANCE,2,SOFT_LOCK,True,OK,
p2_dev,20260812,5ea24037c2d9cb6a,F0201,F0201-P01,onion,CONFIRMED,INPUTS_PURCHASED,COMMIT_ADVANCE,3,SOFT_LOCK,True,OK,
p2_dev,20260812,5ea24037c2d9cb6a,F0201,F0201-P01,onion,INPUTS_PURCHASED,LAND_PREPARED,COMMIT_ADVANCE,4,SOFT_LOCK,True,OK,
p2_dev,20260812,5ea24037c2d9cb6a,F0201,F0201-P01,onion,LAND_PREPARED,PLANTED,COMMIT_ADVANCE,5,HARD_LOCK,False,OK,
p2_dev,20260812,5ea24037c2d9cb6a,F0202,F0202-P01,maize,,VIEWED,ACCEPT,0,FLEXIBLE,True,OK,phase-1 accepted; entered lifecycle
p2_dev,20260812,5ea24037c2d9cb6a,F0202,F0202-P01,maize,VIEWED,TENTATIVE_ACCEPT,ACCEPT,1,SOFT_LOCK,True,OK,
p2_dev,20260812,5ea24037c2d9cb6a,F0202,F0202-P01,maize,TENTATIVE_ACCEPT,CONFIRMED,COMMIT_ADVANCE,2,SOFT_LOCK,True,OK,
p2_dev,20260812,5ea24037c2d9cb6a,F0202,F0202-P01,maize,CONFIRMED,INPUTS_PURCHASED,COMMIT_ADVANCE,3,SOFT_LOCK,True,OK,
p2_dev,20260812,5ea24037c2d9cb6a,F0202,F0202-P01,maize,INPUTS_PURCHASED,LAND_PREPARED,COMMIT_ADVANCE,4,SOFT_LOCK,True,OK,
p2_dev,20260812,5ea24037c2d9cb6a,F0202,F0202-P01,maize,LAND_PREPARED,PLANTED,COMMIT_ADVANCE,5,HARD_LOCK,False,OK,
p2_dev,20260812,5ea24037c2d9cb6a,F0202,F0202-P03,maize,,VIEWED,ACCEPT,0,FLEXIBLE,True,OK,phase-1 accepted; entered lifecycle
p2_dev,20260812,5ea24037c2d9cb6a,F0202,F0202-P03,maize,VIEWED,TENTATIVE_ACCEPT,ACCEPT,1,SOFT_LOCK,True,OK,
p2_dev,20260812,5ea24037c2d9cb6a,F0202,F0202-P03,maize,TENTATIVE_ACCEPT,CONFIRMED,COMMIT_ADVANCE,2,SOFT_LOCK,True,OK,
p2_dev,20260812,5ea24037c2d9cb6a,F0202,F0202-P03,maize,CONFIRMED,INPUTS_PURCHASED,COMMIT_ADVANCE,3,SOFT_LOCK,True,OK,
p2_dev,20260812,5ea24037c2d9cb6a,F0202,F0202-P03,maize,INPUTS_PURCHASED,LAND_PREPARED,COMMIT_ADVANCE,4,SOFT_LOCK,True,OK,
p2_dev,20260812,5ea24037c2d9cb6a,F0202,F0202-P03,maize,LAND_PREPARED,PLANTED,COMMIT_ADVANCE,5,HARD_LOCK,False,OK,
p2_dev,20260812,5ea24037c2d9cb6a,F0203,F0203-P01,soybean,,VIEWED,ACCEPT,0,FLEXIBLE,True,OK,phase-1 accepted; entered lifecycle
p2_dev,20260812,5ea24037c2d9cb6a,F0203,F0203-P01,soybean,VIEWED,TENTATIVE_ACCEPT,ACCEPT,1,SOFT_LOCK,True,OK,
p2_dev,20260812,5ea24037c2d9cb6a,F0203,F0203-P01,soybean,TENTATIVE_ACCEPT,CONFIRMED,COMMIT_ADVANCE,2,SOFT_LOCK,True,OK,
p2_dev,20260812,5ea24037c2d9cb6a,F0203,F0203-P01,soybean,CONFIRMED,INPUTS_PURCHASED,COMMIT_ADVANCE,3,SOFT_LOCK,True,OK,
p2_dev,20260812,5ea24037c2d9cb6a,F0203,F0203-P01,soybean,INPUTS_PURCHASED,LAND_PREPARED,COMMIT_ADVANCE,4,SOFT_LOCK,True,OK,
p2_dev,20260812,5ea24037c2d9cb6a,F0203,F0203-P01,soybean,LAND_PREPARED,PLANTED,COMMIT_ADVANCE,5,HARD_LOCK,False,OK,
p2_dev,20260812,5ea24037c2d9cb6a,F0204,F0204-P01,soybean,,VIEWED,ACCEPT,0,FLEXIBLE,True,OK,phase-1 accepted; entered lifecycle
p2_dev,20260812,5ea24037c2d9cb6a,F0204,F0204-P01,soybean,VIEWED,TENTATIVE_ACCEPT,ACCEPT,1,SOFT_LOCK,True,OK,
p2_dev,20260812,5ea24037c2d9cb6a,F0204,F0204-P01,soybean,TENTATIVE_ACCEPT,CONFIRMED,COMMIT_ADVANCE,2,SOFT_LOCK,True,OK,
p2_dev,20260812,5ea24037c2d9cb6a,F0204,F0204-P01,soybean,CONFIRMED,INPUTS_PURCHASED,COMMIT_ADVANCE,3,SOFT_LOCK,True,OK,
p2_dev,20260812,5ea24037c2d9cb6a,F0204,F0204-P01,soybean,INPUTS_PURCHASED,LAND_PREPARED,COMMIT_ADVANCE,4,SOFT_LOCK,True,OK,
p2_dev,20260812,5ea24037c2d9cb6a,F0204,F0204-P01,soybean,LAND_PREPARED,PLANTED,COMMIT_ADVANCE,5,HARD_LOCK,False,OK,
p2_dev,20260812,5ea24037c2d9cb6a,F0205,F0205-P01,onion,,VIEWED,ACCEPT,0,FLEXIBLE,True,OK,phase-1 accepted; entered lifecycle
p2_dev,20260812,5ea24037c2d9cb6a,F0205,F0205-P01,onion,VIEWED,TENTATIVE_ACCEPT,ACCEPT,1,SOFT_LOCK,True,OK,
p2_dev,20260812,5ea24037c2d9cb6a,F0205,F0205-P01,onion,TENTATIVE_ACCEPT,CONFIRMED,COMMIT_ADVANCE,2,SOFT_LOCK,True,OK,
p2_dev,20260812,5ea24037c2d9cb6a,F0205,F0205-P01,onion,CONFIRMED,INPUTS_PURCHASED,COMMIT_ADVANCE,3,SOFT_LOCK,True,OK,
p2_dev,20260812,5ea24037c2d9cb6a,F0205,F0205-P01,onion,INPUTS_PURCHASED,LAND_PREPARED,COMMIT_ADVANCE,4,SOFT_LOCK,True,OK,
p2_dev,20260812,5ea24037c2d9cb6a,F0205,F0205-P01,onion,LAND_PREPARED,PLANTED,COMMIT_ADVANCE,5,HARD_LOCK,False,OK,
p2_dev,20260812,5ea24037c2d9cb6a,F0205,F0205-P02,sorghum,,VIEWED,ACCEPT,0,FLEXIBLE,True,OK,phase-1 accepted; entered lifecycle
p2_dev,20260812,5ea24037c2d9cb6a,F0205,F0205-P02,sorghum,VIEWED,TENTATIVE_ACCEPT,ACCEPT,1,SOFT_LOCK,True,OK,
p2_dev,20260812,5ea24037c2d9cb6a,F0205,F0205-P02,sorghum,TENTATIVE_ACCEPT,CONFIRMED,COMMIT_ADVANCE,2,SOFT_LOCK,True,OK,
p2_dev,20260812,5ea24037c2d9cb6a,F0205,F0205-P02,sorghum,CONFIRMED,INPUTS_PURCHASED,COMMIT_ADVANCE,3,SOFT_LOCK,True,OK,
p2_dev,20260812,5ea24037c2d9cb6a,F0205,F0205-P02,sorghum,INPUTS_PURCHASED,LAND_PREPARED,COMMIT_ADVANCE,4,SOFT_LOCK,True,OK,
p2_dev,20260812,5ea24037c2d9cb6a,F0205,F0205-P02,sorghum,LAND_PREPARED,PLANTED,COMMIT_ADVANCE,5,HARD_LOCK,False,OK,
p2_dev,20260812,5ea24037c2d9cb6a,F0207,F0207-P02,rice,,VIEWED,ACCEPT,0,FLEXIBLE,True,OK,phase-1 accepted; entered lifecycle
p2_dev,20260812,5ea24037c2d9cb6a,F0207,F0207-P02,rice,VIEWED,TENTATIVE_ACCEPT,ACCEPT,1,SOFT_LOCK,True,OK,
p2_dev,20260812,5ea24037c2d9cb6a,F0207,F0207-P02,rice,TENTATIVE_ACCEPT,CONFIRMED,COMMIT_ADVANCE,2,SOFT_LOCK,True,OK,
p2_dev,20260812,5ea24037c2d9cb6a,F0207,F0207-P02,rice,CONFIRMED,INPUTS_PURCHASED,COMMIT_ADVANCE,3,SOFT_LOCK,True,OK,
p2_dev,20260812,5ea24037c2d9cb6a,F0207,F0207-P02,rice,INPUTS_PURCHASED,LAND_PREPARED,COMMIT_ADVANCE,4,SOFT_LOCK,True,OK,
p2_dev,20260812,5ea24037c2d9cb6a,F0207,F0207-P02,rice,LAND_PREPARED,PLANTED,COMMIT_ADVANCE,5,HARD_LOCK,False,OK,
p2_dev,20260812,5ea24037c2d9cb6a,F0208,F0208-P01,soybean,,VIEWED,ACCEPT,0,FLEXIBLE,True,OK,phase-1 accepted; entered lifecycle
p2_dev,20260812,5ea24037c2d9cb6a,F0208,F0208-P01,soybean,VIEWED,TENTATIVE_ACCEPT,ACCEPT,1,SOFT_LOCK,True,OK,
p2_dev,20260812,5ea24037c2d9cb6a,F0208,F0208-P01,soybean,TENTATIVE_ACCEPT,CONFIRMED,COMMIT_ADVANCE,2,SOFT_LOCK,True,OK,
p2_dev,20260812,5ea24037c2d9cb6a,F0208,F0208-P01,soybean,CONFIRMED,INPUTS_PURCHASED,COMMIT_ADVANCE,3,SOFT_LOCK,True,OK,
p2_dev,20260812,5ea24037c2d9cb6a,F0208,F0208-P01,soybean,INPUTS_PURCHASED,LAND_PREPARED,COMMIT_ADVANCE,4,SOFT_LOCK,True,OK,
p2_dev,20260812,5ea24037c2d9cb6a,F0208,F0208-P01,soybean,LAND_PREPARED,PLANTED,COMMIT_ADVANCE,5,HARD_LOCK,False,OK,
p2_dev,20260812,5ea24037c2d9cb6a,F0211,F0211-P01,rice,,VIEWED,ACCEPT,0,FLEXIBLE,True,OK,phase-1 accepted; entered lifecycle
p2_dev,20260812,5ea24037c2d9cb6a,F0211,F0211-P01,rice,VIEWED,TENTATIVE_ACCEPT,ACCEPT,1,SOFT_LOCK,True,OK,
p2_dev,20260812,5ea24037c2d9cb6a,F0211,F0211-P01,rice,TENTATIVE_ACCEPT,CONFIRMED,COMMIT_ADVANCE,2,SOFT_LOCK,True,OK,
p2_dev,20260812,5ea24037c2d9cb6a,F0211,F0211-P01,rice,CONFIRMED,INPUTS_PURCHASED,COMMIT_ADVANCE,3,SOFT_LOCK,True,OK,
p2_dev,20260812,5ea24037c2d9cb6a,F0211,F0211-P01,rice,INPUTS_PURCHASED,LAND_PREPARED,COMMIT_ADVANCE,4,SOFT_LOCK,True,OK,
p2_dev,20260812,5ea24037c2d9cb6a,F0211,F0211-P01,rice,LAND_PREPARED,PLANTED,COMMIT_ADVANCE,5,HARD_LOCK,False,OK,
p2_dev,20260812,5ea24037c2d9cb6a,F0211,F0211-P02,rice,,VIEWED,ACCEPT,0,FLEXIBLE,True,OK,phase-1 accepted; entered lifecycle
p2_dev,20260812,5ea24037c2d9cb6a,F0211,F0211-P02,rice,VIEWED,TENTATIVE_ACCEPT,ACCEPT,1,SOFT_LOCK,True,OK,
p2_dev,20260812,5ea24037c2d9cb6a,F0211,F0211-P02,rice,TENTATIVE_ACCEPT,CONFIRMED,COMMIT_ADVANCE,2,SOFT_LOCK,True,OK,
p2_dev,20260812,5ea24037c2d9cb6a,F0211,F0211-P02,rice,CONFIRMED,INPUTS_PURCHASED,COMMIT_ADVANCE,3,SOFT_LOCK,True,OK,
p2_dev,20260812,5ea24037c2d9cb6a,F0211,F0211-P02,rice,INPUTS_PURCHASED,LAND_PREPARED,COMMIT_ADVANCE,4,SOFT_LOCK,True,OK,
p2_dev,20260812,5ea24037c2d9cb6a,F0211,F0211-P02,rice,LAND_PREPARED,PLANTED,COMMIT_ADVANCE,5,HARD_LOCK,False,OK,
p2_dev,20260812,5ea24037c2d9cb6a,F0211,F0211-P03,rice,,VIEWED,ACCEPT,0,FLEXIBLE,True,OK,phase-1 accepted; entered lifecycle
p2_dev,20260812,5ea24037c2d9cb6a,F0211,F0211-P03,rice,VIEWED,TENTATIVE_ACCEPT,ACCEPT,1,SOFT_LOCK,True,OK,
p2_dev,20260812,5ea24037c2d9cb6a,F0211,F0211-P03,rice,TENTATIVE_ACCEPT,CONFIRMED,COMMIT_ADVANCE,2,SOFT_LOCK,True,OK,
p2_dev,20260812,5ea24037c2d9cb6a,F0211,F0211-P03,rice,CONFIRMED,INPUTS_PURCHASED,COMMIT_ADVANCE,3,SOFT_LOCK,True,OK,
p2_dev,20260812,5ea24037c2d9cb6a,F0211,F0211-P03,rice,INPUTS_PURCHASED,LAND_PREPARED,COMMIT_ADVANCE,4,SOFT_LOCK,True,OK,
p2_dev,20260812,5ea24037c2d9cb6a,F0211,F0211-P03,rice,LAND_PREPARED,PLANTED,COMMIT_ADVANCE,5,HARD_LOCK,False,OK,
p2_dev,20260812,5ea24037c2d9cb6a,F0212,F0212-P01,pigeon_pea,,VIEWED,ACCEPT,0,FLEXIBLE,True,OK,phase-1 accepted; entered lifecycle
p2_dev,20260812,5ea24037c2d9cb6a,F0212,F0212-P01,pigeon_pea,VIEWED,TENTATIVE_ACCEPT,ACCEPT,1,SOFT_LOCK,True,OK,
p2_dev,20260812,5ea24037c2d9cb6a,F0212,F0212-P01,pigeon_pea,TENTATIVE_ACCEPT,CONFIRMED,COMMIT_ADVANCE,2,SOFT_LOCK,True,OK,
p2_dev,20260812,5ea24037c2d9cb6a,F0212,F0212-P01,pigeon_pea,CONFIRMED,INPUTS_PURCHASED,COMMIT_ADVANCE,3,SOFT_LOCK,True,OK,
p2_dev,20260812,5ea24037c2d9cb6a,F0212,F0212-P01,pigeon_pea,INPUTS_PURCHASED,LAND_PREPARED,COMMIT_ADVANCE,4,SOFT_LOCK,True,OK,
p2_dev,20260812,5ea24037c2d9cb6a,F0212,F0212-P01,pigeon_pea,LAND_PREPARED,PLANTED,COMMIT_ADVANCE,5,HARD_LOCK,False,OK,
p2_dev,20260812,5ea24037c2d9cb6a,F0212,F0212-P02,maize,,VIEWED,ACCEPT,0,FLEXIBLE,True,OK,phase-1 accepted; entered lifecycle
p2_dev,20260812,5ea24037c2d9cb6a,F0212,F0212-P02,maize,VIEWED,TENTATIVE_ACCEPT,ACCEPT,1,SOFT_LOCK,True,OK,
p2_dev,20260812,5ea24037c2d9cb6a,F0212,F0212-P02,maize,TENTATIVE_ACCEPT,CONFIRMED,COMMIT_ADVANCE,2,SOFT_LOCK,True,OK,
p2_dev,20260812,5ea24037c2d9cb6a,F0212,F0212-P02,maize,CONFIRMED,INPUTS_PURCHASED,COMMIT_ADVANCE,3,SOFT_LOCK,True,OK,
p2_dev,20260812,5ea24037c2d9cb6a,F0212,F0212-P02,maize,INPUTS_PURCHASED,LAND_PREPARED,COMMIT_ADVANCE,4,SOFT_LOCK,True,OK,
p2_dev,20260812,5ea24037c2d9cb6a,F0212,F0212-P02,maize,LAND_PREPARED,PLANTED,COMMIT_ADVANCE,5,HARD_LOCK,False,OK,
p2_dev,20260812,5ea24037c2d9cb6a,F0213,F0213-P01,onion,,VIEWED,ACCEPT,0,FLEXIBLE,True,OK,phase-1 accepted; entered lifecycle
p2_dev,20260812,5ea24037c2d9cb6a,F0213,F0213-P01,onion,VIEWED,TENTATIVE_ACCEPT,ACCEPT,1,SOFT_LOCK,True,OK,
p2_dev,20260812,5ea24037c2d9cb6a,F0213,F0213-P01,onion,TENTATIVE_ACCEPT,CONFIRMED,COMMIT_ADVANCE,2,SOFT_LOCK,True,OK,
p2_dev,20260812,5ea24037c2d9cb6a,F0213,F0213-P01,onion,CONFIRMED,INPUTS_PURCHASED,COMMIT_ADVANCE,3,SOFT_LOCK,True,OK,
p2_dev,20260812,5ea24037c2d9cb6a,F0213,F0213-P01,onion,INPUTS_PURCHASED,LAND_PREPARED,COMMIT_ADVANCE,4,SOFT_LOCK,True,OK,
p2_dev,20260812,5ea24037c2d9cb6a,F0213,F0213-P01,onion,LAND_PREPARED,PLANTED,COMMIT_ADVANCE,5,HARD_LOCK,False,OK,
p2_dev,20260812,5ea24037c2d9cb6a,F0215,F0215-P01,soybean,,VIEWED,ACCEPT,0,FLEXIBLE,True,OK,phase-1 accepted; entered lifecycle
p2_dev,20260812,5ea24037c2d9cb6a,F0215,F0215-P01,soybean,VIEWED,TENTATIVE_ACCEPT,ACCEPT,1,SOFT_LOCK,True,OK,
p2_dev,20260812,5ea24037c2d9cb6a,F0215,F0215-P01,soybean,TENTATIVE_ACCEPT,CONFIRMED,COMMIT_ADVANCE,2,SOFT_LOCK,True,OK,
p2_dev,20260812,5ea24037c2d9cb6a,F0215,F0215-P01,soybean,CONFIRMED,INPUTS_PURCHASED,COMMIT_ADVANCE,3,SOFT_LOCK,True,OK,
p2_dev,20260812,5ea24037c2d9cb6a,F0215,F0215-P01,soybean,INPUTS_PURCHASED,LAND_PREPARED,COMMIT_ADVANCE,4,SOFT_LOCK,True,OK,
p2_dev,20260812,5ea24037c2d9cb6a,F0215,F0215-P01,soybean,LAND_PREPARED,PLANTED,COMMIT_ADVANCE,5,HARD_LOCK,False,OK,
p2_dev,20260812,5ea24037c2d9cb6a,F0216,F0216-P01,maize,,VIEWED,ACCEPT,0,FLEXIBLE,True,OK,phase-1 accepted; entered lifecycle
p2_dev,20260812,5ea24037c2d9cb6a,F0216,F0216-P01,maize,VIEWED,TENTATIVE_ACCEPT,ACCEPT,1,SOFT_LOCK,True,OK,
p2_dev,20260812,5ea24037c2d9cb6a,F0216,F0216-P01,maize,TENTATIVE_ACCEPT,CONFIRMED,COMMIT_ADVANCE,2,SOFT_LOCK,True,OK,
p2_dev,20260812,5ea24037c2d9cb6a,F0216,F0216-P01,maize,CONFIRMED,INPUTS_PURCHASED,COMMIT_ADVANCE,3,SOFT_LOCK,True,OK,
p2_dev,20260812,5ea24037c2d9cb6a,F0216,F0216-P01,maize,INPUTS_PURCHASED,LAND_PREPARED,COMMIT_ADVANCE,4,SOFT_LOCK,True,OK,
p2_dev,20260812,5ea24037c2d9cb6a,F0216,F0216-P01,maize,LAND_PREPARED,PLANTED,COMMIT_ADVANCE,5,HARD_LOCK,False,OK,
p2_dev,20260812,5ea24037c2d9cb6a,F0216,F0216-P02,sorghum,,VIEWED,ACCEPT,0,FLEXIBLE,True,OK,phase-1 accepted; entered lifecycle
p2_dev,20260812,5ea24037c2d9cb6a,F0216,F0216-P02,sorghum,VIEWED,TENTATIVE_ACCEPT,ACCEPT,1,SOFT_LOCK,True,OK,
p2_dev,20260812,5ea24037c2d9cb6a,F0216,F0216-P02,sorghum,TENTATIVE_ACCEPT,CONFIRMED,COMMIT_ADVANCE,2,SOFT_LOCK,True,OK,
p2_dev,20260812,5ea24037c2d9cb6a,F0216,F0216-P02,sorghum,CONFIRMED,INPUTS_PURCHASED,COMMIT_ADVANCE,3,SOFT_LOCK,True,OK,
p2_dev,20260812,5ea24037c2d9cb6a,F0216,F0216-P02,sorghum,INPUTS_PURCHASED,LAND_PREPARED,COMMIT_ADVANCE,4,SOFT_LOCK,True,OK,
p2_dev,20260812,5ea24037c2d9cb6a,F0216,F0216-P02,sorghum,LAND_PREPARED,PLANTED,COMMIT_ADVANCE,5,HARD_LOCK,False,OK,
p2_dev,20260812,5ea24037c2d9cb6a,F0219,F0219-P01,sorghum,,VIEWED,ACCEPT,0,FLEXIBLE,True,OK,phase-1 accepted; entered lifecycle
p2_dev,20260812,5ea24037c2d9cb6a,F0219,F0219-P01,sorghum,VIEWED,TENTATIVE_ACCEPT,ACCEPT,1,SOFT_LOCK,True,OK,
p2_dev,20260812,5ea24037c2d9cb6a,F0219,F0219-P01,sorghum,TENTATIVE_ACCEPT,CONFIRMED,COMMIT_ADVANCE,2,SOFT_LOCK,True,OK,
p2_dev,20260812,5ea24037c2d9cb6a,F0219,F0219-P01,sorghum,CONFIRMED,INPUTS_PURCHASED,COMMIT_ADVANCE,3,SOFT_LOCK,True,OK,
p2_dev,20260812,5ea24037c2d9cb6a,F0219,F0219-P01,sorghum,INPUTS_PURCHASED,LAND_PREPARED,COMMIT_ADVANCE,4,SOFT_LOCK,True,OK,
p2_dev,20260812,5ea24037c2d9cb6a,F0219,F0219-P01,sorghum,LAND_PREPARED,PLANTED,COMMIT_ADVANCE,5,HARD_LOCK,False,OK,
p2_dev,20260812,5ea24037c2d9cb6a,F0220,F0220-P02,maize,,VIEWED,ACCEPT,0,FLEXIBLE,True,OK,phase-1 accepted; entered lifecycle
p2_dev,20260812,5ea24037c2d9cb6a,F0220,F0220-P02,maize,VIEWED,TENTATIVE_ACCEPT,ACCEPT,1,SOFT_LOCK,True,OK,
p2_dev,20260812,5ea24037c2d9cb6a,F0220,F0220-P02,maize,TENTATIVE_ACCEPT,CONFIRMED,COMMIT_ADVANCE,2,SOFT_LOCK,True,OK,
p2_dev,20260812,5ea24037c2d9cb6a,F0220,F0220-P02,maize,CONFIRMED,INPUTS_PURCHASED,COMMIT_ADVANCE,3,SOFT_LOCK,True,OK,
p2_dev,20260812,5ea24037c2d9cb6a,F0220,F0220-P02,maize,INPUTS_PURCHASED,LAND_PREPARED,COMMIT_ADVANCE,4,SOFT_LOCK,True,OK,
p2_dev,20260812,5ea24037c2d9cb6a,F0220,F0220-P02,maize,LAND_PREPARED,PLANTED,COMMIT_ADVANCE,5,HARD_LOCK,False,OK,
p2_dev,20260812,5ea24037c2d9cb6a,F0221,F0221-P01,soybean,,VIEWED,ACCEPT,0,FLEXIBLE,True,OK,phase-1 accepted; entered lifecycle
p2_dev,20260812,5ea24037c2d9cb6a,F0221,F0221-P01,soybean,VIEWED,TENTATIVE_ACCEPT,ACCEPT,1,SOFT_LOCK,True,OK,
p2_dev,20260812,5ea24037c2d9cb6a,F0221,F0221-P01,soybean,TENTATIVE_ACCEPT,CONFIRMED,COMMIT_ADVANCE,2,SOFT_LOCK,True,OK,
p2_dev,20260812,5ea24037c2d9cb6a,F0221,F0221-P01,soybean,CONFIRMED,INPUTS_PURCHASED,COMMIT_ADVANCE,3,SOFT_LOCK,True,OK,
p2_dev,20260812,5ea24037c2d9cb6a,F0221,F0221-P01,soybean,INPUTS_PURCHASED,LAND_PREPARED,COMMIT_ADVANCE,4,SOFT_LOCK,True,OK,
p2_dev,20260812,5ea24037c2d9cb6a,F0221,F0221-P01,soybean,LAND_PREPARED,PLANTED,COMMIT_ADVANCE,5,HARD_LOCK,False,OK,
p2_dev,20260812,5ea24037c2d9cb6a,F0222,F0222-P04,groundnut,,VIEWED,ACCEPT,0,FLEXIBLE,True,OK,phase-1 accepted; entered lifecycle
p2_dev,20260812,5ea24037c2d9cb6a,F0222,F0222-P04,groundnut,VIEWED,TENTATIVE_ACCEPT,ACCEPT,1,SOFT_LOCK,True,OK,
p2_dev,20260812,5ea24037c2d9cb6a,F0222,F0222-P04,groundnut,TENTATIVE_ACCEPT,CONFIRMED,COMMIT_ADVANCE,2,SOFT_LOCK,True,OK,
p2_dev,20260812,5ea24037c2d9cb6a,F0222,F0222-P04,groundnut,CONFIRMED,INPUTS_PURCHASED,COMMIT_ADVANCE,3,SOFT_LOCK,True,OK,
p2_dev,20260812,5ea24037c2d9cb6a,F0222,F0222-P04,groundnut,INPUTS_PURCHASED,LAND_PREPARED,COMMIT_ADVANCE,4,SOFT_LOCK,True,OK,
p2_dev,20260812,5ea24037c2d9cb6a,F0222,F0222-P04,groundnut,LAND_PREPARED,PLANTED,COMMIT_ADVANCE,5,HARD_LOCK,False,OK,
p2_dev,20260812,5ea24037c2d9cb6a,F0227,F0227-P01,rice,,VIEWED,ACCEPT,0,FLEXIBLE,True,OK,phase-1 accepted; entered lifecycle
p2_dev,20260812,5ea24037c2d9cb6a,F0227,F0227-P01,rice,VIEWED,TENTATIVE_ACCEPT,ACCEPT,1,SOFT_LOCK,True,OK,
p2_dev,20260812,5ea24037c2d9cb6a,F0227,F0227-P01,rice,TENTATIVE_ACCEPT,CONFIRMED,COMMIT_ADVANCE,2,SOFT_LOCK,True,OK,
p2_dev,20260812,5ea24037c2d9cb6a,F0227,F0227-P01,rice,CONFIRMED,INPUTS_PURCHASED,COMMIT_ADVANCE,3,SOFT_LOCK,True,OK,
p2_dev,20260812,5ea24037c2d9cb6a,F0227,F0227-P01,rice,INPUTS_PURCHASED,LAND_PREPARED,COMMIT_ADVANCE,4,SOFT_LOCK,True,OK,
p2_dev,20260812,5ea24037c2d9cb6a,F0227,F0227-P01,rice,LAND_PREPARED,PLANTED,COMMIT_ADVANCE,5,HARD_LOCK,False,OK,
p2_dev,20260812,5ea24037c2d9cb6a,F0228,F0228-P01,maize,,VIEWED,ACCEPT,0,FLEXIBLE,True,OK,phase-1 accepted; entered lifecycle
p2_dev,20260812,5ea24037c2d9cb6a,F0228,F0228-P01,maize,VIEWED,TENTATIVE_ACCEPT,ACCEPT,1,SOFT_LOCK,True,OK,
p2_dev,20260812,5ea24037c2d9cb6a,F0228,F0228-P01,maize,TENTATIVE_ACCEPT,CONFIRMED,COMMIT_ADVANCE,2,SOFT_LOCK,True,OK,
p2_dev,20260812,5ea24037c2d9cb6a,F0228,F0228-P01,maize,CONFIRMED,INPUTS_PURCHASED,COMMIT_ADVANCE,3,SOFT_LOCK,True,OK,
p2_dev,20260812,5ea24037c2d9cb6a,F0228,F0228-P01,maize,INPUTS_PURCHASED,LAND_PREPARED,COMMIT_ADVANCE,4,SOFT_LOCK,True,OK,
p2_dev,20260812,5ea24037c2d9cb6a,F0228,F0228-P01,maize,LAND_PREPARED,PLANTED,COMMIT_ADVANCE,5,HARD_LOCK,False,OK,
p2_dev,20260812,5ea24037c2d9cb6a,F0230,F0230-P01,maize,,VIEWED,ACCEPT,0,FLEXIBLE,True,OK,phase-1 accepted; entered lifecycle
p2_dev,20260812,5ea24037c2d9cb6a,F0230,F0230-P01,maize,VIEWED,TENTATIVE_ACCEPT,ACCEPT,1,SOFT_LOCK,True,OK,
p2_dev,20260812,5ea24037c2d9cb6a,F0230,F0230-P01,maize,TENTATIVE_ACCEPT,CONFIRMED,COMMIT_ADVANCE,2,SOFT_LOCK,True,OK,
p2_dev,20260812,5ea24037c2d9cb6a,F0230,F0230-P01,maize,CONFIRMED,INPUTS_PURCHASED,COMMIT_ADVANCE,3,SOFT_LOCK,True,OK,
p2_dev,20260812,5ea24037c2d9cb6a,F0230,F0230-P01,maize,INPUTS_PURCHASED,LAND_PREPARED,COMMIT_ADVANCE,4,SOFT_LOCK,True,OK,
p2_dev,20260812,5ea24037c2d9cb6a,F0230,F0230-P01,maize,LAND_PREPARED,PLANTED,COMMIT_ADVANCE,5,HARD_LOCK,False,OK,
p2_dev,20260812,5ea24037c2d9cb6a,F0233,F0233-P01,rice,,VIEWED,ACCEPT,0,FLEXIBLE,True,OK,phase-1 accepted; entered lifecycle
p2_dev,20260812,5ea24037c2d9cb6a,F0233,F0233-P01,rice,VIEWED,TENTATIVE_ACCEPT,ACCEPT,1,SOFT_LOCK,True,OK,
p2_dev,20260812,5ea24037c2d9cb6a,F0233,F0233-P01,rice,TENTATIVE_ACCEPT,CONFIRMED,COMMIT_ADVANCE,2,SOFT_LOCK,True,OK,
p2_dev,20260812,5ea24037c2d9cb6a,F0233,F0233-P01,rice,CONFIRMED,INPUTS_PURCHASED,COMMIT_ADVANCE,3,SOFT_LOCK,True,OK,
p2_dev,20260812,5ea24037c2d9cb6a,F0233,F0233-P01,rice,INPUTS_PURCHASED,LAND_PREPARED,COMMIT_ADVANCE,4,SOFT_LOCK,True,OK,
p2_dev,20260812,5ea24037c2d9cb6a,F0233,F0233-P01,rice,LAND_PREPARED,PLANTED,COMMIT_ADVANCE,5,HARD_LOCK,False,OK,
p2_dev,20260812,5ea24037c2d9cb6a,F0234,F0234-P01,onion,,VIEWED,REJECT,0,FLEXIBLE,True,REJECTED_TERMINAL,phase-1 rejected; never enters commitment ladder
p2_dev,20260812,5ea24037c2d9cb6a,F0234,F0234-P02,maize,,VIEWED,ACCEPT,0,FLEXIBLE,True,OK,phase-1 accepted; entered lifecycle
p2_dev,20260812,5ea24037c2d9cb6a,F0234,F0234-P02,maize,VIEWED,TENTATIVE_ACCEPT,ACCEPT,1,SOFT_LOCK,True,OK,
p2_dev,20260812,5ea24037c2d9cb6a,F0234,F0234-P02,maize,TENTATIVE_ACCEPT,CONFIRMED,COMMIT_ADVANCE,2,SOFT_LOCK,True,OK,
p2_dev,20260812,5ea24037c2d9cb6a,F0234,F0234-P02,maize,CONFIRMED,INPUTS_PURCHASED,COMMIT_ADVANCE,3,SOFT_LOCK,True,OK,
p2_dev,20260812,5ea24037c2d9cb6a,F0234,F0234-P02,maize,INPUTS_PURCHASED,LAND_PREPARED,COMMIT_ADVANCE,4,SOFT_LOCK,True,OK,
p2_dev,20260812,5ea24037c2d9cb6a,F0234,F0234-P02,maize,LAND_PREPARED,PLANTED,COMMIT_ADVANCE,5,HARD_LOCK,False,OK,
p2_dev,20260812,5ea24037c2d9cb6a,F0236,F0236-P02,soybean,,VIEWED,ACCEPT,0,FLEXIBLE,True,OK,phase-1 accepted; entered lifecycle
p2_dev,20260812,5ea24037c2d9cb6a,F0236,F0236-P02,soybean,VIEWED,TENTATIVE_ACCEPT,ACCEPT,1,SOFT_LOCK,True,OK,
p2_dev,20260812,5ea24037c2d9cb6a,F0236,F0236-P02,soybean,TENTATIVE_ACCEPT,CONFIRMED,COMMIT_ADVANCE,2,SOFT_LOCK,True,OK,
p2_dev,20260812,5ea24037c2d9cb6a,F0236,F0236-P02,soybean,CONFIRMED,INPUTS_PURCHASED,COMMIT_ADVANCE,3,SOFT_LOCK,True,OK,
p2_dev,20260812,5ea24037c2d9cb6a,F0236,F0236-P02,soybean,INPUTS_PURCHASED,LAND_PREPARED,COMMIT_ADVANCE,4,SOFT_LOCK,True,OK,
p2_dev,20260812,5ea24037c2d9cb6a,F0236,F0236-P02,soybean,LAND_PREPARED,PLANTED,COMMIT_ADVANCE,5,HARD_LOCK,False,OK,
p2_dev,20260812,5ea24037c2d9cb6a,F0237,F0237-P01,pigeon_pea,,VIEWED,ACCEPT,0,FLEXIBLE,True,OK,phase-1 accepted; entered lifecycle
p2_dev,20260812,5ea24037c2d9cb6a,F0237,F0237-P01,pigeon_pea,VIEWED,TENTATIVE_ACCEPT,ACCEPT,1,SOFT_LOCK,True,OK,
p2_dev,20260812,5ea24037c2d9cb6a,F0237,F0237-P01,pigeon_pea,TENTATIVE_ACCEPT,CONFIRMED,COMMIT_ADVANCE,2,SOFT_LOCK,True,OK,
p2_dev,20260812,5ea24037c2d9cb6a,F0237,F0237-P01,pigeon_pea,CONFIRMED,INPUTS_PURCHASED,COMMIT_ADVANCE,3,SOFT_LOCK,True,OK,
p2_dev,20260812,5ea24037c2d9cb6a,F0237,F0237-P01,pigeon_pea,INPUTS_PURCHASED,LAND_PREPARED,COMMIT_ADVANCE,4,SOFT_LOCK,True,OK,
p2_dev,20260812,5ea24037c2d9cb6a,F0237,F0237-P01,pigeon_pea,LAND_PREPARED,PLANTED,COMMIT_ADVANCE,5,HARD_LOCK,False,OK,
p2_dev,20260812,5ea24037c2d9cb6a,F0238,F0238-P01,sorghum,,VIEWED,ACCEPT,0,FLEXIBLE,True,OK,phase-1 accepted; entered lifecycle
p2_dev,20260812,5ea24037c2d9cb6a,F0238,F0238-P01,sorghum,VIEWED,TENTATIVE_ACCEPT,ACCEPT,1,SOFT_LOCK,True,OK,
p2_dev,20260812,5ea24037c2d9cb6a,F0238,F0238-P01,sorghum,TENTATIVE_ACCEPT,CONFIRMED,COMMIT_ADVANCE,2,SOFT_LOCK,True,OK,
p2_dev,20260812,5ea24037c2d9cb6a,F0238,F0238-P01,sorghum,CONFIRMED,INPUTS_PURCHASED,COMMIT_ADVANCE,3,SOFT_LOCK,True,OK,
p2_dev,20260812,5ea24037c2d9cb6a,F0238,F0238-P01,sorghum,INPUTS_PURCHASED,LAND_PREPARED,COMMIT_ADVANCE,4,SOFT_LOCK,True,OK,
p2_dev,20260812,5ea24037c2d9cb6a,F0238,F0238-P01,sorghum,LAND_PREPARED,PLANTED,COMMIT_ADVANCE,5,HARD_LOCK,False,OK,
p2_dev,20260812,5ea24037c2d9cb6a,F0239,F0239-P02,groundnut,,VIEWED,ACCEPT,0,FLEXIBLE,True,OK,phase-1 accepted; entered lifecycle
p2_dev,20260812,5ea24037c2d9cb6a,F0239,F0239-P02,groundnut,VIEWED,TENTATIVE_ACCEPT,ACCEPT,1,SOFT_LOCK,True,OK,
p2_dev,20260812,5ea24037c2d9cb6a,F0239,F0239-P02,groundnut,TENTATIVE_ACCEPT,CONFIRMED,COMMIT_ADVANCE,2,SOFT_LOCK,True,OK,
p2_dev,20260812,5ea24037c2d9cb6a,F0239,F0239-P02,groundnut,CONFIRMED,INPUTS_PURCHASED,COMMIT_ADVANCE,3,SOFT_LOCK,True,OK,
p2_dev,20260812,5ea24037c2d9cb6a,F0239,F0239-P02,groundnut,INPUTS_PURCHASED,LAND_PREPARED,COMMIT_ADVANCE,4,SOFT_LOCK,True,OK,
p2_dev,20260812,5ea24037c2d9cb6a,F0239,F0239-P02,groundnut,LAND_PREPARED,PLANTED,COMMIT_ADVANCE,5,HARD_LOCK,False,OK,
p2_dev,20260812,5ea24037c2d9cb6a,F0240,F0240-P01,sorghum,,VIEWED,ACCEPT,0,FLEXIBLE,True,OK,phase-1 accepted; entered lifecycle
p2_dev,20260812,5ea24037c2d9cb6a,F0240,F0240-P01,sorghum,VIEWED,TENTATIVE_ACCEPT,ACCEPT,1,SOFT_LOCK,True,OK,
p2_dev,20260812,5ea24037c2d9cb6a,F0240,F0240-P01,sorghum,TENTATIVE_ACCEPT,CONFIRMED,COMMIT_ADVANCE,2,SOFT_LOCK,True,OK,
p2_dev,20260812,5ea24037c2d9cb6a,F0240,F0240-P01,sorghum,CONFIRMED,INPUTS_PURCHASED,COMMIT_ADVANCE,3,SOFT_LOCK,True,OK,
p2_dev,20260812,5ea24037c2d9cb6a,F0240,F0240-P01,sorghum,INPUTS_PURCHASED,LAND_PREPARED,COMMIT_ADVANCE,4,SOFT_LOCK,True,OK,
p2_dev,20260812,5ea24037c2d9cb6a,F0240,F0240-P01,sorghum,LAND_PREPARED,PLANTED,COMMIT_ADVANCE,5,HARD_LOCK,False,OK,
p2_dev,20260812,5ea24037c2d9cb6a,F0241,F0241-P02,groundnut,,VIEWED,REJECT,0,FLEXIBLE,True,REJECTED_TERMINAL,phase-1 rejected; never enters commitment ladder
p2_dev,20260812,5ea24037c2d9cb6a,F0242,F0242-P03,rice,,VIEWED,ACCEPT,0,FLEXIBLE,True,OK,phase-1 accepted; entered lifecycle
p2_dev,20260812,5ea24037c2d9cb6a,F0242,F0242-P03,rice,VIEWED,TENTATIVE_ACCEPT,ACCEPT,1,SOFT_LOCK,True,OK,
p2_dev,20260812,5ea24037c2d9cb6a,F0242,F0242-P03,rice,TENTATIVE_ACCEPT,CONFIRMED,COMMIT_ADVANCE,2,SOFT_LOCK,True,OK,
p2_dev,20260812,5ea24037c2d9cb6a,F0242,F0242-P03,rice,CONFIRMED,INPUTS_PURCHASED,COMMIT_ADVANCE,3,SOFT_LOCK,True,OK,
p2_dev,20260812,5ea24037c2d9cb6a,F0242,F0242-P03,rice,INPUTS_PURCHASED,LAND_PREPARED,COMMIT_ADVANCE,4,SOFT_LOCK,True,OK,
p2_dev,20260812,5ea24037c2d9cb6a,F0242,F0242-P03,rice,LAND_PREPARED,PLANTED,COMMIT_ADVANCE,5,HARD_LOCK,False,OK,
p2_dev,20260812,5ea24037c2d9cb6a,F0243,F0243-P02,groundnut,,VIEWED,ACCEPT,0,FLEXIBLE,True,OK,phase-1 accepted; entered lifecycle
p2_dev,20260812,5ea24037c2d9cb6a,F0243,F0243-P02,groundnut,VIEWED,TENTATIVE_ACCEPT,ACCEPT,1,SOFT_LOCK,True,OK,
p2_dev,20260812,5ea24037c2d9cb6a,F0243,F0243-P02,groundnut,TENTATIVE_ACCEPT,CONFIRMED,COMMIT_ADVANCE,2,SOFT_LOCK,True,OK,
p2_dev,20260812,5ea24037c2d9cb6a,F0243,F0243-P02,groundnut,CONFIRMED,INPUTS_PURCHASED,COMMIT_ADVANCE,3,SOFT_LOCK,True,OK,
p2_dev,20260812,5ea24037c2d9cb6a,F0243,F0243-P02,groundnut,INPUTS_PURCHASED,LAND_PREPARED,COMMIT_ADVANCE,4,SOFT_LOCK,True,OK,
p2_dev,20260812,5ea24037c2d9cb6a,F0243,F0243-P02,groundnut,LAND_PREPARED,PLANTED,COMMIT_ADVANCE,5,HARD_LOCK,False,OK,
p2_dev,20260812,5ea24037c2d9cb6a,F0245,F0245-P01,onion,,VIEWED,ACCEPT,0,FLEXIBLE,True,OK,phase-1 accepted; entered lifecycle
p2_dev,20260812,5ea24037c2d9cb6a,F0245,F0245-P01,onion,VIEWED,TENTATIVE_ACCEPT,ACCEPT,1,SOFT_LOCK,True,OK,
p2_dev,20260812,5ea24037c2d9cb6a,F0245,F0245-P01,onion,TENTATIVE_ACCEPT,CONFIRMED,COMMIT_ADVANCE,2,SOFT_LOCK,True,OK,
p2_dev,20260812,5ea24037c2d9cb6a,F0245,F0245-P01,onion,CONFIRMED,INPUTS_PURCHASED,COMMIT_ADVANCE,3,SOFT_LOCK,True,OK,
p2_dev,20260812,5ea24037c2d9cb6a,F0245,F0245-P01,onion,INPUTS_PURCHASED,LAND_PREPARED,COMMIT_ADVANCE,4,SOFT_LOCK,True,OK,
p2_dev,20260812,5ea24037c2d9cb6a,F0245,F0245-P01,onion,LAND_PREPARED,PLANTED,COMMIT_ADVANCE,5,HARD_LOCK,False,OK,
p2_dev,20260812,5ea24037c2d9cb6a,F0245,F0245-P02,maize,,VIEWED,ACCEPT,0,FLEXIBLE,True,OK,phase-1 accepted; entered lifecycle
p2_dev,20260812,5ea24037c2d9cb6a,F0245,F0245-P02,maize,VIEWED,TENTATIVE_ACCEPT,ACCEPT,1,SOFT_LOCK,True,OK,
p2_dev,20260812,5ea24037c2d9cb6a,F0245,F0245-P02,maize,TENTATIVE_ACCEPT,CONFIRMED,COMMIT_ADVANCE,2,SOFT_LOCK,True,OK,
p2_dev,20260812,5ea24037c2d9cb6a,F0245,F0245-P02,maize,CONFIRMED,INPUTS_PURCHASED,COMMIT_ADVANCE,3,SOFT_LOCK,True,OK,
p2_dev,20260812,5ea24037c2d9cb6a,F0245,F0245-P02,maize,INPUTS_PURCHASED,LAND_PREPARED,COMMIT_ADVANCE,4,SOFT_LOCK,True,OK,
p2_dev,20260812,5ea24037c2d9cb6a,F0245,F0245-P02,maize,LAND_PREPARED,PLANTED,COMMIT_ADVANCE,5,HARD_LOCK,False,OK,
p2_dev,20260812,5ea24037c2d9cb6a,F0245,F0245-P03,rice,,VIEWED,ACCEPT,0,FLEXIBLE,True,OK,phase-1 accepted; entered lifecycle
p2_dev,20260812,5ea24037c2d9cb6a,F0245,F0245-P03,rice,VIEWED,TENTATIVE_ACCEPT,ACCEPT,1,SOFT_LOCK,True,OK,
p2_dev,20260812,5ea24037c2d9cb6a,F0245,F0245-P03,rice,TENTATIVE_ACCEPT,CONFIRMED,COMMIT_ADVANCE,2,SOFT_LOCK,True,OK,
p2_dev,20260812,5ea24037c2d9cb6a,F0245,F0245-P03,rice,CONFIRMED,INPUTS_PURCHASED,COMMIT_ADVANCE,3,SOFT_LOCK,True,OK,
p2_dev,20260812,5ea24037c2d9cb6a,F0245,F0245-P03,rice,INPUTS_PURCHASED,LAND_PREPARED,COMMIT_ADVANCE,4,SOFT_LOCK,True,OK,
p2_dev,20260812,5ea24037c2d9cb6a,F0245,F0245-P03,rice,LAND_PREPARED,PLANTED,COMMIT_ADVANCE,5,HARD_LOCK,False,OK,
p2_dev,20260812,5ea24037c2d9cb6a,F0247,F0247-P01,rice,,VIEWED,ACCEPT,0,FLEXIBLE,True,OK,phase-1 accepted; entered lifecycle
p2_dev,20260812,5ea24037c2d9cb6a,F0247,F0247-P01,rice,VIEWED,TENTATIVE_ACCEPT,ACCEPT,1,SOFT_LOCK,True,OK,
p2_dev,20260812,5ea24037c2d9cb6a,F0247,F0247-P01,rice,TENTATIVE_ACCEPT,CONFIRMED,COMMIT_ADVANCE,2,SOFT_LOCK,True,OK,
p2_dev,20260812,5ea24037c2d9cb6a,F0247,F0247-P01,rice,CONFIRMED,INPUTS_PURCHASED,COMMIT_ADVANCE,3,SOFT_LOCK,True,OK,
p2_dev,20260812,5ea24037c2d9cb6a,F0247,F0247-P01,rice,INPUTS_PURCHASED,LAND_PREPARED,COMMIT_ADVANCE,4,SOFT_LOCK,True,OK,
p2_dev,20260812,5ea24037c2d9cb6a,F0247,F0247-P01,rice,LAND_PREPARED,PLANTED,COMMIT_ADVANCE,5,HARD_LOCK,False,OK,
p2_dev,20260812,5ea24037c2d9cb6a,F0247,F0247-P02,rice,,VIEWED,ACCEPT,0,FLEXIBLE,True,OK,phase-1 accepted; entered lifecycle
p2_dev,20260812,5ea24037c2d9cb6a,F0247,F0247-P02,rice,VIEWED,TENTATIVE_ACCEPT,ACCEPT,1,SOFT_LOCK,True,OK,
p2_dev,20260812,5ea24037c2d9cb6a,F0247,F0247-P02,rice,TENTATIVE_ACCEPT,CONFIRMED,COMMIT_ADVANCE,2,SOFT_LOCK,True,OK,
p2_dev,20260812,5ea24037c2d9cb6a,F0247,F0247-P02,rice,CONFIRMED,INPUTS_PURCHASED,COMMIT_ADVANCE,3,SOFT_LOCK,True,OK,
p2_dev,20260812,5ea24037c2d9cb6a,F0247,F0247-P02,rice,INPUTS_PURCHASED,LAND_PREPARED,COMMIT_ADVANCE,4,SOFT_LOCK,True,OK,
p2_dev,20260812,5ea24037c2d9cb6a,F0247,F0247-P02,rice,LAND_PREPARED,PLANTED,COMMIT_ADVANCE,5,HARD_LOCK,False,OK,
p2_dev,20260812,5ea24037c2d9cb6a,F0248,F0248-P02,groundnut,,VIEWED,ACCEPT,0,FLEXIBLE,True,OK,phase-1 accepted; entered lifecycle
p2_dev,20260812,5ea24037c2d9cb6a,F0248,F0248-P02,groundnut,VIEWED,TENTATIVE_ACCEPT,ACCEPT,1,SOFT_LOCK,True,OK,
p2_dev,20260812,5ea24037c2d9cb6a,F0248,F0248-P02,groundnut,TENTATIVE_ACCEPT,CONFIRMED,COMMIT_ADVANCE,2,SOFT_LOCK,True,OK,
p2_dev,20260812,5ea24037c2d9cb6a,F0248,F0248-P02,groundnut,CONFIRMED,INPUTS_PURCHASED,COMMIT_ADVANCE,3,SOFT_LOCK,True,OK,
p2_dev,20260812,5ea24037c2d9cb6a,F0248,F0248-P02,groundnut,INPUTS_PURCHASED,LAND_PREPARED,COMMIT_ADVANCE,4,SOFT_LOCK,True,OK,
p2_dev,20260812,5ea24037c2d9cb6a,F0248,F0248-P02,groundnut,LAND_PREPARED,PLANTED,COMMIT_ADVANCE,5,HARD_LOCK,False,OK,
p2_dev,20260812,5ea24037c2d9cb6a,F0251,F0251-P01,soybean,,VIEWED,ACCEPT,0,FLEXIBLE,True,OK,phase-1 accepted; entered lifecycle
p2_dev,20260812,5ea24037c2d9cb6a,F0251,F0251-P01,soybean,VIEWED,TENTATIVE_ACCEPT,ACCEPT,1,SOFT_LOCK,True,OK,
p2_dev,20260812,5ea24037c2d9cb6a,F0251,F0251-P01,soybean,TENTATIVE_ACCEPT,CONFIRMED,COMMIT_ADVANCE,2,SOFT_LOCK,True,OK,
p2_dev,20260812,5ea24037c2d9cb6a,F0251,F0251-P01,soybean,CONFIRMED,INPUTS_PURCHASED,COMMIT_ADVANCE,3,SOFT_LOCK,True,OK,
p2_dev,20260812,5ea24037c2d9cb6a,F0251,F0251-P01,soybean,INPUTS_PURCHASED,LAND_PREPARED,COMMIT_ADVANCE,4,SOFT_LOCK,True,OK,
p2_dev,20260812,5ea24037c2d9cb6a,F0251,F0251-P01,soybean,LAND_PREPARED,PLANTED,COMMIT_ADVANCE,5,HARD_LOCK,False,OK,
p2_dev,20260812,5ea24037c2d9cb6a,F0252,F0252-P01,soybean,,VIEWED,ACCEPT,0,FLEXIBLE,True,OK,phase-1 accepted; entered lifecycle
p2_dev,20260812,5ea24037c2d9cb6a,F0252,F0252-P01,soybean,VIEWED,TENTATIVE_ACCEPT,ACCEPT,1,SOFT_LOCK,True,OK,
p2_dev,20260812,5ea24037c2d9cb6a,F0252,F0252-P01,soybean,TENTATIVE_ACCEPT,CONFIRMED,COMMIT_ADVANCE,2,SOFT_LOCK,True,OK,
p2_dev,20260812,5ea24037c2d9cb6a,F0252,F0252-P01,soybean,CONFIRMED,INPUTS_PURCHASED,COMMIT_ADVANCE,3,SOFT_LOCK,True,OK,
p2_dev,20260812,5ea24037c2d9cb6a,F0252,F0252-P01,soybean,INPUTS_PURCHASED,LAND_PREPARED,COMMIT_ADVANCE,4,SOFT_LOCK,True,OK,
p2_dev,20260812,5ea24037c2d9cb6a,F0252,F0252-P01,soybean,LAND_PREPARED,PLANTED,COMMIT_ADVANCE,5,HARD_LOCK,False,OK,
p2_dev,20260812,5ea24037c2d9cb6a,F0253,F0253-P02,maize,,VIEWED,ACCEPT,0,FLEXIBLE,True,OK,phase-1 accepted; entered lifecycle
p2_dev,20260812,5ea24037c2d9cb6a,F0253,F0253-P02,maize,VIEWED,TENTATIVE_ACCEPT,ACCEPT,1,SOFT_LOCK,True,OK,
p2_dev,20260812,5ea24037c2d9cb6a,F0253,F0253-P02,maize,TENTATIVE_ACCEPT,CONFIRMED,COMMIT_ADVANCE,2,SOFT_LOCK,True,OK,
p2_dev,20260812,5ea24037c2d9cb6a,F0253,F0253-P02,maize,CONFIRMED,INPUTS_PURCHASED,COMMIT_ADVANCE,3,SOFT_LOCK,True,OK,
p2_dev,20260812,5ea24037c2d9cb6a,F0253,F0253-P02,maize,INPUTS_PURCHASED,LAND_PREPARED,COMMIT_ADVANCE,4,SOFT_LOCK,True,OK,
p2_dev,20260812,5ea24037c2d9cb6a,F0253,F0253-P02,maize,LAND_PREPARED,PLANTED,COMMIT_ADVANCE,5,HARD_LOCK,False,OK,
p2_dev,20260812,5ea24037c2d9cb6a,F0254,F0254-P01,soybean,,VIEWED,ACCEPT,0,FLEXIBLE,True,OK,phase-1 accepted; entered lifecycle
p2_dev,20260812,5ea24037c2d9cb6a,F0254,F0254-P01,soybean,VIEWED,TENTATIVE_ACCEPT,ACCEPT,1,SOFT_LOCK,True,OK,
p2_dev,20260812,5ea24037c2d9cb6a,F0254,F0254-P01,soybean,TENTATIVE_ACCEPT,CONFIRMED,COMMIT_ADVANCE,2,SOFT_LOCK,True,OK,
p2_dev,20260812,5ea24037c2d9cb6a,F0254,F0254-P01,soybean,CONFIRMED,INPUTS_PURCHASED,COMMIT_ADVANCE,3,SOFT_LOCK,True,OK,
p2_dev,20260812,5ea24037c2d9cb6a,F0254,F0254-P01,soybean,INPUTS_PURCHASED,LAND_PREPARED,COMMIT_ADVANCE,4,SOFT_LOCK,True,OK,
p2_dev,20260812,5ea24037c2d9cb6a,F0254,F0254-P01,soybean,LAND_PREPARED,PLANTED,COMMIT_ADVANCE,5,HARD_LOCK,False,OK,
p2_dev,20260812,5ea24037c2d9cb6a,F0258,F0258-P02,maize,,VIEWED,ACCEPT,0,FLEXIBLE,True,OK,phase-1 accepted; entered lifecycle
p2_dev,20260812,5ea24037c2d9cb6a,F0258,F0258-P02,maize,VIEWED,TENTATIVE_ACCEPT,ACCEPT,1,SOFT_LOCK,True,OK,
p2_dev,20260812,5ea24037c2d9cb6a,F0258,F0258-P02,maize,TENTATIVE_ACCEPT,CONFIRMED,COMMIT_ADVANCE,2,SOFT_LOCK,True,OK,
p2_dev,20260812,5ea24037c2d9cb6a,F0258,F0258-P02,maize,CONFIRMED,INPUTS_PURCHASED,COMMIT_ADVANCE,3,SOFT_LOCK,True,OK,
p2_dev,20260812,5ea24037c2d9cb6a,F0258,F0258-P02,maize,INPUTS_PURCHASED,LAND_PREPARED,COMMIT_ADVANCE,4,SOFT_LOCK,True,OK,
p2_dev,20260812,5ea24037c2d9cb6a,F0258,F0258-P02,maize,LAND_PREPARED,PLANTED,COMMIT_ADVANCE,5,HARD_LOCK,False,OK,
p2_dev,20260812,5ea24037c2d9cb6a,F0259,F0259-P02,onion,,VIEWED,ACCEPT,0,FLEXIBLE,True,OK,phase-1 accepted; entered lifecycle
p2_dev,20260812,5ea24037c2d9cb6a,F0259,F0259-P02,onion,VIEWED,TENTATIVE_ACCEPT,ACCEPT,1,SOFT_LOCK,True,OK,
p2_dev,20260812,5ea24037c2d9cb6a,F0259,F0259-P02,onion,TENTATIVE_ACCEPT,CONFIRMED,COMMIT_ADVANCE,2,SOFT_LOCK,True,OK,
p2_dev,20260812,5ea24037c2d9cb6a,F0259,F0259-P02,onion,CONFIRMED,INPUTS_PURCHASED,COMMIT_ADVANCE,3,SOFT_LOCK,True,OK,
p2_dev,20260812,5ea24037c2d9cb6a,F0259,F0259-P02,onion,INPUTS_PURCHASED,LAND_PREPARED,COMMIT_ADVANCE,4,SOFT_LOCK,True,OK,
p2_dev,20260812,5ea24037c2d9cb6a,F0259,F0259-P02,onion,LAND_PREPARED,PLANTED,COMMIT_ADVANCE,5,HARD_LOCK,False,OK,
p2_dev,20260812,5ea24037c2d9cb6a,F0262,F0262-P01,rice,,VIEWED,ACCEPT,0,FLEXIBLE,True,OK,phase-1 accepted; entered lifecycle
p2_dev,20260812,5ea24037c2d9cb6a,F0262,F0262-P01,rice,VIEWED,TENTATIVE_ACCEPT,ACCEPT,1,SOFT_LOCK,True,OK,
p2_dev,20260812,5ea24037c2d9cb6a,F0262,F0262-P01,rice,TENTATIVE_ACCEPT,CONFIRMED,COMMIT_ADVANCE,2,SOFT_LOCK,True,OK,
p2_dev,20260812,5ea24037c2d9cb6a,F0262,F0262-P01,rice,CONFIRMED,INPUTS_PURCHASED,COMMIT_ADVANCE,3,SOFT_LOCK,True,OK,
p2_dev,20260812,5ea24037c2d9cb6a,F0262,F0262-P01,rice,INPUTS_PURCHASED,LAND_PREPARED,COMMIT_ADVANCE,4,SOFT_LOCK,True,OK,
p2_dev,20260812,5ea24037c2d9cb6a,F0262,F0262-P01,rice,LAND_PREPARED,PLANTED,COMMIT_ADVANCE,5,HARD_LOCK,False,OK,
p2_dev,20260812,5ea24037c2d9cb6a,F0262,F0262-P02,rice,,VIEWED,ACCEPT,0,FLEXIBLE,True,OK,phase-1 accepted; entered lifecycle
p2_dev,20260812,5ea24037c2d9cb6a,F0262,F0262-P02,rice,VIEWED,TENTATIVE_ACCEPT,ACCEPT,1,SOFT_LOCK,True,OK,
p2_dev,20260812,5ea24037c2d9cb6a,F0262,F0262-P02,rice,TENTATIVE_ACCEPT,CONFIRMED,COMMIT_ADVANCE,2,SOFT_LOCK,True,OK,
p2_dev,20260812,5ea24037c2d9cb6a,F0262,F0262-P02,rice,CONFIRMED,INPUTS_PURCHASED,COMMIT_ADVANCE,3,SOFT_LOCK,True,OK,
p2_dev,20260812,5ea24037c2d9cb6a,F0262,F0262-P02,rice,INPUTS_PURCHASED,LAND_PREPARED,COMMIT_ADVANCE,4,SOFT_LOCK,True,OK,
p2_dev,20260812,5ea24037c2d9cb6a,F0262,F0262-P02,rice,LAND_PREPARED,PLANTED,COMMIT_ADVANCE,5,HARD_LOCK,False,OK,
p2_dev,20260812,5ea24037c2d9cb6a,F0266,F0266-P01,rice,,VIEWED,REJECT,0,FLEXIBLE,True,REJECTED_TERMINAL,phase-1 rejected; never enters commitment ladder
p2_dev,20260812,5ea24037c2d9cb6a,F0267,F0267-P01,maize,,VIEWED,ACCEPT,0,FLEXIBLE,True,OK,phase-1 accepted; entered lifecycle
p2_dev,20260812,5ea24037c2d9cb6a,F0267,F0267-P01,maize,VIEWED,TENTATIVE_ACCEPT,ACCEPT,1,SOFT_LOCK,True,OK,
p2_dev,20260812,5ea24037c2d9cb6a,F0267,F0267-P01,maize,TENTATIVE_ACCEPT,CONFIRMED,COMMIT_ADVANCE,2,SOFT_LOCK,True,OK,
p2_dev,20260812,5ea24037c2d9cb6a,F0267,F0267-P01,maize,CONFIRMED,INPUTS_PURCHASED,COMMIT_ADVANCE,3,SOFT_LOCK,True,OK,
p2_dev,20260812,5ea24037c2d9cb6a,F0267,F0267-P01,maize,INPUTS_PURCHASED,LAND_PREPARED,COMMIT_ADVANCE,4,SOFT_LOCK,True,OK,
p2_dev,20260812,5ea24037c2d9cb6a,F0267,F0267-P01,maize,LAND_PREPARED,PLANTED,COMMIT_ADVANCE,5,HARD_LOCK,False,OK,
p2_dev,20260812,5ea24037c2d9cb6a,F0268,F0268-P01,rice,,VIEWED,ACCEPT,0,FLEXIBLE,True,OK,phase-1 accepted; entered lifecycle
p2_dev,20260812,5ea24037c2d9cb6a,F0268,F0268-P01,rice,VIEWED,TENTATIVE_ACCEPT,ACCEPT,1,SOFT_LOCK,True,OK,
p2_dev,20260812,5ea24037c2d9cb6a,F0268,F0268-P01,rice,TENTATIVE_ACCEPT,CONFIRMED,COMMIT_ADVANCE,2,SOFT_LOCK,True,OK,
p2_dev,20260812,5ea24037c2d9cb6a,F0268,F0268-P01,rice,CONFIRMED,INPUTS_PURCHASED,COMMIT_ADVANCE,3,SOFT_LOCK,True,OK,
p2_dev,20260812,5ea24037c2d9cb6a,F0268,F0268-P01,rice,INPUTS_PURCHASED,LAND_PREPARED,COMMIT_ADVANCE,4,SOFT_LOCK,True,OK,
p2_dev,20260812,5ea24037c2d9cb6a,F0268,F0268-P01,rice,LAND_PREPARED,PLANTED,COMMIT_ADVANCE,5,HARD_LOCK,False,OK,
p2_dev,20260812,5ea24037c2d9cb6a,F0269,F0269-P02,maize,,VIEWED,ACCEPT,0,FLEXIBLE,True,OK,phase-1 accepted; entered lifecycle
p2_dev,20260812,5ea24037c2d9cb6a,F0269,F0269-P02,maize,VIEWED,TENTATIVE_ACCEPT,ACCEPT,1,SOFT_LOCK,True,OK,
p2_dev,20260812,5ea24037c2d9cb6a,F0269,F0269-P02,maize,TENTATIVE_ACCEPT,CONFIRMED,COMMIT_ADVANCE,2,SOFT_LOCK,True,OK,
p2_dev,20260812,5ea24037c2d9cb6a,F0269,F0269-P02,maize,CONFIRMED,INPUTS_PURCHASED,COMMIT_ADVANCE,3,SOFT_LOCK,True,OK,
p2_dev,20260812,5ea24037c2d9cb6a,F0269,F0269-P02,maize,INPUTS_PURCHASED,LAND_PREPARED,COMMIT_ADVANCE,4,SOFT_LOCK,True,OK,
p2_dev,20260812,5ea24037c2d9cb6a,F0269,F0269-P02,maize,LAND_PREPARED,PLANTED,COMMIT_ADVANCE,5,HARD_LOCK,False,OK,
p2_dev,20260812,5ea24037c2d9cb6a,F0275,F0275-P01,rice,,VIEWED,REJECT,0,FLEXIBLE,True,REJECTED_TERMINAL,phase-1 rejected; never enters commitment ladder
p2_dev,20260812,5ea24037c2d9cb6a,F0277,F0277-P01,rice,,VIEWED,ACCEPT,0,FLEXIBLE,True,OK,phase-1 accepted; entered lifecycle
p2_dev,20260812,5ea24037c2d9cb6a,F0277,F0277-P01,rice,VIEWED,TENTATIVE_ACCEPT,ACCEPT,1,SOFT_LOCK,True,OK,
p2_dev,20260812,5ea24037c2d9cb6a,F0277,F0277-P01,rice,TENTATIVE_ACCEPT,CONFIRMED,COMMIT_ADVANCE,2,SOFT_LOCK,True,OK,
p2_dev,20260812,5ea24037c2d9cb6a,F0277,F0277-P01,rice,CONFIRMED,INPUTS_PURCHASED,COMMIT_ADVANCE,3,SOFT_LOCK,True,OK,
p2_dev,20260812,5ea24037c2d9cb6a,F0277,F0277-P01,rice,INPUTS_PURCHASED,LAND_PREPARED,COMMIT_ADVANCE,4,SOFT_LOCK,True,OK,
p2_dev,20260812,5ea24037c2d9cb6a,F0277,F0277-P01,rice,LAND_PREPARED,PLANTED,COMMIT_ADVANCE,5,HARD_LOCK,False,OK,
p2_dev,20260812,5ea24037c2d9cb6a,F0278,F0278-P01,maize,,VIEWED,REJECT,0,FLEXIBLE,True,REJECTED_TERMINAL,phase-1 rejected; never enters commitment ladder
p2_dev,20260812,5ea24037c2d9cb6a,F0279,F0279-P02,rice,,VIEWED,ACCEPT,0,FLEXIBLE,True,OK,phase-1 accepted; entered lifecycle
p2_dev,20260812,5ea24037c2d9cb6a,F0279,F0279-P02,rice,VIEWED,TENTATIVE_ACCEPT,ACCEPT,1,SOFT_LOCK,True,OK,
p2_dev,20260812,5ea24037c2d9cb6a,F0279,F0279-P02,rice,TENTATIVE_ACCEPT,CONFIRMED,COMMIT_ADVANCE,2,SOFT_LOCK,True,OK,
p2_dev,20260812,5ea24037c2d9cb6a,F0279,F0279-P02,rice,CONFIRMED,INPUTS_PURCHASED,COMMIT_ADVANCE,3,SOFT_LOCK,True,OK,
p2_dev,20260812,5ea24037c2d9cb6a,F0279,F0279-P02,rice,INPUTS_PURCHASED,LAND_PREPARED,COMMIT_ADVANCE,4,SOFT_LOCK,True,OK,
p2_dev,20260812,5ea24037c2d9cb6a,F0279,F0279-P02,rice,LAND_PREPARED,PLANTED,COMMIT_ADVANCE,5,HARD_LOCK,False,OK,
p2_dev,20260812,5ea24037c2d9cb6a,F0280,F0280-P01,onion,,VIEWED,ACCEPT,0,FLEXIBLE,True,OK,phase-1 accepted; entered lifecycle
p2_dev,20260812,5ea24037c2d9cb6a,F0280,F0280-P01,onion,VIEWED,TENTATIVE_ACCEPT,ACCEPT,1,SOFT_LOCK,True,OK,
p2_dev,20260812,5ea24037c2d9cb6a,F0280,F0280-P01,onion,TENTATIVE_ACCEPT,CONFIRMED,COMMIT_ADVANCE,2,SOFT_LOCK,True,OK,
p2_dev,20260812,5ea24037c2d9cb6a,F0280,F0280-P01,onion,CONFIRMED,INPUTS_PURCHASED,COMMIT_ADVANCE,3,SOFT_LOCK,True,OK,
p2_dev,20260812,5ea24037c2d9cb6a,F0280,F0280-P01,onion,INPUTS_PURCHASED,LAND_PREPARED,COMMIT_ADVANCE,4,SOFT_LOCK,True,OK,
p2_dev,20260812,5ea24037c2d9cb6a,F0280,F0280-P01,onion,LAND_PREPARED,PLANTED,COMMIT_ADVANCE,5,HARD_LOCK,False,OK,
p2_dev,20260812,5ea24037c2d9cb6a,F0280,F0280-P02,soybean,,VIEWED,ACCEPT,0,FLEXIBLE,True,OK,phase-1 accepted; entered lifecycle
p2_dev,20260812,5ea24037c2d9cb6a,F0280,F0280-P02,soybean,VIEWED,TENTATIVE_ACCEPT,ACCEPT,1,SOFT_LOCK,True,OK,
p2_dev,20260812,5ea24037c2d9cb6a,F0280,F0280-P02,soybean,TENTATIVE_ACCEPT,CONFIRMED,COMMIT_ADVANCE,2,SOFT_LOCK,True,OK,
p2_dev,20260812,5ea24037c2d9cb6a,F0280,F0280-P02,soybean,CONFIRMED,INPUTS_PURCHASED,COMMIT_ADVANCE,3,SOFT_LOCK,True,OK,
p2_dev,20260812,5ea24037c2d9cb6a,F0280,F0280-P02,soybean,INPUTS_PURCHASED,LAND_PREPARED,COMMIT_ADVANCE,4,SOFT_LOCK,True,OK,
p2_dev,20260812,5ea24037c2d9cb6a,F0280,F0280-P02,soybean,LAND_PREPARED,PLANTED,COMMIT_ADVANCE,5,HARD_LOCK,False,OK,
p2_dev,20260812,5ea24037c2d9cb6a,F0281,F0281-P01,rice,,VIEWED,REJECT,0,FLEXIBLE,True,REJECTED_TERMINAL,phase-1 rejected; never enters commitment ladder
p2_dev,20260812,5ea24037c2d9cb6a,F0281,F0281-P02,rice,,VIEWED,ACCEPT,0,FLEXIBLE,True,OK,phase-1 accepted; entered lifecycle
p2_dev,20260812,5ea24037c2d9cb6a,F0281,F0281-P02,rice,VIEWED,TENTATIVE_ACCEPT,ACCEPT,1,SOFT_LOCK,True,OK,
p2_dev,20260812,5ea24037c2d9cb6a,F0281,F0281-P02,rice,TENTATIVE_ACCEPT,CONFIRMED,COMMIT_ADVANCE,2,SOFT_LOCK,True,OK,
p2_dev,20260812,5ea24037c2d9cb6a,F0281,F0281-P02,rice,CONFIRMED,INPUTS_PURCHASED,COMMIT_ADVANCE,3,SOFT_LOCK,True,OK,
p2_dev,20260812,5ea24037c2d9cb6a,F0281,F0281-P02,rice,INPUTS_PURCHASED,LAND_PREPARED,COMMIT_ADVANCE,4,SOFT_LOCK,True,OK,
p2_dev,20260812,5ea24037c2d9cb6a,F0281,F0281-P02,rice,LAND_PREPARED,PLANTED,COMMIT_ADVANCE,5,HARD_LOCK,False,OK,
p2_dev,20260812,5ea24037c2d9cb6a,F0282,F0282-P01,rice,,VIEWED,REJECT,0,FLEXIBLE,True,REJECTED_TERMINAL,phase-1 rejected; never enters commitment ladder
p2_dev,20260812,5ea24037c2d9cb6a,F0284,F0284-P01,rice,,VIEWED,ACCEPT,0,FLEXIBLE,True,OK,phase-1 accepted; entered lifecycle
p2_dev,20260812,5ea24037c2d9cb6a,F0284,F0284-P01,rice,VIEWED,TENTATIVE_ACCEPT,ACCEPT,1,SOFT_LOCK,True,OK,
p2_dev,20260812,5ea24037c2d9cb6a,F0284,F0284-P01,rice,TENTATIVE_ACCEPT,CONFIRMED,COMMIT_ADVANCE,2,SOFT_LOCK,True,OK,
p2_dev,20260812,5ea24037c2d9cb6a,F0284,F0284-P01,rice,CONFIRMED,INPUTS_PURCHASED,COMMIT_ADVANCE,3,SOFT_LOCK,True,OK,
p2_dev,20260812,5ea24037c2d9cb6a,F0284,F0284-P01,rice,INPUTS_PURCHASED,LAND_PREPARED,COMMIT_ADVANCE,4,SOFT_LOCK,True,OK,
p2_dev,20260812,5ea24037c2d9cb6a,F0284,F0284-P01,rice,LAND_PREPARED,PLANTED,COMMIT_ADVANCE,5,HARD_LOCK,False,OK,
p2_dev,20260812,5ea24037c2d9cb6a,F0285,F0285-P01,sorghum,,VIEWED,ACCEPT,0,FLEXIBLE,True,OK,phase-1 accepted; entered lifecycle
p2_dev,20260812,5ea24037c2d9cb6a,F0285,F0285-P01,sorghum,VIEWED,TENTATIVE_ACCEPT,ACCEPT,1,SOFT_LOCK,True,OK,
p2_dev,20260812,5ea24037c2d9cb6a,F0285,F0285-P01,sorghum,TENTATIVE_ACCEPT,CONFIRMED,COMMIT_ADVANCE,2,SOFT_LOCK,True,OK,
p2_dev,20260812,5ea24037c2d9cb6a,F0285,F0285-P01,sorghum,CONFIRMED,INPUTS_PURCHASED,COMMIT_ADVANCE,3,SOFT_LOCK,True,OK,
p2_dev,20260812,5ea24037c2d9cb6a,F0285,F0285-P01,sorghum,INPUTS_PURCHASED,LAND_PREPARED,COMMIT_ADVANCE,4,SOFT_LOCK,True,OK,
p2_dev,20260812,5ea24037c2d9cb6a,F0285,F0285-P01,sorghum,LAND_PREPARED,PLANTED,COMMIT_ADVANCE,5,HARD_LOCK,False,OK,
p2_dev,20260812,5ea24037c2d9cb6a,F0286,F0286-P02,onion,,VIEWED,ACCEPT,0,FLEXIBLE,True,OK,phase-1 accepted; entered lifecycle
p2_dev,20260812,5ea24037c2d9cb6a,F0286,F0286-P02,onion,VIEWED,TENTATIVE_ACCEPT,ACCEPT,1,SOFT_LOCK,True,OK,
p2_dev,20260812,5ea24037c2d9cb6a,F0286,F0286-P02,onion,TENTATIVE_ACCEPT,CONFIRMED,COMMIT_ADVANCE,2,SOFT_LOCK,True,OK,
p2_dev,20260812,5ea24037c2d9cb6a,F0286,F0286-P02,onion,CONFIRMED,INPUTS_PURCHASED,COMMIT_ADVANCE,3,SOFT_LOCK,True,OK,
p2_dev,20260812,5ea24037c2d9cb6a,F0286,F0286-P02,onion,INPUTS_PURCHASED,LAND_PREPARED,COMMIT_ADVANCE,4,SOFT_LOCK,True,OK,
p2_dev,20260812,5ea24037c2d9cb6a,F0286,F0286-P02,onion,LAND_PREPARED,PLANTED,COMMIT_ADVANCE,5,HARD_LOCK,False,OK,
p2_dev,20260812,5ea24037c2d9cb6a,F0288,F0288-P03,maize,,VIEWED,ACCEPT,0,FLEXIBLE,True,OK,phase-1 accepted; entered lifecycle
p2_dev,20260812,5ea24037c2d9cb6a,F0288,F0288-P03,maize,VIEWED,TENTATIVE_ACCEPT,ACCEPT,1,SOFT_LOCK,True,OK,
p2_dev,20260812,5ea24037c2d9cb6a,F0288,F0288-P03,maize,TENTATIVE_ACCEPT,CONFIRMED,COMMIT_ADVANCE,2,SOFT_LOCK,True,OK,
p2_dev,20260812,5ea24037c2d9cb6a,F0288,F0288-P03,maize,CONFIRMED,INPUTS_PURCHASED,COMMIT_ADVANCE,3,SOFT_LOCK,True,OK,
p2_dev,20260812,5ea24037c2d9cb6a,F0288,F0288-P03,maize,INPUTS_PURCHASED,LAND_PREPARED,COMMIT_ADVANCE,4,SOFT_LOCK,True,OK,
p2_dev,20260812,5ea24037c2d9cb6a,F0288,F0288-P03,maize,LAND_PREPARED,PLANTED,COMMIT_ADVANCE,5,HARD_LOCK,False,OK,
p2_dev,20260812,5ea24037c2d9cb6a,F0290,F0290-P02,maize,,VIEWED,ACCEPT,0,FLEXIBLE,True,OK,phase-1 accepted; entered lifecycle
p2_dev,20260812,5ea24037c2d9cb6a,F0290,F0290-P02,maize,VIEWED,TENTATIVE_ACCEPT,ACCEPT,1,SOFT_LOCK,True,OK,
p2_dev,20260812,5ea24037c2d9cb6a,F0290,F0290-P02,maize,TENTATIVE_ACCEPT,CONFIRMED,COMMIT_ADVANCE,2,SOFT_LOCK,True,OK,
p2_dev,20260812,5ea24037c2d9cb6a,F0290,F0290-P02,maize,CONFIRMED,INPUTS_PURCHASED,COMMIT_ADVANCE,3,SOFT_LOCK,True,OK,
p2_dev,20260812,5ea24037c2d9cb6a,F0290,F0290-P02,maize,INPUTS_PURCHASED,LAND_PREPARED,COMMIT_ADVANCE,4,SOFT_LOCK,True,OK,
p2_dev,20260812,5ea24037c2d9cb6a,F0290,F0290-P02,maize,LAND_PREPARED,PLANTED,COMMIT_ADVANCE,5,HARD_LOCK,False,OK,
p2_dev,20260812,5ea24037c2d9cb6a,F0291,F0291-P02,onion,,VIEWED,ACCEPT,0,FLEXIBLE,True,OK,phase-1 accepted; entered lifecycle
p2_dev,20260812,5ea24037c2d9cb6a,F0291,F0291-P02,onion,VIEWED,TENTATIVE_ACCEPT,ACCEPT,1,SOFT_LOCK,True,OK,
p2_dev,20260812,5ea24037c2d9cb6a,F0291,F0291-P02,onion,TENTATIVE_ACCEPT,CONFIRMED,COMMIT_ADVANCE,2,SOFT_LOCK,True,OK,
p2_dev,20260812,5ea24037c2d9cb6a,F0291,F0291-P02,onion,CONFIRMED,INPUTS_PURCHASED,COMMIT_ADVANCE,3,SOFT_LOCK,True,OK,
p2_dev,20260812,5ea24037c2d9cb6a,F0291,F0291-P02,onion,INPUTS_PURCHASED,LAND_PREPARED,COMMIT_ADVANCE,4,SOFT_LOCK,True,OK,
p2_dev,20260812,5ea24037c2d9cb6a,F0291,F0291-P02,onion,LAND_PREPARED,PLANTED,COMMIT_ADVANCE,5,HARD_LOCK,False,OK,
p2_dev,20260812,5ea24037c2d9cb6a,F0293,F0293-P01,groundnut,,VIEWED,ACCEPT,0,FLEXIBLE,True,OK,phase-1 accepted; entered lifecycle
p2_dev,20260812,5ea24037c2d9cb6a,F0293,F0293-P01,groundnut,VIEWED,TENTATIVE_ACCEPT,ACCEPT,1,SOFT_LOCK,True,OK,
p2_dev,20260812,5ea24037c2d9cb6a,F0293,F0293-P01,groundnut,TENTATIVE_ACCEPT,CONFIRMED,COMMIT_ADVANCE,2,SOFT_LOCK,True,OK,
p2_dev,20260812,5ea24037c2d9cb6a,F0293,F0293-P01,groundnut,CONFIRMED,INPUTS_PURCHASED,COMMIT_ADVANCE,3,SOFT_LOCK,True,OK,
p2_dev,20260812,5ea24037c2d9cb6a,F0293,F0293-P01,groundnut,INPUTS_PURCHASED,LAND_PREPARED,COMMIT_ADVANCE,4,SOFT_LOCK,True,OK,
p2_dev,20260812,5ea24037c2d9cb6a,F0293,F0293-P01,groundnut,LAND_PREPARED,PLANTED,COMMIT_ADVANCE,5,HARD_LOCK,False,OK,
p2_dev,20260812,5ea24037c2d9cb6a,F0293,F0293-P03,rice,,VIEWED,REJECT,0,FLEXIBLE,True,REJECTED_TERMINAL,phase-1 rejected; never enters commitment ladder
p2_dev,20260812,5ea24037c2d9cb6a,F0294,F0294-P01,rice,,VIEWED,ACCEPT,0,FLEXIBLE,True,OK,phase-1 accepted; entered lifecycle
p2_dev,20260812,5ea24037c2d9cb6a,F0294,F0294-P01,rice,VIEWED,TENTATIVE_ACCEPT,ACCEPT,1,SOFT_LOCK,True,OK,
p2_dev,20260812,5ea24037c2d9cb6a,F0294,F0294-P01,rice,TENTATIVE_ACCEPT,CONFIRMED,COMMIT_ADVANCE,2,SOFT_LOCK,True,OK,
p2_dev,20260812,5ea24037c2d9cb6a,F0294,F0294-P01,rice,CONFIRMED,INPUTS_PURCHASED,COMMIT_ADVANCE,3,SOFT_LOCK,True,OK,
p2_dev,20260812,5ea24037c2d9cb6a,F0294,F0294-P01,rice,INPUTS_PURCHASED,LAND_PREPARED,COMMIT_ADVANCE,4,SOFT_LOCK,True,OK,
p2_dev,20260812,5ea24037c2d9cb6a,F0294,F0294-P01,rice,LAND_PREPARED,PLANTED,COMMIT_ADVANCE,5,HARD_LOCK,False,OK,
p2_dev,20260812,5ea24037c2d9cb6a,F0296,F0296-P01,cotton,,VIEWED,ACCEPT,0,FLEXIBLE,True,OK,phase-1 accepted; entered lifecycle
p2_dev,20260812,5ea24037c2d9cb6a,F0296,F0296-P01,cotton,VIEWED,TENTATIVE_ACCEPT,ACCEPT,1,SOFT_LOCK,True,OK,
p2_dev,20260812,5ea24037c2d9cb6a,F0296,F0296-P01,cotton,TENTATIVE_ACCEPT,CONFIRMED,COMMIT_ADVANCE,2,SOFT_LOCK,True,OK,
p2_dev,20260812,5ea24037c2d9cb6a,F0296,F0296-P01,cotton,CONFIRMED,INPUTS_PURCHASED,COMMIT_ADVANCE,3,SOFT_LOCK,True,OK,
p2_dev,20260812,5ea24037c2d9cb6a,F0296,F0296-P01,cotton,INPUTS_PURCHASED,LAND_PREPARED,COMMIT_ADVANCE,4,SOFT_LOCK,True,OK,
p2_dev,20260812,5ea24037c2d9cb6a,F0296,F0296-P01,cotton,LAND_PREPARED,PLANTED,COMMIT_ADVANCE,5,HARD_LOCK,False,OK,
p2_dev,20260812,5ea24037c2d9cb6a,F0297,F0297-P02,rice,,VIEWED,ACCEPT,0,FLEXIBLE,True,OK,phase-1 accepted; entered lifecycle
p2_dev,20260812,5ea24037c2d9cb6a,F0297,F0297-P02,rice,VIEWED,TENTATIVE_ACCEPT,ACCEPT,1,SOFT_LOCK,True,OK,
p2_dev,20260812,5ea24037c2d9cb6a,F0297,F0297-P02,rice,TENTATIVE_ACCEPT,CONFIRMED,COMMIT_ADVANCE,2,SOFT_LOCK,True,OK,
p2_dev,20260812,5ea24037c2d9cb6a,F0297,F0297-P02,rice,CONFIRMED,INPUTS_PURCHASED,COMMIT_ADVANCE,3,SOFT_LOCK,True,OK,
p2_dev,20260812,5ea24037c2d9cb6a,F0297,F0297-P02,rice,INPUTS_PURCHASED,LAND_PREPARED,COMMIT_ADVANCE,4,SOFT_LOCK,True,OK,
p2_dev,20260812,5ea24037c2d9cb6a,F0297,F0297-P02,rice,LAND_PREPARED,PLANTED,COMMIT_ADVANCE,5,HARD_LOCK,False,OK,
p2_dev,20260812,5ea24037c2d9cb6a,F0299,F0299-P01,soybean,,VIEWED,ACCEPT,0,FLEXIBLE,True,OK,phase-1 accepted; entered lifecycle
p2_dev,20260812,5ea24037c2d9cb6a,F0299,F0299-P01,soybean,VIEWED,TENTATIVE_ACCEPT,ACCEPT,1,SOFT_LOCK,True,OK,
p2_dev,20260812,5ea24037c2d9cb6a,F0299,F0299-P01,soybean,TENTATIVE_ACCEPT,CONFIRMED,COMMIT_ADVANCE,2,SOFT_LOCK,True,OK,
p2_dev,20260812,5ea24037c2d9cb6a,F0299,F0299-P01,soybean,CONFIRMED,INPUTS_PURCHASED,COMMIT_ADVANCE,3,SOFT_LOCK,True,OK,
p2_dev,20260812,5ea24037c2d9cb6a,F0299,F0299-P01,soybean,INPUTS_PURCHASED,LAND_PREPARED,COMMIT_ADVANCE,4,SOFT_LOCK,True,OK,
p2_dev,20260812,5ea24037c2d9cb6a,F0299,F0299-P01,soybean,LAND_PREPARED,PLANTED,COMMIT_ADVANCE,5,HARD_LOCK,False,OK,
p2_dev,20260812,5ea24037c2d9cb6a,F0300,F0300-P02,maize,,VIEWED,REJECT,0,FLEXIBLE,True,REJECTED_TERMINAL,phase-1 rejected; never enters commitment ladder
p2_dev,20260812,5ea24037c2d9cb6a,F0304,F0304-P01,onion,,VIEWED,ACCEPT,0,FLEXIBLE,True,OK,phase-1 accepted; entered lifecycle
p2_dev,20260812,5ea24037c2d9cb6a,F0304,F0304-P01,onion,VIEWED,TENTATIVE_ACCEPT,ACCEPT,1,SOFT_LOCK,True,OK,
p2_dev,20260812,5ea24037c2d9cb6a,F0304,F0304-P01,onion,TENTATIVE_ACCEPT,CONFIRMED,COMMIT_ADVANCE,2,SOFT_LOCK,True,OK,
p2_dev,20260812,5ea24037c2d9cb6a,F0304,F0304-P01,onion,CONFIRMED,INPUTS_PURCHASED,COMMIT_ADVANCE,3,SOFT_LOCK,True,OK,
p2_dev,20260812,5ea24037c2d9cb6a,F0304,F0304-P01,onion,INPUTS_PURCHASED,LAND_PREPARED,COMMIT_ADVANCE,4,SOFT_LOCK,True,OK,
p2_dev,20260812,5ea24037c2d9cb6a,F0304,F0304-P01,onion,LAND_PREPARED,PLANTED,COMMIT_ADVANCE,5,HARD_LOCK,False,OK,
p2_dev,20260812,5ea24037c2d9cb6a,F0305,F0305-P01,rice,,VIEWED,ACCEPT,0,FLEXIBLE,True,OK,phase-1 accepted; entered lifecycle
p2_dev,20260812,5ea24037c2d9cb6a,F0305,F0305-P01,rice,VIEWED,TENTATIVE_ACCEPT,ACCEPT,1,SOFT_LOCK,True,OK,
p2_dev,20260812,5ea24037c2d9cb6a,F0305,F0305-P01,rice,TENTATIVE_ACCEPT,CONFIRMED,COMMIT_ADVANCE,2,SOFT_LOCK,True,OK,
p2_dev,20260812,5ea24037c2d9cb6a,F0305,F0305-P01,rice,CONFIRMED,INPUTS_PURCHASED,COMMIT_ADVANCE,3,SOFT_LOCK,True,OK,
p2_dev,20260812,5ea24037c2d9cb6a,F0305,F0305-P01,rice,INPUTS_PURCHASED,LAND_PREPARED,COMMIT_ADVANCE,4,SOFT_LOCK,True,OK,
p2_dev,20260812,5ea24037c2d9cb6a,F0305,F0305-P01,rice,LAND_PREPARED,PLANTED,COMMIT_ADVANCE,5,HARD_LOCK,False,OK,
p2_dev,20260812,5ea24037c2d9cb6a,F0309,F0309-P01,onion,,VIEWED,ACCEPT,0,FLEXIBLE,True,OK,phase-1 accepted; entered lifecycle
p2_dev,20260812,5ea24037c2d9cb6a,F0309,F0309-P01,onion,VIEWED,TENTATIVE_ACCEPT,ACCEPT,1,SOFT_LOCK,True,OK,
p2_dev,20260812,5ea24037c2d9cb6a,F0309,F0309-P01,onion,TENTATIVE_ACCEPT,CONFIRMED,COMMIT_ADVANCE,2,SOFT_LOCK,True,OK,
p2_dev,20260812,5ea24037c2d9cb6a,F0309,F0309-P01,onion,CONFIRMED,INPUTS_PURCHASED,COMMIT_ADVANCE,3,SOFT_LOCK,True,OK,
p2_dev,20260812,5ea24037c2d9cb6a,F0309,F0309-P01,onion,INPUTS_PURCHASED,LAND_PREPARED,COMMIT_ADVANCE,4,SOFT_LOCK,True,OK,
p2_dev,20260812,5ea24037c2d9cb6a,F0309,F0309-P01,onion,LAND_PREPARED,PLANTED,COMMIT_ADVANCE,5,HARD_LOCK,False,OK,
p2_dev,20260812,5ea24037c2d9cb6a,F0309,F0309-P03,onion,,VIEWED,ACCEPT,0,FLEXIBLE,True,OK,phase-1 accepted; entered lifecycle
p2_dev,20260812,5ea24037c2d9cb6a,F0309,F0309-P03,onion,VIEWED,TENTATIVE_ACCEPT,ACCEPT,1,SOFT_LOCK,True,OK,
p2_dev,20260812,5ea24037c2d9cb6a,F0309,F0309-P03,onion,TENTATIVE_ACCEPT,CONFIRMED,COMMIT_ADVANCE,2,SOFT_LOCK,True,OK,
p2_dev,20260812,5ea24037c2d9cb6a,F0309,F0309-P03,onion,CONFIRMED,INPUTS_PURCHASED,COMMIT_ADVANCE,3,SOFT_LOCK,True,OK,
p2_dev,20260812,5ea24037c2d9cb6a,F0309,F0309-P03,onion,INPUTS_PURCHASED,LAND_PREPARED,COMMIT_ADVANCE,4,SOFT_LOCK,True,OK,
p2_dev,20260812,5ea24037c2d9cb6a,F0309,F0309-P03,onion,LAND_PREPARED,PLANTED,COMMIT_ADVANCE,5,HARD_LOCK,False,OK,
p2_dev,20260812,5ea24037c2d9cb6a,F0313,F0313-P01,sorghum,,VIEWED,ACCEPT,0,FLEXIBLE,True,OK,phase-1 accepted; entered lifecycle
p2_dev,20260812,5ea24037c2d9cb6a,F0313,F0313-P01,sorghum,VIEWED,TENTATIVE_ACCEPT,ACCEPT,1,SOFT_LOCK,True,OK,
p2_dev,20260812,5ea24037c2d9cb6a,F0313,F0313-P01,sorghum,TENTATIVE_ACCEPT,CONFIRMED,COMMIT_ADVANCE,2,SOFT_LOCK,True,OK,
p2_dev,20260812,5ea24037c2d9cb6a,F0313,F0313-P01,sorghum,CONFIRMED,INPUTS_PURCHASED,COMMIT_ADVANCE,3,SOFT_LOCK,True,OK,
p2_dev,20260812,5ea24037c2d9cb6a,F0313,F0313-P01,sorghum,INPUTS_PURCHASED,LAND_PREPARED,COMMIT_ADVANCE,4,SOFT_LOCK,True,OK,
p2_dev,20260812,5ea24037c2d9cb6a,F0313,F0313-P01,sorghum,LAND_PREPARED,PLANTED,COMMIT_ADVANCE,5,HARD_LOCK,False,OK,
p2_dev,20260812,5ea24037c2d9cb6a,F0314,F0314-P01,maize,,VIEWED,ACCEPT,0,FLEXIBLE,True,OK,phase-1 accepted; entered lifecycle
p2_dev,20260812,5ea24037c2d9cb6a,F0314,F0314-P01,maize,VIEWED,TENTATIVE_ACCEPT,ACCEPT,1,SOFT_LOCK,True,OK,
p2_dev,20260812,5ea24037c2d9cb6a,F0314,F0314-P01,maize,TENTATIVE_ACCEPT,CONFIRMED,COMMIT_ADVANCE,2,SOFT_LOCK,True,OK,
p2_dev,20260812,5ea24037c2d9cb6a,F0314,F0314-P01,maize,CONFIRMED,INPUTS_PURCHASED,COMMIT_ADVANCE,3,SOFT_LOCK,True,OK,
p2_dev,20260812,5ea24037c2d9cb6a,F0314,F0314-P01,maize,INPUTS_PURCHASED,LAND_PREPARED,COMMIT_ADVANCE,4,SOFT_LOCK,True,OK,
p2_dev,20260812,5ea24037c2d9cb6a,F0314,F0314-P01,maize,LAND_PREPARED,PLANTED,COMMIT_ADVANCE,5,HARD_LOCK,False,OK,
p2_dev,20260812,5ea24037c2d9cb6a,F0316,F0316-P01,rice,,VIEWED,ACCEPT,0,FLEXIBLE,True,OK,phase-1 accepted; entered lifecycle
p2_dev,20260812,5ea24037c2d9cb6a,F0316,F0316-P01,rice,VIEWED,TENTATIVE_ACCEPT,ACCEPT,1,SOFT_LOCK,True,OK,
p2_dev,20260812,5ea24037c2d9cb6a,F0316,F0316-P01,rice,TENTATIVE_ACCEPT,CONFIRMED,COMMIT_ADVANCE,2,SOFT_LOCK,True,OK,
p2_dev,20260812,5ea24037c2d9cb6a,F0316,F0316-P01,rice,CONFIRMED,INPUTS_PURCHASED,COMMIT_ADVANCE,3,SOFT_LOCK,True,OK,
p2_dev,20260812,5ea24037c2d9cb6a,F0316,F0316-P01,rice,INPUTS_PURCHASED,LAND_PREPARED,COMMIT_ADVANCE,4,SOFT_LOCK,True,OK,
p2_dev,20260812,5ea24037c2d9cb6a,F0316,F0316-P01,rice,LAND_PREPARED,PLANTED,COMMIT_ADVANCE,5,HARD_LOCK,False,OK,
p2_dev,20260812,5ea24037c2d9cb6a,F0316,F0316-P02,rice,,VIEWED,ACCEPT,0,FLEXIBLE,True,OK,phase-1 accepted; entered lifecycle
p2_dev,20260812,5ea24037c2d9cb6a,F0316,F0316-P02,rice,VIEWED,TENTATIVE_ACCEPT,ACCEPT,1,SOFT_LOCK,True,OK,
p2_dev,20260812,5ea24037c2d9cb6a,F0316,F0316-P02,rice,TENTATIVE_ACCEPT,CONFIRMED,COMMIT_ADVANCE,2,SOFT_LOCK,True,OK,
p2_dev,20260812,5ea24037c2d9cb6a,F0316,F0316-P02,rice,CONFIRMED,INPUTS_PURCHASED,COMMIT_ADVANCE,3,SOFT_LOCK,True,OK,
p2_dev,20260812,5ea24037c2d9cb6a,F0316,F0316-P02,rice,INPUTS_PURCHASED,LAND_PREPARED,COMMIT_ADVANCE,4,SOFT_LOCK,True,OK,
p2_dev,20260812,5ea24037c2d9cb6a,F0316,F0316-P02,rice,LAND_PREPARED,PLANTED,COMMIT_ADVANCE,5,HARD_LOCK,False,OK,
p2_dev,20260812,5ea24037c2d9cb6a,F0317,F0317-P01,soybean,,VIEWED,ACCEPT,0,FLEXIBLE,True,OK,phase-1 accepted; entered lifecycle
p2_dev,20260812,5ea24037c2d9cb6a,F0317,F0317-P01,soybean,VIEWED,TENTATIVE_ACCEPT,ACCEPT,1,SOFT_LOCK,True,OK,
p2_dev,20260812,5ea24037c2d9cb6a,F0317,F0317-P01,soybean,TENTATIVE_ACCEPT,CONFIRMED,COMMIT_ADVANCE,2,SOFT_LOCK,True,OK,
p2_dev,20260812,5ea24037c2d9cb6a,F0317,F0317-P01,soybean,CONFIRMED,INPUTS_PURCHASED,COMMIT_ADVANCE,3,SOFT_LOCK,True,OK,
p2_dev,20260812,5ea24037c2d9cb6a,F0317,F0317-P01,soybean,INPUTS_PURCHASED,LAND_PREPARED,COMMIT_ADVANCE,4,SOFT_LOCK,True,OK,
p2_dev,20260812,5ea24037c2d9cb6a,F0317,F0317-P01,soybean,LAND_PREPARED,PLANTED,COMMIT_ADVANCE,5,HARD_LOCK,False,OK,
p2_dev,20260812,5ea24037c2d9cb6a,F0317,F0317-P02,soybean,,VIEWED,ACCEPT,0,FLEXIBLE,True,OK,phase-1 accepted; entered lifecycle
p2_dev,20260812,5ea24037c2d9cb6a,F0317,F0317-P02,soybean,VIEWED,TENTATIVE_ACCEPT,ACCEPT,1,SOFT_LOCK,True,OK,
p2_dev,20260812,5ea24037c2d9cb6a,F0317,F0317-P02,soybean,TENTATIVE_ACCEPT,CONFIRMED,COMMIT_ADVANCE,2,SOFT_LOCK,True,OK,
p2_dev,20260812,5ea24037c2d9cb6a,F0317,F0317-P02,soybean,CONFIRMED,INPUTS_PURCHASED,COMMIT_ADVANCE,3,SOFT_LOCK,True,OK,
p2_dev,20260812,5ea24037c2d9cb6a,F0317,F0317-P02,soybean,INPUTS_PURCHASED,LAND_PREPARED,COMMIT_ADVANCE,4,SOFT_LOCK,True,OK,
p2_dev,20260812,5ea24037c2d9cb6a,F0317,F0317-P02,soybean,LAND_PREPARED,PLANTED,COMMIT_ADVANCE,5,HARD_LOCK,False,OK,
p2_dev,20260812,5ea24037c2d9cb6a,F0318,F0318-P01,rice,,VIEWED,ACCEPT,0,FLEXIBLE,True,OK,phase-1 accepted; entered lifecycle
p2_dev,20260812,5ea24037c2d9cb6a,F0318,F0318-P01,rice,VIEWED,TENTATIVE_ACCEPT,ACCEPT,1,SOFT_LOCK,True,OK,
p2_dev,20260812,5ea24037c2d9cb6a,F0318,F0318-P01,rice,TENTATIVE_ACCEPT,CONFIRMED,COMMIT_ADVANCE,2,SOFT_LOCK,True,OK,
p2_dev,20260812,5ea24037c2d9cb6a,F0318,F0318-P01,rice,CONFIRMED,INPUTS_PURCHASED,COMMIT_ADVANCE,3,SOFT_LOCK,True,OK,
p2_dev,20260812,5ea24037c2d9cb6a,F0318,F0318-P01,rice,INPUTS_PURCHASED,LAND_PREPARED,COMMIT_ADVANCE,4,SOFT_LOCK,True,OK,
p2_dev,20260812,5ea24037c2d9cb6a,F0318,F0318-P01,rice,LAND_PREPARED,PLANTED,COMMIT_ADVANCE,5,HARD_LOCK,False,OK,
p2_dev,20260812,5ea24037c2d9cb6a,F0318,F0318-P02,groundnut,,VIEWED,ACCEPT,0,FLEXIBLE,True,OK,phase-1 accepted; entered lifecycle
p2_dev,20260812,5ea24037c2d9cb6a,F0318,F0318-P02,groundnut,VIEWED,TENTATIVE_ACCEPT,ACCEPT,1,SOFT_LOCK,True,OK,
p2_dev,20260812,5ea24037c2d9cb6a,F0318,F0318-P02,groundnut,TENTATIVE_ACCEPT,CONFIRMED,COMMIT_ADVANCE,2,SOFT_LOCK,True,OK,
p2_dev,20260812,5ea24037c2d9cb6a,F0318,F0318-P02,groundnut,CONFIRMED,INPUTS_PURCHASED,COMMIT_ADVANCE,3,SOFT_LOCK,True,OK,
p2_dev,20260812,5ea24037c2d9cb6a,F0318,F0318-P02,groundnut,INPUTS_PURCHASED,LAND_PREPARED,COMMIT_ADVANCE,4,SOFT_LOCK,True,OK,
p2_dev,20260812,5ea24037c2d9cb6a,F0318,F0318-P02,groundnut,LAND_PREPARED,PLANTED,COMMIT_ADVANCE,5,HARD_LOCK,False,OK,
p2_dev,20260812,5ea24037c2d9cb6a,F0318,F0318-P03,groundnut,,VIEWED,ACCEPT,0,FLEXIBLE,True,OK,phase-1 accepted; entered lifecycle
p2_dev,20260812,5ea24037c2d9cb6a,F0318,F0318-P03,groundnut,VIEWED,TENTATIVE_ACCEPT,ACCEPT,1,SOFT_LOCK,True,OK,
p2_dev,20260812,5ea24037c2d9cb6a,F0318,F0318-P03,groundnut,TENTATIVE_ACCEPT,CONFIRMED,COMMIT_ADVANCE,2,SOFT_LOCK,True,OK,
p2_dev,20260812,5ea24037c2d9cb6a,F0318,F0318-P03,groundnut,CONFIRMED,INPUTS_PURCHASED,COMMIT_ADVANCE,3,SOFT_LOCK,True,OK,
p2_dev,20260812,5ea24037c2d9cb6a,F0318,F0318-P03,groundnut,INPUTS_PURCHASED,LAND_PREPARED,COMMIT_ADVANCE,4,SOFT_LOCK,True,OK,
p2_dev,20260812,5ea24037c2d9cb6a,F0318,F0318-P03,groundnut,LAND_PREPARED,PLANTED,COMMIT_ADVANCE,5,HARD_LOCK,False,OK,
p2_dev,20260812,5ea24037c2d9cb6a,F0319,F0319-P01,rice,,VIEWED,ACCEPT,0,FLEXIBLE,True,OK,phase-1 accepted; entered lifecycle
p2_dev,20260812,5ea24037c2d9cb6a,F0319,F0319-P01,rice,VIEWED,TENTATIVE_ACCEPT,ACCEPT,1,SOFT_LOCK,True,OK,
p2_dev,20260812,5ea24037c2d9cb6a,F0319,F0319-P01,rice,TENTATIVE_ACCEPT,CONFIRMED,COMMIT_ADVANCE,2,SOFT_LOCK,True,OK,
p2_dev,20260812,5ea24037c2d9cb6a,F0319,F0319-P01,rice,CONFIRMED,INPUTS_PURCHASED,COMMIT_ADVANCE,3,SOFT_LOCK,True,OK,
p2_dev,20260812,5ea24037c2d9cb6a,F0319,F0319-P01,rice,INPUTS_PURCHASED,LAND_PREPARED,COMMIT_ADVANCE,4,SOFT_LOCK,True,OK,
p2_dev,20260812,5ea24037c2d9cb6a,F0319,F0319-P01,rice,LAND_PREPARED,PLANTED,COMMIT_ADVANCE,5,HARD_LOCK,False,OK,
p2_dev,20260812,5ea24037c2d9cb6a,F0321,F0321-P01,soybean,,VIEWED,REJECT,0,FLEXIBLE,True,REJECTED_TERMINAL,phase-1 rejected; never enters commitment ladder
p2_dev,20260812,5ea24037c2d9cb6a,F0322,F0322-P02,rice,,VIEWED,REJECT,0,FLEXIBLE,True,REJECTED_TERMINAL,phase-1 rejected; never enters commitment ladder
p2_dev,20260812,5ea24037c2d9cb6a,F0323,F0323-P01,soybean,,VIEWED,ACCEPT,0,FLEXIBLE,True,OK,phase-1 accepted; entered lifecycle
p2_dev,20260812,5ea24037c2d9cb6a,F0323,F0323-P01,soybean,VIEWED,TENTATIVE_ACCEPT,ACCEPT,1,SOFT_LOCK,True,OK,
p2_dev,20260812,5ea24037c2d9cb6a,F0323,F0323-P01,soybean,TENTATIVE_ACCEPT,CONFIRMED,COMMIT_ADVANCE,2,SOFT_LOCK,True,OK,
p2_dev,20260812,5ea24037c2d9cb6a,F0323,F0323-P01,soybean,CONFIRMED,INPUTS_PURCHASED,COMMIT_ADVANCE,3,SOFT_LOCK,True,OK,
p2_dev,20260812,5ea24037c2d9cb6a,F0323,F0323-P01,soybean,INPUTS_PURCHASED,LAND_PREPARED,COMMIT_ADVANCE,4,SOFT_LOCK,True,OK,
p2_dev,20260812,5ea24037c2d9cb6a,F0323,F0323-P01,soybean,LAND_PREPARED,PLANTED,COMMIT_ADVANCE,5,HARD_LOCK,False,OK,
p2_dev,20260812,5ea24037c2d9cb6a,F0328,F0328-P04,onion,,VIEWED,ACCEPT,0,FLEXIBLE,True,OK,phase-1 accepted; entered lifecycle
p2_dev,20260812,5ea24037c2d9cb6a,F0328,F0328-P04,onion,VIEWED,TENTATIVE_ACCEPT,ACCEPT,1,SOFT_LOCK,True,OK,
p2_dev,20260812,5ea24037c2d9cb6a,F0328,F0328-P04,onion,TENTATIVE_ACCEPT,CONFIRMED,COMMIT_ADVANCE,2,SOFT_LOCK,True,OK,
p2_dev,20260812,5ea24037c2d9cb6a,F0328,F0328-P04,onion,CONFIRMED,INPUTS_PURCHASED,COMMIT_ADVANCE,3,SOFT_LOCK,True,OK,
p2_dev,20260812,5ea24037c2d9cb6a,F0328,F0328-P04,onion,INPUTS_PURCHASED,LAND_PREPARED,COMMIT_ADVANCE,4,SOFT_LOCK,True,OK,
p2_dev,20260812,5ea24037c2d9cb6a,F0328,F0328-P04,onion,LAND_PREPARED,PLANTED,COMMIT_ADVANCE,5,HARD_LOCK,False,OK,
p2_dev,20260812,5ea24037c2d9cb6a,F0329,F0329-P01,maize,,VIEWED,ACCEPT,0,FLEXIBLE,True,OK,phase-1 accepted; entered lifecycle
p2_dev,20260812,5ea24037c2d9cb6a,F0329,F0329-P01,maize,VIEWED,TENTATIVE_ACCEPT,ACCEPT,1,SOFT_LOCK,True,OK,
p2_dev,20260812,5ea24037c2d9cb6a,F0329,F0329-P01,maize,TENTATIVE_ACCEPT,CONFIRMED,COMMIT_ADVANCE,2,SOFT_LOCK,True,OK,
p2_dev,20260812,5ea24037c2d9cb6a,F0329,F0329-P01,maize,CONFIRMED,INPUTS_PURCHASED,COMMIT_ADVANCE,3,SOFT_LOCK,True,OK,
p2_dev,20260812,5ea24037c2d9cb6a,F0329,F0329-P01,maize,INPUTS_PURCHASED,LAND_PREPARED,COMMIT_ADVANCE,4,SOFT_LOCK,True,OK,
p2_dev,20260812,5ea24037c2d9cb6a,F0329,F0329-P01,maize,LAND_PREPARED,PLANTED,COMMIT_ADVANCE,5,HARD_LOCK,False,OK,
p2_dev,20260812,5ea24037c2d9cb6a,F0330,F0330-P01,rice,,VIEWED,ACCEPT,0,FLEXIBLE,True,OK,phase-1 accepted; entered lifecycle
p2_dev,20260812,5ea24037c2d9cb6a,F0330,F0330-P01,rice,VIEWED,TENTATIVE_ACCEPT,ACCEPT,1,SOFT_LOCK,True,OK,
p2_dev,20260812,5ea24037c2d9cb6a,F0330,F0330-P01,rice,TENTATIVE_ACCEPT,CONFIRMED,COMMIT_ADVANCE,2,SOFT_LOCK,True,OK,
p2_dev,20260812,5ea24037c2d9cb6a,F0330,F0330-P01,rice,CONFIRMED,INPUTS_PURCHASED,COMMIT_ADVANCE,3,SOFT_LOCK,True,OK,
p2_dev,20260812,5ea24037c2d9cb6a,F0330,F0330-P01,rice,INPUTS_PURCHASED,LAND_PREPARED,COMMIT_ADVANCE,4,SOFT_LOCK,True,OK,
p2_dev,20260812,5ea24037c2d9cb6a,F0330,F0330-P01,rice,LAND_PREPARED,PLANTED,COMMIT_ADVANCE,5,HARD_LOCK,False,OK,
p2_dev,20260812,5ea24037c2d9cb6a,F0334,F0334-P02,maize,,VIEWED,ACCEPT,0,FLEXIBLE,True,OK,phase-1 accepted; entered lifecycle
p2_dev,20260812,5ea24037c2d9cb6a,F0334,F0334-P02,maize,VIEWED,TENTATIVE_ACCEPT,ACCEPT,1,SOFT_LOCK,True,OK,
p2_dev,20260812,5ea24037c2d9cb6a,F0334,F0334-P02,maize,TENTATIVE_ACCEPT,CONFIRMED,COMMIT_ADVANCE,2,SOFT_LOCK,True,OK,
p2_dev,20260812,5ea24037c2d9cb6a,F0334,F0334-P02,maize,CONFIRMED,INPUTS_PURCHASED,COMMIT_ADVANCE,3,SOFT_LOCK,True,OK,
p2_dev,20260812,5ea24037c2d9cb6a,F0334,F0334-P02,maize,INPUTS_PURCHASED,LAND_PREPARED,COMMIT_ADVANCE,4,SOFT_LOCK,True,OK,
p2_dev,20260812,5ea24037c2d9cb6a,F0334,F0334-P02,maize,LAND_PREPARED,PLANTED,COMMIT_ADVANCE,5,HARD_LOCK,False,OK,
p2_dev,20260812,5ea24037c2d9cb6a,F0336,F0336-P03,groundnut,,VIEWED,REJECT,0,FLEXIBLE,True,REJECTED_TERMINAL,phase-1 rejected; never enters commitment ladder
p2_dev,20260812,5ea24037c2d9cb6a,F0337,F0337-P02,groundnut,,VIEWED,ACCEPT,0,FLEXIBLE,True,OK,phase-1 accepted; entered lifecycle
p2_dev,20260812,5ea24037c2d9cb6a,F0337,F0337-P02,groundnut,VIEWED,TENTATIVE_ACCEPT,ACCEPT,1,SOFT_LOCK,True,OK,
p2_dev,20260812,5ea24037c2d9cb6a,F0337,F0337-P02,groundnut,TENTATIVE_ACCEPT,CONFIRMED,COMMIT_ADVANCE,2,SOFT_LOCK,True,OK,
p2_dev,20260812,5ea24037c2d9cb6a,F0337,F0337-P02,groundnut,CONFIRMED,INPUTS_PURCHASED,COMMIT_ADVANCE,3,SOFT_LOCK,True,OK,
p2_dev,20260812,5ea24037c2d9cb6a,F0337,F0337-P02,groundnut,INPUTS_PURCHASED,LAND_PREPARED,COMMIT_ADVANCE,4,SOFT_LOCK,True,OK,
p2_dev,20260812,5ea24037c2d9cb6a,F0337,F0337-P02,groundnut,LAND_PREPARED,PLANTED,COMMIT_ADVANCE,5,HARD_LOCK,False,OK,
p2_dev,20260812,5ea24037c2d9cb6a,F0339,F0339-P01,onion,,VIEWED,ACCEPT,0,FLEXIBLE,True,OK,phase-1 accepted; entered lifecycle
p2_dev,20260812,5ea24037c2d9cb6a,F0339,F0339-P01,onion,VIEWED,TENTATIVE_ACCEPT,ACCEPT,1,SOFT_LOCK,True,OK,
p2_dev,20260812,5ea24037c2d9cb6a,F0339,F0339-P01,onion,TENTATIVE_ACCEPT,CONFIRMED,COMMIT_ADVANCE,2,SOFT_LOCK,True,OK,
p2_dev,20260812,5ea24037c2d9cb6a,F0339,F0339-P01,onion,CONFIRMED,INPUTS_PURCHASED,COMMIT_ADVANCE,3,SOFT_LOCK,True,OK,
p2_dev,20260812,5ea24037c2d9cb6a,F0339,F0339-P01,onion,INPUTS_PURCHASED,LAND_PREPARED,COMMIT_ADVANCE,4,SOFT_LOCK,True,OK,
p2_dev,20260812,5ea24037c2d9cb6a,F0339,F0339-P01,onion,LAND_PREPARED,PLANTED,COMMIT_ADVANCE,5,HARD_LOCK,False,OK,
p2_dev,20260812,5ea24037c2d9cb6a,F0340,F0340-P01,rice,,VIEWED,ACCEPT,0,FLEXIBLE,True,OK,phase-1 accepted; entered lifecycle
p2_dev,20260812,5ea24037c2d9cb6a,F0340,F0340-P01,rice,VIEWED,TENTATIVE_ACCEPT,ACCEPT,1,SOFT_LOCK,True,OK,
p2_dev,20260812,5ea24037c2d9cb6a,F0340,F0340-P01,rice,TENTATIVE_ACCEPT,CONFIRMED,COMMIT_ADVANCE,2,SOFT_LOCK,True,OK,
p2_dev,20260812,5ea24037c2d9cb6a,F0340,F0340-P01,rice,CONFIRMED,INPUTS_PURCHASED,COMMIT_ADVANCE,3,SOFT_LOCK,True,OK,
p2_dev,20260812,5ea24037c2d9cb6a,F0340,F0340-P01,rice,INPUTS_PURCHASED,LAND_PREPARED,COMMIT_ADVANCE,4,SOFT_LOCK,True,OK,
p2_dev,20260812,5ea24037c2d9cb6a,F0340,F0340-P01,rice,LAND_PREPARED,PLANTED,COMMIT_ADVANCE,5,HARD_LOCK,False,OK,
p2_dev,20260812,5ea24037c2d9cb6a,F0341,F0341-P02,groundnut,,VIEWED,ACCEPT,0,FLEXIBLE,True,OK,phase-1 accepted; entered lifecycle
p2_dev,20260812,5ea24037c2d9cb6a,F0341,F0341-P02,groundnut,VIEWED,TENTATIVE_ACCEPT,ACCEPT,1,SOFT_LOCK,True,OK,
p2_dev,20260812,5ea24037c2d9cb6a,F0341,F0341-P02,groundnut,TENTATIVE_ACCEPT,CONFIRMED,COMMIT_ADVANCE,2,SOFT_LOCK,True,OK,
p2_dev,20260812,5ea24037c2d9cb6a,F0341,F0341-P02,groundnut,CONFIRMED,INPUTS_PURCHASED,COMMIT_ADVANCE,3,SOFT_LOCK,True,OK,
p2_dev,20260812,5ea24037c2d9cb6a,F0341,F0341-P02,groundnut,INPUTS_PURCHASED,LAND_PREPARED,COMMIT_ADVANCE,4,SOFT_LOCK,True,OK,
p2_dev,20260812,5ea24037c2d9cb6a,F0341,F0341-P02,groundnut,LAND_PREPARED,PLANTED,COMMIT_ADVANCE,5,HARD_LOCK,False,OK,
p2_dev,20260812,5ea24037c2d9cb6a,F0342,F0342-P01,rice,,VIEWED,ACCEPT,0,FLEXIBLE,True,OK,phase-1 accepted; entered lifecycle
p2_dev,20260812,5ea24037c2d9cb6a,F0342,F0342-P01,rice,VIEWED,TENTATIVE_ACCEPT,ACCEPT,1,SOFT_LOCK,True,OK,
p2_dev,20260812,5ea24037c2d9cb6a,F0342,F0342-P01,rice,TENTATIVE_ACCEPT,CONFIRMED,COMMIT_ADVANCE,2,SOFT_LOCK,True,OK,
p2_dev,20260812,5ea24037c2d9cb6a,F0342,F0342-P01,rice,CONFIRMED,INPUTS_PURCHASED,COMMIT_ADVANCE,3,SOFT_LOCK,True,OK,
p2_dev,20260812,5ea24037c2d9cb6a,F0342,F0342-P01,rice,INPUTS_PURCHASED,LAND_PREPARED,COMMIT_ADVANCE,4,SOFT_LOCK,True,OK,
p2_dev,20260812,5ea24037c2d9cb6a,F0342,F0342-P01,rice,LAND_PREPARED,PLANTED,COMMIT_ADVANCE,5,HARD_LOCK,False,OK,
p2_dev,20260812,5ea24037c2d9cb6a,F0345,F0345-P01,soybean,,VIEWED,REJECT,0,FLEXIBLE,True,REJECTED_TERMINAL,phase-1 rejected; never enters commitment ladder
p2_dev,20260812,5ea24037c2d9cb6a,F0346,F0346-P01,maize,,VIEWED,ACCEPT,0,FLEXIBLE,True,OK,phase-1 accepted; entered lifecycle
p2_dev,20260812,5ea24037c2d9cb6a,F0346,F0346-P01,maize,VIEWED,TENTATIVE_ACCEPT,ACCEPT,1,SOFT_LOCK,True,OK,
p2_dev,20260812,5ea24037c2d9cb6a,F0346,F0346-P01,maize,TENTATIVE_ACCEPT,CONFIRMED,COMMIT_ADVANCE,2,SOFT_LOCK,True,OK,
p2_dev,20260812,5ea24037c2d9cb6a,F0346,F0346-P01,maize,CONFIRMED,INPUTS_PURCHASED,COMMIT_ADVANCE,3,SOFT_LOCK,True,OK,
p2_dev,20260812,5ea24037c2d9cb6a,F0346,F0346-P01,maize,INPUTS_PURCHASED,LAND_PREPARED,COMMIT_ADVANCE,4,SOFT_LOCK,True,OK,
p2_dev,20260812,5ea24037c2d9cb6a,F0346,F0346-P01,maize,LAND_PREPARED,PLANTED,COMMIT_ADVANCE,5,HARD_LOCK,False,OK,
p2_dev,20260812,5ea24037c2d9cb6a,F0348,F0348-P01,rice,,VIEWED,ACCEPT,0,FLEXIBLE,True,OK,phase-1 accepted; entered lifecycle
p2_dev,20260812,5ea24037c2d9cb6a,F0348,F0348-P01,rice,VIEWED,TENTATIVE_ACCEPT,ACCEPT,1,SOFT_LOCK,True,OK,
p2_dev,20260812,5ea24037c2d9cb6a,F0348,F0348-P01,rice,TENTATIVE_ACCEPT,CONFIRMED,COMMIT_ADVANCE,2,SOFT_LOCK,True,OK,
p2_dev,20260812,5ea24037c2d9cb6a,F0348,F0348-P01,rice,CONFIRMED,INPUTS_PURCHASED,COMMIT_ADVANCE,3,SOFT_LOCK,True,OK,
p2_dev,20260812,5ea24037c2d9cb6a,F0348,F0348-P01,rice,INPUTS_PURCHASED,LAND_PREPARED,COMMIT_ADVANCE,4,SOFT_LOCK,True,OK,
p2_dev,20260812,5ea24037c2d9cb6a,F0348,F0348-P01,rice,LAND_PREPARED,PLANTED,COMMIT_ADVANCE,5,HARD_LOCK,False,OK,
p2_dev,20260812,5ea24037c2d9cb6a,F0350,F0350-P02,rice,,VIEWED,ACCEPT,0,FLEXIBLE,True,OK,phase-1 accepted; entered lifecycle
p2_dev,20260812,5ea24037c2d9cb6a,F0350,F0350-P02,rice,VIEWED,TENTATIVE_ACCEPT,ACCEPT,1,SOFT_LOCK,True,OK,
p2_dev,20260812,5ea24037c2d9cb6a,F0350,F0350-P02,rice,TENTATIVE_ACCEPT,CONFIRMED,COMMIT_ADVANCE,2,SOFT_LOCK,True,OK,
p2_dev,20260812,5ea24037c2d9cb6a,F0350,F0350-P02,rice,CONFIRMED,INPUTS_PURCHASED,COMMIT_ADVANCE,3,SOFT_LOCK,True,OK,
p2_dev,20260812,5ea24037c2d9cb6a,F0350,F0350-P02,rice,INPUTS_PURCHASED,LAND_PREPARED,COMMIT_ADVANCE,4,SOFT_LOCK,True,OK,
p2_dev,20260812,5ea24037c2d9cb6a,F0350,F0350-P02,rice,LAND_PREPARED,PLANTED,COMMIT_ADVANCE,5,HARD_LOCK,False,OK,
p2_dev,20260812,5ea24037c2d9cb6a,F0351,F0351-P01,rice,,VIEWED,ACCEPT,0,FLEXIBLE,True,OK,phase-1 accepted; entered lifecycle
p2_dev,20260812,5ea24037c2d9cb6a,F0351,F0351-P01,rice,VIEWED,TENTATIVE_ACCEPT,ACCEPT,1,SOFT_LOCK,True,OK,
p2_dev,20260812,5ea24037c2d9cb6a,F0351,F0351-P01,rice,TENTATIVE_ACCEPT,CONFIRMED,COMMIT_ADVANCE,2,SOFT_LOCK,True,OK,
p2_dev,20260812,5ea24037c2d9cb6a,F0351,F0351-P01,rice,CONFIRMED,INPUTS_PURCHASED,COMMIT_ADVANCE,3,SOFT_LOCK,True,OK,
p2_dev,20260812,5ea24037c2d9cb6a,F0351,F0351-P01,rice,INPUTS_PURCHASED,LAND_PREPARED,COMMIT_ADVANCE,4,SOFT_LOCK,True,OK,
p2_dev,20260812,5ea24037c2d9cb6a,F0351,F0351-P01,rice,LAND_PREPARED,PLANTED,COMMIT_ADVANCE,5,HARD_LOCK,False,OK,
p2_dev,20260812,5ea24037c2d9cb6a,F0351,F0351-P02,rice,,VIEWED,REJECT,0,FLEXIBLE,True,REJECTED_TERMINAL,phase-1 rejected; never enters commitment ladder
p2_dev,20260812,5ea24037c2d9cb6a,F0352,F0352-P01,soybean,,VIEWED,ACCEPT,0,FLEXIBLE,True,OK,phase-1 accepted; entered lifecycle
p2_dev,20260812,5ea24037c2d9cb6a,F0352,F0352-P01,soybean,VIEWED,TENTATIVE_ACCEPT,ACCEPT,1,SOFT_LOCK,True,OK,
p2_dev,20260812,5ea24037c2d9cb6a,F0352,F0352-P01,soybean,TENTATIVE_ACCEPT,CONFIRMED,COMMIT_ADVANCE,2,SOFT_LOCK,True,OK,
p2_dev,20260812,5ea24037c2d9cb6a,F0352,F0352-P01,soybean,CONFIRMED,INPUTS_PURCHASED,COMMIT_ADVANCE,3,SOFT_LOCK,True,OK,
p2_dev,20260812,5ea24037c2d9cb6a,F0352,F0352-P01,soybean,INPUTS_PURCHASED,LAND_PREPARED,COMMIT_ADVANCE,4,SOFT_LOCK,True,OK,
p2_dev,20260812,5ea24037c2d9cb6a,F0352,F0352-P01,soybean,LAND_PREPARED,PLANTED,COMMIT_ADVANCE,5,HARD_LOCK,False,OK,
p2_dev,20260812,5ea24037c2d9cb6a,F0354,F0354-P01,onion,,VIEWED,ACCEPT,0,FLEXIBLE,True,OK,phase-1 accepted; entered lifecycle
p2_dev,20260812,5ea24037c2d9cb6a,F0354,F0354-P01,onion,VIEWED,TENTATIVE_ACCEPT,ACCEPT,1,SOFT_LOCK,True,OK,
p2_dev,20260812,5ea24037c2d9cb6a,F0354,F0354-P01,onion,TENTATIVE_ACCEPT,CONFIRMED,COMMIT_ADVANCE,2,SOFT_LOCK,True,OK,
p2_dev,20260812,5ea24037c2d9cb6a,F0354,F0354-P01,onion,CONFIRMED,INPUTS_PURCHASED,COMMIT_ADVANCE,3,SOFT_LOCK,True,OK,
p2_dev,20260812,5ea24037c2d9cb6a,F0354,F0354-P01,onion,INPUTS_PURCHASED,LAND_PREPARED,COMMIT_ADVANCE,4,SOFT_LOCK,True,OK,
p2_dev,20260812,5ea24037c2d9cb6a,F0354,F0354-P01,onion,LAND_PREPARED,PLANTED,COMMIT_ADVANCE,5,HARD_LOCK,False,OK,
p2_dev,20260812,5ea24037c2d9cb6a,F0354,F0354-P02,maize,,VIEWED,ACCEPT,0,FLEXIBLE,True,OK,phase-1 accepted; entered lifecycle
p2_dev,20260812,5ea24037c2d9cb6a,F0354,F0354-P02,maize,VIEWED,TENTATIVE_ACCEPT,ACCEPT,1,SOFT_LOCK,True,OK,
p2_dev,20260812,5ea24037c2d9cb6a,F0354,F0354-P02,maize,TENTATIVE_ACCEPT,CONFIRMED,COMMIT_ADVANCE,2,SOFT_LOCK,True,OK,
p2_dev,20260812,5ea24037c2d9cb6a,F0354,F0354-P02,maize,CONFIRMED,INPUTS_PURCHASED,COMMIT_ADVANCE,3,SOFT_LOCK,True,OK,
p2_dev,20260812,5ea24037c2d9cb6a,F0354,F0354-P02,maize,INPUTS_PURCHASED,LAND_PREPARED,COMMIT_ADVANCE,4,SOFT_LOCK,True,OK,
p2_dev,20260812,5ea24037c2d9cb6a,F0354,F0354-P02,maize,LAND_PREPARED,PLANTED,COMMIT_ADVANCE,5,HARD_LOCK,False,OK,
p2_dev,20260812,5ea24037c2d9cb6a,F0355,F0355-P01,rice,,VIEWED,ACCEPT,0,FLEXIBLE,True,OK,phase-1 accepted; entered lifecycle
p2_dev,20260812,5ea24037c2d9cb6a,F0355,F0355-P01,rice,VIEWED,TENTATIVE_ACCEPT,ACCEPT,1,SOFT_LOCK,True,OK,
p2_dev,20260812,5ea24037c2d9cb6a,F0355,F0355-P01,rice,TENTATIVE_ACCEPT,CONFIRMED,COMMIT_ADVANCE,2,SOFT_LOCK,True,OK,
p2_dev,20260812,5ea24037c2d9cb6a,F0355,F0355-P01,rice,CONFIRMED,INPUTS_PURCHASED,COMMIT_ADVANCE,3,SOFT_LOCK,True,OK,
p2_dev,20260812,5ea24037c2d9cb6a,F0355,F0355-P01,rice,INPUTS_PURCHASED,LAND_PREPARED,COMMIT_ADVANCE,4,SOFT_LOCK,True,OK,
p2_dev,20260812,5ea24037c2d9cb6a,F0355,F0355-P01,rice,LAND_PREPARED,PLANTED,COMMIT_ADVANCE,5,HARD_LOCK,False,OK,
p2_dev,20260812,5ea24037c2d9cb6a,F0355,F0355-P02,rice,,VIEWED,ACCEPT,0,FLEXIBLE,True,OK,phase-1 accepted; entered lifecycle
p2_dev,20260812,5ea24037c2d9cb6a,F0355,F0355-P02,rice,VIEWED,TENTATIVE_ACCEPT,ACCEPT,1,SOFT_LOCK,True,OK,
p2_dev,20260812,5ea24037c2d9cb6a,F0355,F0355-P02,rice,TENTATIVE_ACCEPT,CONFIRMED,COMMIT_ADVANCE,2,SOFT_LOCK,True,OK,
p2_dev,20260812,5ea24037c2d9cb6a,F0355,F0355-P02,rice,CONFIRMED,INPUTS_PURCHASED,COMMIT_ADVANCE,3,SOFT_LOCK,True,OK,
p2_dev,20260812,5ea24037c2d9cb6a,F0355,F0355-P02,rice,INPUTS_PURCHASED,LAND_PREPARED,COMMIT_ADVANCE,4,SOFT_LOCK,True,OK,
p2_dev,20260812,5ea24037c2d9cb6a,F0355,F0355-P02,rice,LAND_PREPARED,PLANTED,COMMIT_ADVANCE,5,HARD_LOCK,False,OK,
p2_dev,20260812,5ea24037c2d9cb6a,F0356,F0356-P01,maize,,VIEWED,REJECT,0,FLEXIBLE,True,REJECTED_TERMINAL,phase-1 rejected; never enters commitment ladder
p2_dev,20260812,5ea24037c2d9cb6a,F0356,F0356-P02,maize,,VIEWED,ACCEPT,0,FLEXIBLE,True,OK,phase-1 accepted; entered lifecycle
p2_dev,20260812,5ea24037c2d9cb6a,F0356,F0356-P02,maize,VIEWED,TENTATIVE_ACCEPT,ACCEPT,1,SOFT_LOCK,True,OK,
p2_dev,20260812,5ea24037c2d9cb6a,F0356,F0356-P02,maize,TENTATIVE_ACCEPT,CONFIRMED,COMMIT_ADVANCE,2,SOFT_LOCK,True,OK,
p2_dev,20260812,5ea24037c2d9cb6a,F0356,F0356-P02,maize,CONFIRMED,INPUTS_PURCHASED,COMMIT_ADVANCE,3,SOFT_LOCK,True,OK,
p2_dev,20260812,5ea24037c2d9cb6a,F0356,F0356-P02,maize,INPUTS_PURCHASED,LAND_PREPARED,COMMIT_ADVANCE,4,SOFT_LOCK,True,OK,
p2_dev,20260812,5ea24037c2d9cb6a,F0356,F0356-P02,maize,LAND_PREPARED,PLANTED,COMMIT_ADVANCE,5,HARD_LOCK,False,OK,
p2_dev,20260812,5ea24037c2d9cb6a,F0358,F0358-P02,pigeon_pea,,VIEWED,ACCEPT,0,FLEXIBLE,True,OK,phase-1 accepted; entered lifecycle
p2_dev,20260812,5ea24037c2d9cb6a,F0358,F0358-P02,pigeon_pea,VIEWED,TENTATIVE_ACCEPT,ACCEPT,1,SOFT_LOCK,True,OK,
p2_dev,20260812,5ea24037c2d9cb6a,F0358,F0358-P02,pigeon_pea,TENTATIVE_ACCEPT,CONFIRMED,COMMIT_ADVANCE,2,SOFT_LOCK,True,OK,
p2_dev,20260812,5ea24037c2d9cb6a,F0358,F0358-P02,pigeon_pea,CONFIRMED,INPUTS_PURCHASED,COMMIT_ADVANCE,3,SOFT_LOCK,True,OK,
p2_dev,20260812,5ea24037c2d9cb6a,F0358,F0358-P02,pigeon_pea,INPUTS_PURCHASED,LAND_PREPARED,COMMIT_ADVANCE,4,SOFT_LOCK,True,OK,
p2_dev,20260812,5ea24037c2d9cb6a,F0358,F0358-P02,pigeon_pea,LAND_PREPARED,PLANTED,COMMIT_ADVANCE,5,HARD_LOCK,False,OK,
p2_dev,20260812,5ea24037c2d9cb6a,F0359,F0359-P01,pigeon_pea,,VIEWED,ACCEPT,0,FLEXIBLE,True,OK,phase-1 accepted; entered lifecycle
p2_dev,20260812,5ea24037c2d9cb6a,F0359,F0359-P01,pigeon_pea,VIEWED,TENTATIVE_ACCEPT,ACCEPT,1,SOFT_LOCK,True,OK,
p2_dev,20260812,5ea24037c2d9cb6a,F0359,F0359-P01,pigeon_pea,TENTATIVE_ACCEPT,CONFIRMED,COMMIT_ADVANCE,2,SOFT_LOCK,True,OK,
p2_dev,20260812,5ea24037c2d9cb6a,F0359,F0359-P01,pigeon_pea,CONFIRMED,INPUTS_PURCHASED,COMMIT_ADVANCE,3,SOFT_LOCK,True,OK,
p2_dev,20260812,5ea24037c2d9cb6a,F0359,F0359-P01,pigeon_pea,INPUTS_PURCHASED,LAND_PREPARED,COMMIT_ADVANCE,4,SOFT_LOCK,True,OK,
p2_dev,20260812,5ea24037c2d9cb6a,F0359,F0359-P01,pigeon_pea,LAND_PREPARED,PLANTED,COMMIT_ADVANCE,5,HARD_LOCK,False,OK,
p2_dev,20260812,5ea24037c2d9cb6a,F0362,F0362-P01,soybean,,VIEWED,REJECT,0,FLEXIBLE,True,REJECTED_TERMINAL,phase-1 rejected; never enters commitment ladder
p2_dev,20260812,5ea24037c2d9cb6a,F0363,F0363-P01,rice,,VIEWED,ACCEPT,0,FLEXIBLE,True,OK,phase-1 accepted; entered lifecycle
p2_dev,20260812,5ea24037c2d9cb6a,F0363,F0363-P01,rice,VIEWED,TENTATIVE_ACCEPT,ACCEPT,1,SOFT_LOCK,True,OK,
p2_dev,20260812,5ea24037c2d9cb6a,F0363,F0363-P01,rice,TENTATIVE_ACCEPT,CONFIRMED,COMMIT_ADVANCE,2,SOFT_LOCK,True,OK,
p2_dev,20260812,5ea24037c2d9cb6a,F0363,F0363-P01,rice,CONFIRMED,INPUTS_PURCHASED,COMMIT_ADVANCE,3,SOFT_LOCK,True,OK,
p2_dev,20260812,5ea24037c2d9cb6a,F0363,F0363-P01,rice,INPUTS_PURCHASED,LAND_PREPARED,COMMIT_ADVANCE,4,SOFT_LOCK,True,OK,
p2_dev,20260812,5ea24037c2d9cb6a,F0363,F0363-P01,rice,LAND_PREPARED,PLANTED,COMMIT_ADVANCE,5,HARD_LOCK,False,OK,
p2_dev,20260812,5ea24037c2d9cb6a,F0365,F0365-P02,soybean,,VIEWED,ACCEPT,0,FLEXIBLE,True,OK,phase-1 accepted; entered lifecycle
p2_dev,20260812,5ea24037c2d9cb6a,F0365,F0365-P02,soybean,VIEWED,TENTATIVE_ACCEPT,ACCEPT,1,SOFT_LOCK,True,OK,
p2_dev,20260812,5ea24037c2d9cb6a,F0365,F0365-P02,soybean,TENTATIVE_ACCEPT,CONFIRMED,COMMIT_ADVANCE,2,SOFT_LOCK,True,OK,
p2_dev,20260812,5ea24037c2d9cb6a,F0365,F0365-P02,soybean,CONFIRMED,INPUTS_PURCHASED,COMMIT_ADVANCE,3,SOFT_LOCK,True,OK,
p2_dev,20260812,5ea24037c2d9cb6a,F0365,F0365-P02,soybean,INPUTS_PURCHASED,LAND_PREPARED,COMMIT_ADVANCE,4,SOFT_LOCK,True,OK,
p2_dev,20260812,5ea24037c2d9cb6a,F0365,F0365-P02,soybean,LAND_PREPARED,PLANTED,COMMIT_ADVANCE,5,HARD_LOCK,False,OK,
p2_dev,20260812,5ea24037c2d9cb6a,F0365,F0365-P03,onion,,VIEWED,REJECT,0,FLEXIBLE,True,REJECTED_TERMINAL,phase-1 rejected; never enters commitment ladder
p2_dev,20260812,5ea24037c2d9cb6a,F0366,F0366-P02,maize,,VIEWED,ACCEPT,0,FLEXIBLE,True,OK,phase-1 accepted; entered lifecycle
p2_dev,20260812,5ea24037c2d9cb6a,F0366,F0366-P02,maize,VIEWED,TENTATIVE_ACCEPT,ACCEPT,1,SOFT_LOCK,True,OK,
p2_dev,20260812,5ea24037c2d9cb6a,F0366,F0366-P02,maize,TENTATIVE_ACCEPT,CONFIRMED,COMMIT_ADVANCE,2,SOFT_LOCK,True,OK,
p2_dev,20260812,5ea24037c2d9cb6a,F0366,F0366-P02,maize,CONFIRMED,INPUTS_PURCHASED,COMMIT_ADVANCE,3,SOFT_LOCK,True,OK,
p2_dev,20260812,5ea24037c2d9cb6a,F0366,F0366-P02,maize,INPUTS_PURCHASED,LAND_PREPARED,COMMIT_ADVANCE,4,SOFT_LOCK,True,OK,
p2_dev,20260812,5ea24037c2d9cb6a,F0366,F0366-P02,maize,LAND_PREPARED,PLANTED,COMMIT_ADVANCE,5,HARD_LOCK,False,OK,
p2_dev,20260812,5ea24037c2d9cb6a,F0367,F0367-P02,onion,,VIEWED,ACCEPT,0,FLEXIBLE,True,OK,phase-1 accepted; entered lifecycle
p2_dev,20260812,5ea24037c2d9cb6a,F0367,F0367-P02,onion,VIEWED,TENTATIVE_ACCEPT,ACCEPT,1,SOFT_LOCK,True,OK,
p2_dev,20260812,5ea24037c2d9cb6a,F0367,F0367-P02,onion,TENTATIVE_ACCEPT,CONFIRMED,COMMIT_ADVANCE,2,SOFT_LOCK,True,OK,
p2_dev,20260812,5ea24037c2d9cb6a,F0367,F0367-P02,onion,CONFIRMED,INPUTS_PURCHASED,COMMIT_ADVANCE,3,SOFT_LOCK,True,OK,
p2_dev,20260812,5ea24037c2d9cb6a,F0367,F0367-P02,onion,INPUTS_PURCHASED,LAND_PREPARED,COMMIT_ADVANCE,4,SOFT_LOCK,True,OK,
p2_dev,20260812,5ea24037c2d9cb6a,F0367,F0367-P02,onion,LAND_PREPARED,PLANTED,COMMIT_ADVANCE,5,HARD_LOCK,False,OK,
p2_dev,20260812,5ea24037c2d9cb6a,F0368,F0368-P01,maize,,VIEWED,ACCEPT,0,FLEXIBLE,True,OK,phase-1 accepted; entered lifecycle
p2_dev,20260812,5ea24037c2d9cb6a,F0368,F0368-P01,maize,VIEWED,TENTATIVE_ACCEPT,ACCEPT,1,SOFT_LOCK,True,OK,
p2_dev,20260812,5ea24037c2d9cb6a,F0368,F0368-P01,maize,TENTATIVE_ACCEPT,CONFIRMED,COMMIT_ADVANCE,2,SOFT_LOCK,True,OK,
p2_dev,20260812,5ea24037c2d9cb6a,F0368,F0368-P01,maize,CONFIRMED,INPUTS_PURCHASED,COMMIT_ADVANCE,3,SOFT_LOCK,True,OK,
p2_dev,20260812,5ea24037c2d9cb6a,F0368,F0368-P01,maize,INPUTS_PURCHASED,LAND_PREPARED,COMMIT_ADVANCE,4,SOFT_LOCK,True,OK,
p2_dev,20260812,5ea24037c2d9cb6a,F0368,F0368-P01,maize,LAND_PREPARED,PLANTED,COMMIT_ADVANCE,5,HARD_LOCK,False,OK,
p2_dev,20260812,5ea24037c2d9cb6a,F0370,F0370-P01,maize,,VIEWED,ACCEPT,0,FLEXIBLE,True,OK,phase-1 accepted; entered lifecycle
p2_dev,20260812,5ea24037c2d9cb6a,F0370,F0370-P01,maize,VIEWED,TENTATIVE_ACCEPT,ACCEPT,1,SOFT_LOCK,True,OK,
p2_dev,20260812,5ea24037c2d9cb6a,F0370,F0370-P01,maize,TENTATIVE_ACCEPT,CONFIRMED,COMMIT_ADVANCE,2,SOFT_LOCK,True,OK,
p2_dev,20260812,5ea24037c2d9cb6a,F0370,F0370-P01,maize,CONFIRMED,INPUTS_PURCHASED,COMMIT_ADVANCE,3,SOFT_LOCK,True,OK,
p2_dev,20260812,5ea24037c2d9cb6a,F0370,F0370-P01,maize,INPUTS_PURCHASED,LAND_PREPARED,COMMIT_ADVANCE,4,SOFT_LOCK,True,OK,
p2_dev,20260812,5ea24037c2d9cb6a,F0370,F0370-P01,maize,LAND_PREPARED,PLANTED,COMMIT_ADVANCE,5,HARD_LOCK,False,OK,
p2_dev,20260812,5ea24037c2d9cb6a,F0371,F0371-P01,maize,,VIEWED,ACCEPT,0,FLEXIBLE,True,OK,phase-1 accepted; entered lifecycle
p2_dev,20260812,5ea24037c2d9cb6a,F0371,F0371-P01,maize,VIEWED,TENTATIVE_ACCEPT,ACCEPT,1,SOFT_LOCK,True,OK,
p2_dev,20260812,5ea24037c2d9cb6a,F0371,F0371-P01,maize,TENTATIVE_ACCEPT,CONFIRMED,COMMIT_ADVANCE,2,SOFT_LOCK,True,OK,
p2_dev,20260812,5ea24037c2d9cb6a,F0371,F0371-P01,maize,CONFIRMED,INPUTS_PURCHASED,COMMIT_ADVANCE,3,SOFT_LOCK,True,OK,
p2_dev,20260812,5ea24037c2d9cb6a,F0371,F0371-P01,maize,INPUTS_PURCHASED,LAND_PREPARED,COMMIT_ADVANCE,4,SOFT_LOCK,True,OK,
p2_dev,20260812,5ea24037c2d9cb6a,F0371,F0371-P01,maize,LAND_PREPARED,PLANTED,COMMIT_ADVANCE,5,HARD_LOCK,False,OK,
p2_dev,20260812,5ea24037c2d9cb6a,F0371,F0371-P03,maize,,VIEWED,ACCEPT,0,FLEXIBLE,True,OK,phase-1 accepted; entered lifecycle
p2_dev,20260812,5ea24037c2d9cb6a,F0371,F0371-P03,maize,VIEWED,TENTATIVE_ACCEPT,ACCEPT,1,SOFT_LOCK,True,OK,
p2_dev,20260812,5ea24037c2d9cb6a,F0371,F0371-P03,maize,TENTATIVE_ACCEPT,CONFIRMED,COMMIT_ADVANCE,2,SOFT_LOCK,True,OK,
p2_dev,20260812,5ea24037c2d9cb6a,F0371,F0371-P03,maize,CONFIRMED,INPUTS_PURCHASED,COMMIT_ADVANCE,3,SOFT_LOCK,True,OK,
p2_dev,20260812,5ea24037c2d9cb6a,F0371,F0371-P03,maize,INPUTS_PURCHASED,LAND_PREPARED,COMMIT_ADVANCE,4,SOFT_LOCK,True,OK,
p2_dev,20260812,5ea24037c2d9cb6a,F0371,F0371-P03,maize,LAND_PREPARED,PLANTED,COMMIT_ADVANCE,5,HARD_LOCK,False,OK,
p2_dev,20260812,5ea24037c2d9cb6a,F0372,F0372-P01,soybean,,VIEWED,ACCEPT,0,FLEXIBLE,True,OK,phase-1 accepted; entered lifecycle
p2_dev,20260812,5ea24037c2d9cb6a,F0372,F0372-P01,soybean,VIEWED,TENTATIVE_ACCEPT,ACCEPT,1,SOFT_LOCK,True,OK,
p2_dev,20260812,5ea24037c2d9cb6a,F0372,F0372-P01,soybean,TENTATIVE_ACCEPT,CONFIRMED,COMMIT_ADVANCE,2,SOFT_LOCK,True,OK,
p2_dev,20260812,5ea24037c2d9cb6a,F0372,F0372-P01,soybean,CONFIRMED,INPUTS_PURCHASED,COMMIT_ADVANCE,3,SOFT_LOCK,True,OK,
p2_dev,20260812,5ea24037c2d9cb6a,F0372,F0372-P01,soybean,INPUTS_PURCHASED,LAND_PREPARED,COMMIT_ADVANCE,4,SOFT_LOCK,True,OK,
p2_dev,20260812,5ea24037c2d9cb6a,F0372,F0372-P01,soybean,LAND_PREPARED,PLANTED,COMMIT_ADVANCE,5,HARD_LOCK,False,OK,
p2_dev,20260812,5ea24037c2d9cb6a,F0372,F0372-P03,soybean,,VIEWED,ACCEPT,0,FLEXIBLE,True,OK,phase-1 accepted; entered lifecycle
p2_dev,20260812,5ea24037c2d9cb6a,F0372,F0372-P03,soybean,VIEWED,TENTATIVE_ACCEPT,ACCEPT,1,SOFT_LOCK,True,OK,
p2_dev,20260812,5ea24037c2d9cb6a,F0372,F0372-P03,soybean,TENTATIVE_ACCEPT,CONFIRMED,COMMIT_ADVANCE,2,SOFT_LOCK,True,OK,
p2_dev,20260812,5ea24037c2d9cb6a,F0372,F0372-P03,soybean,CONFIRMED,INPUTS_PURCHASED,COMMIT_ADVANCE,3,SOFT_LOCK,True,OK,
p2_dev,20260812,5ea24037c2d9cb6a,F0372,F0372-P03,soybean,INPUTS_PURCHASED,LAND_PREPARED,COMMIT_ADVANCE,4,SOFT_LOCK,True,OK,
p2_dev,20260812,5ea24037c2d9cb6a,F0372,F0372-P03,soybean,LAND_PREPARED,PLANTED,COMMIT_ADVANCE,5,HARD_LOCK,False,OK,
p2_dev,20260812,5ea24037c2d9cb6a,F0374,F0374-P01,maize,,VIEWED,ACCEPT,0,FLEXIBLE,True,OK,phase-1 accepted; entered lifecycle
p2_dev,20260812,5ea24037c2d9cb6a,F0374,F0374-P01,maize,VIEWED,TENTATIVE_ACCEPT,ACCEPT,1,SOFT_LOCK,True,OK,
p2_dev,20260812,5ea24037c2d9cb6a,F0374,F0374-P01,maize,TENTATIVE_ACCEPT,CONFIRMED,COMMIT_ADVANCE,2,SOFT_LOCK,True,OK,
p2_dev,20260812,5ea24037c2d9cb6a,F0374,F0374-P01,maize,CONFIRMED,INPUTS_PURCHASED,COMMIT_ADVANCE,3,SOFT_LOCK,True,OK,
p2_dev,20260812,5ea24037c2d9cb6a,F0374,F0374-P01,maize,INPUTS_PURCHASED,LAND_PREPARED,COMMIT_ADVANCE,4,SOFT_LOCK,True,OK,
p2_dev,20260812,5ea24037c2d9cb6a,F0374,F0374-P01,maize,LAND_PREPARED,PLANTED,COMMIT_ADVANCE,5,HARD_LOCK,False,OK,
p2_dev,20260812,5ea24037c2d9cb6a,F0374,F0374-P04,maize,,VIEWED,ACCEPT,0,FLEXIBLE,True,OK,phase-1 accepted; entered lifecycle
p2_dev,20260812,5ea24037c2d9cb6a,F0374,F0374-P04,maize,VIEWED,TENTATIVE_ACCEPT,ACCEPT,1,SOFT_LOCK,True,OK,
p2_dev,20260812,5ea24037c2d9cb6a,F0374,F0374-P04,maize,TENTATIVE_ACCEPT,CONFIRMED,COMMIT_ADVANCE,2,SOFT_LOCK,True,OK,
p2_dev,20260812,5ea24037c2d9cb6a,F0374,F0374-P04,maize,CONFIRMED,INPUTS_PURCHASED,COMMIT_ADVANCE,3,SOFT_LOCK,True,OK,
p2_dev,20260812,5ea24037c2d9cb6a,F0374,F0374-P04,maize,INPUTS_PURCHASED,LAND_PREPARED,COMMIT_ADVANCE,4,SOFT_LOCK,True,OK,
p2_dev,20260812,5ea24037c2d9cb6a,F0374,F0374-P04,maize,LAND_PREPARED,PLANTED,COMMIT_ADVANCE,5,HARD_LOCK,False,OK,
p2_dev,20260812,5ea24037c2d9cb6a,F0375,F0375-P02,maize,,VIEWED,ACCEPT,0,FLEXIBLE,True,OK,phase-1 accepted; entered lifecycle
p2_dev,20260812,5ea24037c2d9cb6a,F0375,F0375-P02,maize,VIEWED,TENTATIVE_ACCEPT,ACCEPT,1,SOFT_LOCK,True,OK,
p2_dev,20260812,5ea24037c2d9cb6a,F0375,F0375-P02,maize,TENTATIVE_ACCEPT,CONFIRMED,COMMIT_ADVANCE,2,SOFT_LOCK,True,OK,
p2_dev,20260812,5ea24037c2d9cb6a,F0375,F0375-P02,maize,CONFIRMED,INPUTS_PURCHASED,COMMIT_ADVANCE,3,SOFT_LOCK,True,OK,
p2_dev,20260812,5ea24037c2d9cb6a,F0375,F0375-P02,maize,INPUTS_PURCHASED,LAND_PREPARED,COMMIT_ADVANCE,4,SOFT_LOCK,True,OK,
p2_dev,20260812,5ea24037c2d9cb6a,F0375,F0375-P02,maize,LAND_PREPARED,PLANTED,COMMIT_ADVANCE,5,HARD_LOCK,False,OK,
p2_dev,20260812,5ea24037c2d9cb6a,F0375,F0375-P03,maize,,VIEWED,ACCEPT,0,FLEXIBLE,True,OK,phase-1 accepted; entered lifecycle
p2_dev,20260812,5ea24037c2d9cb6a,F0375,F0375-P03,maize,VIEWED,TENTATIVE_ACCEPT,ACCEPT,1,SOFT_LOCK,True,OK,
p2_dev,20260812,5ea24037c2d9cb6a,F0375,F0375-P03,maize,TENTATIVE_ACCEPT,CONFIRMED,COMMIT_ADVANCE,2,SOFT_LOCK,True,OK,
p2_dev,20260812,5ea24037c2d9cb6a,F0375,F0375-P03,maize,CONFIRMED,INPUTS_PURCHASED,COMMIT_ADVANCE,3,SOFT_LOCK,True,OK,
p2_dev,20260812,5ea24037c2d9cb6a,F0375,F0375-P03,maize,INPUTS_PURCHASED,LAND_PREPARED,COMMIT_ADVANCE,4,SOFT_LOCK,True,OK,
p2_dev,20260812,5ea24037c2d9cb6a,F0375,F0375-P03,maize,LAND_PREPARED,PLANTED,COMMIT_ADVANCE,5,HARD_LOCK,False,OK,
p2_dev,20260812,5ea24037c2d9cb6a,F0376,F0376-P02,maize,,VIEWED,REJECT,0,FLEXIBLE,True,REJECTED_TERMINAL,phase-1 rejected; never enters commitment ladder
p2_dev,20260812,5ea24037c2d9cb6a,F0377,F0377-P01,rice,,VIEWED,REJECT,0,FLEXIBLE,True,REJECTED_TERMINAL,phase-1 rejected; never enters commitment ladder
p2_dev,20260812,5ea24037c2d9cb6a,F0378,F0378-P02,groundnut,,VIEWED,ACCEPT,0,FLEXIBLE,True,OK,phase-1 accepted; entered lifecycle
p2_dev,20260812,5ea24037c2d9cb6a,F0378,F0378-P02,groundnut,VIEWED,TENTATIVE_ACCEPT,ACCEPT,1,SOFT_LOCK,True,OK,
p2_dev,20260812,5ea24037c2d9cb6a,F0378,F0378-P02,groundnut,TENTATIVE_ACCEPT,CONFIRMED,COMMIT_ADVANCE,2,SOFT_LOCK,True,OK,
p2_dev,20260812,5ea24037c2d9cb6a,F0378,F0378-P02,groundnut,CONFIRMED,INPUTS_PURCHASED,COMMIT_ADVANCE,3,SOFT_LOCK,True,OK,
p2_dev,20260812,5ea24037c2d9cb6a,F0378,F0378-P02,groundnut,INPUTS_PURCHASED,LAND_PREPARED,COMMIT_ADVANCE,4,SOFT_LOCK,True,OK,
p2_dev,20260812,5ea24037c2d9cb6a,F0378,F0378-P02,groundnut,LAND_PREPARED,PLANTED,COMMIT_ADVANCE,5,HARD_LOCK,False,OK,
p2_dev,20260812,5ea24037c2d9cb6a,F0379,F0379-P02,maize,,VIEWED,ACCEPT,0,FLEXIBLE,True,OK,phase-1 accepted; entered lifecycle
p2_dev,20260812,5ea24037c2d9cb6a,F0379,F0379-P02,maize,VIEWED,TENTATIVE_ACCEPT,ACCEPT,1,SOFT_LOCK,True,OK,
p2_dev,20260812,5ea24037c2d9cb6a,F0379,F0379-P02,maize,TENTATIVE_ACCEPT,CONFIRMED,COMMIT_ADVANCE,2,SOFT_LOCK,True,OK,
p2_dev,20260812,5ea24037c2d9cb6a,F0379,F0379-P02,maize,CONFIRMED,INPUTS_PURCHASED,COMMIT_ADVANCE,3,SOFT_LOCK,True,OK,
p2_dev,20260812,5ea24037c2d9cb6a,F0379,F0379-P02,maize,INPUTS_PURCHASED,LAND_PREPARED,COMMIT_ADVANCE,4,SOFT_LOCK,True,OK,
p2_dev,20260812,5ea24037c2d9cb6a,F0379,F0379-P02,maize,LAND_PREPARED,PLANTED,COMMIT_ADVANCE,5,HARD_LOCK,False,OK,
p2_dev,20260812,5ea24037c2d9cb6a,F0381,F0381-P01,cotton,,VIEWED,ACCEPT,0,FLEXIBLE,True,OK,phase-1 accepted; entered lifecycle
p2_dev,20260812,5ea24037c2d9cb6a,F0381,F0381-P01,cotton,VIEWED,TENTATIVE_ACCEPT,ACCEPT,1,SOFT_LOCK,True,OK,
p2_dev,20260812,5ea24037c2d9cb6a,F0381,F0381-P01,cotton,TENTATIVE_ACCEPT,CONFIRMED,COMMIT_ADVANCE,2,SOFT_LOCK,True,OK,
p2_dev,20260812,5ea24037c2d9cb6a,F0381,F0381-P01,cotton,CONFIRMED,INPUTS_PURCHASED,COMMIT_ADVANCE,3,SOFT_LOCK,True,OK,
p2_dev,20260812,5ea24037c2d9cb6a,F0381,F0381-P01,cotton,INPUTS_PURCHASED,LAND_PREPARED,COMMIT_ADVANCE,4,SOFT_LOCK,True,OK,
p2_dev,20260812,5ea24037c2d9cb6a,F0381,F0381-P01,cotton,LAND_PREPARED,PLANTED,COMMIT_ADVANCE,5,HARD_LOCK,False,OK,
p2_dev,20260812,5ea24037c2d9cb6a,F0382,F0382-P01,soybean,,VIEWED,ACCEPT,0,FLEXIBLE,True,OK,phase-1 accepted; entered lifecycle
p2_dev,20260812,5ea24037c2d9cb6a,F0382,F0382-P01,soybean,VIEWED,TENTATIVE_ACCEPT,ACCEPT,1,SOFT_LOCK,True,OK,
p2_dev,20260812,5ea24037c2d9cb6a,F0382,F0382-P01,soybean,TENTATIVE_ACCEPT,CONFIRMED,COMMIT_ADVANCE,2,SOFT_LOCK,True,OK,
p2_dev,20260812,5ea24037c2d9cb6a,F0382,F0382-P01,soybean,CONFIRMED,INPUTS_PURCHASED,COMMIT_ADVANCE,3,SOFT_LOCK,True,OK,
p2_dev,20260812,5ea24037c2d9cb6a,F0382,F0382-P01,soybean,INPUTS_PURCHASED,LAND_PREPARED,COMMIT_ADVANCE,4,SOFT_LOCK,True,OK,
p2_dev,20260812,5ea24037c2d9cb6a,F0382,F0382-P01,soybean,LAND_PREPARED,PLANTED,COMMIT_ADVANCE,5,HARD_LOCK,False,OK,
p2_dev,20260812,5ea24037c2d9cb6a,F0387,F0387-P02,rice,,VIEWED,REJECT,0,FLEXIBLE,True,REJECTED_TERMINAL,phase-1 rejected; never enters commitment ladder
p2_dev,20260812,5ea24037c2d9cb6a,F0387,F0387-P03,rice,,VIEWED,ACCEPT,0,FLEXIBLE,True,OK,phase-1 accepted; entered lifecycle
p2_dev,20260812,5ea24037c2d9cb6a,F0387,F0387-P03,rice,VIEWED,TENTATIVE_ACCEPT,ACCEPT,1,SOFT_LOCK,True,OK,
p2_dev,20260812,5ea24037c2d9cb6a,F0387,F0387-P03,rice,TENTATIVE_ACCEPT,CONFIRMED,COMMIT_ADVANCE,2,SOFT_LOCK,True,OK,
p2_dev,20260812,5ea24037c2d9cb6a,F0387,F0387-P03,rice,CONFIRMED,INPUTS_PURCHASED,COMMIT_ADVANCE,3,SOFT_LOCK,True,OK,
p2_dev,20260812,5ea24037c2d9cb6a,F0387,F0387-P03,rice,INPUTS_PURCHASED,LAND_PREPARED,COMMIT_ADVANCE,4,SOFT_LOCK,True,OK,
p2_dev,20260812,5ea24037c2d9cb6a,F0387,F0387-P03,rice,LAND_PREPARED,PLANTED,COMMIT_ADVANCE,5,HARD_LOCK,False,OK,
p2_dev,20260812,5ea24037c2d9cb6a,F0388,F0388-P02,maize,,VIEWED,ACCEPT,0,FLEXIBLE,True,OK,phase-1 accepted; entered lifecycle
p2_dev,20260812,5ea24037c2d9cb6a,F0388,F0388-P02,maize,VIEWED,TENTATIVE_ACCEPT,ACCEPT,1,SOFT_LOCK,True,OK,
p2_dev,20260812,5ea24037c2d9cb6a,F0388,F0388-P02,maize,TENTATIVE_ACCEPT,CONFIRMED,COMMIT_ADVANCE,2,SOFT_LOCK,True,OK,
p2_dev,20260812,5ea24037c2d9cb6a,F0388,F0388-P02,maize,CONFIRMED,INPUTS_PURCHASED,COMMIT_ADVANCE,3,SOFT_LOCK,True,OK,
p2_dev,20260812,5ea24037c2d9cb6a,F0388,F0388-P02,maize,INPUTS_PURCHASED,LAND_PREPARED,COMMIT_ADVANCE,4,SOFT_LOCK,True,OK,
p2_dev,20260812,5ea24037c2d9cb6a,F0388,F0388-P02,maize,LAND_PREPARED,PLANTED,COMMIT_ADVANCE,5,HARD_LOCK,False,OK,
p2_dev,20260812,5ea24037c2d9cb6a,F0392,F0392-P01,maize,,VIEWED,ACCEPT,0,FLEXIBLE,True,OK,phase-1 accepted; entered lifecycle
p2_dev,20260812,5ea24037c2d9cb6a,F0392,F0392-P01,maize,VIEWED,TENTATIVE_ACCEPT,ACCEPT,1,SOFT_LOCK,True,OK,
p2_dev,20260812,5ea24037c2d9cb6a,F0392,F0392-P01,maize,TENTATIVE_ACCEPT,CONFIRMED,COMMIT_ADVANCE,2,SOFT_LOCK,True,OK,
p2_dev,20260812,5ea24037c2d9cb6a,F0392,F0392-P01,maize,CONFIRMED,INPUTS_PURCHASED,COMMIT_ADVANCE,3,SOFT_LOCK,True,OK,
p2_dev,20260812,5ea24037c2d9cb6a,F0392,F0392-P01,maize,INPUTS_PURCHASED,LAND_PREPARED,COMMIT_ADVANCE,4,SOFT_LOCK,True,OK,
p2_dev,20260812,5ea24037c2d9cb6a,F0392,F0392-P01,maize,LAND_PREPARED,PLANTED,COMMIT_ADVANCE,5,HARD_LOCK,False,OK,
p2_dev,20260812,5ea24037c2d9cb6a,F0394,F0394-P02,rice,,VIEWED,ACCEPT,0,FLEXIBLE,True,OK,phase-1 accepted; entered lifecycle
p2_dev,20260812,5ea24037c2d9cb6a,F0394,F0394-P02,rice,VIEWED,TENTATIVE_ACCEPT,ACCEPT,1,SOFT_LOCK,True,OK,
p2_dev,20260812,5ea24037c2d9cb6a,F0394,F0394-P02,rice,TENTATIVE_ACCEPT,CONFIRMED,COMMIT_ADVANCE,2,SOFT_LOCK,True,OK,
p2_dev,20260812,5ea24037c2d9cb6a,F0394,F0394-P02,rice,CONFIRMED,INPUTS_PURCHASED,COMMIT_ADVANCE,3,SOFT_LOCK,True,OK,
p2_dev,20260812,5ea24037c2d9cb6a,F0394,F0394-P02,rice,INPUTS_PURCHASED,LAND_PREPARED,COMMIT_ADVANCE,4,SOFT_LOCK,True,OK,
p2_dev,20260812,5ea24037c2d9cb6a,F0394,F0394-P02,rice,LAND_PREPARED,PLANTED,COMMIT_ADVANCE,5,HARD_LOCK,False,OK,
p2_dev,20260812,5ea24037c2d9cb6a,F0398,F0398-P01,onion,,VIEWED,ACCEPT,0,FLEXIBLE,True,OK,phase-1 accepted; entered lifecycle
p2_dev,20260812,5ea24037c2d9cb6a,F0398,F0398-P01,onion,VIEWED,TENTATIVE_ACCEPT,ACCEPT,1,SOFT_LOCK,True,OK,
p2_dev,20260812,5ea24037c2d9cb6a,F0398,F0398-P01,onion,TENTATIVE_ACCEPT,CONFIRMED,COMMIT_ADVANCE,2,SOFT_LOCK,True,OK,
p2_dev,20260812,5ea24037c2d9cb6a,F0398,F0398-P01,onion,CONFIRMED,INPUTS_PURCHASED,COMMIT_ADVANCE,3,SOFT_LOCK,True,OK,
p2_dev,20260812,5ea24037c2d9cb6a,F0398,F0398-P01,onion,INPUTS_PURCHASED,LAND_PREPARED,COMMIT_ADVANCE,4,SOFT_LOCK,True,OK,
p2_dev,20260812,5ea24037c2d9cb6a,F0398,F0398-P01,onion,LAND_PREPARED,PLANTED,COMMIT_ADVANCE,5,HARD_LOCK,False,OK,
p2_dev,20260812,5ea24037c2d9cb6a,F0398,F0398-P02,sorghum,,VIEWED,ACCEPT,0,FLEXIBLE,True,OK,phase-1 accepted; entered lifecycle
p2_dev,20260812,5ea24037c2d9cb6a,F0398,F0398-P02,sorghum,VIEWED,TENTATIVE_ACCEPT,ACCEPT,1,SOFT_LOCK,True,OK,
p2_dev,20260812,5ea24037c2d9cb6a,F0398,F0398-P02,sorghum,TENTATIVE_ACCEPT,CONFIRMED,COMMIT_ADVANCE,2,SOFT_LOCK,True,OK,
p2_dev,20260812,5ea24037c2d9cb6a,F0398,F0398-P02,sorghum,CONFIRMED,INPUTS_PURCHASED,COMMIT_ADVANCE,3,SOFT_LOCK,True,OK,
p2_dev,20260812,5ea24037c2d9cb6a,F0398,F0398-P02,sorghum,INPUTS_PURCHASED,LAND_PREPARED,COMMIT_ADVANCE,4,SOFT_LOCK,True,OK,
p2_dev,20260812,5ea24037c2d9cb6a,F0398,F0398-P02,sorghum,LAND_PREPARED,PLANTED,COMMIT_ADVANCE,5,HARD_LOCK,False,OK,
p2_dev,20260812,5ea24037c2d9cb6a,F0398,F0398-P03,maize,,VIEWED,ACCEPT,0,FLEXIBLE,True,OK,phase-1 accepted; entered lifecycle
p2_dev,20260812,5ea24037c2d9cb6a,F0398,F0398-P03,maize,VIEWED,TENTATIVE_ACCEPT,ACCEPT,1,SOFT_LOCK,True,OK,
p2_dev,20260812,5ea24037c2d9cb6a,F0398,F0398-P03,maize,TENTATIVE_ACCEPT,CONFIRMED,COMMIT_ADVANCE,2,SOFT_LOCK,True,OK,
p2_dev,20260812,5ea24037c2d9cb6a,F0398,F0398-P03,maize,CONFIRMED,INPUTS_PURCHASED,COMMIT_ADVANCE,3,SOFT_LOCK,True,OK,
p2_dev,20260812,5ea24037c2d9cb6a,F0398,F0398-P03,maize,INPUTS_PURCHASED,LAND_PREPARED,COMMIT_ADVANCE,4,SOFT_LOCK,True,OK,
p2_dev,20260812,5ea24037c2d9cb6a,F0398,F0398-P03,maize,LAND_PREPARED,PLANTED,COMMIT_ADVANCE,5,HARD_LOCK,False,OK,
p2_dev,20260812,5ea24037c2d9cb6a,F0399,F0399-P02,maize,,VIEWED,ACCEPT,0,FLEXIBLE,True,OK,phase-1 accepted; entered lifecycle
p2_dev,20260812,5ea24037c2d9cb6a,F0399,F0399-P02,maize,VIEWED,TENTATIVE_ACCEPT,ACCEPT,1,SOFT_LOCK,True,OK,
p2_dev,20260812,5ea24037c2d9cb6a,F0399,F0399-P02,maize,TENTATIVE_ACCEPT,CONFIRMED,COMMIT_ADVANCE,2,SOFT_LOCK,True,OK,
p2_dev,20260812,5ea24037c2d9cb6a,F0399,F0399-P02,maize,CONFIRMED,INPUTS_PURCHASED,COMMIT_ADVANCE,3,SOFT_LOCK,True,OK,
p2_dev,20260812,5ea24037c2d9cb6a,F0399,F0399-P02,maize,INPUTS_PURCHASED,LAND_PREPARED,COMMIT_ADVANCE,4,SOFT_LOCK,True,OK,
p2_dev,20260812,5ea24037c2d9cb6a,F0399,F0399-P02,maize,LAND_PREPARED,PLANTED,COMMIT_ADVANCE,5,HARD_LOCK,False,OK,
p2_dev,20260812,5ea24037c2d9cb6a,F0400,F0400-P02,rice,,VIEWED,ACCEPT,0,FLEXIBLE,True,OK,phase-1 accepted; entered lifecycle
p2_dev,20260812,5ea24037c2d9cb6a,F0400,F0400-P02,rice,VIEWED,TENTATIVE_ACCEPT,ACCEPT,1,SOFT_LOCK,True,OK,
p2_dev,20260812,5ea24037c2d9cb6a,F0400,F0400-P02,rice,TENTATIVE_ACCEPT,CONFIRMED,COMMIT_ADVANCE,2,SOFT_LOCK,True,OK,
p2_dev,20260812,5ea24037c2d9cb6a,F0400,F0400-P02,rice,CONFIRMED,INPUTS_PURCHASED,COMMIT_ADVANCE,3,SOFT_LOCK,True,OK,
p2_dev,20260812,5ea24037c2d9cb6a,F0400,F0400-P02,rice,INPUTS_PURCHASED,LAND_PREPARED,COMMIT_ADVANCE,4,SOFT_LOCK,True,OK,
p2_dev,20260812,5ea24037c2d9cb6a,F0400,F0400-P02,rice,LAND_PREPARED,PLANTED,COMMIT_ADVANCE,5,HARD_LOCK,False,OK,
p2_dev,20260812,5ea24037c2d9cb6a,F0403,F0403-P01,soybean,,VIEWED,ACCEPT,0,FLEXIBLE,True,OK,phase-1 accepted; entered lifecycle
p2_dev,20260812,5ea24037c2d9cb6a,F0403,F0403-P01,soybean,VIEWED,TENTATIVE_ACCEPT,ACCEPT,1,SOFT_LOCK,True,OK,
p2_dev,20260812,5ea24037c2d9cb6a,F0403,F0403-P01,soybean,TENTATIVE_ACCEPT,CONFIRMED,COMMIT_ADVANCE,2,SOFT_LOCK,True,OK,
p2_dev,20260812,5ea24037c2d9cb6a,F0403,F0403-P01,soybean,CONFIRMED,INPUTS_PURCHASED,COMMIT_ADVANCE,3,SOFT_LOCK,True,OK,
p2_dev,20260812,5ea24037c2d9cb6a,F0403,F0403-P01,soybean,INPUTS_PURCHASED,LAND_PREPARED,COMMIT_ADVANCE,4,SOFT_LOCK,True,OK,
p2_dev,20260812,5ea24037c2d9cb6a,F0403,F0403-P01,soybean,LAND_PREPARED,PLANTED,COMMIT_ADVANCE,5,HARD_LOCK,False,OK,
p2_dev,20260812,5ea24037c2d9cb6a,F0404,F0404-P02,rice,,VIEWED,ACCEPT,0,FLEXIBLE,True,OK,phase-1 accepted; entered lifecycle
p2_dev,20260812,5ea24037c2d9cb6a,F0404,F0404-P02,rice,VIEWED,TENTATIVE_ACCEPT,ACCEPT,1,SOFT_LOCK,True,OK,
p2_dev,20260812,5ea24037c2d9cb6a,F0404,F0404-P02,rice,TENTATIVE_ACCEPT,CONFIRMED,COMMIT_ADVANCE,2,SOFT_LOCK,True,OK,
p2_dev,20260812,5ea24037c2d9cb6a,F0404,F0404-P02,rice,CONFIRMED,INPUTS_PURCHASED,COMMIT_ADVANCE,3,SOFT_LOCK,True,OK,
p2_dev,20260812,5ea24037c2d9cb6a,F0404,F0404-P02,rice,INPUTS_PURCHASED,LAND_PREPARED,COMMIT_ADVANCE,4,SOFT_LOCK,True,OK,
p2_dev,20260812,5ea24037c2d9cb6a,F0404,F0404-P02,rice,LAND_PREPARED,PLANTED,COMMIT_ADVANCE,5,HARD_LOCK,False,OK,
p2_dev,20260812,5ea24037c2d9cb6a,F0405,F0405-P01,maize,,VIEWED,ACCEPT,0,FLEXIBLE,True,OK,phase-1 accepted; entered lifecycle
p2_dev,20260812,5ea24037c2d9cb6a,F0405,F0405-P01,maize,VIEWED,TENTATIVE_ACCEPT,ACCEPT,1,SOFT_LOCK,True,OK,
p2_dev,20260812,5ea24037c2d9cb6a,F0405,F0405-P01,maize,TENTATIVE_ACCEPT,CONFIRMED,COMMIT_ADVANCE,2,SOFT_LOCK,True,OK,
p2_dev,20260812,5ea24037c2d9cb6a,F0405,F0405-P01,maize,CONFIRMED,INPUTS_PURCHASED,COMMIT_ADVANCE,3,SOFT_LOCK,True,OK,
p2_dev,20260812,5ea24037c2d9cb6a,F0405,F0405-P01,maize,INPUTS_PURCHASED,LAND_PREPARED,COMMIT_ADVANCE,4,SOFT_LOCK,True,OK,
p2_dev,20260812,5ea24037c2d9cb6a,F0405,F0405-P01,maize,LAND_PREPARED,PLANTED,COMMIT_ADVANCE,5,HARD_LOCK,False,OK,
p2_dev,20260812,5ea24037c2d9cb6a,F0405,F0405-P02,maize,,VIEWED,ACCEPT,0,FLEXIBLE,True,OK,phase-1 accepted; entered lifecycle
p2_dev,20260812,5ea24037c2d9cb6a,F0405,F0405-P02,maize,VIEWED,TENTATIVE_ACCEPT,ACCEPT,1,SOFT_LOCK,True,OK,
p2_dev,20260812,5ea24037c2d9cb6a,F0405,F0405-P02,maize,TENTATIVE_ACCEPT,CONFIRMED,COMMIT_ADVANCE,2,SOFT_LOCK,True,OK,
p2_dev,20260812,5ea24037c2d9cb6a,F0405,F0405-P02,maize,CONFIRMED,INPUTS_PURCHASED,COMMIT_ADVANCE,3,SOFT_LOCK,True,OK,
p2_dev,20260812,5ea24037c2d9cb6a,F0405,F0405-P02,maize,INPUTS_PURCHASED,LAND_PREPARED,COMMIT_ADVANCE,4,SOFT_LOCK,True,OK,
p2_dev,20260812,5ea24037c2d9cb6a,F0405,F0405-P02,maize,LAND_PREPARED,PLANTED,COMMIT_ADVANCE,5,HARD_LOCK,False,OK,
p2_dev,20260812,5ea24037c2d9cb6a,F0406,F0406-P01,rice,,VIEWED,ACCEPT,0,FLEXIBLE,True,OK,phase-1 accepted; entered lifecycle
p2_dev,20260812,5ea24037c2d9cb6a,F0406,F0406-P01,rice,VIEWED,TENTATIVE_ACCEPT,ACCEPT,1,SOFT_LOCK,True,OK,
p2_dev,20260812,5ea24037c2d9cb6a,F0406,F0406-P01,rice,TENTATIVE_ACCEPT,CONFIRMED,COMMIT_ADVANCE,2,SOFT_LOCK,True,OK,
p2_dev,20260812,5ea24037c2d9cb6a,F0406,F0406-P01,rice,CONFIRMED,INPUTS_PURCHASED,COMMIT_ADVANCE,3,SOFT_LOCK,True,OK,
p2_dev,20260812,5ea24037c2d9cb6a,F0406,F0406-P01,rice,INPUTS_PURCHASED,LAND_PREPARED,COMMIT_ADVANCE,4,SOFT_LOCK,True,OK,
p2_dev,20260812,5ea24037c2d9cb6a,F0406,F0406-P01,rice,LAND_PREPARED,PLANTED,COMMIT_ADVANCE,5,HARD_LOCK,False,OK,
p2_dev,20260812,5ea24037c2d9cb6a,F0406,F0406-P02,rice,,VIEWED,REJECT,0,FLEXIBLE,True,REJECTED_TERMINAL,phase-1 rejected; never enters commitment ladder
p2_dev,20260812,5ea24037c2d9cb6a,F0408,F0408-P01,soybean,,VIEWED,ACCEPT,0,FLEXIBLE,True,OK,phase-1 accepted; entered lifecycle
p2_dev,20260812,5ea24037c2d9cb6a,F0408,F0408-P01,soybean,VIEWED,TENTATIVE_ACCEPT,ACCEPT,1,SOFT_LOCK,True,OK,
p2_dev,20260812,5ea24037c2d9cb6a,F0408,F0408-P01,soybean,TENTATIVE_ACCEPT,CONFIRMED,COMMIT_ADVANCE,2,SOFT_LOCK,True,OK,
p2_dev,20260812,5ea24037c2d9cb6a,F0408,F0408-P01,soybean,CONFIRMED,INPUTS_PURCHASED,COMMIT_ADVANCE,3,SOFT_LOCK,True,OK,
p2_dev,20260812,5ea24037c2d9cb6a,F0408,F0408-P01,soybean,INPUTS_PURCHASED,LAND_PREPARED,COMMIT_ADVANCE,4,SOFT_LOCK,True,OK,
p2_dev,20260812,5ea24037c2d9cb6a,F0408,F0408-P01,soybean,LAND_PREPARED,PLANTED,COMMIT_ADVANCE,5,HARD_LOCK,False,OK,
p2_dev,20260812,5ea24037c2d9cb6a,F0408,F0408-P02,soybean,,VIEWED,REJECT,0,FLEXIBLE,True,REJECTED_TERMINAL,phase-1 rejected; never enters commitment ladder
p2_dev,20260812,5ea24037c2d9cb6a,F0412,F0412-P02,soybean,,VIEWED,ACCEPT,0,FLEXIBLE,True,OK,phase-1 accepted; entered lifecycle
p2_dev,20260812,5ea24037c2d9cb6a,F0412,F0412-P02,soybean,VIEWED,TENTATIVE_ACCEPT,ACCEPT,1,SOFT_LOCK,True,OK,
p2_dev,20260812,5ea24037c2d9cb6a,F0412,F0412-P02,soybean,TENTATIVE_ACCEPT,CONFIRMED,COMMIT_ADVANCE,2,SOFT_LOCK,True,OK,
p2_dev,20260812,5ea24037c2d9cb6a,F0412,F0412-P02,soybean,CONFIRMED,INPUTS_PURCHASED,COMMIT_ADVANCE,3,SOFT_LOCK,True,OK,
p2_dev,20260812,5ea24037c2d9cb6a,F0412,F0412-P02,soybean,INPUTS_PURCHASED,LAND_PREPARED,COMMIT_ADVANCE,4,SOFT_LOCK,True,OK,
p2_dev,20260812,5ea24037c2d9cb6a,F0412,F0412-P02,soybean,LAND_PREPARED,PLANTED,COMMIT_ADVANCE,5,HARD_LOCK,False,OK,
p2_dev,20260812,5ea24037c2d9cb6a,F0413,F0413-P03,rice,,VIEWED,REJECT,0,FLEXIBLE,True,REJECTED_TERMINAL,phase-1 rejected; never enters commitment ladder
p2_dev,20260812,5ea24037c2d9cb6a,F0414,F0414-P01,soybean,,VIEWED,ACCEPT,0,FLEXIBLE,True,OK,phase-1 accepted; entered lifecycle
p2_dev,20260812,5ea24037c2d9cb6a,F0414,F0414-P01,soybean,VIEWED,TENTATIVE_ACCEPT,ACCEPT,1,SOFT_LOCK,True,OK,
p2_dev,20260812,5ea24037c2d9cb6a,F0414,F0414-P01,soybean,TENTATIVE_ACCEPT,CONFIRMED,COMMIT_ADVANCE,2,SOFT_LOCK,True,OK,
p2_dev,20260812,5ea24037c2d9cb6a,F0414,F0414-P01,soybean,CONFIRMED,INPUTS_PURCHASED,COMMIT_ADVANCE,3,SOFT_LOCK,True,OK,
p2_dev,20260812,5ea24037c2d9cb6a,F0414,F0414-P01,soybean,INPUTS_PURCHASED,LAND_PREPARED,COMMIT_ADVANCE,4,SOFT_LOCK,True,OK,
p2_dev,20260812,5ea24037c2d9cb6a,F0414,F0414-P01,soybean,LAND_PREPARED,PLANTED,COMMIT_ADVANCE,5,HARD_LOCK,False,OK,
p2_dev,20260812,5ea24037c2d9cb6a,F0415,F0415-P01,maize,,VIEWED,ACCEPT,0,FLEXIBLE,True,OK,phase-1 accepted; entered lifecycle
p2_dev,20260812,5ea24037c2d9cb6a,F0415,F0415-P01,maize,VIEWED,TENTATIVE_ACCEPT,ACCEPT,1,SOFT_LOCK,True,OK,
p2_dev,20260812,5ea24037c2d9cb6a,F0415,F0415-P01,maize,TENTATIVE_ACCEPT,CONFIRMED,COMMIT_ADVANCE,2,SOFT_LOCK,True,OK,
p2_dev,20260812,5ea24037c2d9cb6a,F0415,F0415-P01,maize,CONFIRMED,INPUTS_PURCHASED,COMMIT_ADVANCE,3,SOFT_LOCK,True,OK,
p2_dev,20260812,5ea24037c2d9cb6a,F0415,F0415-P01,maize,INPUTS_PURCHASED,LAND_PREPARED,COMMIT_ADVANCE,4,SOFT_LOCK,True,OK,
p2_dev,20260812,5ea24037c2d9cb6a,F0415,F0415-P01,maize,LAND_PREPARED,PLANTED,COMMIT_ADVANCE,5,HARD_LOCK,False,OK,
p2_dev,20260812,5ea24037c2d9cb6a,F0415,F0415-P02,maize,,VIEWED,ACCEPT,0,FLEXIBLE,True,OK,phase-1 accepted; entered lifecycle
p2_dev,20260812,5ea24037c2d9cb6a,F0415,F0415-P02,maize,VIEWED,TENTATIVE_ACCEPT,ACCEPT,1,SOFT_LOCK,True,OK,
p2_dev,20260812,5ea24037c2d9cb6a,F0415,F0415-P02,maize,TENTATIVE_ACCEPT,CONFIRMED,COMMIT_ADVANCE,2,SOFT_LOCK,True,OK,
p2_dev,20260812,5ea24037c2d9cb6a,F0415,F0415-P02,maize,CONFIRMED,INPUTS_PURCHASED,COMMIT_ADVANCE,3,SOFT_LOCK,True,OK,
p2_dev,20260812,5ea24037c2d9cb6a,F0415,F0415-P02,maize,INPUTS_PURCHASED,LAND_PREPARED,COMMIT_ADVANCE,4,SOFT_LOCK,True,OK,
p2_dev,20260812,5ea24037c2d9cb6a,F0415,F0415-P02,maize,LAND_PREPARED,PLANTED,COMMIT_ADVANCE,5,HARD_LOCK,False,OK,
p2_dev,20260812,5ea24037c2d9cb6a,F0417,F0417-P02,soybean,,VIEWED,REJECT,0,FLEXIBLE,True,REJECTED_TERMINAL,phase-1 rejected; never enters commitment ladder
p2_dev,20260812,5ea24037c2d9cb6a,F0418,F0418-P02,rice,,VIEWED,REJECT,0,FLEXIBLE,True,REJECTED_TERMINAL,phase-1 rejected; never enters commitment ladder
p2_dev,20260812,5ea24037c2d9cb6a,F0420,F0420-P01,soybean,,VIEWED,REJECT,0,FLEXIBLE,True,REJECTED_TERMINAL,phase-1 rejected; never enters commitment ladder
p2_dev,20260812,5ea24037c2d9cb6a,F0423,F0423-P01,pigeon_pea,,VIEWED,REJECT,0,FLEXIBLE,True,REJECTED_TERMINAL,phase-1 rejected; never enters commitment ladder
p2_dev,20260812,5ea24037c2d9cb6a,F0424,F0424-P02,maize,,VIEWED,ACCEPT,0,FLEXIBLE,True,OK,phase-1 accepted; entered lifecycle
p2_dev,20260812,5ea24037c2d9cb6a,F0424,F0424-P02,maize,VIEWED,TENTATIVE_ACCEPT,ACCEPT,1,SOFT_LOCK,True,OK,
p2_dev,20260812,5ea24037c2d9cb6a,F0424,F0424-P02,maize,TENTATIVE_ACCEPT,CONFIRMED,COMMIT_ADVANCE,2,SOFT_LOCK,True,OK,
p2_dev,20260812,5ea24037c2d9cb6a,F0424,F0424-P02,maize,CONFIRMED,INPUTS_PURCHASED,COMMIT_ADVANCE,3,SOFT_LOCK,True,OK,
p2_dev,20260812,5ea24037c2d9cb6a,F0424,F0424-P02,maize,INPUTS_PURCHASED,LAND_PREPARED,COMMIT_ADVANCE,4,SOFT_LOCK,True,OK,
p2_dev,20260812,5ea24037c2d9cb6a,F0424,F0424-P02,maize,LAND_PREPARED,PLANTED,COMMIT_ADVANCE,5,HARD_LOCK,False,OK,
p2_dev,20260812,5ea24037c2d9cb6a,F0425,F0425-P01,onion,,VIEWED,ACCEPT,0,FLEXIBLE,True,OK,phase-1 accepted; entered lifecycle
p2_dev,20260812,5ea24037c2d9cb6a,F0425,F0425-P01,onion,VIEWED,TENTATIVE_ACCEPT,ACCEPT,1,SOFT_LOCK,True,OK,
p2_dev,20260812,5ea24037c2d9cb6a,F0425,F0425-P01,onion,TENTATIVE_ACCEPT,CONFIRMED,COMMIT_ADVANCE,2,SOFT_LOCK,True,OK,
p2_dev,20260812,5ea24037c2d9cb6a,F0425,F0425-P01,onion,CONFIRMED,INPUTS_PURCHASED,COMMIT_ADVANCE,3,SOFT_LOCK,True,OK,
p2_dev,20260812,5ea24037c2d9cb6a,F0425,F0425-P01,onion,INPUTS_PURCHASED,LAND_PREPARED,COMMIT_ADVANCE,4,SOFT_LOCK,True,OK,
p2_dev,20260812,5ea24037c2d9cb6a,F0425,F0425-P01,onion,LAND_PREPARED,PLANTED,COMMIT_ADVANCE,5,HARD_LOCK,False,OK,
p2_dev,20260812,5ea24037c2d9cb6a,F0427,F0427-P01,groundnut,,VIEWED,ACCEPT,0,FLEXIBLE,True,OK,phase-1 accepted; entered lifecycle
p2_dev,20260812,5ea24037c2d9cb6a,F0427,F0427-P01,groundnut,VIEWED,TENTATIVE_ACCEPT,ACCEPT,1,SOFT_LOCK,True,OK,
p2_dev,20260812,5ea24037c2d9cb6a,F0427,F0427-P01,groundnut,TENTATIVE_ACCEPT,CONFIRMED,COMMIT_ADVANCE,2,SOFT_LOCK,True,OK,
p2_dev,20260812,5ea24037c2d9cb6a,F0427,F0427-P01,groundnut,CONFIRMED,INPUTS_PURCHASED,COMMIT_ADVANCE,3,SOFT_LOCK,True,OK,
p2_dev,20260812,5ea24037c2d9cb6a,F0427,F0427-P01,groundnut,INPUTS_PURCHASED,LAND_PREPARED,COMMIT_ADVANCE,4,SOFT_LOCK,True,OK,
p2_dev,20260812,5ea24037c2d9cb6a,F0427,F0427-P01,groundnut,LAND_PREPARED,PLANTED,COMMIT_ADVANCE,5,HARD_LOCK,False,OK,
p2_dev,20260812,5ea24037c2d9cb6a,F0428,F0428-P02,maize,,VIEWED,ACCEPT,0,FLEXIBLE,True,OK,phase-1 accepted; entered lifecycle
p2_dev,20260812,5ea24037c2d9cb6a,F0428,F0428-P02,maize,VIEWED,TENTATIVE_ACCEPT,ACCEPT,1,SOFT_LOCK,True,OK,
p2_dev,20260812,5ea24037c2d9cb6a,F0428,F0428-P02,maize,TENTATIVE_ACCEPT,CONFIRMED,COMMIT_ADVANCE,2,SOFT_LOCK,True,OK,
p2_dev,20260812,5ea24037c2d9cb6a,F0428,F0428-P02,maize,CONFIRMED,INPUTS_PURCHASED,COMMIT_ADVANCE,3,SOFT_LOCK,True,OK,
p2_dev,20260812,5ea24037c2d9cb6a,F0428,F0428-P02,maize,INPUTS_PURCHASED,LAND_PREPARED,COMMIT_ADVANCE,4,SOFT_LOCK,True,OK,
p2_dev,20260812,5ea24037c2d9cb6a,F0428,F0428-P02,maize,LAND_PREPARED,PLANTED,COMMIT_ADVANCE,5,HARD_LOCK,False,OK,
p2_dev,20260812,5ea24037c2d9cb6a,F0428,F0428-P04,maize,,VIEWED,ACCEPT,0,FLEXIBLE,True,OK,phase-1 accepted; entered lifecycle
p2_dev,20260812,5ea24037c2d9cb6a,F0428,F0428-P04,maize,VIEWED,TENTATIVE_ACCEPT,ACCEPT,1,SOFT_LOCK,True,OK,
p2_dev,20260812,5ea24037c2d9cb6a,F0428,F0428-P04,maize,TENTATIVE_ACCEPT,CONFIRMED,COMMIT_ADVANCE,2,SOFT_LOCK,True,OK,
p2_dev,20260812,5ea24037c2d9cb6a,F0428,F0428-P04,maize,CONFIRMED,INPUTS_PURCHASED,COMMIT_ADVANCE,3,SOFT_LOCK,True,OK,
p2_dev,20260812,5ea24037c2d9cb6a,F0428,F0428-P04,maize,INPUTS_PURCHASED,LAND_PREPARED,COMMIT_ADVANCE,4,SOFT_LOCK,True,OK,
p2_dev,20260812,5ea24037c2d9cb6a,F0428,F0428-P04,maize,LAND_PREPARED,PLANTED,COMMIT_ADVANCE,5,HARD_LOCK,False,OK,
p2_dev,20260812,5ea24037c2d9cb6a,F0430,F0430-P01,maize,,VIEWED,ACCEPT,0,FLEXIBLE,True,OK,phase-1 accepted; entered lifecycle
p2_dev,20260812,5ea24037c2d9cb6a,F0430,F0430-P01,maize,VIEWED,TENTATIVE_ACCEPT,ACCEPT,1,SOFT_LOCK,True,OK,
p2_dev,20260812,5ea24037c2d9cb6a,F0430,F0430-P01,maize,TENTATIVE_ACCEPT,CONFIRMED,COMMIT_ADVANCE,2,SOFT_LOCK,True,OK,
p2_dev,20260812,5ea24037c2d9cb6a,F0430,F0430-P01,maize,CONFIRMED,INPUTS_PURCHASED,COMMIT_ADVANCE,3,SOFT_LOCK,True,OK,
p2_dev,20260812,5ea24037c2d9cb6a,F0430,F0430-P01,maize,INPUTS_PURCHASED,LAND_PREPARED,COMMIT_ADVANCE,4,SOFT_LOCK,True,OK,
p2_dev,20260812,5ea24037c2d9cb6a,F0430,F0430-P01,maize,LAND_PREPARED,PLANTED,COMMIT_ADVANCE,5,HARD_LOCK,False,OK,
p2_dev,20260812,5ea24037c2d9cb6a,F0431,F0431-P01,maize,,VIEWED,ACCEPT,0,FLEXIBLE,True,OK,phase-1 accepted; entered lifecycle
p2_dev,20260812,5ea24037c2d9cb6a,F0431,F0431-P01,maize,VIEWED,TENTATIVE_ACCEPT,ACCEPT,1,SOFT_LOCK,True,OK,
p2_dev,20260812,5ea24037c2d9cb6a,F0431,F0431-P01,maize,TENTATIVE_ACCEPT,CONFIRMED,COMMIT_ADVANCE,2,SOFT_LOCK,True,OK,
p2_dev,20260812,5ea24037c2d9cb6a,F0431,F0431-P01,maize,CONFIRMED,INPUTS_PURCHASED,COMMIT_ADVANCE,3,SOFT_LOCK,True,OK,
p2_dev,20260812,5ea24037c2d9cb6a,F0431,F0431-P01,maize,INPUTS_PURCHASED,LAND_PREPARED,COMMIT_ADVANCE,4,SOFT_LOCK,True,OK,
p2_dev,20260812,5ea24037c2d9cb6a,F0431,F0431-P01,maize,LAND_PREPARED,PLANTED,COMMIT_ADVANCE,5,HARD_LOCK,False,OK,
p2_dev,20260812,5ea24037c2d9cb6a,F0431,F0431-P02,maize,,VIEWED,REJECT,0,FLEXIBLE,True,REJECTED_TERMINAL,phase-1 rejected; never enters commitment ladder
p2_dev,20260812,5ea24037c2d9cb6a,F0433,F0433-P01,rice,,VIEWED,ACCEPT,0,FLEXIBLE,True,OK,phase-1 accepted; entered lifecycle
p2_dev,20260812,5ea24037c2d9cb6a,F0433,F0433-P01,rice,VIEWED,TENTATIVE_ACCEPT,ACCEPT,1,SOFT_LOCK,True,OK,
p2_dev,20260812,5ea24037c2d9cb6a,F0433,F0433-P01,rice,TENTATIVE_ACCEPT,CONFIRMED,COMMIT_ADVANCE,2,SOFT_LOCK,True,OK,
p2_dev,20260812,5ea24037c2d9cb6a,F0433,F0433-P01,rice,CONFIRMED,INPUTS_PURCHASED,COMMIT_ADVANCE,3,SOFT_LOCK,True,OK,
p2_dev,20260812,5ea24037c2d9cb6a,F0433,F0433-P01,rice,INPUTS_PURCHASED,LAND_PREPARED,COMMIT_ADVANCE,4,SOFT_LOCK,True,OK,
p2_dev,20260812,5ea24037c2d9cb6a,F0433,F0433-P01,rice,LAND_PREPARED,PLANTED,COMMIT_ADVANCE,5,HARD_LOCK,False,OK,
p2_dev,20260812,5ea24037c2d9cb6a,F0435,F0435-P01,rice,,VIEWED,ACCEPT,0,FLEXIBLE,True,OK,phase-1 accepted; entered lifecycle
p2_dev,20260812,5ea24037c2d9cb6a,F0435,F0435-P01,rice,VIEWED,TENTATIVE_ACCEPT,ACCEPT,1,SOFT_LOCK,True,OK,
p2_dev,20260812,5ea24037c2d9cb6a,F0435,F0435-P01,rice,TENTATIVE_ACCEPT,CONFIRMED,COMMIT_ADVANCE,2,SOFT_LOCK,True,OK,
p2_dev,20260812,5ea24037c2d9cb6a,F0435,F0435-P01,rice,CONFIRMED,INPUTS_PURCHASED,COMMIT_ADVANCE,3,SOFT_LOCK,True,OK,
p2_dev,20260812,5ea24037c2d9cb6a,F0435,F0435-P01,rice,INPUTS_PURCHASED,LAND_PREPARED,COMMIT_ADVANCE,4,SOFT_LOCK,True,OK,
p2_dev,20260812,5ea24037c2d9cb6a,F0435,F0435-P01,rice,LAND_PREPARED,PLANTED,COMMIT_ADVANCE,5,HARD_LOCK,False,OK,
p2_dev,20260812,5ea24037c2d9cb6a,F0436,F0436-P01,cotton,,VIEWED,ACCEPT,0,FLEXIBLE,True,OK,phase-1 accepted; entered lifecycle
p2_dev,20260812,5ea24037c2d9cb6a,F0436,F0436-P01,cotton,VIEWED,TENTATIVE_ACCEPT,ACCEPT,1,SOFT_LOCK,True,OK,
p2_dev,20260812,5ea24037c2d9cb6a,F0436,F0436-P01,cotton,TENTATIVE_ACCEPT,CONFIRMED,COMMIT_ADVANCE,2,SOFT_LOCK,True,OK,
p2_dev,20260812,5ea24037c2d9cb6a,F0436,F0436-P01,cotton,CONFIRMED,INPUTS_PURCHASED,COMMIT_ADVANCE,3,SOFT_LOCK,True,OK,
p2_dev,20260812,5ea24037c2d9cb6a,F0436,F0436-P01,cotton,INPUTS_PURCHASED,LAND_PREPARED,COMMIT_ADVANCE,4,SOFT_LOCK,True,OK,
p2_dev,20260812,5ea24037c2d9cb6a,F0436,F0436-P01,cotton,LAND_PREPARED,PLANTED,COMMIT_ADVANCE,5,HARD_LOCK,False,OK,
p2_dev,20260812,5ea24037c2d9cb6a,F0438,F0438-P01,maize,,VIEWED,REJECT,0,FLEXIBLE,True,REJECTED_TERMINAL,phase-1 rejected; never enters commitment ladder
p2_dev,20260812,5ea24037c2d9cb6a,F0440,F0440-P01,maize,,VIEWED,ACCEPT,0,FLEXIBLE,True,OK,phase-1 accepted; entered lifecycle
p2_dev,20260812,5ea24037c2d9cb6a,F0440,F0440-P01,maize,VIEWED,TENTATIVE_ACCEPT,ACCEPT,1,SOFT_LOCK,True,OK,
p2_dev,20260812,5ea24037c2d9cb6a,F0440,F0440-P01,maize,TENTATIVE_ACCEPT,CONFIRMED,COMMIT_ADVANCE,2,SOFT_LOCK,True,OK,
p2_dev,20260812,5ea24037c2d9cb6a,F0440,F0440-P01,maize,CONFIRMED,INPUTS_PURCHASED,COMMIT_ADVANCE,3,SOFT_LOCK,True,OK,
p2_dev,20260812,5ea24037c2d9cb6a,F0440,F0440-P01,maize,INPUTS_PURCHASED,LAND_PREPARED,COMMIT_ADVANCE,4,SOFT_LOCK,True,OK,
p2_dev,20260812,5ea24037c2d9cb6a,F0440,F0440-P01,maize,LAND_PREPARED,PLANTED,COMMIT_ADVANCE,5,HARD_LOCK,False,OK,
p2_dev,20260812,5ea24037c2d9cb6a,F0443,F0443-P01,onion,,VIEWED,ACCEPT,0,FLEXIBLE,True,OK,phase-1 accepted; entered lifecycle
p2_dev,20260812,5ea24037c2d9cb6a,F0443,F0443-P01,onion,VIEWED,TENTATIVE_ACCEPT,ACCEPT,1,SOFT_LOCK,True,OK,
p2_dev,20260812,5ea24037c2d9cb6a,F0443,F0443-P01,onion,TENTATIVE_ACCEPT,CONFIRMED,COMMIT_ADVANCE,2,SOFT_LOCK,True,OK,
p2_dev,20260812,5ea24037c2d9cb6a,F0443,F0443-P01,onion,CONFIRMED,INPUTS_PURCHASED,COMMIT_ADVANCE,3,SOFT_LOCK,True,OK,
p2_dev,20260812,5ea24037c2d9cb6a,F0443,F0443-P01,onion,INPUTS_PURCHASED,LAND_PREPARED,COMMIT_ADVANCE,4,SOFT_LOCK,True,OK,
p2_dev,20260812,5ea24037c2d9cb6a,F0443,F0443-P01,onion,LAND_PREPARED,PLANTED,COMMIT_ADVANCE,5,HARD_LOCK,False,OK,
p2_dev,20260812,5ea24037c2d9cb6a,F0445,F0445-P01,rice,,VIEWED,ACCEPT,0,FLEXIBLE,True,OK,phase-1 accepted; entered lifecycle
p2_dev,20260812,5ea24037c2d9cb6a,F0445,F0445-P01,rice,VIEWED,TENTATIVE_ACCEPT,ACCEPT,1,SOFT_LOCK,True,OK,
p2_dev,20260812,5ea24037c2d9cb6a,F0445,F0445-P01,rice,TENTATIVE_ACCEPT,CONFIRMED,COMMIT_ADVANCE,2,SOFT_LOCK,True,OK,
p2_dev,20260812,5ea24037c2d9cb6a,F0445,F0445-P01,rice,CONFIRMED,INPUTS_PURCHASED,COMMIT_ADVANCE,3,SOFT_LOCK,True,OK,
p2_dev,20260812,5ea24037c2d9cb6a,F0445,F0445-P01,rice,INPUTS_PURCHASED,LAND_PREPARED,COMMIT_ADVANCE,4,SOFT_LOCK,True,OK,
p2_dev,20260812,5ea24037c2d9cb6a,F0445,F0445-P01,rice,LAND_PREPARED,PLANTED,COMMIT_ADVANCE,5,HARD_LOCK,False,OK,
p2_dev,20260812,5ea24037c2d9cb6a,F0445,F0445-P02,groundnut,,VIEWED,ACCEPT,0,FLEXIBLE,True,OK,phase-1 accepted; entered lifecycle
p2_dev,20260812,5ea24037c2d9cb6a,F0445,F0445-P02,groundnut,VIEWED,TENTATIVE_ACCEPT,ACCEPT,1,SOFT_LOCK,True,OK,
p2_dev,20260812,5ea24037c2d9cb6a,F0445,F0445-P02,groundnut,TENTATIVE_ACCEPT,CONFIRMED,COMMIT_ADVANCE,2,SOFT_LOCK,True,OK,
p2_dev,20260812,5ea24037c2d9cb6a,F0445,F0445-P02,groundnut,CONFIRMED,INPUTS_PURCHASED,COMMIT_ADVANCE,3,SOFT_LOCK,True,OK,
p2_dev,20260812,5ea24037c2d9cb6a,F0445,F0445-P02,groundnut,INPUTS_PURCHASED,LAND_PREPARED,COMMIT_ADVANCE,4,SOFT_LOCK,True,OK,
p2_dev,20260812,5ea24037c2d9cb6a,F0445,F0445-P02,groundnut,LAND_PREPARED,PLANTED,COMMIT_ADVANCE,5,HARD_LOCK,False,OK,
p2_dev,20260812,5ea24037c2d9cb6a,F0448,F0448-P01,maize,,VIEWED,ACCEPT,0,FLEXIBLE,True,OK,phase-1 accepted; entered lifecycle
p2_dev,20260812,5ea24037c2d9cb6a,F0448,F0448-P01,maize,VIEWED,TENTATIVE_ACCEPT,ACCEPT,1,SOFT_LOCK,True,OK,
p2_dev,20260812,5ea24037c2d9cb6a,F0448,F0448-P01,maize,TENTATIVE_ACCEPT,CONFIRMED,COMMIT_ADVANCE,2,SOFT_LOCK,True,OK,
p2_dev,20260812,5ea24037c2d9cb6a,F0448,F0448-P01,maize,CONFIRMED,INPUTS_PURCHASED,COMMIT_ADVANCE,3,SOFT_LOCK,True,OK,
p2_dev,20260812,5ea24037c2d9cb6a,F0448,F0448-P01,maize,INPUTS_PURCHASED,LAND_PREPARED,COMMIT_ADVANCE,4,SOFT_LOCK,True,OK,
p2_dev,20260812,5ea24037c2d9cb6a,F0448,F0448-P01,maize,LAND_PREPARED,PLANTED,COMMIT_ADVANCE,5,HARD_LOCK,False,OK,
p2_dev,20260812,5ea24037c2d9cb6a,F0451,F0451-P02,cotton,,VIEWED,ACCEPT,0,FLEXIBLE,True,OK,phase-1 accepted; entered lifecycle
p2_dev,20260812,5ea24037c2d9cb6a,F0451,F0451-P02,cotton,VIEWED,TENTATIVE_ACCEPT,ACCEPT,1,SOFT_LOCK,True,OK,
p2_dev,20260812,5ea24037c2d9cb6a,F0451,F0451-P02,cotton,TENTATIVE_ACCEPT,CONFIRMED,COMMIT_ADVANCE,2,SOFT_LOCK,True,OK,
p2_dev,20260812,5ea24037c2d9cb6a,F0451,F0451-P02,cotton,CONFIRMED,INPUTS_PURCHASED,COMMIT_ADVANCE,3,SOFT_LOCK,True,OK,
p2_dev,20260812,5ea24037c2d9cb6a,F0451,F0451-P02,cotton,INPUTS_PURCHASED,LAND_PREPARED,COMMIT_ADVANCE,4,SOFT_LOCK,True,OK,
p2_dev,20260812,5ea24037c2d9cb6a,F0451,F0451-P02,cotton,LAND_PREPARED,PLANTED,COMMIT_ADVANCE,5,HARD_LOCK,False,OK,
p2_dev,20260812,5ea24037c2d9cb6a,F0453,F0453-P01,onion,,VIEWED,ACCEPT,0,FLEXIBLE,True,OK,phase-1 accepted; entered lifecycle
p2_dev,20260812,5ea24037c2d9cb6a,F0453,F0453-P01,onion,VIEWED,TENTATIVE_ACCEPT,ACCEPT,1,SOFT_LOCK,True,OK,
p2_dev,20260812,5ea24037c2d9cb6a,F0453,F0453-P01,onion,TENTATIVE_ACCEPT,CONFIRMED,COMMIT_ADVANCE,2,SOFT_LOCK,True,OK,
p2_dev,20260812,5ea24037c2d9cb6a,F0453,F0453-P01,onion,CONFIRMED,INPUTS_PURCHASED,COMMIT_ADVANCE,3,SOFT_LOCK,True,OK,
p2_dev,20260812,5ea24037c2d9cb6a,F0453,F0453-P01,onion,INPUTS_PURCHASED,LAND_PREPARED,COMMIT_ADVANCE,4,SOFT_LOCK,True,OK,
p2_dev,20260812,5ea24037c2d9cb6a,F0453,F0453-P01,onion,LAND_PREPARED,PLANTED,COMMIT_ADVANCE,5,HARD_LOCK,False,OK,
p2_dev,20260812,5ea24037c2d9cb6a,F0453,F0453-P02,maize,,VIEWED,ACCEPT,0,FLEXIBLE,True,OK,phase-1 accepted; entered lifecycle
p2_dev,20260812,5ea24037c2d9cb6a,F0453,F0453-P02,maize,VIEWED,TENTATIVE_ACCEPT,ACCEPT,1,SOFT_LOCK,True,OK,
p2_dev,20260812,5ea24037c2d9cb6a,F0453,F0453-P02,maize,TENTATIVE_ACCEPT,CONFIRMED,COMMIT_ADVANCE,2,SOFT_LOCK,True,OK,
p2_dev,20260812,5ea24037c2d9cb6a,F0453,F0453-P02,maize,CONFIRMED,INPUTS_PURCHASED,COMMIT_ADVANCE,3,SOFT_LOCK,True,OK,
p2_dev,20260812,5ea24037c2d9cb6a,F0453,F0453-P02,maize,INPUTS_PURCHASED,LAND_PREPARED,COMMIT_ADVANCE,4,SOFT_LOCK,True,OK,
p2_dev,20260812,5ea24037c2d9cb6a,F0453,F0453-P02,maize,LAND_PREPARED,PLANTED,COMMIT_ADVANCE,5,HARD_LOCK,False,OK,
p2_dev,20260812,5ea24037c2d9cb6a,F0459,F0459-P01,maize,,VIEWED,ACCEPT,0,FLEXIBLE,True,OK,phase-1 accepted; entered lifecycle
p2_dev,20260812,5ea24037c2d9cb6a,F0459,F0459-P01,maize,VIEWED,TENTATIVE_ACCEPT,ACCEPT,1,SOFT_LOCK,True,OK,
p2_dev,20260812,5ea24037c2d9cb6a,F0459,F0459-P01,maize,TENTATIVE_ACCEPT,CONFIRMED,COMMIT_ADVANCE,2,SOFT_LOCK,True,OK,
p2_dev,20260812,5ea24037c2d9cb6a,F0459,F0459-P01,maize,CONFIRMED,INPUTS_PURCHASED,COMMIT_ADVANCE,3,SOFT_LOCK,True,OK,
p2_dev,20260812,5ea24037c2d9cb6a,F0459,F0459-P01,maize,INPUTS_PURCHASED,LAND_PREPARED,COMMIT_ADVANCE,4,SOFT_LOCK,True,OK,
p2_dev,20260812,5ea24037c2d9cb6a,F0459,F0459-P01,maize,LAND_PREPARED,PLANTED,COMMIT_ADVANCE,5,HARD_LOCK,False,OK,
p2_dev,20260812,5ea24037c2d9cb6a,F0459,F0459-P02,sorghum,,VIEWED,ACCEPT,0,FLEXIBLE,True,OK,phase-1 accepted; entered lifecycle
p2_dev,20260812,5ea24037c2d9cb6a,F0459,F0459-P02,sorghum,VIEWED,TENTATIVE_ACCEPT,ACCEPT,1,SOFT_LOCK,True,OK,
p2_dev,20260812,5ea24037c2d9cb6a,F0459,F0459-P02,sorghum,TENTATIVE_ACCEPT,CONFIRMED,COMMIT_ADVANCE,2,SOFT_LOCK,True,OK,
p2_dev,20260812,5ea24037c2d9cb6a,F0459,F0459-P02,sorghum,CONFIRMED,INPUTS_PURCHASED,COMMIT_ADVANCE,3,SOFT_LOCK,True,OK,
p2_dev,20260812,5ea24037c2d9cb6a,F0459,F0459-P02,sorghum,INPUTS_PURCHASED,LAND_PREPARED,COMMIT_ADVANCE,4,SOFT_LOCK,True,OK,
p2_dev,20260812,5ea24037c2d9cb6a,F0459,F0459-P02,sorghum,LAND_PREPARED,PLANTED,COMMIT_ADVANCE,5,HARD_LOCK,False,OK,
p2_dev,20260812,5ea24037c2d9cb6a,F0460,F0460-P02,rice,,VIEWED,ACCEPT,0,FLEXIBLE,True,OK,phase-1 accepted; entered lifecycle
p2_dev,20260812,5ea24037c2d9cb6a,F0460,F0460-P02,rice,VIEWED,TENTATIVE_ACCEPT,ACCEPT,1,SOFT_LOCK,True,OK,
p2_dev,20260812,5ea24037c2d9cb6a,F0460,F0460-P02,rice,TENTATIVE_ACCEPT,CONFIRMED,COMMIT_ADVANCE,2,SOFT_LOCK,True,OK,
p2_dev,20260812,5ea24037c2d9cb6a,F0460,F0460-P02,rice,CONFIRMED,INPUTS_PURCHASED,COMMIT_ADVANCE,3,SOFT_LOCK,True,OK,
p2_dev,20260812,5ea24037c2d9cb6a,F0460,F0460-P02,rice,INPUTS_PURCHASED,LAND_PREPARED,COMMIT_ADVANCE,4,SOFT_LOCK,True,OK,
p2_dev,20260812,5ea24037c2d9cb6a,F0460,F0460-P02,rice,LAND_PREPARED,PLANTED,COMMIT_ADVANCE,5,HARD_LOCK,False,OK,
p2_dev,20260812,5ea24037c2d9cb6a,F0465,F0465-P01,soybean,,VIEWED,REJECT,0,FLEXIBLE,True,REJECTED_TERMINAL,phase-1 rejected; never enters commitment ladder
p2_dev,20260812,5ea24037c2d9cb6a,F0470,F0470-P01,maize,,VIEWED,ACCEPT,0,FLEXIBLE,True,OK,phase-1 accepted; entered lifecycle
p2_dev,20260812,5ea24037c2d9cb6a,F0470,F0470-P01,maize,VIEWED,TENTATIVE_ACCEPT,ACCEPT,1,SOFT_LOCK,True,OK,
p2_dev,20260812,5ea24037c2d9cb6a,F0470,F0470-P01,maize,TENTATIVE_ACCEPT,CONFIRMED,COMMIT_ADVANCE,2,SOFT_LOCK,True,OK,
p2_dev,20260812,5ea24037c2d9cb6a,F0470,F0470-P01,maize,CONFIRMED,INPUTS_PURCHASED,COMMIT_ADVANCE,3,SOFT_LOCK,True,OK,
p2_dev,20260812,5ea24037c2d9cb6a,F0470,F0470-P01,maize,INPUTS_PURCHASED,LAND_PREPARED,COMMIT_ADVANCE,4,SOFT_LOCK,True,OK,
p2_dev,20260812,5ea24037c2d9cb6a,F0470,F0470-P01,maize,LAND_PREPARED,PLANTED,COMMIT_ADVANCE,5,HARD_LOCK,False,OK,
p2_dev,20260812,5ea24037c2d9cb6a,F0471,F0471-P01,soybean,,VIEWED,ACCEPT,0,FLEXIBLE,True,OK,phase-1 accepted; entered lifecycle
p2_dev,20260812,5ea24037c2d9cb6a,F0471,F0471-P01,soybean,VIEWED,TENTATIVE_ACCEPT,ACCEPT,1,SOFT_LOCK,True,OK,
p2_dev,20260812,5ea24037c2d9cb6a,F0471,F0471-P01,soybean,TENTATIVE_ACCEPT,CONFIRMED,COMMIT_ADVANCE,2,SOFT_LOCK,True,OK,
p2_dev,20260812,5ea24037c2d9cb6a,F0471,F0471-P01,soybean,CONFIRMED,INPUTS_PURCHASED,COMMIT_ADVANCE,3,SOFT_LOCK,True,OK,
p2_dev,20260812,5ea24037c2d9cb6a,F0471,F0471-P01,soybean,INPUTS_PURCHASED,LAND_PREPARED,COMMIT_ADVANCE,4,SOFT_LOCK,True,OK,
p2_dev,20260812,5ea24037c2d9cb6a,F0471,F0471-P01,soybean,LAND_PREPARED,PLANTED,COMMIT_ADVANCE,5,HARD_LOCK,False,OK,
p2_dev,20260812,5ea24037c2d9cb6a,F0472,F0472-P02,groundnut,,VIEWED,ACCEPT,0,FLEXIBLE,True,OK,phase-1 accepted; entered lifecycle
p2_dev,20260812,5ea24037c2d9cb6a,F0472,F0472-P02,groundnut,VIEWED,TENTATIVE_ACCEPT,ACCEPT,1,SOFT_LOCK,True,OK,
p2_dev,20260812,5ea24037c2d9cb6a,F0472,F0472-P02,groundnut,TENTATIVE_ACCEPT,CONFIRMED,COMMIT_ADVANCE,2,SOFT_LOCK,True,OK,
p2_dev,20260812,5ea24037c2d9cb6a,F0472,F0472-P02,groundnut,CONFIRMED,INPUTS_PURCHASED,COMMIT_ADVANCE,3,SOFT_LOCK,True,OK,
p2_dev,20260812,5ea24037c2d9cb6a,F0472,F0472-P02,groundnut,INPUTS_PURCHASED,LAND_PREPARED,COMMIT_ADVANCE,4,SOFT_LOCK,True,OK,
p2_dev,20260812,5ea24037c2d9cb6a,F0472,F0472-P02,groundnut,LAND_PREPARED,PLANTED,COMMIT_ADVANCE,5,HARD_LOCK,False,OK,
p2_dev,20260812,5ea24037c2d9cb6a,F0478,F0478-P01,maize,,VIEWED,ACCEPT,0,FLEXIBLE,True,OK,phase-1 accepted; entered lifecycle
p2_dev,20260812,5ea24037c2d9cb6a,F0478,F0478-P01,maize,VIEWED,TENTATIVE_ACCEPT,ACCEPT,1,SOFT_LOCK,True,OK,
p2_dev,20260812,5ea24037c2d9cb6a,F0478,F0478-P01,maize,TENTATIVE_ACCEPT,CONFIRMED,COMMIT_ADVANCE,2,SOFT_LOCK,True,OK,
p2_dev,20260812,5ea24037c2d9cb6a,F0478,F0478-P01,maize,CONFIRMED,INPUTS_PURCHASED,COMMIT_ADVANCE,3,SOFT_LOCK,True,OK,
p2_dev,20260812,5ea24037c2d9cb6a,F0478,F0478-P01,maize,INPUTS_PURCHASED,LAND_PREPARED,COMMIT_ADVANCE,4,SOFT_LOCK,True,OK,
p2_dev,20260812,5ea24037c2d9cb6a,F0478,F0478-P01,maize,LAND_PREPARED,PLANTED,COMMIT_ADVANCE,5,HARD_LOCK,False,OK,
p2_dev,20260812,5ea24037c2d9cb6a,F0478,F0478-P03,maize,,VIEWED,REJECT,0,FLEXIBLE,True,REJECTED_TERMINAL,phase-1 rejected; never enters commitment ladder
p2_dev,20260812,5ea24037c2d9cb6a,F0479,F0479-P01,rice,,VIEWED,ACCEPT,0,FLEXIBLE,True,OK,phase-1 accepted; entered lifecycle
p2_dev,20260812,5ea24037c2d9cb6a,F0479,F0479-P01,rice,VIEWED,TENTATIVE_ACCEPT,ACCEPT,1,SOFT_LOCK,True,OK,
p2_dev,20260812,5ea24037c2d9cb6a,F0479,F0479-P01,rice,TENTATIVE_ACCEPT,CONFIRMED,COMMIT_ADVANCE,2,SOFT_LOCK,True,OK,
p2_dev,20260812,5ea24037c2d9cb6a,F0479,F0479-P01,rice,CONFIRMED,INPUTS_PURCHASED,COMMIT_ADVANCE,3,SOFT_LOCK,True,OK,
p2_dev,20260812,5ea24037c2d9cb6a,F0479,F0479-P01,rice,INPUTS_PURCHASED,LAND_PREPARED,COMMIT_ADVANCE,4,SOFT_LOCK,True,OK,
p2_dev,20260812,5ea24037c2d9cb6a,F0479,F0479-P01,rice,LAND_PREPARED,PLANTED,COMMIT_ADVANCE,5,HARD_LOCK,False,OK,
p2_dev,20260812,5ea24037c2d9cb6a,F0481,F0481-P02,rice,,VIEWED,ACCEPT,0,FLEXIBLE,True,OK,phase-1 accepted; entered lifecycle
p2_dev,20260812,5ea24037c2d9cb6a,F0481,F0481-P02,rice,VIEWED,TENTATIVE_ACCEPT,ACCEPT,1,SOFT_LOCK,True,OK,
p2_dev,20260812,5ea24037c2d9cb6a,F0481,F0481-P02,rice,TENTATIVE_ACCEPT,CONFIRMED,COMMIT_ADVANCE,2,SOFT_LOCK,True,OK,
p2_dev,20260812,5ea24037c2d9cb6a,F0481,F0481-P02,rice,CONFIRMED,INPUTS_PURCHASED,COMMIT_ADVANCE,3,SOFT_LOCK,True,OK,
p2_dev,20260812,5ea24037c2d9cb6a,F0481,F0481-P02,rice,INPUTS_PURCHASED,LAND_PREPARED,COMMIT_ADVANCE,4,SOFT_LOCK,True,OK,
p2_dev,20260812,5ea24037c2d9cb6a,F0481,F0481-P02,rice,LAND_PREPARED,PLANTED,COMMIT_ADVANCE,5,HARD_LOCK,False,OK,
p2_dev,20260812,5ea24037c2d9cb6a,F0483,F0483-P02,soybean,,VIEWED,REJECT,0,FLEXIBLE,True,REJECTED_TERMINAL,phase-1 rejected; never enters commitment ladder
p2_dev,20260812,5ea24037c2d9cb6a,F0484,F0484-P01,soybean,,VIEWED,ACCEPT,0,FLEXIBLE,True,OK,phase-1 accepted; entered lifecycle
p2_dev,20260812,5ea24037c2d9cb6a,F0484,F0484-P01,soybean,VIEWED,TENTATIVE_ACCEPT,ACCEPT,1,SOFT_LOCK,True,OK,
p2_dev,20260812,5ea24037c2d9cb6a,F0484,F0484-P01,soybean,TENTATIVE_ACCEPT,CONFIRMED,COMMIT_ADVANCE,2,SOFT_LOCK,True,OK,
p2_dev,20260812,5ea24037c2d9cb6a,F0484,F0484-P01,soybean,CONFIRMED,INPUTS_PURCHASED,COMMIT_ADVANCE,3,SOFT_LOCK,True,OK,
p2_dev,20260812,5ea24037c2d9cb6a,F0484,F0484-P01,soybean,INPUTS_PURCHASED,LAND_PREPARED,COMMIT_ADVANCE,4,SOFT_LOCK,True,OK,
p2_dev,20260812,5ea24037c2d9cb6a,F0484,F0484-P01,soybean,LAND_PREPARED,PLANTED,COMMIT_ADVANCE,5,HARD_LOCK,False,OK,
p2_dev,20260812,5ea24037c2d9cb6a,F0486,F0486-P01,rice,,VIEWED,ACCEPT,0,FLEXIBLE,True,OK,phase-1 accepted; entered lifecycle
p2_dev,20260812,5ea24037c2d9cb6a,F0486,F0486-P01,rice,VIEWED,TENTATIVE_ACCEPT,ACCEPT,1,SOFT_LOCK,True,OK,
p2_dev,20260812,5ea24037c2d9cb6a,F0486,F0486-P01,rice,TENTATIVE_ACCEPT,CONFIRMED,COMMIT_ADVANCE,2,SOFT_LOCK,True,OK,
p2_dev,20260812,5ea24037c2d9cb6a,F0486,F0486-P01,rice,CONFIRMED,INPUTS_PURCHASED,COMMIT_ADVANCE,3,SOFT_LOCK,True,OK,
p2_dev,20260812,5ea24037c2d9cb6a,F0486,F0486-P01,rice,INPUTS_PURCHASED,LAND_PREPARED,COMMIT_ADVANCE,4,SOFT_LOCK,True,OK,
p2_dev,20260812,5ea24037c2d9cb6a,F0486,F0486-P01,rice,LAND_PREPARED,PLANTED,COMMIT_ADVANCE,5,HARD_LOCK,False,OK,
p2_dev,20260812,5ea24037c2d9cb6a,F0486,F0486-P02,groundnut,,VIEWED,ACCEPT,0,FLEXIBLE,True,OK,phase-1 accepted; entered lifecycle
p2_dev,20260812,5ea24037c2d9cb6a,F0486,F0486-P02,groundnut,VIEWED,TENTATIVE_ACCEPT,ACCEPT,1,SOFT_LOCK,True,OK,
p2_dev,20260812,5ea24037c2d9cb6a,F0486,F0486-P02,groundnut,TENTATIVE_ACCEPT,CONFIRMED,COMMIT_ADVANCE,2,SOFT_LOCK,True,OK,
p2_dev,20260812,5ea24037c2d9cb6a,F0486,F0486-P02,groundnut,CONFIRMED,INPUTS_PURCHASED,COMMIT_ADVANCE,3,SOFT_LOCK,True,OK,
p2_dev,20260812,5ea24037c2d9cb6a,F0486,F0486-P02,groundnut,INPUTS_PURCHASED,LAND_PREPARED,COMMIT_ADVANCE,4,SOFT_LOCK,True,OK,
p2_dev,20260812,5ea24037c2d9cb6a,F0486,F0486-P02,groundnut,LAND_PREPARED,PLANTED,COMMIT_ADVANCE,5,HARD_LOCK,False,OK,
p2_dev,20260812,5ea24037c2d9cb6a,F0488,F0488-P02,rice,,VIEWED,ACCEPT,0,FLEXIBLE,True,OK,phase-1 accepted; entered lifecycle
p2_dev,20260812,5ea24037c2d9cb6a,F0488,F0488-P02,rice,VIEWED,TENTATIVE_ACCEPT,ACCEPT,1,SOFT_LOCK,True,OK,
p2_dev,20260812,5ea24037c2d9cb6a,F0488,F0488-P02,rice,TENTATIVE_ACCEPT,CONFIRMED,COMMIT_ADVANCE,2,SOFT_LOCK,True,OK,
p2_dev,20260812,5ea24037c2d9cb6a,F0488,F0488-P02,rice,CONFIRMED,INPUTS_PURCHASED,COMMIT_ADVANCE,3,SOFT_LOCK,True,OK,
p2_dev,20260812,5ea24037c2d9cb6a,F0488,F0488-P02,rice,INPUTS_PURCHASED,LAND_PREPARED,COMMIT_ADVANCE,4,SOFT_LOCK,True,OK,
p2_dev,20260812,5ea24037c2d9cb6a,F0488,F0488-P02,rice,LAND_PREPARED,PLANTED,COMMIT_ADVANCE,5,HARD_LOCK,False,OK,
p2_dev,20260812,5ea24037c2d9cb6a,F0489,F0489-P01,rice,,VIEWED,ACCEPT,0,FLEXIBLE,True,OK,phase-1 accepted; entered lifecycle
p2_dev,20260812,5ea24037c2d9cb6a,F0489,F0489-P01,rice,VIEWED,TENTATIVE_ACCEPT,ACCEPT,1,SOFT_LOCK,True,OK,
p2_dev,20260812,5ea24037c2d9cb6a,F0489,F0489-P01,rice,TENTATIVE_ACCEPT,CONFIRMED,COMMIT_ADVANCE,2,SOFT_LOCK,True,OK,
p2_dev,20260812,5ea24037c2d9cb6a,F0489,F0489-P01,rice,CONFIRMED,INPUTS_PURCHASED,COMMIT_ADVANCE,3,SOFT_LOCK,True,OK,
p2_dev,20260812,5ea24037c2d9cb6a,F0489,F0489-P01,rice,INPUTS_PURCHASED,LAND_PREPARED,COMMIT_ADVANCE,4,SOFT_LOCK,True,OK,
p2_dev,20260812,5ea24037c2d9cb6a,F0489,F0489-P01,rice,LAND_PREPARED,PLANTED,COMMIT_ADVANCE,5,HARD_LOCK,False,OK,
p2_dev,20260812,5ea24037c2d9cb6a,F0490,F0490-P01,maize,,VIEWED,ACCEPT,0,FLEXIBLE,True,OK,phase-1 accepted; entered lifecycle
p2_dev,20260812,5ea24037c2d9cb6a,F0490,F0490-P01,maize,VIEWED,TENTATIVE_ACCEPT,ACCEPT,1,SOFT_LOCK,True,OK,
p2_dev,20260812,5ea24037c2d9cb6a,F0490,F0490-P01,maize,TENTATIVE_ACCEPT,CONFIRMED,COMMIT_ADVANCE,2,SOFT_LOCK,True,OK,
p2_dev,20260812,5ea24037c2d9cb6a,F0490,F0490-P01,maize,CONFIRMED,INPUTS_PURCHASED,COMMIT_ADVANCE,3,SOFT_LOCK,True,OK,
p2_dev,20260812,5ea24037c2d9cb6a,F0490,F0490-P01,maize,INPUTS_PURCHASED,LAND_PREPARED,COMMIT_ADVANCE,4,SOFT_LOCK,True,OK,
p2_dev,20260812,5ea24037c2d9cb6a,F0490,F0490-P01,maize,LAND_PREPARED,PLANTED,COMMIT_ADVANCE,5,HARD_LOCK,False,OK,
p2_dev,20260812,5ea24037c2d9cb6a,F0491,F0491-P01,sorghum,,VIEWED,ACCEPT,0,FLEXIBLE,True,OK,phase-1 accepted; entered lifecycle
p2_dev,20260812,5ea24037c2d9cb6a,F0491,F0491-P01,sorghum,VIEWED,TENTATIVE_ACCEPT,ACCEPT,1,SOFT_LOCK,True,OK,
p2_dev,20260812,5ea24037c2d9cb6a,F0491,F0491-P01,sorghum,TENTATIVE_ACCEPT,CONFIRMED,COMMIT_ADVANCE,2,SOFT_LOCK,True,OK,
p2_dev,20260812,5ea24037c2d9cb6a,F0491,F0491-P01,sorghum,CONFIRMED,INPUTS_PURCHASED,COMMIT_ADVANCE,3,SOFT_LOCK,True,OK,
p2_dev,20260812,5ea24037c2d9cb6a,F0491,F0491-P01,sorghum,INPUTS_PURCHASED,LAND_PREPARED,COMMIT_ADVANCE,4,SOFT_LOCK,True,OK,
p2_dev,20260812,5ea24037c2d9cb6a,F0491,F0491-P01,sorghum,LAND_PREPARED,PLANTED,COMMIT_ADVANCE,5,HARD_LOCK,False,OK,
p2_dev,20260812,5ea24037c2d9cb6a,F0492,F0492-P01,onion,,VIEWED,ACCEPT,0,FLEXIBLE,True,OK,phase-1 accepted; entered lifecycle
p2_dev,20260812,5ea24037c2d9cb6a,F0492,F0492-P01,onion,VIEWED,TENTATIVE_ACCEPT,ACCEPT,1,SOFT_LOCK,True,OK,
p2_dev,20260812,5ea24037c2d9cb6a,F0492,F0492-P01,onion,TENTATIVE_ACCEPT,CONFIRMED,COMMIT_ADVANCE,2,SOFT_LOCK,True,OK,
p2_dev,20260812,5ea24037c2d9cb6a,F0492,F0492-P01,onion,CONFIRMED,INPUTS_PURCHASED,COMMIT_ADVANCE,3,SOFT_LOCK,True,OK,
p2_dev,20260812,5ea24037c2d9cb6a,F0492,F0492-P01,onion,INPUTS_PURCHASED,LAND_PREPARED,COMMIT_ADVANCE,4,SOFT_LOCK,True,OK,
p2_dev,20260812,5ea24037c2d9cb6a,F0492,F0492-P01,onion,LAND_PREPARED,PLANTED,COMMIT_ADVANCE,5,HARD_LOCK,False,OK,
p2_dev,20260812,5ea24037c2d9cb6a,F0492,F0492-P02,maize,,VIEWED,ACCEPT,0,FLEXIBLE,True,OK,phase-1 accepted; entered lifecycle
p2_dev,20260812,5ea24037c2d9cb6a,F0492,F0492-P02,maize,VIEWED,TENTATIVE_ACCEPT,ACCEPT,1,SOFT_LOCK,True,OK,
p2_dev,20260812,5ea24037c2d9cb6a,F0492,F0492-P02,maize,TENTATIVE_ACCEPT,CONFIRMED,COMMIT_ADVANCE,2,SOFT_LOCK,True,OK,
p2_dev,20260812,5ea24037c2d9cb6a,F0492,F0492-P02,maize,CONFIRMED,INPUTS_PURCHASED,COMMIT_ADVANCE,3,SOFT_LOCK,True,OK,
p2_dev,20260812,5ea24037c2d9cb6a,F0492,F0492-P02,maize,INPUTS_PURCHASED,LAND_PREPARED,COMMIT_ADVANCE,4,SOFT_LOCK,True,OK,
p2_dev,20260812,5ea24037c2d9cb6a,F0492,F0492-P02,maize,LAND_PREPARED,PLANTED,COMMIT_ADVANCE,5,HARD_LOCK,False,OK,
p2_dev,20260812,5ea24037c2d9cb6a,F0493,F0493-P01,rice,,VIEWED,ACCEPT,0,FLEXIBLE,True,OK,phase-1 accepted; entered lifecycle
p2_dev,20260812,5ea24037c2d9cb6a,F0493,F0493-P01,rice,VIEWED,TENTATIVE_ACCEPT,ACCEPT,1,SOFT_LOCK,True,OK,
p2_dev,20260812,5ea24037c2d9cb6a,F0493,F0493-P01,rice,TENTATIVE_ACCEPT,CONFIRMED,COMMIT_ADVANCE,2,SOFT_LOCK,True,OK,
p2_dev,20260812,5ea24037c2d9cb6a,F0493,F0493-P01,rice,CONFIRMED,INPUTS_PURCHASED,COMMIT_ADVANCE,3,SOFT_LOCK,True,OK,
p2_dev,20260812,5ea24037c2d9cb6a,F0493,F0493-P01,rice,INPUTS_PURCHASED,LAND_PREPARED,COMMIT_ADVANCE,4,SOFT_LOCK,True,OK,
p2_dev,20260812,5ea24037c2d9cb6a,F0493,F0493-P01,rice,LAND_PREPARED,PLANTED,COMMIT_ADVANCE,5,HARD_LOCK,False,OK,
p2_dev,20260812,5ea24037c2d9cb6a,F0496,F0496-P01,maize,,VIEWED,REJECT,0,FLEXIBLE,True,REJECTED_TERMINAL,phase-1 rejected; never enters commitment ladder
p2_dev,20260812,5ea24037c2d9cb6a,F0496,F0496-P02,onion,,VIEWED,ACCEPT,0,FLEXIBLE,True,OK,phase-1 accepted; entered lifecycle
p2_dev,20260812,5ea24037c2d9cb6a,F0496,F0496-P02,onion,VIEWED,TENTATIVE_ACCEPT,ACCEPT,1,SOFT_LOCK,True,OK,
p2_dev,20260812,5ea24037c2d9cb6a,F0496,F0496-P02,onion,TENTATIVE_ACCEPT,CONFIRMED,COMMIT_ADVANCE,2,SOFT_LOCK,True,OK,
p2_dev,20260812,5ea24037c2d9cb6a,F0496,F0496-P02,onion,CONFIRMED,INPUTS_PURCHASED,COMMIT_ADVANCE,3,SOFT_LOCK,True,OK,
p2_dev,20260812,5ea24037c2d9cb6a,F0496,F0496-P02,onion,INPUTS_PURCHASED,LAND_PREPARED,COMMIT_ADVANCE,4,SOFT_LOCK,True,OK,
p2_dev,20260812,5ea24037c2d9cb6a,F0496,F0496-P02,onion,LAND_PREPARED,PLANTED,COMMIT_ADVANCE,5,HARD_LOCK,False,OK,
p2_dev,20260812,5ea24037c2d9cb6a,F0496,F0496-P03,onion,,VIEWED,ACCEPT,0,FLEXIBLE,True,OK,phase-1 accepted; entered lifecycle
p2_dev,20260812,5ea24037c2d9cb6a,F0496,F0496-P03,onion,VIEWED,TENTATIVE_ACCEPT,ACCEPT,1,SOFT_LOCK,True,OK,
p2_dev,20260812,5ea24037c2d9cb6a,F0496,F0496-P03,onion,TENTATIVE_ACCEPT,CONFIRMED,COMMIT_ADVANCE,2,SOFT_LOCK,True,OK,
p2_dev,20260812,5ea24037c2d9cb6a,F0496,F0496-P03,onion,CONFIRMED,INPUTS_PURCHASED,COMMIT_ADVANCE,3,SOFT_LOCK,True,OK,
p2_dev,20260812,5ea24037c2d9cb6a,F0496,F0496-P03,onion,INPUTS_PURCHASED,LAND_PREPARED,COMMIT_ADVANCE,4,SOFT_LOCK,True,OK,
p2_dev,20260812,5ea24037c2d9cb6a,F0496,F0496-P03,onion,LAND_PREPARED,PLANTED,COMMIT_ADVANCE,5,HARD_LOCK,False,OK,
p2_dev,20260812,5ea24037c2d9cb6a,F0497,F0497-P01,sorghum,,VIEWED,ACCEPT,0,FLEXIBLE,True,OK,phase-1 accepted; entered lifecycle
p2_dev,20260812,5ea24037c2d9cb6a,F0497,F0497-P01,sorghum,VIEWED,TENTATIVE_ACCEPT,ACCEPT,1,SOFT_LOCK,True,OK,
p2_dev,20260812,5ea24037c2d9cb6a,F0497,F0497-P01,sorghum,TENTATIVE_ACCEPT,CONFIRMED,COMMIT_ADVANCE,2,SOFT_LOCK,True,OK,
p2_dev,20260812,5ea24037c2d9cb6a,F0497,F0497-P01,sorghum,CONFIRMED,INPUTS_PURCHASED,COMMIT_ADVANCE,3,SOFT_LOCK,True,OK,
p2_dev,20260812,5ea24037c2d9cb6a,F0497,F0497-P01,sorghum,INPUTS_PURCHASED,LAND_PREPARED,COMMIT_ADVANCE,4,SOFT_LOCK,True,OK,
p2_dev,20260812,5ea24037c2d9cb6a,F0497,F0497-P01,sorghum,LAND_PREPARED,PLANTED,COMMIT_ADVANCE,5,HARD_LOCK,False,OK,
p2_dev,20260812,5ea24037c2d9cb6a,F0499,F0499-P02,soybean,,VIEWED,ACCEPT,0,FLEXIBLE,True,OK,phase-1 accepted; entered lifecycle
p2_dev,20260812,5ea24037c2d9cb6a,F0499,F0499-P02,soybean,VIEWED,TENTATIVE_ACCEPT,ACCEPT,1,SOFT_LOCK,True,OK,
p2_dev,20260812,5ea24037c2d9cb6a,F0499,F0499-P02,soybean,TENTATIVE_ACCEPT,CONFIRMED,COMMIT_ADVANCE,2,SOFT_LOCK,True,OK,
p2_dev,20260812,5ea24037c2d9cb6a,F0499,F0499-P02,soybean,CONFIRMED,INPUTS_PURCHASED,COMMIT_ADVANCE,3,SOFT_LOCK,True,OK,
p2_dev,20260812,5ea24037c2d9cb6a,F0499,F0499-P02,soybean,INPUTS_PURCHASED,LAND_PREPARED,COMMIT_ADVANCE,4,SOFT_LOCK,True,OK,
p2_dev,20260812,5ea24037c2d9cb6a,F0499,F0499-P02,soybean,LAND_PREPARED,PLANTED,COMMIT_ADVANCE,5,HARD_LOCK,False,OK,
