run_id,master_seed,sequence,stage,event,farmer_id,plot_id,crop_before,crop_after,participation_response,commitment_state,lock_level,allocation_status,reason,planned_cash,current_cash,consent_exists,requires_renewed_consent,consent_basis,counterfactual,source_phase
p6_dev,20260812,1,stage0_instance,instance_built,,,,,,,,,,,,,,,False,
p6_dev,20260812,2,stage1_static_plan,planned_offer,F0001,F0001-P03,,onion,,,,PLANNED,,258775.0,258775.0,False,,,False,B3
p6_dev,20260812,3,stage1_static_plan,planned_offer,F0003,F0003-P01,,rice,,,,PLANNED,,476.0,476.0,False,,,False,B3
p6_dev,20260812,4,stage1_static_plan,planned_offer,F0004,F0004-P01,,maize,,,,PLANNED,,4873.0,4873.0,False,,,False,B3
p6_dev,20260812,5,stage1_static_plan,planned_offer,F0005,F0005-P01,,soybean,,,,PLANNED,,3669.0,3669.0,False,,,False,B3
p6_dev,20260812,6,stage1_static_plan,planned_offer,F0005,F0005-P02,,onion,,,,PLANNED,,17844.0,17844.0,False,,,False,B3
p6_dev,20260812,7,stage1_static_plan,planned_offer,F0006,F0006-P01,,maize,,,,PLANNED,,18705.0,18705.0,False,,,False,B3
p6_dev,20260812,8,stage1_static_plan,planned_offer,F0007,F0007-P02,,maize,,,,PLANNED,,54285.0,54285.0,False,,,False,B3
p6_dev,20260812,9,stage1_static_plan,planned_offer,F0010,F0010-P01,,soybean,,,,PLANNED,,5025.0,5025.0,False,,,False,B3
p6_dev,20260812,10,stage1_static_plan,planned_offer,F0012,F0012-P02,,maize,,,,PLANNED,,6540.0,6540.0,False,,,False,B3
p6_dev,20260812,11,stage1_static_plan,planned_offer,F0013,F0013-P01,,maize,,,,PLANNED,,12695.0,12695.0,False,,,False,B3
p6_dev,20260812,12,stage1_static_plan,planned_offer,F0015,F0015-P02,,soybean,,,,PLANNED,,935.0,935.0,False,,,False,B3
p6_dev,20260812,13,stage1_static_plan,planned_offer,F0017,F0017-P02,,onion,,,,PLANNED,,305486.0,305486.0,False,,,False,B3
p6_dev,20260812,14,stage1_static_plan,planned_offer,F0017,F0017-P03,,onion,,,,PLANNED,,460890.0,460890.0,False,,,False,B3
p6_dev,20260812,15,stage1_static_plan,planned_offer,F0017,F0017-P05,,onion,,,,PLANNED,,425966.0,425966.0,False,,,False,B3
p6_dev,20260812,16,stage1_static_plan,planned_offer,F0018,F0018-P02,,onion,,,,PLANNED,,22720.0,22720.0,False,,,False,B3
p6_dev,20260812,17,stage1_static_plan,planned_offer,F0019,F0019-P01,,rice,,,,PLANNED,,5030.0,5030.0,False,,,False,B3
p6_dev,20260812,18,stage1_static_plan,planned_offer,F0020,F0020-P01,,sorghum,,,,PLANNED,,26958.0,26958.0,False,,,False,B3
p6_dev,20260812,19,stage1_static_plan,planned_offer,F0020,F0020-P02,,sorghum,,,,PLANNED,,8504.0,8504.0,False,,,False,B3
p6_dev,20260812,20,stage1_static_plan,planned_offer,F0025,F0025-P01,,maize,,,,PLANNED,,1042.0,1042.0,False,,,False,B3
p6_dev,20260812,21,stage1_static_plan,planned_offer,F0027,F0027-P01,,maize,,,,PLANNED,,80577.0,80577.0,False,,,False,B3
p6_dev,20260812,22,stage1_static_plan,planned_offer,F0027,F0027-P03,,maize,,,,PLANNED,,25704.0,25704.0,False,,,False,B3
p6_dev,20260812,23,stage1_static_plan,planned_offer,F0030,F0030-P01,,maize,,,,PLANNED,,18019.0,18019.0,False,,,False,B3
p6_dev,20260812,24,stage1_static_plan,planned_offer,F0030,F0030-P02,,maize,,,,PLANNED,,8764.0,8764.0,False,,,False,B3
p6_dev,20260812,25,stage1_static_plan,planned_offer,F0031,F0031-P01,,sorghum,,,,PLANNED,,5124.0,5124.0,False,,,False,B3
p6_dev,20260812,26,stage1_static_plan,planned_offer,F0031,F0031-P02,,maize,,,,PLANNED,,9754.0,9754.0,False,,,False,B3
p6_dev,20260812,27,stage1_static_plan,planned_offer,F0031,F0031-P03,,maize,,,,PLANNED,,15822.0,15822.0,False,,,False,B3
p6_dev,20260812,28,stage1_static_plan,planned_offer,F0033,F0033-P01,,maize,,,,PLANNED,,7391.0,7391.0,False,,,False,B3
p6_dev,20260812,29,stage1_static_plan,planned_offer,F0035,F0035-P01,,rice,,,,PLANNED,,2824.0,2824.0,False,,,False,B3
p6_dev,20260812,30,stage1_static_plan,planned_offer,F0035,F0035-P02,,rice,,,,PLANNED,,1670.0,1670.0,False,,,False,B3
p6_dev,20260812,31,stage1_static_plan,planned_offer,F0037,F0037-P01,,rice,,,,PLANNED,,2468.0,2468.0,False,,,False,B3
p6_dev,20260812,32,stage1_static_plan,planned_offer,F0038,F0038-P01,,pigeon_pea,,,,PLANNED,,29573.0,29573.0,False,,,False,B3
p6_dev,20260812,33,stage1_static_plan,planned_offer,F0038,F0038-P02,,onion,,,,PLANNED,,407791.0,407791.0,False,,,False,B3
p6_dev,20260812,34,stage1_static_plan,planned_offer,F0039,F0039-P01,,maize,,,,PLANNED,,16416.0,16416.0,False,,,False,B3
p6_dev,20260812,35,stage1_static_plan,planned_offer,F0040,F0040-P03,,soybean,,,,PLANNED,,11244.0,11244.0,False,,,False,B3
p6_dev,20260812,36,stage1_static_plan,planned_offer,F0041,F0041-P01,,groundnut,,,,PLANNED,,2645.0,2645.0,False,,,False,B3
p6_dev,20260812,37,stage1_static_plan,planned_offer,F0042,F0042-P01,,maize,,,,PLANNED,,10301.0,10301.0,False,,,False,B3
p6_dev,20260812,38,stage1_static_plan,planned_offer,F0043,F0043-P01,,onion,,,,PLANNED,,20084.0,20084.0,False,,,False,B3
p6_dev,20260812,39,stage1_static_plan,planned_offer,F0045,F0045-P01,,soybean,,,,PLANNED,,1869.0,1869.0,False,,,False,B3
p6_dev,20260812,40,stage1_static_plan,planned_offer,F0047,F0047-P02,,maize,,,,PLANNED,,7031.0,7031.0,False,,,False,B3
p6_dev,20260812,41,stage1_static_plan,planned_offer,F0048,F0048-P01,,rice,,,,PLANNED,,309.0,309.0,False,,,False,B3
p6_dev,20260812,42,stage1_static_plan,planned_offer,F0049,F0049-P01,,soybean,,,,PLANNED,,5671.0,5671.0,False,,,False,B3
p6_dev,20260812,43,stage1_static_plan,planned_offer,F0050,F0050-P01,,maize,,,,PLANNED,,15785.0,15785.0,False,,,False,B3
p6_dev,20260812,44,stage1_static_plan,planned_offer,F0050,F0050-P02,,maize,,,,PLANNED,,968.0,968.0,False,,,False,B3
p6_dev,20260812,45,stage1_static_plan,planned_offer,F0050,F0050-P03,,onion,,,,PLANNED,,22460.0,22460.0,False,,,False,B3
p6_dev,20260812,46,stage1_static_plan,planned_offer,F0051,F0051-P01,,sorghum,,,,PLANNED,,10610.0,10610.0,False,,,False,B3
p6_dev,20260812,47,stage1_static_plan,planned_offer,F0055,F0055-P01,,sorghum,,,,PLANNED,,6476.0,6476.0,False,,,False,B3
p6_dev,20260812,48,stage1_static_plan,planned_offer,F0056,F0056-P02,,rice,,,,PLANNED,,584.0,584.0,False,,,False,B3
p6_dev,20260812,49,stage1_static_plan,planned_offer,F0062,F0062-P01,,sorghum,,,,PLANNED,,9400.0,9400.0,False,,,False,B3
p6_dev,20260812,50,stage1_static_plan,planned_offer,F0064,F0064-P01,,rice,,,,PLANNED,,7043.0,7043.0,False,,,False,B3
p6_dev,20260812,51,stage1_static_plan,planned_offer,F0064,F0064-P02,,rice,,,,PLANNED,,13435.0,13435.0,False,,,False,B3
p6_dev,20260812,52,stage1_static_plan,planned_offer,F0066,F0066-P01,,rice,,,,PLANNED,,3012.0,3012.0,False,,,False,B3
p6_dev,20260812,53,stage1_static_plan,planned_offer,F0068,F0068-P01,,onion,,,,PLANNED,,96333.0,96333.0,False,,,False,B3
p6_dev,20260812,54,stage1_static_plan,planned_offer,F0068,F0068-P02,,sorghum,,,,PLANNED,,11349.0,11349.0,False,,,False,B3
p6_dev,20260812,55,stage1_static_plan,planned_offer,F0068,F0068-P03,,onion,,,,PLANNED,,16229.0,16229.0,False,,,False,B3
p6_dev,20260812,56,stage1_static_plan,planned_offer,F0070,F0070-P01,,maize,,,,PLANNED,,15971.0,15971.0,False,,,False,B3
p6_dev,20260812,57,stage1_static_plan,planned_offer,F0071,F0071-P01,,maize,,,,PLANNED,,53435.0,53435.0,False,,,False,B3
p6_dev,20260812,58,stage1_static_plan,planned_offer,F0072,F0072-P02,,maize,,,,PLANNED,,3928.0,3928.0,False,,,False,B3
p6_dev,20260812,59,stage1_static_plan,planned_offer,F0074,F0074-P01,,rice,,,,PLANNED,,624.0,624.0,False,,,False,B3
p6_dev,20260812,60,stage1_static_plan,planned_offer,F0074,F0074-P02,,rice,,,,PLANNED,,12475.0,12475.0,False,,,False,B3
p6_dev,20260812,61,stage1_static_plan,planned_offer,F0077,F0077-P01,,maize,,,,PLANNED,,3859.0,3859.0,False,,,False,B3
p6_dev,20260812,62,stage1_static_plan,planned_offer,F0078,F0078-P01,,maize,,,,PLANNED,,22877.0,22877.0,False,,,False,B3
p6_dev,20260812,63,stage1_static_plan,planned_offer,F0078,F0078-P02,,maize,,,,PLANNED,,16827.0,16827.0,False,,,False,B3
p6_dev,20260812,64,stage1_static_plan,planned_offer,F0078,F0078-P03,,maize,,,,PLANNED,,66638.0,66638.0,False,,,False,B3
p6_dev,20260812,65,stage1_static_plan,planned_offer,F0079,F0079-P02,,onion,,,,PLANNED,,58812.0,58812.0,False,,,False,B3
p6_dev,20260812,66,stage1_static_plan,planned_offer,F0080,F0080-P01,,onion,,,,PLANNED,,12170.0,12170.0,False,,,False,B3
p6_dev,20260812,67,stage1_static_plan,planned_offer,F0080,F0080-P02,,soybean,,,,PLANNED,,10436.0,10436.0,False,,,False,B3
p6_dev,20260812,68,stage1_static_plan,planned_offer,F0082,F0082-P01,,pigeon_pea,,,,PLANNED,,7687.0,7687.0,False,,,False,B3
p6_dev,20260812,69,stage1_static_plan,planned_offer,F0082,F0082-P02,,maize,,,,PLANNED,,4560.0,4560.0,False,,,False,B3
p6_dev,20260812,70,stage1_static_plan,planned_offer,F0083,F0083-P01,,rice,,,,PLANNED,,4749.0,4749.0,False,,,False,B3
p6_dev,20260812,71,stage1_static_plan,planned_offer,F0084,F0084-P01,,maize,,,,PLANNED,,56476.0,56476.0,False,,,False,B3
p6_dev,20260812,72,stage1_static_plan,planned_offer,F0084,F0084-P02,,maize,,,,PLANNED,,88033.0,88033.0,False,,,False,B3
p6_dev,20260812,73,stage1_static_plan,planned_offer,F0085,F0085-P01,,groundnut,,,,PLANNED,,74239.0,74239.0,False,,,False,B3
p6_dev,20260812,74,stage1_static_plan,planned_offer,F0086,F0086-P02,,maize,,,,PLANNED,,6737.0,6737.0,False,,,False,B3
p6_dev,20260812,75,stage1_static_plan,planned_offer,F0089,F0089-P01,,maize,,,,PLANNED,,10595.0,10595.0,False,,,False,B3
p6_dev,20260812,76,stage1_static_plan,planned_offer,F0090,F0090-P01,,rice,,,,PLANNED,,1134.0,1134.0,False,,,False,B3
p6_dev,20260812,77,stage1_static_plan,planned_offer,F0090,F0090-P02,,rice,,,,PLANNED,,22328.0,22328.0,False,,,False,B3
p6_dev,20260812,78,stage1_static_plan,planned_offer,F0091,F0091-P01,,soybean,,,,PLANNED,,3404.0,3404.0,False,,,False,B3
p6_dev,20260812,79,stage1_static_plan,planned_offer,F0092,F0092-P02,,rice,,,,PLANNED,,13408.0,13408.0,False,,,False,B3
p6_dev,20260812,80,stage1_static_plan,planned_offer,F0093,F0093-P01,,maize,,,,PLANNED,,21191.0,21191.0,False,,,False,B3
p6_dev,20260812,81,stage1_static_plan,planned_offer,F0094,F0094-P01,,rice,,,,PLANNED,,7546.0,7546.0,False,,,False,B3
p6_dev,20260812,82,stage1_static_plan,planned_offer,F0097,F0097-P02,,soybean,,,,PLANNED,,29267.0,29267.0,False,,,False,B3
p6_dev,20260812,83,stage1_static_plan,planned_offer,F0102,F0102-P01,,rice,,,,PLANNED,,423.0,423.0,False,,,False,B3
p6_dev,20260812,84,stage1_static_plan,planned_offer,F0103,F0103-P01,,maize,,,,PLANNED,,17032.0,17032.0,False,,,False,B3
p6_dev,20260812,85,stage1_static_plan,planned_offer,F0105,F0105-P04,,soybean,,,,PLANNED,,14354.0,14354.0,False,,,False,B3
p6_dev,20260812,86,stage1_static_plan,planned_offer,F0106,F0106-P01,,onion,,,,PLANNED,,76079.0,76079.0,False,,,False,B3
p6_dev,20260812,87,stage1_static_plan,planned_offer,F0107,F0107-P02,,maize,,,,PLANNED,,21518.0,21518.0,False,,,False,B3
p6_dev,20260812,88,stage1_static_plan,planned_offer,F0108,F0108-P01,,rice,,,,PLANNED,,5098.0,5098.0,False,,,False,B3
p6_dev,20260812,89,stage1_static_plan,planned_offer,F0108,F0108-P03,,rice,,,,PLANNED,,10423.0,10423.0,False,,,False,B3
p6_dev,20260812,90,stage1_static_plan,planned_offer,F0109,F0109-P02,,maize,,,,PLANNED,,20471.0,20471.0,False,,,False,B3
p6_dev,20260812,91,stage1_static_plan,planned_offer,F0110,F0110-P01,,sorghum,,,,PLANNED,,21425.0,21425.0,False,,,False,B3
p6_dev,20260812,92,stage1_static_plan,planned_offer,F0110,F0110-P02,,sorghum,,,,PLANNED,,3160.0,3160.0,False,,,False,B3
p6_dev,20260812,93,stage1_static_plan,planned_offer,F0110,F0110-P03,,sorghum,,,,PLANNED,,2908.0,2908.0,False,,,False,B3
p6_dev,20260812,94,stage1_static_plan,planned_offer,F0111,F0111-P02,,maize,,,,PLANNED,,21452.0,21452.0,False,,,False,B3
p6_dev,20260812,95,stage1_static_plan,planned_offer,F0114,F0114-P01,,maize,,,,PLANNED,,19098.0,19098.0,False,,,False,B3
p6_dev,20260812,96,stage1_static_plan,planned_offer,F0115,F0115-P02,,maize,,,,PLANNED,,32865.0,32865.0,False,,,False,B3
p6_dev,20260812,97,stage1_static_plan,planned_offer,F0115,F0115-P03,,maize,,,,PLANNED,,56836.0,56836.0,False,,,False,B3
p6_dev,20260812,98,stage1_static_plan,planned_offer,F0116,F0116-P02,,rice,,,,PLANNED,,4708.0,4708.0,False,,,False,B3
p6_dev,20260812,99,stage1_static_plan,planned_offer,F0117,F0117-P02,,rice,,,,PLANNED,,10463.0,10463.0,False,,,False,B3
p6_dev,20260812,100,stage1_static_plan,planned_offer,F0119,F0119-P01,,soybean,,,,PLANNED,,1719.0,1719.0,False,,,False,B3
p6_dev,20260812,101,stage1_static_plan,planned_offer,F0120,F0120-P01,,rice,,,,PLANNED,,1603.0,1603.0,False,,,False,B3
p6_dev,20260812,102,stage1_static_plan,planned_offer,F0121,F0121-P01,,soybean,,,,PLANNED,,5302.0,5302.0,False,,,False,B3
p6_dev,20260812,103,stage1_static_plan,planned_offer,F0122,F0122-P01,,maize,,,,PLANNED,,9058.0,9058.0,False,,,False,B3
p6_dev,20260812,104,stage1_static_plan,planned_offer,F0123,F0123-P01,,sorghum,,,,PLANNED,,15515.0,15515.0,False,,,False,B3
p6_dev,20260812,105,stage1_static_plan,planned_offer,F0126,F0126-P01,,maize,,,,PLANNED,,35367.0,35367.0,False,,,False,B3
p6_dev,20260812,106,stage1_static_plan,planned_offer,F0126,F0126-P02,,maize,,,,PLANNED,,103289.0,103289.0,False,,,False,B3
p6_dev,20260812,107,stage1_static_plan,planned_offer,F0127,F0127-P01,,sorghum,,,,PLANNED,,5737.0,5737.0,False,,,False,B3
p6_dev,20260812,108,stage1_static_plan,planned_offer,F0128,F0128-P01,,rice,,,,PLANNED,,1764.0,1764.0,False,,,False,B3
p6_dev,20260812,109,stage1_static_plan,planned_offer,F0128,F0128-P02,,rice,,,,PLANNED,,16540.0,16540.0,False,,,False,B3
p6_dev,20260812,110,stage1_static_plan,planned_offer,F0128,F0128-P03,,rice,,,,PLANNED,,1871.0,1871.0,False,,,False,B3
p6_dev,20260812,111,stage1_static_plan,planned_offer,F0129,F0129-P01,,onion,,,,PLANNED,,55826.0,55826.0,False,,,False,B3
p6_dev,20260812,112,stage1_static_plan,planned_offer,F0129,F0129-P02,,pigeon_pea,,,,PLANNED,,52243.0,52243.0,False,,,False,B3
p6_dev,20260812,113,stage1_static_plan,planned_offer,F0130,F0130-P01,,maize,,,,PLANNED,,7358.0,7358.0,False,,,False,B3
p6_dev,20260812,114,stage1_static_plan,planned_offer,F0131,F0131-P01,,rice,,,,PLANNED,,268.0,268.0,False,,,False,B3
p6_dev,20260812,115,stage1_static_plan,planned_offer,F0131,F0131-P02,,rice,,,,PLANNED,,5178.0,5178.0,False,,,False,B3
p6_dev,20260812,116,stage1_static_plan,planned_offer,F0133,F0133-P01,,onion,,,,PLANNED,,23444.0,23444.0,False,,,False,B3
p6_dev,20260812,117,stage1_static_plan,planned_offer,F0134,F0134-P01,,rice,,,,PLANNED,,6191.0,6191.0,False,,,False,B3
p6_dev,20260812,118,stage1_static_plan,planned_offer,F0135,F0135-P01,,groundnut,,,,PLANNED,,25772.0,25772.0,False,,,False,B3
p6_dev,20260812,119,stage1_static_plan,planned_offer,F0136,F0136-P02,,maize,,,,PLANNED,,1799.0,1799.0,False,,,False,B3
p6_dev,20260812,120,stage1_static_plan,planned_offer,F0138,F0138-P02,,rice,,,,PLANNED,,4863.0,4863.0,False,,,False,B3
p6_dev,20260812,121,stage1_static_plan,planned_offer,F0138,F0138-P03,,groundnut,,,,PLANNED,,645030.0,645030.0,False,,,False,B3
p6_dev,20260812,122,stage1_static_plan,planned_offer,F0139,F0139-P02,,maize,,,,PLANNED,,8895.0,8895.0,False,,,False,B3
p6_dev,20260812,123,stage1_static_plan,planned_offer,F0141,F0141-P02,,sorghum,,,,PLANNED,,1933.0,1933.0,False,,,False,B3
p6_dev,20260812,124,stage1_static_plan,planned_offer,F0142,F0142-P01,,maize,,,,PLANNED,,16566.0,16566.0,False,,,False,B3
p6_dev,20260812,125,stage1_static_plan,planned_offer,F0145,F0145-P01,,sorghum,,,,PLANNED,,1383.0,1383.0,False,,,False,B3
p6_dev,20260812,126,stage1_static_plan,planned_offer,F0145,F0145-P02,,sorghum,,,,PLANNED,,13125.0,13125.0,False,,,False,B3
p6_dev,20260812,127,stage1_static_plan,planned_offer,F0146,F0146-P01,,maize,,,,PLANNED,,1537.0,1537.0,False,,,False,B3
p6_dev,20260812,128,stage1_static_plan,planned_offer,F0147,F0147-P02,,onion,,,,PLANNED,,31029.0,31029.0,False,,,False,B3
p6_dev,20260812,129,stage1_static_plan,planned_offer,F0148,F0148-P01,,groundnut,,,,PLANNED,,324530.0,324530.0,False,,,False,B3
p6_dev,20260812,130,stage1_static_plan,planned_offer,F0149,F0149-P01,,maize,,,,PLANNED,,30282.0,30282.0,False,,,False,B3
p6_dev,20260812,131,stage1_static_plan,planned_offer,F0150,F0150-P02,,maize,,,,PLANNED,,8172.0,8172.0,False,,,False,B3
p6_dev,20260812,132,stage1_static_plan,planned_offer,F0150,F0150-P03,,onion,,,,PLANNED,,95813.0,95813.0,False,,,False,B3
p6_dev,20260812,133,stage1_static_plan,planned_offer,F0152,F0152-P03,,soybean,,,,PLANNED,,13615.0,13615.0,False,,,False,B3
p6_dev,20260812,134,stage1_static_plan,planned_offer,F0153,F0153-P03,,groundnut,,,,PLANNED,,59179.0,59179.0,False,,,False,B3
p6_dev,20260812,135,stage1_static_plan,planned_offer,F0154,F0154-P01,,maize,,,,PLANNED,,74070.0,74070.0,False,,,False,B3
p6_dev,20260812,136,stage1_static_plan,planned_offer,F0156,F0156-P01,,maize,,,,PLANNED,,9102.0,9102.0,False,,,False,B3
p6_dev,20260812,137,stage1_static_plan,planned_offer,F0156,F0156-P02,,onion,,,,PLANNED,,167219.0,167219.0,False,,,False,B3
p6_dev,20260812,138,stage1_static_plan,planned_offer,F0156,F0156-P03,,maize,,,,PLANNED,,31085.0,31085.0,False,,,False,B3
p6_dev,20260812,139,stage1_static_plan,planned_offer,F0158,F0158-P02,,rice,,,,PLANNED,,23388.0,23388.0,False,,,False,B3
p6_dev,20260812,140,stage1_static_plan,planned_offer,F0159,F0159-P01,,rice,,,,PLANNED,,11966.0,11966.0,False,,,False,B3
p6_dev,20260812,141,stage1_static_plan,planned_offer,F0160,F0160-P03,,groundnut,,,,PLANNED,,57376.0,57376.0,False,,,False,B3
p6_dev,20260812,142,stage1_static_plan,planned_offer,F0162,F0162-P01,,rice,,,,PLANNED,,9001.0,9001.0,False,,,False,B3
p6_dev,20260812,143,stage1_static_plan,planned_offer,F0163,F0163-P01,,rice,,,,PLANNED,,1610.0,1610.0,False,,,False,B3
p6_dev,20260812,144,stage1_static_plan,planned_offer,F0166,F0166-P01,,rice,,,,PLANNED,,2602.0,2602.0,False,,,False,B3
p6_dev,20260812,145,stage1_static_plan,planned_offer,F0167,F0167-P01,,rice,,,,PLANNED,,5218.0,5218.0,False,,,False,B3
p6_dev,20260812,146,stage1_static_plan,planned_offer,F0169,F0169-P02,,onion,,,,PLANNED,,1867.0,1867.0,False,,,False,B3
p6_dev,20260812,147,stage1_static_plan,planned_offer,F0175,F0175-P01,,sorghum,,,,PLANNED,,30574.0,30574.0,False,,,False,B3
p6_dev,20260812,148,stage1_static_plan,planned_offer,F0177,F0177-P01,,pigeon_pea,,,,PLANNED,,76560.0,76560.0,False,,,False,B3
p6_dev,20260812,149,stage1_static_plan,planned_offer,F0178,F0178-P01,,pigeon_pea,,,,PLANNED,,76207.0,76207.0,False,,,False,B3
p6_dev,20260812,150,stage1_static_plan,planned_offer,F0178,F0178-P02,,onion,,,,PLANNED,,45829.0,45829.0,False,,,False,B3
p6_dev,20260812,151,stage1_static_plan,planned_offer,F0179,F0179-P01,,onion,,,,PLANNED,,78286.0,78286.0,False,,,False,B3
p6_dev,20260812,152,stage1_static_plan,planned_offer,F0179,F0179-P02,,pigeon_pea,,,,PLANNED,,18277.0,18277.0,False,,,False,B3
p6_dev,20260812,153,stage1_static_plan,planned_offer,F0180,F0180-P01,,groundnut,,,,PLANNED,,5667.0,5667.0,False,,,False,B3
p6_dev,20260812,154,stage1_static_plan,planned_offer,F0181,F0181-P02,,onion,,,,PLANNED,,204999.0,204999.0,False,,,False,B3
p6_dev,20260812,155,stage1_static_plan,planned_offer,F0183,F0183-P01,,maize,,,,PLANNED,,18279.0,18279.0,False,,,False,B3
p6_dev,20260812,156,stage1_static_plan,planned_offer,F0188,F0188-P01,,maize,,,,PLANNED,,6087.0,6087.0,False,,,False,B3
p6_dev,20260812,157,stage1_static_plan,planned_offer,F0188,F0188-P02,,pigeon_pea,,,,PLANNED,,147825.0,147825.0,False,,,False,B3
p6_dev,20260812,158,stage1_static_plan,planned_offer,F0188,F0188-P03,,onion,,,,PLANNED,,32068.0,32068.0,False,,,False,B3
p6_dev,20260812,159,stage1_static_plan,planned_offer,F0188,F0188-P04,,maize,,,,PLANNED,,15003.0,15003.0,False,,,False,B3
p6_dev,20260812,160,stage1_static_plan,planned_offer,F0189,F0189-P01,,onion,,,,PLANNED,,69069.0,69069.0,False,,,False,B3
p6_dev,20260812,161,stage1_static_plan,planned_offer,F0190,F0190-P01,,maize,,,,PLANNED,,21452.0,21452.0,False,,,False,B3
p6_dev,20260812,162,stage1_static_plan,planned_offer,F0192,F0192-P02,,groundnut,,,,PLANNED,,51119.0,51119.0,False,,,False,B3
p6_dev,20260812,163,stage1_static_plan,planned_offer,F0193,F0193-P01,,maize,,,,PLANNED,,83428.0,83428.0,False,,,False,B3
p6_dev,20260812,164,stage1_static_plan,planned_offer,F0193,F0193-P02,,maize,,,,PLANNED,,25520.0,25520.0,False,,,False,B3
p6_dev,20260812,165,stage1_static_plan,planned_offer,F0194,F0194-P01,,onion,,,,PLANNED,,54917.0,54917.0,False,,,False,B3
p6_dev,20260812,166,stage1_static_plan,planned_offer,F0195,F0195-P01,,soybean,,,,PLANNED,,10240.0,10240.0,False,,,False,B3
p6_dev,20260812,167,stage1_static_plan,planned_offer,F0198,F0198-P01,,soybean,,,,PLANNED,,8598.0,8598.0,False,,,False,B3
p6_dev,20260812,168,stage1_static_plan,planned_offer,F0200,F0200-P01,,pigeon_pea,,,,PLANNED,,1373.0,1373.0,False,,,False,B3
p6_dev,20260812,169,stage1_static_plan,planned_offer,F0201,F0201-P01,,onion,,,,PLANNED,,9258.0,9258.0,False,,,False,B3
p6_dev,20260812,170,stage1_static_plan,planned_offer,F0202,F0202-P01,,maize,,,,PLANNED,,5134.0,5134.0,False,,,False,B3
p6_dev,20260812,171,stage1_static_plan,planned_offer,F0202,F0202-P03,,maize,,,,PLANNED,,47908.0,47908.0,False,,,False,B3
p6_dev,20260812,172,stage1_static_plan,planned_offer,F0203,F0203-P01,,soybean,,,,PLANNED,,6588.0,6588.0,False,,,False,B3
p6_dev,20260812,173,stage1_static_plan,planned_offer,F0204,F0204-P01,,soybean,,,,PLANNED,,4173.0,4173.0,False,,,False,B3
p6_dev,20260812,174,stage1_static_plan,planned_offer,F0205,F0205-P01,,onion,,,,PLANNED,,125674.0,125674.0,False,,,False,B3
p6_dev,20260812,175,stage1_static_plan,planned_offer,F0205,F0205-P02,,sorghum,,,,PLANNED,,7812.0,7812.0,False,,,False,B3
p6_dev,20260812,176,stage1_static_plan,planned_offer,F0207,F0207-P02,,rice,,,,PLANNED,,630.0,630.0,False,,,False,B3
p6_dev,20260812,177,stage1_static_plan,planned_offer,F0208,F0208-P01,,soybean,,,,PLANNED,,1235.0,1235.0,False,,,False,B3
p6_dev,20260812,178,stage1_static_plan,planned_offer,F0211,F0211-P01,,rice,,,,PLANNED,,1663.0,1663.0,False,,,False,B3
p6_dev,20260812,179,stage1_static_plan,planned_offer,F0211,F0211-P02,,rice,,,,PLANNED,,798.0,798.0,False,,,False,B3
p6_dev,20260812,180,stage1_static_plan,planned_offer,F0211,F0211-P03,,rice,,,,PLANNED,,4521.0,4521.0,False,,,False,B3
p6_dev,20260812,181,stage1_static_plan,planned_offer,F0212,F0212-P01,,pigeon_pea,,,,PLANNED,,43771.0,43771.0,False,,,False,B3
p6_dev,20260812,182,stage1_static_plan,planned_offer,F0212,F0212-P02,,maize,,,,PLANNED,,1080.0,1080.0,False,,,False,B3
p6_dev,20260812,183,stage1_static_plan,planned_offer,F0213,F0213-P01,,onion,,,,PLANNED,,78806.0,78806.0,False,,,False,B3
p6_dev,20260812,184,stage1_static_plan,planned_offer,F0215,F0215-P01,,soybean,,,,PLANNED,,2135.0,2135.0,False,,,False,B3
p6_dev,20260812,185,stage1_static_plan,planned_offer,F0216,F0216-P01,,maize,,,,PLANNED,,7948.0,7948.0,False,,,False,B3
p6_dev,20260812,186,stage1_static_plan,planned_offer,F0216,F0216-P02,,sorghum,,,,PLANNED,,1839.0,1839.0,False,,,False,B3
p6_dev,20260812,187,stage1_static_plan,planned_offer,F0219,F0219-P01,,sorghum,,,,PLANNED,,8724.0,8724.0,False,,,False,B3
p6_dev,20260812,188,stage1_static_plan,planned_offer,F0220,F0220-P02,,maize,,,,PLANNED,,10014.0,10014.0,False,,,False,B3
p6_dev,20260812,189,stage1_static_plan,planned_offer,F0221,F0221-P01,,soybean,,,,PLANNED,,1973.0,1973.0,False,,,False,B3
p6_dev,20260812,190,stage1_static_plan,planned_offer,F0222,F0222-P04,,groundnut,,,,PLANNED,,273730.0,273730.0,False,,,False,B3
p6_dev,20260812,191,stage1_static_plan,planned_offer,F0227,F0227-P01,,rice,,,,PLANNED,,2327.0,2327.0,False,,,False,B3
p6_dev,20260812,192,stage1_static_plan,planned_offer,F0228,F0228-P01,,maize,,,,PLANNED,,8372.0,8372.0,False,,,False,B3
p6_dev,20260812,193,stage1_static_plan,planned_offer,F0230,F0230-P01,,maize,,,,PLANNED,,16511.0,16511.0,False,,,False,B3
p6_dev,20260812,194,stage1_static_plan,planned_offer,F0233,F0233-P01,,rice,,,,PLANNED,,3434.0,3434.0,False,,,False,B3
p6_dev,20260812,195,stage1_static_plan,planned_offer,F0234,F0234-P01,,onion,,,,PLANNED,,42713.0,42713.0,False,,,False,B3
p6_dev,20260812,196,stage1_static_plan,planned_offer,F0234,F0234-P02,,maize,,,,PLANNED,,10945.0,10945.0,False,,,False,B3
p6_dev,20260812,197,stage1_static_plan,planned_offer,F0236,F0236-P02,,soybean,,,,PLANNED,,8913.0,8913.0,False,,,False,B3
p6_dev,20260812,198,stage1_static_plan,planned_offer,F0237,F0237-P01,,pigeon_pea,,,,PLANNED,,35809.0,35809.0,False,,,False,B3
p6_dev,20260812,199,stage1_static_plan,planned_offer,F0238,F0238-P01,,sorghum,,,,PLANNED,,3081.0,3081.0,False,,,False,B3
p6_dev,20260812,200,stage1_static_plan,planned_offer,F0239,F0239-P02,,groundnut,,,,PLANNED,,21473.0,21473.0,False,,,False,B3
p6_dev,20260812,201,stage1_static_plan,planned_offer,F0240,F0240-P01,,sorghum,,,,PLANNED,,18517.0,18517.0,False,,,False,B3
p6_dev,20260812,202,stage1_static_plan,planned_offer,F0241,F0241-P02,,groundnut,,,,PLANNED,,20465.0,20465.0,False,,,False,B3
p6_dev,20260812,203,stage1_static_plan,planned_offer,F0242,F0242-P03,,rice,,,,PLANNED,,16956.0,16956.0,False,,,False,B3
p6_dev,20260812,204,stage1_static_plan,planned_offer,F0243,F0243-P02,,groundnut,,,,PLANNED,,4666.0,4666.0,False,,,False,B3
p6_dev,20260812,205,stage1_static_plan,planned_offer,F0245,F0245-P01,,onion,,,,PLANNED,,198118.0,198118.0,False,,,False,B3
p6_dev,20260812,206,stage1_static_plan,planned_offer,F0245,F0245-P02,,maize,,,,PLANNED,,23956.0,23956.0,False,,,False,B3
p6_dev,20260812,207,stage1_static_plan,planned_offer,F0245,F0245-P03,,rice,,,,PLANNED,,6618.0,6618.0,False,,,False,B3
p6_dev,20260812,208,stage1_static_plan,planned_offer,F0247,F0247-P01,,rice,,,,PLANNED,,2951.0,2951.0,False,,,False,B3
p6_dev,20260812,209,stage1_static_plan,planned_offer,F0247,F0247-P02,,rice,,,,PLANNED,,832.0,832.0,False,,,False,B3
p6_dev,20260812,210,stage1_static_plan,planned_offer,F0248,F0248-P02,,groundnut,,,,PLANNED,,3606.0,3606.0,False,,,False,B3
p6_dev,20260812,211,stage1_static_plan,planned_offer,F0251,F0251-P01,,soybean,,,,PLANNED,,1933.0,1933.0,False,,,False,B3
p6_dev,20260812,212,stage1_static_plan,planned_offer,F0252,F0252-P01,,soybean,,,,PLANNED,,1962.0,1962.0,False,,,False,B3
p6_dev,20260812,213,stage1_static_plan,planned_offer,F0253,F0253-P02,,maize,,,,PLANNED,,2550.0,2550.0,False,,,False,B3
p6_dev,20260812,214,stage1_static_plan,planned_offer,F0254,F0254-P01,,soybean,,,,PLANNED,,4494.0,4494.0,False,,,False,B3
p6_dev,20260812,215,stage1_static_plan,planned_offer,F0258,F0258-P02,,maize,,,,PLANNED,,4120.0,4120.0,False,,,False,B3
p6_dev,20260812,216,stage1_static_plan,planned_offer,F0259,F0259-P02,,onion,,,,PLANNED,,6645.0,6645.0,False,,,False,B3
p6_dev,20260812,217,stage1_static_plan,planned_offer,F0262,F0262-P01,,rice,,,,PLANNED,,6030.0,6030.0,False,,,False,B3
p6_dev,20260812,218,stage1_static_plan,planned_offer,F0262,F0262-P02,,rice,,,,PLANNED,,443.0,443.0,False,,,False,B3
p6_dev,20260812,219,stage1_static_plan,planned_offer,F0266,F0266-P01,,rice,,,,PLANNED,,3166.0,3166.0,False,,,False,B3
p6_dev,20260812,220,stage1_static_plan,planned_offer,F0267,F0267-P01,,maize,,,,PLANNED,,33912.0,33912.0,False,,,False,B3
p6_dev,20260812,221,stage1_static_plan,planned_offer,F0268,F0268-P01,,rice,,,,PLANNED,,3709.0,3709.0,False,,,False,B3
p6_dev,20260812,222,stage1_static_plan,planned_offer,F0269,F0269-P02,,maize,,,,PLANNED,,32963.0,32963.0,False,,,False,B3
p6_dev,20260812,223,stage1_static_plan,planned_offer,F0275,F0275-P01,,rice,,,,PLANNED,,1905.0,1905.0,False,,,False,B3
p6_dev,20260812,224,stage1_static_plan,planned_offer,F0277,F0277-P01,,rice,,,,PLANNED,,1502.0,1502.0,False,,,False,B3
p6_dev,20260812,225,stage1_static_plan,planned_offer,F0278,F0278-P01,,maize,,,,PLANNED,,15533.0,15533.0,False,,,False,B3
p6_dev,20260812,226,stage1_static_plan,planned_offer,F0279,F0279-P02,,rice,,,,PLANNED,,1844.0,1844.0,False,,,False,B3
p6_dev,20260812,227,stage1_static_plan,planned_offer,F0280,F0280-P01,,onion,,,,PLANNED,,26095.0,26095.0,False,,,False,B3
p6_dev,20260812,228,stage1_static_plan,planned_offer,F0280,F0280-P02,,soybean,,,,PLANNED,,10259.0,10259.0,False,,,False,B3
p6_dev,20260812,229,stage1_static_plan,planned_offer,F0281,F0281-P01,,rice,,,,PLANNED,,2073.0,2073.0,False,,,False,B3
p6_dev,20260812,230,stage1_static_plan,planned_offer,F0281,F0281-P02,,rice,,,,PLANNED,,2368.0,2368.0,False,,,False,B3
p6_dev,20260812,231,stage1_static_plan,planned_offer,F0282,F0282-P01,,rice,,,,PLANNED,,785.0,785.0,False,,,False,B3
p6_dev,20260812,232,stage1_static_plan,planned_offer,F0284,F0284-P01,,rice,,,,PLANNED,,1992.0,1992.0,False,,,False,B3
p6_dev,20260812,233,stage1_static_plan,planned_offer,F0285,F0285-P01,,sorghum,,,,PLANNED,,6571.0,6571.0,False,,,False,B3
p6_dev,20260812,234,stage1_static_plan,planned_offer,F0286,F0286-P02,,onion,,,,PLANNED,,19474.0,19474.0,False,,,False,B3
p6_dev,20260812,235,stage1_static_plan,planned_offer,F0288,F0288-P03,,maize,,,,PLANNED,,140748.0,140748.0,False,,,False,B3
p6_dev,20260812,236,stage1_static_plan,planned_offer,F0290,F0290-P02,,maize,,,,PLANNED,,687.0,687.0,False,,,False,B3
p6_dev,20260812,237,stage1_static_plan,planned_offer,F0291,F0291-P02,,onion,,,,PLANNED,,45245.0,45245.0,False,,,False,B3
p6_dev,20260812,238,stage1_static_plan,planned_offer,F0293,F0293-P01,,groundnut,,,,PLANNED,,138721.0,138721.0,False,,,False,B3
p6_dev,20260812,239,stage1_static_plan,planned_offer,F0293,F0293-P03,,rice,,,,PLANNED,,1066.0,1066.0,False,,,False,B3
p6_dev,20260812,240,stage1_static_plan,planned_offer,F0294,F0294-P01,,rice,,,,PLANNED,,4702.0,4702.0,False,,,False,B3
p6_dev,20260812,241,stage1_static_plan,planned_offer,F0296,F0296-P01,,cotton,,,,PLANNED,,15920.0,15920.0,False,,,False,B3
p6_dev,20260812,242,stage1_static_plan,planned_offer,F0297,F0297-P02,,rice,,,,PLANNED,,3810.0,3810.0,False,,,False,B3
p6_dev,20260812,243,stage1_static_plan,planned_offer,F0299,F0299-P01,,soybean,,,,PLANNED,,2158.0,2158.0,False,,,False,B3
p6_dev,20260812,244,stage1_static_plan,planned_offer,F0300,F0300-P02,,maize,,,,PLANNED,,11348.0,11348.0,False,,,False,B3
p6_dev,20260812,245,stage1_static_plan,planned_offer,F0304,F0304-P01,,onion,,,,PLANNED,,14410.0,14410.0,False,,,False,B3
p6_dev,20260812,246,stage1_static_plan,planned_offer,F0305,F0305-P01,,rice,,,,PLANNED,,2649.0,2649.0,False,,,False,B3
p6_dev,20260812,247,stage1_static_plan,planned_offer,F0309,F0309-P01,,onion,,,,PLANNED,,83090.0,83090.0,False,,,False,B3
p6_dev,20260812,248,stage1_static_plan,planned_offer,F0309,F0309-P03,,onion,,,,PLANNED,,7400.0,7400.0,False,,,False,B3
p6_dev,20260812,249,stage1_static_plan,planned_offer,F0313,F0313-P01,,sorghum,,,,PLANNED,,12607.0,12607.0,False,,,False,B3
p6_dev,20260812,250,stage1_static_plan,planned_offer,F0314,F0314-P01,,maize,,,,PLANNED,,25965.0,25965.0,False,,,False,B3
p6_dev,20260812,251,stage1_static_plan,planned_offer,F0316,F0316-P01,,rice,,,,PLANNED,,1972.0,1972.0,False,,,False,B3
p6_dev,20260812,252,stage1_static_plan,planned_offer,F0316,F0316-P02,,rice,,,,PLANNED,,4413.0,4413.0,False,,,False,B3
p6_dev,20260812,253,stage1_static_plan,planned_offer,F0317,F0317-P01,,soybean,,,,PLANNED,,10667.0,10667.0,False,,,False,B3
p6_dev,20260812,254,stage1_static_plan,planned_offer,F0317,F0317-P02,,soybean,,,,PLANNED,,9473.0,9473.0,False,,,False,B3
p6_dev,20260812,255,stage1_static_plan,planned_offer,F0318,F0318-P01,,rice,,,,PLANNED,,3857.0,3857.0,False,,,False,B3
p6_dev,20260812,256,stage1_static_plan,planned_offer,F0318,F0318-P02,,groundnut,,,,PLANNED,,244670.0,244670.0,False,,,False,B3
p6_dev,20260812,257,stage1_static_plan,planned_offer,F0318,F0318-P03,,groundnut,,,,PLANNED,,289108.0,289108.0,False,,,False,B3
p6_dev,20260812,258,stage1_static_plan,planned_offer,F0319,F0319-P01,,rice,,,,PLANNED,,885.0,885.0,False,,,False,B3
p6_dev,20260812,259,stage1_static_plan,planned_offer,F0321,F0321-P01,,soybean,,,,PLANNED,,2313.0,2313.0,False,,,False,B3
p6_dev,20260812,260,stage1_static_plan,planned_offer,F0322,F0322-P02,,rice,,,,PLANNED,,2079.0,2079.0,False,,,False,B3
p6_dev,20260812,261,stage1_static_plan,planned_offer,F0323,F0323-P01,,soybean,,,,PLANNED,,5988.0,5988.0,False,,,False,B3
p6_dev,20260812,262,stage1_static_plan,planned_offer,F0328,F0328-P04,,onion,,,,PLANNED,,168510.0,168510.0,False,,,False,B3
p6_dev,20260812,263,stage1_static_plan,planned_offer,F0329,F0329-P01,,maize,,,,PLANNED,,15730.0,15730.0,False,,,False,B3
p6_dev,20260812,264,stage1_static_plan,planned_offer,F0330,F0330-P01,,rice,,,,PLANNED,,7673.0,7673.0,False,,,False,B3
p6_dev,20260812,265,stage1_static_plan,planned_offer,F0334,F0334-P02,,maize,,,,PLANNED,,8862.0,8862.0,False,,,False,B3
p6_dev,20260812,266,stage1_static_plan,planned_offer,F0336,F0336-P03,,groundnut,,,,PLANNED,,337257.0,337257.0,False,,,False,B3
p6_dev,20260812,267,stage1_static_plan,planned_offer,F0337,F0337-P02,,groundnut,,,,PLANNED,,15802.0,15802.0,False,,,False,B3
p6_dev,20260812,268,stage1_static_plan,planned_offer,F0339,F0339-P01,,onion,,,,PLANNED,,9855.0,9855.0,False,,,False,B3
p6_dev,20260812,269,stage1_static_plan,planned_offer,F0340,F0340-P01,,rice,,,,PLANNED,,3736.0,3736.0,False,,,False,B3
p6_dev,20260812,270,stage1_static_plan,planned_offer,F0341,F0341-P02,,groundnut,,,,PLANNED,,46028.0,46028.0,False,,,False,B3
p6_dev,20260812,271,stage1_static_plan,planned_offer,F0342,F0342-P01,,rice,,,,PLANNED,,3044.0,3044.0,False,,,False,B3
p6_dev,20260812,272,stage1_static_plan,planned_offer,F0345,F0345-P01,,soybean,,,,PLANNED,,33311.0,33311.0,False,,,False,B3
p6_dev,20260812,273,stage1_static_plan,planned_offer,F0346,F0346-P01,,maize,,,,PLANNED,,24526.0,24526.0,False,,,False,B3
p6_dev,20260812,274,stage1_static_plan,planned_offer,F0348,F0348-P01,,rice,,,,PLANNED,,2562.0,2562.0,False,,,False,B3
p6_dev,20260812,275,stage1_static_plan,planned_offer,F0350,F0350-P02,,rice,,,,PLANNED,,1744.0,1744.0,False,,,False,B3
p6_dev,20260812,276,stage1_static_plan,planned_offer,F0351,F0351-P01,,rice,,,,PLANNED,,2435.0,2435.0,False,,,False,B3
p6_dev,20260812,277,stage1_static_plan,planned_offer,F0351,F0351-P02,,rice,,,,PLANNED,,3005.0,3005.0,False,,,False,B3
p6_dev,20260812,278,stage1_static_plan,planned_offer,F0352,F0352-P01,,soybean,,,,PLANNED,,1788.0,1788.0,False,,,False,B3
p6_dev,20260812,279,stage1_static_plan,planned_offer,F0354,F0354-P01,,onion,,,,PLANNED,,918016.0,918016.0,False,,,False,B3
p6_dev,20260812,280,stage1_static_plan,planned_offer,F0354,F0354-P02,,maize,,,,PLANNED,,39183.0,39183.0,False,,,False,B3
p6_dev,20260812,281,stage1_static_plan,planned_offer,F0355,F0355-P01,,rice,,,,PLANNED,,6982.0,6982.0,False,,,False,B3
p6_dev,20260812,282,stage1_static_plan,planned_offer,F0355,F0355-P02,,rice,,,,PLANNED,,3427.0,3427.0,False,,,False,B3
p6_dev,20260812,283,stage1_static_plan,planned_offer,F0356,F0356-P01,,maize,,,,PLANNED,,31067.0,31067.0,False,,,False,B3
p6_dev,20260812,284,stage1_static_plan,planned_offer,F0356,F0356-P02,,maize,,,,PLANNED,,2583.0,2583.0,False,,,False,B3
p6_dev,20260812,285,stage1_static_plan,planned_offer,F0358,F0358-P02,,pigeon_pea,,,,PLANNED,,4354.0,4354.0,False,,,False,B3
p6_dev,20260812,286,stage1_static_plan,planned_offer,F0359,F0359-P01,,pigeon_pea,,,,PLANNED,,36947.0,36947.0,False,,,False,B3
p6_dev,20260812,287,stage1_static_plan,planned_offer,F0362,F0362-P01,,soybean,,,,PLANNED,,3433.0,3433.0,False,,,False,B3
p6_dev,20260812,288,stage1_static_plan,planned_offer,F0363,F0363-P01,,rice,,,,PLANNED,,6882.0,6882.0,False,,,False,B3
p6_dev,20260812,289,stage1_static_plan,planned_offer,F0365,F0365-P02,,soybean,,,,PLANNED,,2613.0,2613.0,False,,,False,B3
p6_dev,20260812,290,stage1_static_plan,planned_offer,F0365,F0365-P03,,onion,,,,PLANNED,,3658.0,3658.0,False,,,False,B3
p6_dev,20260812,291,stage1_static_plan,planned_offer,F0366,F0366-P02,,maize,,,,PLANNED,,7292.0,7292.0,False,,,False,B3
p6_dev,20260812,292,stage1_static_plan,planned_offer,F0367,F0367-P02,,onion,,,,PLANNED,,101526.0,101526.0,False,,,False,B3
p6_dev,20260812,293,stage1_static_plan,planned_offer,F0368,F0368-P01,,maize,,,,PLANNED,,6813.0,6813.0,False,,,False,B3
p6_dev,20260812,294,stage1_static_plan,planned_offer,F0370,F0370-P01,,maize,,,,PLANNED,,14221.0,14221.0,False,,,False,B3
p6_dev,20260812,295,stage1_static_plan,planned_offer,F0371,F0371-P01,,maize,,,,PLANNED,,6835.0,6835.0,False,,,False,B3
p6_dev,20260812,296,stage1_static_plan,planned_offer,F0371,F0371-P03,,maize,,,,PLANNED,,49805.0,49805.0,False,,,False,B3
p6_dev,20260812,297,stage1_static_plan,planned_offer,F0372,F0372-P01,,soybean,,,,PLANNED,,19286.0,19286.0,False,,,False,B3
p6_dev,20260812,298,stage1_static_plan,planned_offer,F0372,F0372-P03,,soybean,,,,PLANNED,,3888.0,3888.0,False,,,False,B3
p6_dev,20260812,299,stage1_static_plan,planned_offer,F0374,F0374-P01,,maize,,,,PLANNED,,38719.0,38719.0,False,,,False,B3
p6_dev,20260812,300,stage1_static_plan,planned_offer,F0374,F0374-P04,,maize,,,,PLANNED,,40681.0,40681.0,False,,,False,B3
p6_dev,20260812,301,stage1_static_plan,planned_offer,F0375,F0375-P02,,maize,,,,PLANNED,,27502.0,27502.0,False,,,False,B3
p6_dev,20260812,302,stage1_static_plan,planned_offer,F0375,F0375-P03,,maize,,,,PLANNED,,10530.0,10530.0,False,,,False,B3
p6_dev,20260812,303,stage1_static_plan,planned_offer,F0376,F0376-P02,,maize,,,,PLANNED,,23218.0,23218.0,False,,,False,B3
p6_dev,20260812,304,stage1_static_plan,planned_offer,F0377,F0377-P01,,rice,,,,PLANNED,,1791.0,1791.0,False,,,False,B3
p6_dev,20260812,305,stage1_static_plan,planned_offer,F0378,F0378-P02,,groundnut,,,,PLANNED,,29281.0,29281.0,False,,,False,B3
p6_dev,20260812,306,stage1_static_plan,planned_offer,F0379,F0379-P02,,maize,,,,PLANNED,,6571.0,6571.0,False,,,False,B3
p6_dev,20260812,307,stage1_static_plan,planned_offer,F0381,F0381-P01,,cotton,,,,PLANNED,,8010.0,8010.0,False,,,False,B3
p6_dev,20260812,308,stage1_static_plan,planned_offer,F0382,F0382-P01,,soybean,,,,PLANNED,,2867.0,2867.0,False,,,False,B3
p6_dev,20260812,309,stage1_static_plan,planned_offer,F0387,F0387-P02,,rice,,,,PLANNED,,1603.0,1603.0,False,,,False,B3
p6_dev,20260812,310,stage1_static_plan,planned_offer,F0387,F0387-P03,,rice,,,,PLANNED,,3434.0,3434.0,False,,,False,B3
p6_dev,20260812,311,stage1_static_plan,planned_offer,F0388,F0388-P02,,maize,,,,PLANNED,,5101.0,5101.0,False,,,False,B3
p6_dev,20260812,312,stage1_static_plan,planned_offer,F0392,F0392-P01,,maize,,,,PLANNED,,15141.0,15141.0,False,,,False,B3
p6_dev,20260812,313,stage1_static_plan,planned_offer,F0394,F0394-P02,,rice,,,,PLANNED,,1945.0,1945.0,False,,,False,B3
p6_dev,20260812,314,stage1_static_plan,planned_offer,F0398,F0398-P01,,onion,,,,PLANNED,,122818.0,122818.0,False,,,False,B3
p6_dev,20260812,315,stage1_static_plan,planned_offer,F0398,F0398-P02,,sorghum,,,,PLANNED,,6633.0,6633.0,False,,,False,B3
p6_dev,20260812,316,stage1_static_plan,planned_offer,F0398,F0398-P03,,maize,,,,PLANNED,,13532.0,13532.0,False,,,False,B3
p6_dev,20260812,317,stage1_static_plan,planned_offer,F0399,F0399-P02,,maize,,,,PLANNED,,6475.0,6475.0,False,,,False,B3
p6_dev,20260812,318,stage1_static_plan,planned_offer,F0400,F0400-P02,,rice,,,,PLANNED,,11074.0,11074.0,False,,,False,B3
p6_dev,20260812,319,stage1_static_plan,planned_offer,F0403,F0403-P01,,soybean,,,,PLANNED,,2642.0,2642.0,False,,,False,B3
p6_dev,20260812,320,stage1_static_plan,planned_offer,F0404,F0404-P02,,rice,,,,PLANNED,,1382.0,1382.0,False,,,False,B3
p6_dev,20260812,321,stage1_static_plan,planned_offer,F0405,F0405-P01,,maize,,,,PLANNED,,3009.0,3009.0,False,,,False,B3
p6_dev,20260812,322,stage1_static_plan,planned_offer,F0405,F0405-P02,,maize,,,,PLANNED,,55299.0,55299.0,False,,,False,B3
p6_dev,20260812,323,stage1_static_plan,planned_offer,F0406,F0406-P01,,rice,,,,PLANNED,,1449.0,1449.0,False,,,False,B3
p6_dev,20260812,324,stage1_static_plan,planned_offer,F0406,F0406-P02,,rice,,,,PLANNED,,1744.0,1744.0,False,,,False,B3
p6_dev,20260812,325,stage1_static_plan,planned_offer,F0408,F0408-P01,,soybean,,,,PLANNED,,7084.0,7084.0,False,,,False,B3
p6_dev,20260812,326,stage1_static_plan,planned_offer,F0408,F0408-P02,,soybean,,,,PLANNED,,5902.0,5902.0,False,,,False,B3
p6_dev,20260812,327,stage1_static_plan,planned_offer,F0412,F0412-P02,,soybean,,,,PLANNED,,704.0,704.0,False,,,False,B3
p6_dev,20260812,328,stage1_static_plan,planned_offer,F0413,F0413-P03,,rice,,,,PLANNED,,2918.0,2918.0,False,,,False,B3
p6_dev,20260812,329,stage1_static_plan,planned_offer,F0414,F0414-P01,,soybean,,,,PLANNED,,6756.0,6756.0,False,,,False,B3
p6_dev,20260812,330,stage1_static_plan,planned_offer,F0415,F0415-P01,,maize,,,,PLANNED,,3139.0,3139.0,False,,,False,B3
p6_dev,20260812,331,stage1_static_plan,planned_offer,F0415,F0415-P02,,maize,,,,PLANNED,,36855.0,36855.0,False,,,False,B3
p6_dev,20260812,332,stage1_static_plan,planned_offer,F0417,F0417-P02,,soybean,,,,PLANNED,,14457.0,14457.0,False,,,False,B3
p6_dev,20260812,333,stage1_static_plan,planned_offer,F0418,F0418-P02,,rice,,,,PLANNED,,2582.0,2582.0,False,,,False,B3
p6_dev,20260812,334,stage1_static_plan,planned_offer,F0420,F0420-P01,,soybean,,,,PLANNED,,5238.0,5238.0,False,,,False,B3
p6_dev,20260812,335,stage1_static_plan,planned_offer,F0423,F0423-P01,,pigeon_pea,,,,PLANNED,,67735.0,67735.0,False,,,False,B3
p6_dev,20260812,336,stage1_static_plan,planned_offer,F0424,F0424-P02,,maize,,,,PLANNED,,1439.0,1439.0,False,,,False,B3
p6_dev,20260812,337,stage1_static_plan,planned_offer,F0425,F0425-P01,,onion,,,,PLANNED,,36612.0,36612.0,False,,,False,B3
p6_dev,20260812,338,stage1_static_plan,planned_offer,F0427,F0427-P01,,groundnut,,,,PLANNED,,32304.0,32304.0,False,,,False,B3
p6_dev,20260812,339,stage1_static_plan,planned_offer,F0428,F0428-P02,,maize,,,,PLANNED,,55102.0,55102.0,False,,,False,B3
p6_dev,20260812,340,stage1_static_plan,planned_offer,F0428,F0428-P04,,maize,,,,PLANNED,,62166.0,62166.0,False,,,False,B3
p6_dev,20260812,341,stage1_static_plan,planned_offer,F0430,F0430-P01,,maize,,,,PLANNED,,57621.0,57621.0,False,,,False,B3
p6_dev,20260812,342,stage1_static_plan,planned_offer,F0431,F0431-P01,,maize,,,,PLANNED,,12230.0,12230.0,False,,,False,B3
p6_dev,20260812,343,stage1_static_plan,planned_offer,F0431,F0431-P02,,maize,,,,PLANNED,,34337.0,34337.0,False,,,False,B3
p6_dev,20260812,344,stage1_static_plan,planned_offer,F0433,F0433-P01,,rice,,,,PLANNED,,3534.0,3534.0,False,,,False,B3
p6_dev,20260812,345,stage1_static_plan,planned_offer,F0435,F0435-P01,,rice,,,,PLANNED,,4266.0,4266.0,False,,,False,B3
p6_dev,20260812,346,stage1_static_plan,planned_offer,F0436,F0436-P01,,cotton,,,,PLANNED,,32746.0,32746.0,False,,,False,B3
p6_dev,20260812,347,stage1_static_plan,planned_offer,F0438,F0438-P01,,maize,,,,PLANNED,,3957.0,3957.0,False,,,False,B3
p6_dev,20260812,348,stage1_static_plan,planned_offer,F0440,F0440-P01,,maize,,,,PLANNED,,8097.0,8097.0,False,,,False,B3
p6_dev,20260812,349,stage1_static_plan,planned_offer,F0443,F0443-P01,,onion,,,,PLANNED,,5583.0,5583.0,False,,,False,B3
p6_dev,20260812,350,stage1_static_plan,planned_offer,F0445,F0445-P01,,rice,,,,PLANNED,,966.0,966.0,False,,,False,B3
p6_dev,20260812,351,stage1_static_plan,planned_offer,F0445,F0445-P02,,groundnut,,,,PLANNED,,38922.0,38922.0,False,,,False,B3
p6_dev,20260812,352,stage1_static_plan,planned_offer,F0448,F0448-P01,,maize,,,,PLANNED,,44703.0,44703.0,False,,,False,B3
p6_dev,20260812,353,stage1_static_plan,planned_offer,F0451,F0451-P02,,cotton,,,,PLANNED,,5229.0,5229.0,False,,,False,B3
p6_dev,20260812,354,stage1_static_plan,planned_offer,F0453,F0453-P01,,onion,,,,PLANNED,,499839.0,499839.0,False,,,False,B3
p6_dev,20260812,355,stage1_static_plan,planned_offer,F0453,F0453-P02,,maize,,,,PLANNED,,16008.0,16008.0,False,,,False,B3
p6_dev,20260812,356,stage1_static_plan,planned_offer,F0459,F0459-P01,,maize,,,,PLANNED,,8507.0,8507.0,False,,,False,B3
p6_dev,20260812,357,stage1_static_plan,planned_offer,F0459,F0459-P02,,sorghum,,,,PLANNED,,5124.0,5124.0,False,,,False,B3
p6_dev,20260812,358,stage1_static_plan,planned_offer,F0460,F0460-P02,,rice,,,,PLANNED,,2576.0,2576.0,False,,,False,B3
p6_dev,20260812,359,stage1_static_plan,planned_offer,F0465,F0465-P01,,soybean,,,,PLANNED,,2400.0,2400.0,False,,,False,B3
p6_dev,20260812,360,stage1_static_plan,planned_offer,F0470,F0470-P01,,maize,,,,PLANNED,,35292.0,35292.0,False,,,False,B3
p6_dev,20260812,361,stage1_static_plan,planned_offer,F0471,F0471-P01,,soybean,,,,PLANNED,,2313.0,2313.0,False,,,False,B3
p6_dev,20260812,362,stage1_static_plan,planned_offer,F0472,F0472-P02,,groundnut,,,,PLANNED,,226005.0,226005.0,False,,,False,B3
p6_dev,20260812,363,stage1_static_plan,planned_offer,F0478,F0478-P01,,maize,,,,PLANNED,,31590.0,31590.0,False,,,False,B3
p6_dev,20260812,364,stage1_static_plan,planned_offer,F0478,F0478-P03,,maize,,,,PLANNED,,40714.0,40714.0,False,,,False,B3
p6_dev,20260812,365,stage1_static_plan,planned_offer,F0479,F0479-P01,,rice,,,,PLANNED,,2401.0,2401.0,False,,,False,B3
p6_dev,20260812,366,stage1_static_plan,planned_offer,F0481,F0481-P02,,rice,,,,PLANNED,,490.0,490.0,False,,,False,B3
p6_dev,20260812,367,stage1_static_plan,planned_offer,F0483,F0483-P02,,soybean,,,,PLANNED,,1662.0,1662.0,False,,,False,B3
p6_dev,20260812,368,stage1_static_plan,planned_offer,F0484,F0484-P01,,soybean,,,,PLANNED,,6081.0,6081.0,False,,,False,B3
p6_dev,20260812,369,stage1_static_plan,planned_offer,F0486,F0486-P01,,rice,,,,PLANNED,,2609.0,2609.0,False,,,False,B3
p6_dev,20260812,370,stage1_static_plan,planned_offer,F0486,F0486-P02,,groundnut,,,,PLANNED,,4348.0,4348.0,False,,,False,B3
p6_dev,20260812,371,stage1_static_plan,planned_offer,F0488,F0488-P02,,rice,,,,PLANNED,,2723.0,2723.0,False,,,False,B3
p6_dev,20260812,372,stage1_static_plan,planned_offer,F0489,F0489-P01,,rice,,,,PLANNED,,2911.0,2911.0,False,,,False,B3
p6_dev,20260812,373,stage1_static_plan,planned_offer,F0490,F0490-P01,,maize,,,,PLANNED,,7718.0,7718.0,False,,,False,B3
p6_dev,20260812,374,stage1_static_plan,planned_offer,F0491,F0491-P01,,sorghum,,,,PLANNED,,9887.0,9887.0,False,,,False,B3
p6_dev,20260812,375,stage1_static_plan,planned_offer,F0492,F0492-P01,,onion,,,,PLANNED,,37910.0,37910.0,False,,,False,B3
p6_dev,20260812,376,stage1_static_plan,planned_offer,F0492,F0492-P02,,maize,,,,PLANNED,,13812.0,13812.0,False,,,False,B3
p6_dev,20260812,377,stage1_static_plan,planned_offer,F0493,F0493-P01,,rice,,,,PLANNED,,2482.0,2482.0,False,,,False,B3
p6_dev,20260812,378,stage1_static_plan,planned_offer,F0496,F0496-P01,,maize,,,,PLANNED,,48936.0,48936.0,False,,,False,B3
p6_dev,20260812,379,stage1_static_plan,planned_offer,F0496,F0496-P02,,onion,,,,PLANNED,,27264.0,27264.0,False,,,False,B3
p6_dev,20260812,380,stage1_static_plan,planned_offer,F0496,F0496-P03,,onion,,,,PLANNED,,114898.0,114898.0,False,,,False,B3
p6_dev,20260812,381,stage1_static_plan,planned_offer,F0497,F0497-P01,,sorghum,,,,PLANNED,,582.0,582.0,False,,,False,B3
p6_dev,20260812,382,stage1_static_plan,planned_offer,F0499,F0499-P02,,soybean,,,,PLANNED,,265.0,265.0,False,,,False,B3
p6_dev,20260812,383,stage2_initial_response,farmer_response,F0001,F0001-P03,onion,onion,ACCEPT,,,REALIZED_INITIAL,,258775.0,258775.0,True,,,False,phase1
p6_dev,20260812,384,stage2_initial_response,farmer_response,F0003,F0003-P01,rice,rice,ACCEPT,,,REALIZED_INITIAL,,476.0,476.0,True,,,False,phase1
p6_dev,20260812,385,stage2_initial_response,farmer_response,F0004,F0004-P01,maize,maize,ACCEPT,,,REALIZED_INITIAL,,4873.0,4873.0,True,,,False,phase1
p6_dev,20260812,386,stage2_initial_response,farmer_response,F0005,F0005-P01,soybean,soybean,ACCEPT,,,REALIZED_INITIAL,,3669.0,3669.0,True,,,False,phase1
p6_dev,20260812,387,stage2_initial_response,farmer_response,F0005,F0005-P02,onion,onion,ACCEPT,,,REALIZED_INITIAL,,17844.0,17844.0,True,,,False,phase1
p6_dev,20260812,388,stage2_initial_response,farmer_response,F0006,F0006-P01,maize,maize,ACCEPT,,,REALIZED_INITIAL,,18705.0,18705.0,True,,,False,phase1
p6_dev,20260812,389,stage2_initial_response,farmer_response,F0007,F0007-P02,maize,maize,ACCEPT,,,REALIZED_INITIAL,,54285.0,54285.0,True,,,False,phase1
p6_dev,20260812,390,stage2_initial_response,farmer_response,F0010,F0010-P01,soybean,soybean,ACCEPT,,,REALIZED_INITIAL,,5025.0,5025.0,True,,,False,phase1
p6_dev,20260812,391,stage2_initial_response,farmer_response,F0012,F0012-P02,maize,maize,ACCEPT,,,REALIZED_INITIAL,,6540.0,6540.0,True,,,False,phase1
p6_dev,20260812,392,stage2_initial_response,farmer_response,F0013,F0013-P01,maize,maize,ACCEPT,,,REALIZED_INITIAL,,12695.0,12695.0,True,,,False,phase1
p6_dev,20260812,393,stage2_initial_response,farmer_response,F0015,F0015-P02,soybean,soybean,ACCEPT,,,REALIZED_INITIAL,,935.0,935.0,True,,,False,phase1
p6_dev,20260812,394,stage2_initial_response,farmer_response,F0017,F0017-P02,onion,onion,ACCEPT,,,REALIZED_INITIAL,,305486.0,305486.0,True,,,False,phase1
p6_dev,20260812,395,stage2_initial_response,farmer_response,F0017,F0017-P03,onion,FALLOW_UNALLOCATED,REJECT,,,REJECTED_FALLOW,,460890.0,0.0,False,,,False,phase1
p6_dev,20260812,396,stage2_initial_response,farmer_response,F0017,F0017-P05,onion,onion,ACCEPT,,,REALIZED_INITIAL,,425966.0,425966.0,True,,,False,phase1
p6_dev,20260812,397,stage2_initial_response,farmer_response,F0018,F0018-P02,onion,onion,ACCEPT,,,REALIZED_INITIAL,,22720.0,22720.0,True,,,False,phase1
p6_dev,20260812,398,stage2_initial_response,farmer_response,F0019,F0019-P01,rice,rice,ACCEPT,,,REALIZED_INITIAL,,5030.0,5030.0,True,,,False,phase1
p6_dev,20260812,399,stage2_initial_response,farmer_response,F0020,F0020-P01,sorghum,sorghum,ACCEPT,,,REALIZED_INITIAL,,26958.0,26958.0,True,,,False,phase1
p6_dev,20260812,400,stage2_initial_response,farmer_response,F0020,F0020-P02,sorghum,sorghum,ACCEPT,,,REALIZED_INITIAL,,8504.0,8504.0,True,,,False,phase1
p6_dev,20260812,401,stage2_initial_response,farmer_response,F0025,F0025-P01,maize,FALLOW_UNALLOCATED,REJECT,,,REJECTED_FALLOW,,1042.0,0.0,False,,,False,phase1
p6_dev,20260812,402,stage2_initial_response,farmer_response,F0027,F0027-P01,maize,maize,ACCEPT,,,REALIZED_INITIAL,,80577.0,80577.0,True,,,False,phase1
p6_dev,20260812,403,stage2_initial_response,farmer_response,F0027,F0027-P03,maize,maize,ACCEPT,,,REALIZED_INITIAL,,25704.0,25704.0,True,,,False,phase1
p6_dev,20260812,404,stage2_initial_response,farmer_response,F0030,F0030-P01,maize,FALLOW_UNALLOCATED,REJECT,,,REJECTED_FALLOW,,18019.0,0.0,False,,,False,phase1
p6_dev,20260812,405,stage2_initial_response,farmer_response,F0030,F0030-P02,maize,maize,ACCEPT,,,REALIZED_INITIAL,,8764.0,8764.0,True,,,False,phase1
p6_dev,20260812,406,stage2_initial_response,farmer_response,F0031,F0031-P01,sorghum,sorghum,ACCEPT,,,REALIZED_INITIAL,,5124.0,5124.0,True,,,False,phase1
p6_dev,20260812,407,stage2_initial_response,farmer_response,F0031,F0031-P02,maize,FALLOW_UNALLOCATED,REJECT,,,REJECTED_FALLOW,,9754.0,0.0,False,,,False,phase1
p6_dev,20260812,408,stage2_initial_response,farmer_response,F0031,F0031-P03,maize,maize,ACCEPT,,,REALIZED_INITIAL,,15822.0,15822.0,True,,,False,phase1
p6_dev,20260812,409,stage2_initial_response,farmer_response,F0033,F0033-P01,maize,maize,ACCEPT,,,REALIZED_INITIAL,,7391.0,7391.0,True,,,False,phase1
p6_dev,20260812,410,stage2_initial_response,farmer_response,F0035,F0035-P01,rice,rice,ACCEPT,,,REALIZED_INITIAL,,2824.0,2824.0,True,,,False,phase1
p6_dev,20260812,411,stage2_initial_response,farmer_response,F0035,F0035-P02,rice,rice,ACCEPT,,,REALIZED_INITIAL,,1670.0,1670.0,True,,,False,phase1
p6_dev,20260812,412,stage2_initial_response,farmer_response,F0037,F0037-P01,rice,rice,ACCEPT,,,REALIZED_INITIAL,,2468.0,2468.0,True,,,False,phase1
p6_dev,20260812,413,stage2_initial_response,farmer_response,F0038,F0038-P01,pigeon_pea,pigeon_pea,ACCEPT,,,REALIZED_INITIAL,,29573.0,29573.0,True,,,False,phase1
p6_dev,20260812,414,stage2_initial_response,farmer_response,F0038,F0038-P02,onion,onion,ACCEPT,,,REALIZED_INITIAL,,407791.0,407791.0,True,,,False,phase1
p6_dev,20260812,415,stage2_initial_response,farmer_response,F0039,F0039-P01,maize,maize,ACCEPT,,,REALIZED_INITIAL,,16416.0,16416.0,True,,,False,phase1
p6_dev,20260812,416,stage2_initial_response,farmer_response,F0040,F0040-P03,soybean,soybean,ACCEPT,,,REALIZED_INITIAL,,11244.0,11244.0,True,,,False,phase1
p6_dev,20260812,417,stage2_initial_response,farmer_response,F0041,F0041-P01,groundnut,groundnut,ACCEPT,,,REALIZED_INITIAL,,2645.0,2645.0,True,,,False,phase1
p6_dev,20260812,418,stage2_initial_response,farmer_response,F0042,F0042-P01,maize,maize,ACCEPT,,,REALIZED_INITIAL,,10301.0,10301.0,True,,,False,phase1
p6_dev,20260812,419,stage2_initial_response,farmer_response,F0043,F0043-P01,onion,onion,ACCEPT,,,REALIZED_INITIAL,,20084.0,20084.0,True,,,False,phase1
p6_dev,20260812,420,stage2_initial_response,farmer_response,F0045,F0045-P01,soybean,soybean,ACCEPT,,,REALIZED_INITIAL,,1869.0,1869.0,True,,,False,phase1
p6_dev,20260812,421,stage2_initial_response,farmer_response,F0047,F0047-P02,maize,maize,ACCEPT,,,REALIZED_INITIAL,,7031.0,7031.0,True,,,False,phase1
p6_dev,20260812,422,stage2_initial_response,farmer_response,F0048,F0048-P01,rice,rice,ACCEPT,,,REALIZED_INITIAL,,309.0,309.0,True,,,False,phase1
p6_dev,20260812,423,stage2_initial_response,farmer_response,F0049,F0049-P01,soybean,soybean,ACCEPT,,,REALIZED_INITIAL,,5671.0,5671.0,True,,,False,phase1
p6_dev,20260812,424,stage2_initial_response,farmer_response,F0050,F0050-P01,maize,maize,ACCEPT,,,REALIZED_INITIAL,,15785.0,15785.0,True,,,False,phase1
p6_dev,20260812,425,stage2_initial_response,farmer_response,F0050,F0050-P02,maize,maize,ACCEPT,,,REALIZED_INITIAL,,968.0,968.0,True,,,False,phase1
p6_dev,20260812,426,stage2_initial_response,farmer_response,F0050,F0050-P03,onion,onion,ACCEPT,,,REALIZED_INITIAL,,22460.0,22460.0,True,,,False,phase1
p6_dev,20260812,427,stage2_initial_response,farmer_response,F0051,F0051-P01,sorghum,FALLOW_UNALLOCATED,REJECT,,,REJECTED_FALLOW,,10610.0,0.0,False,,,False,phase1
p6_dev,20260812,428,stage2_initial_response,farmer_response,F0055,F0055-P01,sorghum,sorghum,ACCEPT,,,REALIZED_INITIAL,,6476.0,6476.0,True,,,False,phase1
p6_dev,20260812,429,stage2_initial_response,farmer_response,F0056,F0056-P02,rice,rice,ACCEPT,,,REALIZED_INITIAL,,584.0,584.0,True,,,False,phase1
p6_dev,20260812,430,stage2_initial_response,farmer_response,F0062,F0062-P01,sorghum,sorghum,ACCEPT,,,REALIZED_INITIAL,,9400.0,9400.0,True,,,False,phase1
p6_dev,20260812,431,stage2_initial_response,farmer_response,F0064,F0064-P01,rice,rice,ACCEPT,,,REALIZED_INITIAL,,7043.0,7043.0,True,,,False,phase1
p6_dev,20260812,432,stage2_initial_response,farmer_response,F0064,F0064-P02,rice,rice,ACCEPT,,,REALIZED_INITIAL,,13435.0,13435.0,True,,,False,phase1
p6_dev,20260812,433,stage2_initial_response,farmer_response,F0066,F0066-P01,rice,rice,ACCEPT,,,REALIZED_INITIAL,,3012.0,3012.0,True,,,False,phase1
p6_dev,20260812,434,stage2_initial_response,farmer_response,F0068,F0068-P01,onion,onion,ACCEPT,,,REALIZED_INITIAL,,96333.0,96333.0,True,,,False,phase1
p6_dev,20260812,435,stage2_initial_response,farmer_response,F0068,F0068-P02,sorghum,sorghum,ACCEPT,,,REALIZED_INITIAL,,11349.0,11349.0,True,,,False,phase1
p6_dev,20260812,436,stage2_initial_response,farmer_response,F0068,F0068-P03,onion,onion,ACCEPT,,,REALIZED_INITIAL,,16229.0,16229.0,True,,,False,phase1
p6_dev,20260812,437,stage2_initial_response,farmer_response,F0070,F0070-P01,maize,maize,ACCEPT,,,REALIZED_INITIAL,,15971.0,15971.0,True,,,False,phase1
p6_dev,20260812,438,stage2_initial_response,farmer_response,F0071,F0071-P01,maize,maize,ACCEPT,,,REALIZED_INITIAL,,53435.0,53435.0,True,,,False,phase1
p6_dev,20260812,439,stage2_initial_response,farmer_response,F0072,F0072-P02,maize,maize,ACCEPT,,,REALIZED_INITIAL,,3928.0,3928.0,True,,,False,phase1
p6_dev,20260812,440,stage2_initial_response,farmer_response,F0074,F0074-P01,rice,rice,ACCEPT,,,REALIZED_INITIAL,,624.0,624.0,True,,,False,phase1
p6_dev,20260812,441,stage2_initial_response,farmer_response,F0074,F0074-P02,rice,rice,ACCEPT,,,REALIZED_INITIAL,,12475.0,12475.0,True,,,False,phase1
p6_dev,20260812,442,stage2_initial_response,farmer_response,F0077,F0077-P01,maize,maize,ACCEPT,,,REALIZED_INITIAL,,3859.0,3859.0,True,,,False,phase1
p6_dev,20260812,443,stage2_initial_response,farmer_response,F0078,F0078-P01,maize,maize,ACCEPT,,,REALIZED_INITIAL,,22877.0,22877.0,True,,,False,phase1
p6_dev,20260812,444,stage2_initial_response,farmer_response,F0078,F0078-P02,maize,maize,ACCEPT,,,REALIZED_INITIAL,,16827.0,16827.0,True,,,False,phase1
p6_dev,20260812,445,stage2_initial_response,farmer_response,F0078,F0078-P03,maize,maize,ACCEPT,,,REALIZED_INITIAL,,66638.0,66638.0,True,,,False,phase1
p6_dev,20260812,446,stage2_initial_response,farmer_response,F0079,F0079-P02,onion,onion,ACCEPT,,,REALIZED_INITIAL,,58812.0,58812.0,True,,,False,phase1
p6_dev,20260812,447,stage2_initial_response,farmer_response,F0080,F0080-P01,onion,onion,ACCEPT,,,REALIZED_INITIAL,,12170.0,12170.0,True,,,False,phase1
p6_dev,20260812,448,stage2_initial_response,farmer_response,F0080,F0080-P02,soybean,soybean,ACCEPT,,,REALIZED_INITIAL,,10436.0,10436.0,True,,,False,phase1
p6_dev,20260812,449,stage2_initial_response,farmer_response,F0082,F0082-P01,pigeon_pea,pigeon_pea,ACCEPT,,,REALIZED_INITIAL,,7687.0,7687.0,True,,,False,phase1
p6_dev,20260812,450,stage2_initial_response,farmer_response,F0082,F0082-P02,maize,maize,ACCEPT,,,REALIZED_INITIAL,,4560.0,4560.0,True,,,False,phase1
p6_dev,20260812,451,stage2_initial_response,farmer_response,F0083,F0083-P01,rice,rice,ACCEPT,,,REALIZED_INITIAL,,4749.0,4749.0,True,,,False,phase1
p6_dev,20260812,452,stage2_initial_response,farmer_response,F0084,F0084-P01,maize,maize,ACCEPT,,,REALIZED_INITIAL,,56476.0,56476.0,True,,,False,phase1
p6_dev,20260812,453,stage2_initial_response,farmer_response,F0084,F0084-P02,maize,maize,ACCEPT,,,REALIZED_INITIAL,,88033.0,88033.0,True,,,False,phase1
p6_dev,20260812,454,stage2_initial_response,farmer_response,F0085,F0085-P01,groundnut,FALLOW_UNALLOCATED,REJECT,,,REJECTED_FALLOW,,74239.0,0.0,False,,,False,phase1
p6_dev,20260812,455,stage2_initial_response,farmer_response,F0086,F0086-P02,maize,maize,ACCEPT,,,REALIZED_INITIAL,,6737.0,6737.0,True,,,False,phase1
p6_dev,20260812,456,stage2_initial_response,farmer_response,F0089,F0089-P01,maize,maize,ACCEPT,,,REALIZED_INITIAL,,10595.0,10595.0,True,,,False,phase1
p6_dev,20260812,457,stage2_initial_response,farmer_response,F0090,F0090-P01,rice,rice,ACCEPT,,,REALIZED_INITIAL,,1134.0,1134.0,True,,,False,phase1
p6_dev,20260812,458,stage2_initial_response,farmer_response,F0090,F0090-P02,rice,rice,ACCEPT,,,REALIZED_INITIAL,,22328.0,22328.0,True,,,False,phase1
p6_dev,20260812,459,stage2_initial_response,farmer_response,F0091,F0091-P01,soybean,soybean,ACCEPT,,,REALIZED_INITIAL,,3404.0,3404.0,True,,,False,phase1
p6_dev,20260812,460,stage2_initial_response,farmer_response,F0092,F0092-P02,rice,rice,ACCEPT,,,REALIZED_INITIAL,,13408.0,13408.0,True,,,False,phase1
p6_dev,20260812,461,stage2_initial_response,farmer_response,F0093,F0093-P01,maize,maize,ACCEPT,,,REALIZED_INITIAL,,21191.0,21191.0,True,,,False,phase1
p6_dev,20260812,462,stage2_initial_response,farmer_response,F0094,F0094-P01,rice,rice,ACCEPT,,,REALIZED_INITIAL,,7546.0,7546.0,True,,,False,phase1
p6_dev,20260812,463,stage2_initial_response,farmer_response,F0097,F0097-P02,soybean,FALLOW_UNALLOCATED,REJECT,,,REJECTED_FALLOW,,29267.0,0.0,False,,,False,phase1
p6_dev,20260812,464,stage2_initial_response,farmer_response,F0102,F0102-P01,rice,rice,ACCEPT,,,REALIZED_INITIAL,,423.0,423.0,True,,,False,phase1
p6_dev,20260812,465,stage2_initial_response,farmer_response,F0103,F0103-P01,maize,FALLOW_UNALLOCATED,REJECT,,,REJECTED_FALLOW,,17032.0,0.0,False,,,False,phase1
p6_dev,20260812,466,stage2_initial_response,farmer_response,F0105,F0105-P04,soybean,soybean,ACCEPT,,,REALIZED_INITIAL,,14354.0,14354.0,True,,,False,phase1
p6_dev,20260812,467,stage2_initial_response,farmer_response,F0106,F0106-P01,onion,onion,ACCEPT,,,REALIZED_INITIAL,,76079.0,76079.0,True,,,False,phase1
p6_dev,20260812,468,stage2_initial_response,farmer_response,F0107,F0107-P02,maize,maize,ACCEPT,,,REALIZED_INITIAL,,21518.0,21518.0,True,,,False,phase1
p6_dev,20260812,469,stage2_initial_response,farmer_response,F0108,F0108-P01,rice,rice,ACCEPT,,,REALIZED_INITIAL,,5098.0,5098.0,True,,,False,phase1
p6_dev,20260812,470,stage2_initial_response,farmer_response,F0108,F0108-P03,rice,rice,ACCEPT,,,REALIZED_INITIAL,,10423.0,10423.0,True,,,False,phase1
p6_dev,20260812,471,stage2_initial_response,farmer_response,F0109,F0109-P02,maize,maize,ACCEPT,,,REALIZED_INITIAL,,20471.0,20471.0,True,,,False,phase1
p6_dev,20260812,472,stage2_initial_response,farmer_response,F0110,F0110-P01,sorghum,FALLOW_UNALLOCATED,REJECT,,,REJECTED_FALLOW,,21425.0,0.0,False,,,False,phase1
p6_dev,20260812,473,stage2_initial_response,farmer_response,F0110,F0110-P02,sorghum,sorghum,ACCEPT,,,REALIZED_INITIAL,,3160.0,3160.0,True,,,False,phase1
p6_dev,20260812,474,stage2_initial_response,farmer_response,F0110,F0110-P03,sorghum,sorghum,ACCEPT,,,REALIZED_INITIAL,,2908.0,2908.0,True,,,False,phase1
p6_dev,20260812,475,stage2_initial_response,farmer_response,F0111,F0111-P02,maize,FALLOW_UNALLOCATED,REJECT,,,REJECTED_FALLOW,,21452.0,0.0,False,,,False,phase1
p6_dev,20260812,476,stage2_initial_response,farmer_response,F0114,F0114-P01,maize,maize,ACCEPT,,,REALIZED_INITIAL,,19098.0,19098.0,True,,,False,phase1
p6_dev,20260812,477,stage2_initial_response,farmer_response,F0115,F0115-P02,maize,maize,ACCEPT,,,REALIZED_INITIAL,,32865.0,32865.0,True,,,False,phase1
p6_dev,20260812,478,stage2_initial_response,farmer_response,F0115,F0115-P03,maize,maize,ACCEPT,,,REALIZED_INITIAL,,56836.0,56836.0,True,,,False,phase1
p6_dev,20260812,479,stage2_initial_response,farmer_response,F0116,F0116-P02,rice,rice,ACCEPT,,,REALIZED_INITIAL,,4708.0,4708.0,True,,,False,phase1
p6_dev,20260812,480,stage2_initial_response,farmer_response,F0117,F0117-P02,rice,rice,ACCEPT,,,REALIZED_INITIAL,,10463.0,10463.0,True,,,False,phase1
p6_dev,20260812,481,stage2_initial_response,farmer_response,F0119,F0119-P01,soybean,soybean,ACCEPT,,,REALIZED_INITIAL,,1719.0,1719.0,True,,,False,phase1
p6_dev,20260812,482,stage2_initial_response,farmer_response,F0120,F0120-P01,rice,FALLOW_UNALLOCATED,REJECT,,,REJECTED_FALLOW,,1603.0,0.0,False,,,False,phase1
p6_dev,20260812,483,stage2_initial_response,farmer_response,F0121,F0121-P01,soybean,soybean,ACCEPT,,,REALIZED_INITIAL,,5302.0,5302.0,True,,,False,phase1
p6_dev,20260812,484,stage2_initial_response,farmer_response,F0122,F0122-P01,maize,maize,ACCEPT,,,REALIZED_INITIAL,,9058.0,9058.0,True,,,False,phase1
p6_dev,20260812,485,stage2_initial_response,farmer_response,F0123,F0123-P01,sorghum,sorghum,ACCEPT,,,REALIZED_INITIAL,,15515.0,15515.0,True,,,False,phase1
p6_dev,20260812,486,stage2_initial_response,farmer_response,F0126,F0126-P01,maize,maize,ACCEPT,,,REALIZED_INITIAL,,35367.0,35367.0,True,,,False,phase1
p6_dev,20260812,487,stage2_initial_response,farmer_response,F0126,F0126-P02,maize,maize,ACCEPT,,,REALIZED_INITIAL,,103289.0,103289.0,True,,,False,phase1
p6_dev,20260812,488,stage2_initial_response,farmer_response,F0127,F0127-P01,sorghum,sorghum,ACCEPT,,,REALIZED_INITIAL,,5737.0,5737.0,True,,,False,phase1
p6_dev,20260812,489,stage2_initial_response,farmer_response,F0128,F0128-P01,rice,rice,ACCEPT,,,REALIZED_INITIAL,,1764.0,1764.0,True,,,False,phase1
p6_dev,20260812,490,stage2_initial_response,farmer_response,F0128,F0128-P02,rice,rice,ACCEPT,,,REALIZED_INITIAL,,16540.0,16540.0,True,,,False,phase1
p6_dev,20260812,491,stage2_initial_response,farmer_response,F0128,F0128-P03,rice,rice,ACCEPT,,,REALIZED_INITIAL,,1871.0,1871.0,True,,,False,phase1
p6_dev,20260812,492,stage2_initial_response,farmer_response,F0129,F0129-P01,onion,onion,ACCEPT,,,REALIZED_INITIAL,,55826.0,55826.0,True,,,False,phase1
p6_dev,20260812,493,stage2_initial_response,farmer_response,F0129,F0129-P02,pigeon_pea,pigeon_pea,ACCEPT,,,REALIZED_INITIAL,,52243.0,52243.0,True,,,False,phase1
p6_dev,20260812,494,stage2_initial_response,farmer_response,F0130,F0130-P01,maize,maize,ACCEPT,,,REALIZED_INITIAL,,7358.0,7358.0,True,,,False,phase1
p6_dev,20260812,495,stage2_initial_response,farmer_response,F0131,F0131-P01,rice,rice,ACCEPT,,,REALIZED_INITIAL,,268.0,268.0,True,,,False,phase1
p6_dev,20260812,496,stage2_initial_response,farmer_response,F0131,F0131-P02,rice,rice,ACCEPT,,,REALIZED_INITIAL,,5178.0,5178.0,True,,,False,phase1
p6_dev,20260812,497,stage2_initial_response,farmer_response,F0133,F0133-P01,onion,FALLOW_UNALLOCATED,REJECT,,,REJECTED_FALLOW,,23444.0,0.0,False,,,False,phase1
p6_dev,20260812,498,stage2_initial_response,farmer_response,F0134,F0134-P01,rice,FALLOW_UNALLOCATED,REJECT,,,REJECTED_FALLOW,,6191.0,0.0,False,,,False,phase1
p6_dev,20260812,499,stage2_initial_response,farmer_response,F0135,F0135-P01,groundnut,groundnut,ACCEPT,,,REALIZED_INITIAL,,25772.0,25772.0,True,,,False,phase1
p6_dev,20260812,500,stage2_initial_response,farmer_response,F0136,F0136-P02,maize,maize,ACCEPT,,,REALIZED_INITIAL,,1799.0,1799.0,True,,,False,phase1
p6_dev,20260812,501,stage2_initial_response,farmer_response,F0138,F0138-P02,rice,rice,ACCEPT,,,REALIZED_INITIAL,,4863.0,4863.0,True,,,False,phase1
p6_dev,20260812,502,stage2_initial_response,farmer_response,F0138,F0138-P03,groundnut,groundnut,ACCEPT,,,REALIZED_INITIAL,,645030.0,645030.0,True,,,False,phase1
p6_dev,20260812,503,stage2_initial_response,farmer_response,F0139,F0139-P02,maize,maize,ACCEPT,,,REALIZED_INITIAL,,8895.0,8895.0,True,,,False,phase1
p6_dev,20260812,504,stage2_initial_response,farmer_response,F0141,F0141-P02,sorghum,sorghum,ACCEPT,,,REALIZED_INITIAL,,1933.0,1933.0,True,,,False,phase1
p6_dev,20260812,505,stage2_initial_response,farmer_response,F0142,F0142-P01,maize,maize,ACCEPT,,,REALIZED_INITIAL,,16566.0,16566.0,True,,,False,phase1
p6_dev,20260812,506,stage2_initial_response,farmer_response,F0145,F0145-P01,sorghum,sorghum,ACCEPT,,,REALIZED_INITIAL,,1383.0,1383.0,True,,,False,phase1
p6_dev,20260812,507,stage2_initial_response,farmer_response,F0145,F0145-P02,sorghum,sorghum,ACCEPT,,,REALIZED_INITIAL,,13125.0,13125.0,True,,,False,phase1
p6_dev,20260812,508,stage2_initial_response,farmer_response,F0146,F0146-P01,maize,maize,ACCEPT,,,REALIZED_INITIAL,,1537.0,1537.0,True,,,False,phase1
p6_dev,20260812,509,stage2_initial_response,farmer_response,F0147,F0147-P02,onion,onion,ACCEPT,,,REALIZED_INITIAL,,31029.0,31029.0,True,,,False,phase1
p6_dev,20260812,510,stage2_initial_response,farmer_response,F0148,F0148-P01,groundnut,groundnut,ACCEPT,,,REALIZED_INITIAL,,324530.0,324530.0,True,,,False,phase1
p6_dev,20260812,511,stage2_initial_response,farmer_response,F0149,F0149-P01,maize,maize,ACCEPT,,,REALIZED_INITIAL,,30282.0,30282.0,True,,,False,phase1
p6_dev,20260812,512,stage2_initial_response,farmer_response,F0150,F0150-P02,maize,maize,ACCEPT,,,REALIZED_INITIAL,,8172.0,8172.0,True,,,False,phase1
p6_dev,20260812,513,stage2_initial_response,farmer_response,F0150,F0150-P03,onion,onion,ACCEPT,,,REALIZED_INITIAL,,95813.0,95813.0,True,,,False,phase1
p6_dev,20260812,514,stage2_initial_response,farmer_response,F0152,F0152-P03,soybean,soybean,ACCEPT,,,REALIZED_INITIAL,,13615.0,13615.0,True,,,False,phase1
p6_dev,20260812,515,stage2_initial_response,farmer_response,F0153,F0153-P03,groundnut,groundnut,ACCEPT,,,REALIZED_INITIAL,,59179.0,59179.0,True,,,False,phase1
p6_dev,20260812,516,stage2_initial_response,farmer_response,F0154,F0154-P01,maize,maize,ACCEPT,,,REALIZED_INITIAL,,74070.0,74070.0,True,,,False,phase1
p6_dev,20260812,517,stage2_initial_response,farmer_response,F0156,F0156-P01,maize,maize,ACCEPT,,,REALIZED_INITIAL,,9102.0,9102.0,True,,,False,phase1
p6_dev,20260812,518,stage2_initial_response,farmer_response,F0156,F0156-P02,onion,onion,ACCEPT,,,REALIZED_INITIAL,,167219.0,167219.0,True,,,False,phase1
p6_dev,20260812,519,stage2_initial_response,farmer_response,F0156,F0156-P03,maize,maize,ACCEPT,,,REALIZED_INITIAL,,31085.0,31085.0,True,,,False,phase1
p6_dev,20260812,520,stage2_initial_response,farmer_response,F0158,F0158-P02,rice,rice,ACCEPT,,,REALIZED_INITIAL,,23388.0,23388.0,True,,,False,phase1
p6_dev,20260812,521,stage2_initial_response,farmer_response,F0159,F0159-P01,rice,rice,ACCEPT,,,REALIZED_INITIAL,,11966.0,11966.0,True,,,False,phase1
p6_dev,20260812,522,stage2_initial_response,farmer_response,F0160,F0160-P03,groundnut,groundnut,ACCEPT,,,REALIZED_INITIAL,,57376.0,57376.0,True,,,False,phase1
p6_dev,20260812,523,stage2_initial_response,farmer_response,F0162,F0162-P01,rice,rice,ACCEPT,,,REALIZED_INITIAL,,9001.0,9001.0,True,,,False,phase1
p6_dev,20260812,524,stage2_initial_response,farmer_response,F0163,F0163-P01,rice,rice,ACCEPT,,,REALIZED_INITIAL,,1610.0,1610.0,True,,,False,phase1
p6_dev,20260812,525,stage2_initial_response,farmer_response,F0166,F0166-P01,rice,rice,ACCEPT,,,REALIZED_INITIAL,,2602.0,2602.0,True,,,False,phase1
p6_dev,20260812,526,stage2_initial_response,farmer_response,F0167,F0167-P01,rice,rice,ACCEPT,,,REALIZED_INITIAL,,5218.0,5218.0,True,,,False,phase1
p6_dev,20260812,527,stage2_initial_response,farmer_response,F0169,F0169-P02,onion,onion,ACCEPT,,,REALIZED_INITIAL,,1867.0,1867.0,True,,,False,phase1
p6_dev,20260812,528,stage2_initial_response,farmer_response,F0175,F0175-P01,sorghum,FALLOW_UNALLOCATED,REJECT,,,REJECTED_FALLOW,,30574.0,0.0,False,,,False,phase1
p6_dev,20260812,529,stage2_initial_response,farmer_response,F0177,F0177-P01,pigeon_pea,pigeon_pea,ACCEPT,,,REALIZED_INITIAL,,76560.0,76560.0,True,,,False,phase1
p6_dev,20260812,530,stage2_initial_response,farmer_response,F0178,F0178-P01,pigeon_pea,FALLOW_UNALLOCATED,REJECT,,,REJECTED_FALLOW,,76207.0,0.0,False,,,False,phase1
p6_dev,20260812,531,stage2_initial_response,farmer_response,F0178,F0178-P02,onion,onion,ACCEPT,,,REALIZED_INITIAL,,45829.0,45829.0,True,,,False,phase1
p6_dev,20260812,532,stage2_initial_response,farmer_response,F0179,F0179-P01,onion,onion,ACCEPT,,,REALIZED_INITIAL,,78286.0,78286.0,True,,,False,phase1
p6_dev,20260812,533,stage2_initial_response,farmer_response,F0179,F0179-P02,pigeon_pea,FALLOW_UNALLOCATED,REJECT,,,REJECTED_FALLOW,,18277.0,0.0,False,,,False,phase1
p6_dev,20260812,534,stage2_initial_response,farmer_response,F0180,F0180-P01,groundnut,groundnut,ACCEPT,,,REALIZED_INITIAL,,5667.0,5667.0,True,,,False,phase1
p6_dev,20260812,535,stage2_initial_response,farmer_response,F0181,F0181-P02,onion,onion,ACCEPT,,,REALIZED_INITIAL,,204999.0,204999.0,True,,,False,phase1
p6_dev,20260812,536,stage2_initial_response,farmer_response,F0183,F0183-P01,maize,maize,ACCEPT,,,REALIZED_INITIAL,,18279.0,18279.0,True,,,False,phase1
p6_dev,20260812,537,stage2_initial_response,farmer_response,F0188,F0188-P01,maize,maize,ACCEPT,,,REALIZED_INITIAL,,6087.0,6087.0,True,,,False,phase1
p6_dev,20260812,538,stage2_initial_response,farmer_response,F0188,F0188-P02,pigeon_pea,pigeon_pea,ACCEPT,,,REALIZED_INITIAL,,147825.0,147825.0,True,,,False,phase1
p6_dev,20260812,539,stage2_initial_response,farmer_response,F0188,F0188-P03,onion,onion,ACCEPT,,,REALIZED_INITIAL,,32068.0,32068.0,True,,,False,phase1
p6_dev,20260812,540,stage2_initial_response,farmer_response,F0188,F0188-P04,maize,maize,ACCEPT,,,REALIZED_INITIAL,,15003.0,15003.0,True,,,False,phase1
p6_dev,20260812,541,stage2_initial_response,farmer_response,F0189,F0189-P01,onion,onion,ACCEPT,,,REALIZED_INITIAL,,69069.0,69069.0,True,,,False,phase1
p6_dev,20260812,542,stage2_initial_response,farmer_response,F0190,F0190-P01,maize,maize,ACCEPT,,,REALIZED_INITIAL,,21452.0,21452.0,True,,,False,phase1
p6_dev,20260812,543,stage2_initial_response,farmer_response,F0192,F0192-P02,groundnut,groundnut,ACCEPT,,,REALIZED_INITIAL,,51119.0,51119.0,True,,,False,phase1
p6_dev,20260812,544,stage2_initial_response,farmer_response,F0193,F0193-P01,maize,FALLOW_UNALLOCATED,REJECT,,,REJECTED_FALLOW,,83428.0,0.0,False,,,False,phase1
p6_dev,20260812,545,stage2_initial_response,farmer_response,F0193,F0193-P02,maize,maize,ACCEPT,,,REALIZED_INITIAL,,25520.0,25520.0,True,,,False,phase1
p6_dev,20260812,546,stage2_initial_response,farmer_response,F0194,F0194-P01,onion,onion,ACCEPT,,,REALIZED_INITIAL,,54917.0,54917.0,True,,,False,phase1
p6_dev,20260812,547,stage2_initial_response,farmer_response,F0195,F0195-P01,soybean,soybean,ACCEPT,,,REALIZED_INITIAL,,10240.0,10240.0,True,,,False,phase1
p6_dev,20260812,548,stage2_initial_response,farmer_response,F0198,F0198-P01,soybean,soybean,ACCEPT,,,REALIZED_INITIAL,,8598.0,8598.0,True,,,False,phase1
p6_dev,20260812,549,stage2_initial_response,farmer_response,F0200,F0200-P01,pigeon_pea,pigeon_pea,ACCEPT,,,REALIZED_INITIAL,,1373.0,1373.0,True,,,False,phase1
p6_dev,20260812,550,stage2_initial_response,farmer_response,F0201,F0201-P01,onion,onion,ACCEPT,,,REALIZED_INITIAL,,9258.0,9258.0,True,,,False,phase1
p6_dev,20260812,551,stage2_initial_response,farmer_response,F0202,F0202-P01,maize,maize,ACCEPT,,,REALIZED_INITIAL,,5134.0,5134.0,True,,,False,phase1
p6_dev,20260812,552,stage2_initial_response,farmer_response,F0202,F0202-P03,maize,maize,ACCEPT,,,REALIZED_INITIAL,,47908.0,47908.0,True,,,False,phase1
p6_dev,20260812,553,stage2_initial_response,farmer_response,F0203,F0203-P01,soybean,soybean,ACCEPT,,,REALIZED_INITIAL,,6588.0,6588.0,True,,,False,phase1
p6_dev,20260812,554,stage2_initial_response,farmer_response,F0204,F0204-P01,soybean,soybean,ACCEPT,,,REALIZED_INITIAL,,4173.0,4173.0,True,,,False,phase1
p6_dev,20260812,555,stage2_initial_response,farmer_response,F0205,F0205-P01,onion,onion,ACCEPT,,,REALIZED_INITIAL,,125674.0,125674.0,True,,,False,phase1
p6_dev,20260812,556,stage2_initial_response,farmer_response,F0205,F0205-P02,sorghum,sorghum,ACCEPT,,,REALIZED_INITIAL,,7812.0,7812.0,True,,,False,phase1
p6_dev,20260812,557,stage2_initial_response,farmer_response,F0207,F0207-P02,rice,rice,ACCEPT,,,REALIZED_INITIAL,,630.0,630.0,True,,,False,phase1
p6_dev,20260812,558,stage2_initial_response,farmer_response,F0208,F0208-P01,soybean,soybean,ACCEPT,,,REALIZED_INITIAL,,1235.0,1235.0,True,,,False,phase1
p6_dev,20260812,559,stage2_initial_response,farmer_response,F0211,F0211-P01,rice,rice,ACCEPT,,,REALIZED_INITIAL,,1663.0,1663.0,True,,,False,phase1
p6_dev,20260812,560,stage2_initial_response,farmer_response,F0211,F0211-P02,rice,rice,ACCEPT,,,REALIZED_INITIAL,,798.0,798.0,True,,,False,phase1
p6_dev,20260812,561,stage2_initial_response,farmer_response,F0211,F0211-P03,rice,rice,ACCEPT,,,REALIZED_INITIAL,,4521.0,4521.0,True,,,False,phase1
p6_dev,20260812,562,stage2_initial_response,farmer_response,F0212,F0212-P01,pigeon_pea,pigeon_pea,ACCEPT,,,REALIZED_INITIAL,,43771.0,43771.0,True,,,False,phase1
p6_dev,20260812,563,stage2_initial_response,farmer_response,F0212,F0212-P02,maize,maize,ACCEPT,,,REALIZED_INITIAL,,1080.0,1080.0,True,,,False,phase1
p6_dev,20260812,564,stage2_initial_response,farmer_response,F0213,F0213-P01,onion,onion,ACCEPT,,,REALIZED_INITIAL,,78806.0,78806.0,True,,,False,phase1
p6_dev,20260812,565,stage2_initial_response,farmer_response,F0215,F0215-P01,soybean,soybean,ACCEPT,,,REALIZED_INITIAL,,2135.0,2135.0,True,,,False,phase1
p6_dev,20260812,566,stage2_initial_response,farmer_response,F0216,F0216-P01,maize,maize,ACCEPT,,,REALIZED_INITIAL,,7948.0,7948.0,True,,,False,phase1
p6_dev,20260812,567,stage2_initial_response,farmer_response,F0216,F0216-P02,sorghum,sorghum,ACCEPT,,,REALIZED_INITIAL,,1839.0,1839.0,True,,,False,phase1
p6_dev,20260812,568,stage2_initial_response,farmer_response,F0219,F0219-P01,sorghum,sorghum,ACCEPT,,,REALIZED_INITIAL,,8724.0,8724.0,True,,,False,phase1
p6_dev,20260812,569,stage2_initial_response,farmer_response,F0220,F0220-P02,maize,maize,ACCEPT,,,REALIZED_INITIAL,,10014.0,10014.0,True,,,False,phase1
p6_dev,20260812,570,stage2_initial_response,farmer_response,F0221,F0221-P01,soybean,soybean,ACCEPT,,,REALIZED_INITIAL,,1973.0,1973.0,True,,,False,phase1
p6_dev,20260812,571,stage2_initial_response,farmer_response,F0222,F0222-P04,groundnut,groundnut,ACCEPT,,,REALIZED_INITIAL,,273730.0,273730.0,True,,,False,phase1
p6_dev,20260812,572,stage2_initial_response,farmer_response,F0227,F0227-P01,rice,rice,ACCEPT,,,REALIZED_INITIAL,,2327.0,2327.0,True,,,False,phase1
p6_dev,20260812,573,stage2_initial_response,farmer_response,F0228,F0228-P01,maize,maize,ACCEPT,,,REALIZED_INITIAL,,8372.0,8372.0,True,,,False,phase1
p6_dev,20260812,574,stage2_initial_response,farmer_response,F0230,F0230-P01,maize,maize,ACCEPT,,,REALIZED_INITIAL,,16511.0,16511.0,True,,,False,phase1
p6_dev,20260812,575,stage2_initial_response,farmer_response,F0233,F0233-P01,rice,rice,ACCEPT,,,REALIZED_INITIAL,,3434.0,3434.0,True,,,False,phase1
p6_dev,20260812,576,stage2_initial_response,farmer_response,F0234,F0234-P01,onion,FALLOW_UNALLOCATED,REJECT,,,REJECTED_FALLOW,,42713.0,0.0,False,,,False,phase1
p6_dev,20260812,577,stage2_initial_response,farmer_response,F0234,F0234-P02,maize,maize,ACCEPT,,,REALIZED_INITIAL,,10945.0,10945.0,True,,,False,phase1
p6_dev,20260812,578,stage2_initial_response,farmer_response,F0236,F0236-P02,soybean,soybean,ACCEPT,,,REALIZED_INITIAL,,8913.0,8913.0,True,,,False,phase1
p6_dev,20260812,579,stage2_initial_response,farmer_response,F0237,F0237-P01,pigeon_pea,pigeon_pea,ACCEPT,,,REALIZED_INITIAL,,35809.0,35809.0,True,,,False,phase1
p6_dev,20260812,580,stage2_initial_response,farmer_response,F0238,F0238-P01,sorghum,sorghum,ACCEPT,,,REALIZED_INITIAL,,3081.0,3081.0,True,,,False,phase1
p6_dev,20260812,581,stage2_initial_response,farmer_response,F0239,F0239-P02,groundnut,groundnut,ACCEPT,,,REALIZED_INITIAL,,21473.0,21473.0,True,,,False,phase1
p6_dev,20260812,582,stage2_initial_response,farmer_response,F0240,F0240-P01,sorghum,sorghum,ACCEPT,,,REALIZED_INITIAL,,18517.0,18517.0,True,,,False,phase1
p6_dev,20260812,583,stage2_initial_response,farmer_response,F0241,F0241-P02,groundnut,FALLOW_UNALLOCATED,REJECT,,,REJECTED_FALLOW,,20465.0,0.0,False,,,False,phase1
p6_dev,20260812,584,stage2_initial_response,farmer_response,F0242,F0242-P03,rice,rice,ACCEPT,,,REALIZED_INITIAL,,16956.0,16956.0,True,,,False,phase1
p6_dev,20260812,585,stage2_initial_response,farmer_response,F0243,F0243-P02,groundnut,groundnut,ACCEPT,,,REALIZED_INITIAL,,4666.0,4666.0,True,,,False,phase1
p6_dev,20260812,586,stage2_initial_response,farmer_response,F0245,F0245-P01,onion,onion,ACCEPT,,,REALIZED_INITIAL,,198118.0,198118.0,True,,,False,phase1
p6_dev,20260812,587,stage2_initial_response,farmer_response,F0245,F0245-P02,maize,maize,ACCEPT,,,REALIZED_INITIAL,,23956.0,23956.0,True,,,False,phase1
p6_dev,20260812,588,stage2_initial_response,farmer_response,F0245,F0245-P03,rice,rice,ACCEPT,,,REALIZED_INITIAL,,6618.0,6618.0,True,,,False,phase1
p6_dev,20260812,589,stage2_initial_response,farmer_response,F0247,F0247-P01,rice,rice,ACCEPT,,,REALIZED_INITIAL,,2951.0,2951.0,True,,,False,phase1
p6_dev,20260812,590,stage2_initial_response,farmer_response,F0247,F0247-P02,rice,rice,ACCEPT,,,REALIZED_INITIAL,,832.0,832.0,True,,,False,phase1
p6_dev,20260812,591,stage2_initial_response,farmer_response,F0248,F0248-P02,groundnut,groundnut,ACCEPT,,,REALIZED_INITIAL,,3606.0,3606.0,True,,,False,phase1
p6_dev,20260812,592,stage2_initial_response,farmer_response,F0251,F0251-P01,soybean,soybean,ACCEPT,,,REALIZED_INITIAL,,1933.0,1933.0,True,,,False,phase1
p6_dev,20260812,593,stage2_initial_response,farmer_response,F0252,F0252-P01,soybean,soybean,ACCEPT,,,REALIZED_INITIAL,,1962.0,1962.0,True,,,False,phase1
p6_dev,20260812,594,stage2_initial_response,farmer_response,F0253,F0253-P02,maize,maize,ACCEPT,,,REALIZED_INITIAL,,2550.0,2550.0,True,,,False,phase1
p6_dev,20260812,595,stage2_initial_response,farmer_response,F0254,F0254-P01,soybean,soybean,ACCEPT,,,REALIZED_INITIAL,,4494.0,4494.0,True,,,False,phase1
p6_dev,20260812,596,stage2_initial_response,farmer_response,F0258,F0258-P02,maize,maize,ACCEPT,,,REALIZED_INITIAL,,4120.0,4120.0,True,,,False,phase1
p6_dev,20260812,597,stage2_initial_response,farmer_response,F0259,F0259-P02,onion,onion,ACCEPT,,,REALIZED_INITIAL,,6645.0,6645.0,True,,,False,phase1
p6_dev,20260812,598,stage2_initial_response,farmer_response,F0262,F0262-P01,rice,rice,ACCEPT,,,REALIZED_INITIAL,,6030.0,6030.0,True,,,False,phase1
p6_dev,20260812,599,stage2_initial_response,farmer_response,F0262,F0262-P02,rice,rice,ACCEPT,,,REALIZED_INITIAL,,443.0,443.0,True,,,False,phase1
p6_dev,20260812,600,stage2_initial_response,farmer_response,F0266,F0266-P01,rice,FALLOW_UNALLOCATED,REJECT,,,REJECTED_FALLOW,,3166.0,0.0,False,,,False,phase1
p6_dev,20260812,601,stage2_initial_response,farmer_response,F0267,F0267-P01,maize,maize,ACCEPT,,,REALIZED_INITIAL,,33912.0,33912.0,True,,,False,phase1
p6_dev,20260812,602,stage2_initial_response,farmer_response,F0268,F0268-P01,rice,rice,ACCEPT,,,REALIZED_INITIAL,,3709.0,3709.0,True,,,False,phase1
p6_dev,20260812,603,stage2_initial_response,farmer_response,F0269,F0269-P02,maize,maize,ACCEPT,,,REALIZED_INITIAL,,32963.0,32963.0,True,,,False,phase1
p6_dev,20260812,604,stage2_initial_response,farmer_response,F0275,F0275-P01,rice,FALLOW_UNALLOCATED,REJECT,,,REJECTED_FALLOW,,1905.0,0.0,False,,,False,phase1
p6_dev,20260812,605,stage2_initial_response,farmer_response,F0277,F0277-P01,rice,rice,ACCEPT,,,REALIZED_INITIAL,,1502.0,1502.0,True,,,False,phase1
p6_dev,20260812,606,stage2_initial_response,farmer_response,F0278,F0278-P01,maize,FALLOW_UNALLOCATED,REJECT,,,REJECTED_FALLOW,,15533.0,0.0,False,,,False,phase1
p6_dev,20260812,607,stage2_initial_response,farmer_response,F0279,F0279-P02,rice,rice,ACCEPT,,,REALIZED_INITIAL,,1844.0,1844.0,True,,,False,phase1
p6_dev,20260812,608,stage2_initial_response,farmer_response,F0280,F0280-P01,onion,onion,ACCEPT,,,REALIZED_INITIAL,,26095.0,26095.0,True,,,False,phase1
p6_dev,20260812,609,stage2_initial_response,farmer_response,F0280,F0280-P02,soybean,soybean,ACCEPT,,,REALIZED_INITIAL,,10259.0,10259.0,True,,,False,phase1
p6_dev,20260812,610,stage2_initial_response,farmer_response,F0281,F0281-P01,rice,FALLOW_UNALLOCATED,REJECT,,,REJECTED_FALLOW,,2073.0,0.0,False,,,False,phase1
p6_dev,20260812,611,stage2_initial_response,farmer_response,F0281,F0281-P02,rice,rice,ACCEPT,,,REALIZED_INITIAL,,2368.0,2368.0,True,,,False,phase1
p6_dev,20260812,612,stage2_initial_response,farmer_response,F0282,F0282-P01,rice,FALLOW_UNALLOCATED,REJECT,,,REJECTED_FALLOW,,785.0,0.0,False,,,False,phase1
p6_dev,20260812,613,stage2_initial_response,farmer_response,F0284,F0284-P01,rice,rice,ACCEPT,,,REALIZED_INITIAL,,1992.0,1992.0,True,,,False,phase1
p6_dev,20260812,614,stage2_initial_response,farmer_response,F0285,F0285-P01,sorghum,sorghum,ACCEPT,,,REALIZED_INITIAL,,6571.0,6571.0,True,,,False,phase1
p6_dev,20260812,615,stage2_initial_response,farmer_response,F0286,F0286-P02,onion,onion,ACCEPT,,,REALIZED_INITIAL,,19474.0,19474.0,True,,,False,phase1
p6_dev,20260812,616,stage2_initial_response,farmer_response,F0288,F0288-P03,maize,maize,ACCEPT,,,REALIZED_INITIAL,,140748.0,140748.0,True,,,False,phase1
p6_dev,20260812,617,stage2_initial_response,farmer_response,F0290,F0290-P02,maize,maize,ACCEPT,,,REALIZED_INITIAL,,687.0,687.0,True,,,False,phase1
p6_dev,20260812,618,stage2_initial_response,farmer_response,F0291,F0291-P02,onion,onion,ACCEPT,,,REALIZED_INITIAL,,45245.0,45245.0,True,,,False,phase1
p6_dev,20260812,619,stage2_initial_response,farmer_response,F0293,F0293-P01,groundnut,groundnut,ACCEPT,,,REALIZED_INITIAL,,138721.0,138721.0,True,,,False,phase1
p6_dev,20260812,620,stage2_initial_response,farmer_response,F0293,F0293-P03,rice,FALLOW_UNALLOCATED,REJECT,,,REJECTED_FALLOW,,1066.0,0.0,False,,,False,phase1
p6_dev,20260812,621,stage2_initial_response,farmer_response,F0294,F0294-P01,rice,rice,ACCEPT,,,REALIZED_INITIAL,,4702.0,4702.0,True,,,False,phase1
p6_dev,20260812,622,stage2_initial_response,farmer_response,F0296,F0296-P01,cotton,cotton,ACCEPT,,,REALIZED_INITIAL,,15920.0,15920.0,True,,,False,phase1
p6_dev,20260812,623,stage2_initial_response,farmer_response,F0297,F0297-P02,rice,rice,ACCEPT,,,REALIZED_INITIAL,,3810.0,3810.0,True,,,False,phase1
p6_dev,20260812,624,stage2_initial_response,farmer_response,F0299,F0299-P01,soybean,soybean,ACCEPT,,,REALIZED_INITIAL,,2158.0,2158.0,True,,,False,phase1
p6_dev,20260812,625,stage2_initial_response,farmer_response,F0300,F0300-P02,maize,FALLOW_UNALLOCATED,REJECT,,,REJECTED_FALLOW,,11348.0,0.0,False,,,False,phase1
p6_dev,20260812,626,stage2_initial_response,farmer_response,F0304,F0304-P01,onion,onion,ACCEPT,,,REALIZED_INITIAL,,14410.0,14410.0,True,,,False,phase1
p6_dev,20260812,627,stage2_initial_response,farmer_response,F0305,F0305-P01,rice,rice,ACCEPT,,,REALIZED_INITIAL,,2649.0,2649.0,True,,,False,phase1
p6_dev,20260812,628,stage2_initial_response,farmer_response,F0309,F0309-P01,onion,onion,ACCEPT,,,REALIZED_INITIAL,,83090.0,83090.0,True,,,False,phase1
p6_dev,20260812,629,stage2_initial_response,farmer_response,F0309,F0309-P03,onion,onion,ACCEPT,,,REALIZED_INITIAL,,7400.0,7400.0,True,,,False,phase1
p6_dev,20260812,630,stage2_initial_response,farmer_response,F0313,F0313-P01,sorghum,sorghum,ACCEPT,,,REALIZED_INITIAL,,12607.0,12607.0,True,,,False,phase1
p6_dev,20260812,631,stage2_initial_response,farmer_response,F0314,F0314-P01,maize,maize,ACCEPT,,,REALIZED_INITIAL,,25965.0,25965.0,True,,,False,phase1
p6_dev,20260812,632,stage2_initial_response,farmer_response,F0316,F0316-P01,rice,rice,ACCEPT,,,REALIZED_INITIAL,,1972.0,1972.0,True,,,False,phase1
p6_dev,20260812,633,stage2_initial_response,farmer_response,F0316,F0316-P02,rice,rice,ACCEPT,,,REALIZED_INITIAL,,4413.0,4413.0,True,,,False,phase1
p6_dev,20260812,634,stage2_initial_response,farmer_response,F0317,F0317-P01,soybean,soybean,ACCEPT,,,REALIZED_INITIAL,,10667.0,10667.0,True,,,False,phase1
p6_dev,20260812,635,stage2_initial_response,farmer_response,F0317,F0317-P02,soybean,soybean,ACCEPT,,,REALIZED_INITIAL,,9473.0,9473.0,True,,,False,phase1
p6_dev,20260812,636,stage2_initial_response,farmer_response,F0318,F0318-P01,rice,rice,ACCEPT,,,REALIZED_INITIAL,,3857.0,3857.0,True,,,False,phase1
p6_dev,20260812,637,stage2_initial_response,farmer_response,F0318,F0318-P02,groundnut,groundnut,ACCEPT,,,REALIZED_INITIAL,,244670.0,244670.0,True,,,False,phase1
p6_dev,20260812,638,stage2_initial_response,farmer_response,F0318,F0318-P03,groundnut,groundnut,ACCEPT,,,REALIZED_INITIAL,,289108.0,289108.0,True,,,False,phase1
p6_dev,20260812,639,stage2_initial_response,farmer_response,F0319,F0319-P01,rice,rice,ACCEPT,,,REALIZED_INITIAL,,885.0,885.0,True,,,False,phase1
p6_dev,20260812,640,stage2_initial_response,farmer_response,F0321,F0321-P01,soybean,FALLOW_UNALLOCATED,REJECT,,,REJECTED_FALLOW,,2313.0,0.0,False,,,False,phase1
p6_dev,20260812,641,stage2_initial_response,farmer_response,F0322,F0322-P02,rice,FALLOW_UNALLOCATED,REJECT,,,REJECTED_FALLOW,,2079.0,0.0,False,,,False,phase1
p6_dev,20260812,642,stage2_initial_response,farmer_response,F0323,F0323-P01,soybean,soybean,ACCEPT,,,REALIZED_INITIAL,,5988.0,5988.0,True,,,False,phase1
p6_dev,20260812,643,stage2_initial_response,farmer_response,F0328,F0328-P04,onion,onion,ACCEPT,,,REALIZED_INITIAL,,168510.0,168510.0,True,,,False,phase1
p6_dev,20260812,644,stage2_initial_response,farmer_response,F0329,F0329-P01,maize,maize,ACCEPT,,,REALIZED_INITIAL,,15730.0,15730.0,True,,,False,phase1
p6_dev,20260812,645,stage2_initial_response,farmer_response,F0330,F0330-P01,rice,rice,ACCEPT,,,REALIZED_INITIAL,,7673.0,7673.0,True,,,False,phase1
p6_dev,20260812,646,stage2_initial_response,farmer_response,F0334,F0334-P02,maize,maize,ACCEPT,,,REALIZED_INITIAL,,8862.0,8862.0,True,,,False,phase1
p6_dev,20260812,647,stage2_initial_response,farmer_response,F0336,F0336-P03,groundnut,FALLOW_UNALLOCATED,REJECT,,,REJECTED_FALLOW,,337257.0,0.0,False,,,False,phase1
p6_dev,20260812,648,stage2_initial_response,farmer_response,F0337,F0337-P02,groundnut,groundnut,ACCEPT,,,REALIZED_INITIAL,,15802.0,15802.0,True,,,False,phase1
p6_dev,20260812,649,stage2_initial_response,farmer_response,F0339,F0339-P01,onion,onion,ACCEPT,,,REALIZED_INITIAL,,9855.0,9855.0,True,,,False,phase1
p6_dev,20260812,650,stage2_initial_response,farmer_response,F0340,F0340-P01,rice,rice,ACCEPT,,,REALIZED_INITIAL,,3736.0,3736.0,True,,,False,phase1
p6_dev,20260812,651,stage2_initial_response,farmer_response,F0341,F0341-P02,groundnut,groundnut,ACCEPT,,,REALIZED_INITIAL,,46028.0,46028.0,True,,,False,phase1
p6_dev,20260812,652,stage2_initial_response,farmer_response,F0342,F0342-P01,rice,rice,ACCEPT,,,REALIZED_INITIAL,,3044.0,3044.0,True,,,False,phase1
p6_dev,20260812,653,stage2_initial_response,farmer_response,F0345,F0345-P01,soybean,FALLOW_UNALLOCATED,REJECT,,,REJECTED_FALLOW,,33311.0,0.0,False,,,False,phase1
p6_dev,20260812,654,stage2_initial_response,farmer_response,F0346,F0346-P01,maize,maize,ACCEPT,,,REALIZED_INITIAL,,24526.0,24526.0,True,,,False,phase1
p6_dev,20260812,655,stage2_initial_response,farmer_response,F0348,F0348-P01,rice,rice,ACCEPT,,,REALIZED_INITIAL,,2562.0,2562.0,True,,,False,phase1
p6_dev,20260812,656,stage2_initial_response,farmer_response,F0350,F0350-P02,rice,rice,ACCEPT,,,REALIZED_INITIAL,,1744.0,1744.0,True,,,False,phase1
p6_dev,20260812,657,stage2_initial_response,farmer_response,F0351,F0351-P01,rice,rice,ACCEPT,,,REALIZED_INITIAL,,2435.0,2435.0,True,,,False,phase1
p6_dev,20260812,658,stage2_initial_response,farmer_response,F0351,F0351-P02,rice,FALLOW_UNALLOCATED,REJECT,,,REJECTED_FALLOW,,3005.0,0.0,False,,,False,phase1
p6_dev,20260812,659,stage2_initial_response,farmer_response,F0352,F0352-P01,soybean,soybean,ACCEPT,,,REALIZED_INITIAL,,1788.0,1788.0,True,,,False,phase1
p6_dev,20260812,660,stage2_initial_response,farmer_response,F0354,F0354-P01,onion,onion,ACCEPT,,,REALIZED_INITIAL,,918016.0,918016.0,True,,,False,phase1
p6_dev,20260812,661,stage2_initial_response,farmer_response,F0354,F0354-P02,maize,maize,ACCEPT,,,REALIZED_INITIAL,,39183.0,39183.0,True,,,False,phase1
p6_dev,20260812,662,stage2_initial_response,farmer_response,F0355,F0355-P01,rice,rice,ACCEPT,,,REALIZED_INITIAL,,6982.0,6982.0,True,,,False,phase1
p6_dev,20260812,663,stage2_initial_response,farmer_response,F0355,F0355-P02,rice,rice,ACCEPT,,,REALIZED_INITIAL,,3427.0,3427.0,True,,,False,phase1
p6_dev,20260812,664,stage2_initial_response,farmer_response,F0356,F0356-P01,maize,FALLOW_UNALLOCATED,REJECT,,,REJECTED_FALLOW,,31067.0,0.0,False,,,False,phase1
p6_dev,20260812,665,stage2_initial_response,farmer_response,F0356,F0356-P02,maize,maize,ACCEPT,,,REALIZED_INITIAL,,2583.0,2583.0,True,,,False,phase1
p6_dev,20260812,666,stage2_initial_response,farmer_response,F0358,F0358-P02,pigeon_pea,pigeon_pea,ACCEPT,,,REALIZED_INITIAL,,4354.0,4354.0,True,,,False,phase1
p6_dev,20260812,667,stage2_initial_response,farmer_response,F0359,F0359-P01,pigeon_pea,pigeon_pea,ACCEPT,,,REALIZED_INITIAL,,36947.0,36947.0,True,,,False,phase1
p6_dev,20260812,668,stage2_initial_response,farmer_response,F0362,F0362-P01,soybean,FALLOW_UNALLOCATED,REJECT,,,REJECTED_FALLOW,,3433.0,0.0,False,,,False,phase1
p6_dev,20260812,669,stage2_initial_response,farmer_response,F0363,F0363-P01,rice,rice,ACCEPT,,,REALIZED_INITIAL,,6882.0,6882.0,True,,,False,phase1
p6_dev,20260812,670,stage2_initial_response,farmer_response,F0365,F0365-P02,soybean,soybean,ACCEPT,,,REALIZED_INITIAL,,2613.0,2613.0,True,,,False,phase1
p6_dev,20260812,671,stage2_initial_response,farmer_response,F0365,F0365-P03,onion,FALLOW_UNALLOCATED,REJECT,,,REJECTED_FALLOW,,3658.0,0.0,False,,,False,phase1
p6_dev,20260812,672,stage2_initial_response,farmer_response,F0366,F0366-P02,maize,maize,ACCEPT,,,REALIZED_INITIAL,,7292.0,7292.0,True,,,False,phase1
p6_dev,20260812,673,stage2_initial_response,farmer_response,F0367,F0367-P02,onion,onion,ACCEPT,,,REALIZED_INITIAL,,101526.0,101526.0,True,,,False,phase1
p6_dev,20260812,674,stage2_initial_response,farmer_response,F0368,F0368-P01,maize,maize,ACCEPT,,,REALIZED_INITIAL,,6813.0,6813.0,True,,,False,phase1
p6_dev,20260812,675,stage2_initial_response,farmer_response,F0370,F0370-P01,maize,maize,ACCEPT,,,REALIZED_INITIAL,,14221.0,14221.0,True,,,False,phase1
p6_dev,20260812,676,stage2_initial_response,farmer_response,F0371,F0371-P01,maize,maize,ACCEPT,,,REALIZED_INITIAL,,6835.0,6835.0,True,,,False,phase1
p6_dev,20260812,677,stage2_initial_response,farmer_response,F0371,F0371-P03,maize,maize,ACCEPT,,,REALIZED_INITIAL,,49805.0,49805.0,True,,,False,phase1
p6_dev,20260812,678,stage2_initial_response,farmer_response,F0372,F0372-P01,soybean,soybean,ACCEPT,,,REALIZED_INITIAL,,19286.0,19286.0,True,,,False,phase1
p6_dev,20260812,679,stage2_initial_response,farmer_response,F0372,F0372-P03,soybean,soybean,ACCEPT,,,REALIZED_INITIAL,,3888.0,3888.0,True,,,False,phase1
p6_dev,20260812,680,stage2_initial_response,farmer_response,F0374,F0374-P01,maize,maize,ACCEPT,,,REALIZED_INITIAL,,38719.0,38719.0,True,,,False,phase1
p6_dev,20260812,681,stage2_initial_response,farmer_response,F0374,F0374-P04,maize,maize,ACCEPT,,,REALIZED_INITIAL,,40681.0,40681.0,True,,,False,phase1
p6_dev,20260812,682,stage2_initial_response,farmer_response,F0375,F0375-P02,maize,maize,ACCEPT,,,REALIZED_INITIAL,,27502.0,27502.0,True,,,False,phase1
p6_dev,20260812,683,stage2_initial_response,farmer_response,F0375,F0375-P03,maize,maize,ACCEPT,,,REALIZED_INITIAL,,10530.0,10530.0,True,,,False,phase1
p6_dev,20260812,684,stage2_initial_response,farmer_response,F0376,F0376-P02,maize,FALLOW_UNALLOCATED,REJECT,,,REJECTED_FALLOW,,23218.0,0.0,False,,,False,phase1
p6_dev,20260812,685,stage2_initial_response,farmer_response,F0377,F0377-P01,rice,FALLOW_UNALLOCATED,REJECT,,,REJECTED_FALLOW,,1791.0,0.0,False,,,False,phase1
p6_dev,20260812,686,stage2_initial_response,farmer_response,F0378,F0378-P02,groundnut,groundnut,ACCEPT,,,REALIZED_INITIAL,,29281.0,29281.0,True,,,False,phase1
p6_dev,20260812,687,stage2_initial_response,farmer_response,F0379,F0379-P02,maize,maize,ACCEPT,,,REALIZED_INITIAL,,6571.0,6571.0,True,,,False,phase1
p6_dev,20260812,688,stage2_initial_response,farmer_response,F0381,F0381-P01,cotton,cotton,ACCEPT,,,REALIZED_INITIAL,,8010.0,8010.0,True,,,False,phase1
p6_dev,20260812,689,stage2_initial_response,farmer_response,F0382,F0382-P01,soybean,soybean,ACCEPT,,,REALIZED_INITIAL,,2867.0,2867.0,True,,,False,phase1
p6_dev,20260812,690,stage2_initial_response,farmer_response,F0387,F0387-P02,rice,FALLOW_UNALLOCATED,REJECT,,,REJECTED_FALLOW,,1603.0,0.0,False,,,False,phase1
p6_dev,20260812,691,stage2_initial_response,farmer_response,F0387,F0387-P03,rice,rice,ACCEPT,,,REALIZED_INITIAL,,3434.0,3434.0,True,,,False,phase1
p6_dev,20260812,692,stage2_initial_response,farmer_response,F0388,F0388-P02,maize,maize,ACCEPT,,,REALIZED_INITIAL,,5101.0,5101.0,True,,,False,phase1
p6_dev,20260812,693,stage2_initial_response,farmer_response,F0392,F0392-P01,maize,maize,ACCEPT,,,REALIZED_INITIAL,,15141.0,15141.0,True,,,False,phase1
p6_dev,20260812,694,stage2_initial_response,farmer_response,F0394,F0394-P02,rice,rice,ACCEPT,,,REALIZED_INITIAL,,1945.0,1945.0,True,,,False,phase1
p6_dev,20260812,695,stage2_initial_response,farmer_response,F0398,F0398-P01,onion,onion,ACCEPT,,,REALIZED_INITIAL,,122818.0,122818.0,True,,,False,phase1
p6_dev,20260812,696,stage2_initial_response,farmer_response,F0398,F0398-P02,sorghum,sorghum,ACCEPT,,,REALIZED_INITIAL,,6633.0,6633.0,True,,,False,phase1
p6_dev,20260812,697,stage2_initial_response,farmer_response,F0398,F0398-P03,maize,maize,ACCEPT,,,REALIZED_INITIAL,,13532.0,13532.0,True,,,False,phase1
p6_dev,20260812,698,stage2_initial_response,farmer_response,F0399,F0399-P02,maize,maize,ACCEPT,,,REALIZED_INITIAL,,6475.0,6475.0,True,,,False,phase1
p6_dev,20260812,699,stage2_initial_response,farmer_response,F0400,F0400-P02,rice,rice,ACCEPT,,,REALIZED_INITIAL,,11074.0,11074.0,True,,,False,phase1
p6_dev,20260812,700,stage2_initial_response,farmer_response,F0403,F0403-P01,soybean,soybean,ACCEPT,,,REALIZED_INITIAL,,2642.0,2642.0,True,,,False,phase1
p6_dev,20260812,701,stage2_initial_response,farmer_response,F0404,F0404-P02,rice,rice,ACCEPT,,,REALIZED_INITIAL,,1382.0,1382.0,True,,,False,phase1
p6_dev,20260812,702,stage2_initial_response,farmer_response,F0405,F0405-P01,maize,maize,ACCEPT,,,REALIZED_INITIAL,,3009.0,3009.0,True,,,False,phase1
p6_dev,20260812,703,stage2_initial_response,farmer_response,F0405,F0405-P02,maize,maize,ACCEPT,,,REALIZED_INITIAL,,55299.0,55299.0,True,,,False,phase1
p6_dev,20260812,704,stage2_initial_response,farmer_response,F0406,F0406-P01,rice,rice,ACCEPT,,,REALIZED_INITIAL,,1449.0,1449.0,True,,,False,phase1
p6_dev,20260812,705,stage2_initial_response,farmer_response,F0406,F0406-P02,rice,FALLOW_UNALLOCATED,REJECT,,,REJECTED_FALLOW,,1744.0,0.0,False,,,False,phase1
p6_dev,20260812,706,stage2_initial_response,farmer_response,F0408,F0408-P01,soybean,soybean,ACCEPT,,,REALIZED_INITIAL,,7084.0,7084.0,True,,,False,phase1
p6_dev,20260812,707,stage2_initial_response,farmer_response,F0408,F0408-P02,soybean,FALLOW_UNALLOCATED,REJECT,,,REJECTED_FALLOW,,5902.0,0.0,False,,,False,phase1
p6_dev,20260812,708,stage2_initial_response,farmer_response,F0412,F0412-P02,soybean,soybean,ACCEPT,,,REALIZED_INITIAL,,704.0,704.0,True,,,False,phase1
p6_dev,20260812,709,stage2_initial_response,farmer_response,F0413,F0413-P03,rice,FALLOW_UNALLOCATED,REJECT,,,REJECTED_FALLOW,,2918.0,0.0,False,,,False,phase1
p6_dev,20260812,710,stage2_initial_response,farmer_response,F0414,F0414-P01,soybean,soybean,ACCEPT,,,REALIZED_INITIAL,,6756.0,6756.0,True,,,False,phase1
p6_dev,20260812,711,stage2_initial_response,farmer_response,F0415,F0415-P01,maize,maize,ACCEPT,,,REALIZED_INITIAL,,3139.0,3139.0,True,,,False,phase1
p6_dev,20260812,712,stage2_initial_response,farmer_response,F0415,F0415-P02,maize,maize,ACCEPT,,,REALIZED_INITIAL,,36855.0,36855.0,True,,,False,phase1
p6_dev,20260812,713,stage2_initial_response,farmer_response,F0417,F0417-P02,soybean,FALLOW_UNALLOCATED,REJECT,,,REJECTED_FALLOW,,14457.0,0.0,False,,,False,phase1
p6_dev,20260812,714,stage2_initial_response,farmer_response,F0418,F0418-P02,rice,FALLOW_UNALLOCATED,REJECT,,,REJECTED_FALLOW,,2582.0,0.0,False,,,False,phase1
p6_dev,20260812,715,stage2_initial_response,farmer_response,F0420,F0420-P01,soybean,FALLOW_UNALLOCATED,REJECT,,,REJECTED_FALLOW,,5238.0,0.0,False,,,False,phase1
p6_dev,20260812,716,stage2_initial_response,farmer_response,F0423,F0423-P01,pigeon_pea,FALLOW_UNALLOCATED,REJECT,,,REJECTED_FALLOW,,67735.0,0.0,False,,,False,phase1
p6_dev,20260812,717,stage2_initial_response,farmer_response,F0424,F0424-P02,maize,maize,ACCEPT,,,REALIZED_INITIAL,,1439.0,1439.0,True,,,False,phase1
p6_dev,20260812,718,stage2_initial_response,farmer_response,F0425,F0425-P01,onion,onion,ACCEPT,,,REALIZED_INITIAL,,36612.0,36612.0,True,,,False,phase1
p6_dev,20260812,719,stage2_initial_response,farmer_response,F0427,F0427-P01,groundnut,groundnut,ACCEPT,,,REALIZED_INITIAL,,32304.0,32304.0,True,,,False,phase1
p6_dev,20260812,720,stage2_initial_response,farmer_response,F0428,F0428-P02,maize,maize,ACCEPT,,,REALIZED_INITIAL,,55102.0,55102.0,True,,,False,phase1
p6_dev,20260812,721,stage2_initial_response,farmer_response,F0428,F0428-P04,maize,maize,ACCEPT,,,REALIZED_INITIAL,,62166.0,62166.0,True,,,False,phase1
p6_dev,20260812,722,stage2_initial_response,farmer_response,F0430,F0430-P01,maize,maize,ACCEPT,,,REALIZED_INITIAL,,57621.0,57621.0,True,,,False,phase1
p6_dev,20260812,723,stage2_initial_response,farmer_response,F0431,F0431-P01,maize,maize,ACCEPT,,,REALIZED_INITIAL,,12230.0,12230.0,True,,,False,phase1
p6_dev,20260812,724,stage2_initial_response,farmer_response,F0431,F0431-P02,maize,FALLOW_UNALLOCATED,REJECT,,,REJECTED_FALLOW,,34337.0,0.0,False,,,False,phase1
p6_dev,20260812,725,stage2_initial_response,farmer_response,F0433,F0433-P01,rice,rice,ACCEPT,,,REALIZED_INITIAL,,3534.0,3534.0,True,,,False,phase1
p6_dev,20260812,726,stage2_initial_response,farmer_response,F0435,F0435-P01,rice,rice,ACCEPT,,,REALIZED_INITIAL,,4266.0,4266.0,True,,,False,phase1
p6_dev,20260812,727,stage2_initial_response,farmer_response,F0436,F0436-P01,cotton,cotton,ACCEPT,,,REALIZED_INITIAL,,32746.0,32746.0,True,,,False,phase1
p6_dev,20260812,728,stage2_initial_response,farmer_response,F0438,F0438-P01,maize,FALLOW_UNALLOCATED,REJECT,,,REJECTED_FALLOW,,3957.0,0.0,False,,,False,phase1
p6_dev,20260812,729,stage2_initial_response,farmer_response,F0440,F0440-P01,maize,maize,ACCEPT,,,REALIZED_INITIAL,,8097.0,8097.0,True,,,False,phase1
p6_dev,20260812,730,stage2_initial_response,farmer_response,F0443,F0443-P01,onion,onion,ACCEPT,,,REALIZED_INITIAL,,5583.0,5583.0,True,,,False,phase1
p6_dev,20260812,731,stage2_initial_response,farmer_response,F0445,F0445-P01,rice,rice,ACCEPT,,,REALIZED_INITIAL,,966.0,966.0,True,,,False,phase1
p6_dev,20260812,732,stage2_initial_response,farmer_response,F0445,F0445-P02,groundnut,groundnut,ACCEPT,,,REALIZED_INITIAL,,38922.0,38922.0,True,,,False,phase1
p6_dev,20260812,733,stage2_initial_response,farmer_response,F0448,F0448-P01,maize,maize,ACCEPT,,,REALIZED_INITIAL,,44703.0,44703.0,True,,,False,phase1
p6_dev,20260812,734,stage2_initial_response,farmer_response,F0451,F0451-P02,cotton,cotton,ACCEPT,,,REALIZED_INITIAL,,5229.0,5229.0,True,,,False,phase1
p6_dev,20260812,735,stage2_initial_response,farmer_response,F0453,F0453-P01,onion,onion,ACCEPT,,,REALIZED_INITIAL,,499839.0,499839.0,True,,,False,phase1
p6_dev,20260812,736,stage2_initial_response,farmer_response,F0453,F0453-P02,maize,maize,ACCEPT,,,REALIZED_INITIAL,,16008.0,16008.0,True,,,False,phase1
p6_dev,20260812,737,stage2_initial_response,farmer_response,F0459,F0459-P01,maize,maize,ACCEPT,,,REALIZED_INITIAL,,8507.0,8507.0,True,,,False,phase1
p6_dev,20260812,738,stage2_initial_response,farmer_response,F0459,F0459-P02,sorghum,sorghum,ACCEPT,,,REALIZED_INITIAL,,5124.0,5124.0,True,,,False,phase1
p6_dev,20260812,739,stage2_initial_response,farmer_response,F0460,F0460-P02,rice,rice,ACCEPT,,,REALIZED_INITIAL,,2576.0,2576.0,True,,,False,phase1
p6_dev,20260812,740,stage2_initial_response,farmer_response,F0465,F0465-P01,soybean,FALLOW_UNALLOCATED,REJECT,,,REJECTED_FALLOW,,2400.0,0.0,False,,,False,phase1
p6_dev,20260812,741,stage2_initial_response,farmer_response,F0470,F0470-P01,maize,maize,ACCEPT,,,REALIZED_INITIAL,,35292.0,35292.0,True,,,False,phase1
p6_dev,20260812,742,stage2_initial_response,farmer_response,F0471,F0471-P01,soybean,soybean,ACCEPT,,,REALIZED_INITIAL,,2313.0,2313.0,True,,,False,phase1
p6_dev,20260812,743,stage2_initial_response,farmer_response,F0472,F0472-P02,groundnut,groundnut,ACCEPT,,,REALIZED_INITIAL,,226005.0,226005.0,True,,,False,phase1
p6_dev,20260812,744,stage2_initial_response,farmer_response,F0478,F0478-P01,maize,maize,ACCEPT,,,REALIZED_INITIAL,,31590.0,31590.0,True,,,False,phase1
p6_dev,20260812,745,stage2_initial_response,farmer_response,F0478,F0478-P03,maize,FALLOW_UNALLOCATED,REJECT,,,REJECTED_FALLOW,,40714.0,0.0,False,,,False,phase1
p6_dev,20260812,746,stage2_initial_response,farmer_response,F0479,F0479-P01,rice,rice,ACCEPT,,,REALIZED_INITIAL,,2401.0,2401.0,True,,,False,phase1
p6_dev,20260812,747,stage2_initial_response,farmer_response,F0481,F0481-P02,rice,rice,ACCEPT,,,REALIZED_INITIAL,,490.0,490.0,True,,,False,phase1
p6_dev,20260812,748,stage2_initial_response,farmer_response,F0483,F0483-P02,soybean,FALLOW_UNALLOCATED,REJECT,,,REJECTED_FALLOW,,1662.0,0.0,False,,,False,phase1
p6_dev,20260812,749,stage2_initial_response,farmer_response,F0484,F0484-P01,soybean,soybean,ACCEPT,,,REALIZED_INITIAL,,6081.0,6081.0,True,,,False,phase1
p6_dev,20260812,750,stage2_initial_response,farmer_response,F0486,F0486-P01,rice,rice,ACCEPT,,,REALIZED_INITIAL,,2609.0,2609.0,True,,,False,phase1
p6_dev,20260812,751,stage2_initial_response,farmer_response,F0486,F0486-P02,groundnut,groundnut,ACCEPT,,,REALIZED_INITIAL,,4348.0,4348.0,True,,,False,phase1
p6_dev,20260812,752,stage2_initial_response,farmer_response,F0488,F0488-P02,rice,rice,ACCEPT,,,REALIZED_INITIAL,,2723.0,2723.0,True,,,False,phase1
p6_dev,20260812,753,stage2_initial_response,farmer_response,F0489,F0489-P01,rice,rice,ACCEPT,,,REALIZED_INITIAL,,2911.0,2911.0,True,,,False,phase1
p6_dev,20260812,754,stage2_initial_response,farmer_response,F0490,F0490-P01,maize,maize,ACCEPT,,,REALIZED_INITIAL,,7718.0,7718.0,True,,,False,phase1
p6_dev,20260812,755,stage2_initial_response,farmer_response,F0491,F0491-P01,sorghum,sorghum,ACCEPT,,,REALIZED_INITIAL,,9887.0,9887.0,True,,,False,phase1
p6_dev,20260812,756,stage2_initial_response,farmer_response,F0492,F0492-P01,onion,onion,ACCEPT,,,REALIZED_INITIAL,,37910.0,37910.0,True,,,False,phase1
p6_dev,20260812,757,stage2_initial_response,farmer_response,F0492,F0492-P02,maize,maize,ACCEPT,,,REALIZED_INITIAL,,13812.0,13812.0,True,,,False,phase1
p6_dev,20260812,758,stage2_initial_response,farmer_response,F0493,F0493-P01,rice,rice,ACCEPT,,,REALIZED_INITIAL,,2482.0,2482.0,True,,,False,phase1
p6_dev,20260812,759,stage2_initial_response,farmer_response,F0496,F0496-P01,maize,FALLOW_UNALLOCATED,REJECT,,,REJECTED_FALLOW,,48936.0,0.0,False,,,False,phase1
p6_dev,20260812,760,stage2_initial_response,farmer_response,F0496,F0496-P02,onion,onion,ACCEPT,,,REALIZED_INITIAL,,27264.0,27264.0,True,,,False,phase1
p6_dev,20260812,761,stage2_initial_response,farmer_response,F0496,F0496-P03,onion,onion,ACCEPT,,,REALIZED_INITIAL,,114898.0,114898.0,True,,,False,phase1
p6_dev,20260812,762,stage2_initial_response,farmer_response,F0497,F0497-P01,sorghum,sorghum,ACCEPT,,,REALIZED_INITIAL,,582.0,582.0,True,,,False,phase1
p6_dev,20260812,763,stage2_initial_response,farmer_response,F0499,F0499-P02,soybean,soybean,ACCEPT,,,REALIZED_INITIAL,,265.0,265.0,True,,,False,phase1
p6_dev,20260812,764,stage3_commitment,commitment_state,F0001,F0001-P03,,onion,,VIEWED,FLEXIBLE,REALIZED_INITIAL,,,,True,,,False,phase2
p6_dev,20260812,765,stage3_commitment,commitment_state,F0003,F0003-P01,,rice,,CONFIRMED,SOFT_LOCK,REALIZED_INITIAL,,,,True,,,False,phase2
p6_dev,20260812,766,stage3_commitment,commitment_state,F0004,F0004-P01,,maize,,PLANTED,HARD_LOCK,REALIZED_INITIAL,,,,True,,,False,phase2
p6_dev,20260812,767,stage3_commitment,commitment_state,F0005,F0005-P01,,soybean,,CONFIRMED,SOFT_LOCK,REALIZED_INITIAL,,,,True,,,False,phase2
p6_dev,20260812,768,stage3_commitment,commitment_state,F0005,F0005-P02,,onion,,CONFIRMED,SOFT_LOCK,REALIZED_INITIAL,,,,True,,,False,phase2
p6_dev,20260812,769,stage3_commitment,commitment_state,F0006,F0006-P01,,maize,,VIEWED,FLEXIBLE,REALIZED_INITIAL,,,,True,,,False,phase2
p6_dev,20260812,770,stage3_commitment,commitment_state,F0007,F0007-P02,,maize,,CONFIRMED,SOFT_LOCK,REALIZED_INITIAL,,,,True,,,False,phase2
p6_dev,20260812,771,stage3_commitment,commitment_state,F0010,F0010-P01,,soybean,,PLANTED,HARD_LOCK,REALIZED_INITIAL,,,,True,,,False,phase2
p6_dev,20260812,772,stage3_commitment,commitment_state,F0012,F0012-P02,,maize,,CONFIRMED,SOFT_LOCK,REALIZED_INITIAL,,,,True,,,False,phase2
p6_dev,20260812,773,stage3_commitment,commitment_state,F0013,F0013-P01,,maize,,CONFIRMED,SOFT_LOCK,REALIZED_INITIAL,,,,True,,,False,phase2
p6_dev,20260812,774,stage3_commitment,commitment_state,F0015,F0015-P02,,soybean,,VIEWED,FLEXIBLE,REALIZED_INITIAL,,,,True,,,False,phase2
p6_dev,20260812,775,stage3_commitment,commitment_state,F0017,F0017-P02,,onion,,CONFIRMED,SOFT_LOCK,REALIZED_INITIAL,,,,True,,,False,phase2
p6_dev,20260812,776,stage3_commitment,commitment_state,F0017,F0017-P03,,onion,,VIEWED,REJECTED_TERMINAL,REJECTED_TERMINAL,,,,False,,,False,phase2
p6_dev,20260812,777,stage3_commitment,commitment_state,F0017,F0017-P05,,onion,,PLANTED,HARD_LOCK,REALIZED_INITIAL,,,,True,,,False,phase2
p6_dev,20260812,778,stage3_commitment,commitment_state,F0018,F0018-P02,,onion,,VIEWED,FLEXIBLE,REALIZED_INITIAL,,,,True,,,False,phase2
p6_dev,20260812,779,stage3_commitment,commitment_state,F0019,F0019-P01,,rice,,CONFIRMED,SOFT_LOCK,REALIZED_INITIAL,,,,True,,,False,phase2
p6_dev,20260812,780,stage3_commitment,commitment_state,F0020,F0020-P01,,sorghum,,VIEWED,FLEXIBLE,REALIZED_INITIAL,,,,True,,,False,phase2
p6_dev,20260812,781,stage3_commitment,commitment_state,F0020,F0020-P02,,sorghum,,VIEWED,FLEXIBLE,REALIZED_INITIAL,,,,True,,,False,phase2
p6_dev,20260812,782,stage3_commitment,commitment_state,F0025,F0025-P01,,maize,,VIEWED,REJECTED_TERMINAL,REJECTED_TERMINAL,,,,False,,,False,phase2
p6_dev,20260812,783,stage3_commitment,commitment_state,F0027,F0027-P01,,maize,,CONFIRMED,SOFT_LOCK,REALIZED_INITIAL,,,,True,,,False,phase2
p6_dev,20260812,784,stage3_commitment,commitment_state,F0027,F0027-P03,,maize,,VIEWED,FLEXIBLE,REALIZED_INITIAL,,,,True,,,False,phase2
p6_dev,20260812,785,stage3_commitment,commitment_state,F0030,F0030-P01,,maize,,VIEWED,REJECTED_TERMINAL,REJECTED_TERMINAL,,,,False,,,False,phase2
p6_dev,20260812,786,stage3_commitment,commitment_state,F0030,F0030-P02,,maize,,VIEWED,FLEXIBLE,REALIZED_INITIAL,,,,True,,,False,phase2
p6_dev,20260812,787,stage3_commitment,commitment_state,F0031,F0031-P01,,sorghum,,VIEWED,FLEXIBLE,REALIZED_INITIAL,,,,True,,,False,phase2
p6_dev,20260812,788,stage3_commitment,commitment_state,F0031,F0031-P02,,maize,,VIEWED,REJECTED_TERMINAL,REJECTED_TERMINAL,,,,False,,,False,phase2
p6_dev,20260812,789,stage3_commitment,commitment_state,F0031,F0031-P03,,maize,,VIEWED,FLEXIBLE,REALIZED_INITIAL,,,,True,,,False,phase2
p6_dev,20260812,790,stage3_commitment,commitment_state,F0033,F0033-P01,,maize,,CONFIRMED,SOFT_LOCK,REALIZED_INITIAL,,,,True,,,False,phase2
p6_dev,20260812,791,stage3_commitment,commitment_state,F0035,F0035-P01,,rice,,VIEWED,FLEXIBLE,REALIZED_INITIAL,,,,True,,,False,phase2
p6_dev,20260812,792,stage3_commitment,commitment_state,F0035,F0035-P02,,rice,,PLANTED,HARD_LOCK,REALIZED_INITIAL,,,,True,,,False,phase2
p6_dev,20260812,793,stage3_commitment,commitment_state,F0037,F0037-P01,,rice,,VIEWED,FLEXIBLE,REALIZED_INITIAL,,,,True,,,False,phase2
p6_dev,20260812,794,stage3_commitment,commitment_state,F0038,F0038-P01,,pigeon_pea,,PLANTED,HARD_LOCK,REALIZED_INITIAL,,,,True,,,False,phase2
p6_dev,20260812,795,stage3_commitment,commitment_state,F0038,F0038-P02,,onion,,VIEWED,FLEXIBLE,REALIZED_INITIAL,,,,True,,,False,phase2
p6_dev,20260812,796,stage3_commitment,commitment_state,F0039,F0039-P01,,maize,,VIEWED,FLEXIBLE,REALIZED_INITIAL,,,,True,,,False,phase2
p6_dev,20260812,797,stage3_commitment,commitment_state,F0040,F0040-P03,,soybean,,PLANTED,HARD_LOCK,REALIZED_INITIAL,,,,True,,,False,phase2
p6_dev,20260812,798,stage3_commitment,commitment_state,F0041,F0041-P01,,groundnut,,VIEWED,FLEXIBLE,REALIZED_INITIAL,,,,True,,,False,phase2
p6_dev,20260812,799,stage3_commitment,commitment_state,F0042,F0042-P01,,maize,,VIEWED,FLEXIBLE,REALIZED_INITIAL,,,,True,,,False,phase2
p6_dev,20260812,800,stage3_commitment,commitment_state,F0043,F0043-P01,,onion,,VIEWED,FLEXIBLE,REALIZED_INITIAL,,,,True,,,False,phase2
p6_dev,20260812,801,stage3_commitment,commitment_state,F0045,F0045-P01,,soybean,,CONFIRMED,SOFT_LOCK,REALIZED_INITIAL,,,,True,,,False,phase2
p6_dev,20260812,802,stage3_commitment,commitment_state,F0047,F0047-P02,,maize,,VIEWED,FLEXIBLE,REALIZED_INITIAL,,,,True,,,False,phase2
p6_dev,20260812,803,stage3_commitment,commitment_state,F0048,F0048-P01,,rice,,CONFIRMED,SOFT_LOCK,REALIZED_INITIAL,,,,True,,,False,phase2
p6_dev,20260812,804,stage3_commitment,commitment_state,F0049,F0049-P01,,soybean,,PLANTED,HARD_LOCK,REALIZED_INITIAL,,,,True,,,False,phase2
p6_dev,20260812,805,stage3_commitment,commitment_state,F0050,F0050-P01,,maize,,PLANTED,HARD_LOCK,REALIZED_INITIAL,,,,True,,,False,phase2
p6_dev,20260812,806,stage3_commitment,commitment_state,F0050,F0050-P02,,maize,,VIEWED,FLEXIBLE,REALIZED_INITIAL,,,,True,,,False,phase2
p6_dev,20260812,807,stage3_commitment,commitment_state,F0050,F0050-P03,,onion,,PLANTED,HARD_LOCK,REALIZED_INITIAL,,,,True,,,False,phase2
p6_dev,20260812,808,stage3_commitment,commitment_state,F0051,F0051-P01,,sorghum,,VIEWED,REJECTED_TERMINAL,REJECTED_TERMINAL,,,,False,,,False,phase2
p6_dev,20260812,809,stage3_commitment,commitment_state,F0055,F0055-P01,,sorghum,,PLANTED,HARD_LOCK,REALIZED_INITIAL,,,,True,,,False,phase2
p6_dev,20260812,810,stage3_commitment,commitment_state,F0056,F0056-P02,,rice,,PLANTED,HARD_LOCK,REALIZED_INITIAL,,,,True,,,False,phase2
p6_dev,20260812,811,stage3_commitment,commitment_state,F0062,F0062-P01,,sorghum,,CONFIRMED,SOFT_LOCK,REALIZED_INITIAL,,,,True,,,False,phase2
p6_dev,20260812,812,stage3_commitment,commitment_state,F0064,F0064-P01,,rice,,CONFIRMED,SOFT_LOCK,REALIZED_INITIAL,,,,True,,,False,phase2
p6_dev,20260812,813,stage3_commitment,commitment_state,F0064,F0064-P02,,rice,,PLANTED,HARD_LOCK,REALIZED_INITIAL,,,,True,,,False,phase2
p6_dev,20260812,814,stage3_commitment,commitment_state,F0066,F0066-P01,,rice,,VIEWED,FLEXIBLE,REALIZED_INITIAL,,,,True,,,False,phase2
p6_dev,20260812,815,stage3_commitment,commitment_state,F0068,F0068-P01,,onion,,CONFIRMED,SOFT_LOCK,REALIZED_INITIAL,,,,True,,,False,phase2
p6_dev,20260812,816,stage3_commitment,commitment_state,F0068,F0068-P02,,sorghum,,CONFIRMED,SOFT_LOCK,REALIZED_INITIAL,,,,True,,,False,phase2
p6_dev,20260812,817,stage3_commitment,commitment_state,F0068,F0068-P03,,onion,,CONFIRMED,SOFT_LOCK,REALIZED_INITIAL,,,,True,,,False,phase2
p6_dev,20260812,818,stage3_commitment,commitment_state,F0070,F0070-P01,,maize,,CONFIRMED,SOFT_LOCK,REALIZED_INITIAL,,,,True,,,False,phase2
p6_dev,20260812,819,stage3_commitment,commitment_state,F0071,F0071-P01,,maize,,CONFIRMED,SOFT_LOCK,REALIZED_INITIAL,,,,True,,,False,phase2
p6_dev,20260812,820,stage3_commitment,commitment_state,F0072,F0072-P02,,maize,,PLANTED,HARD_LOCK,REALIZED_INITIAL,,,,True,,,False,phase2
p6_dev,20260812,821,stage3_commitment,commitment_state,F0074,F0074-P01,,rice,,CONFIRMED,SOFT_LOCK,REALIZED_INITIAL,,,,True,,,False,phase2
p6_dev,20260812,822,stage3_commitment,commitment_state,F0074,F0074-P02,,rice,,PLANTED,HARD_LOCK,REALIZED_INITIAL,,,,True,,,False,phase2
p6_dev,20260812,823,stage3_commitment,commitment_state,F0077,F0077-P01,,maize,,CONFIRMED,SOFT_LOCK,REALIZED_INITIAL,,,,True,,,False,phase2
p6_dev,20260812,824,stage3_commitment,commitment_state,F0078,F0078-P01,,maize,,CONFIRMED,SOFT_LOCK,REALIZED_INITIAL,,,,True,,,False,phase2
p6_dev,20260812,825,stage3_commitment,commitment_state,F0078,F0078-P02,,maize,,VIEWED,FLEXIBLE,REALIZED_INITIAL,,,,True,,,False,phase2
p6_dev,20260812,826,stage3_commitment,commitment_state,F0078,F0078-P03,,maize,,PLANTED,HARD_LOCK,REALIZED_INITIAL,,,,True,,,False,phase2
p6_dev,20260812,827,stage3_commitment,commitment_state,F0079,F0079-P02,,onion,,VIEWED,FLEXIBLE,REALIZED_INITIAL,,,,True,,,False,phase2
p6_dev,20260812,828,stage3_commitment,commitment_state,F0080,F0080-P01,,onion,,CONFIRMED,SOFT_LOCK,REALIZED_INITIAL,,,,True,,,False,phase2
p6_dev,20260812,829,stage3_commitment,commitment_state,F0080,F0080-P02,,soybean,,VIEWED,FLEXIBLE,REALIZED_INITIAL,,,,True,,,False,phase2
p6_dev,20260812,830,stage3_commitment,commitment_state,F0082,F0082-P01,,pigeon_pea,,CONFIRMED,SOFT_LOCK,REALIZED_INITIAL,,,,True,,,False,phase2
p6_dev,20260812,831,stage3_commitment,commitment_state,F0082,F0082-P02,,maize,,VIEWED,FLEXIBLE,REALIZED_INITIAL,,,,True,,,False,phase2
p6_dev,20260812,832,stage3_commitment,commitment_state,F0083,F0083-P01,,rice,,CONFIRMED,SOFT_LOCK,REALIZED_INITIAL,,,,True,,,False,phase2
p6_dev,20260812,833,stage3_commitment,commitment_state,F0084,F0084-P01,,maize,,PLANTED,HARD_LOCK,REALIZED_INITIAL,,,,True,,,False,phase2
p6_dev,20260812,834,stage3_commitment,commitment_state,F0084,F0084-P02,,maize,,VIEWED,FLEXIBLE,REALIZED_INITIAL,,,,True,,,False,phase2
p6_dev,20260812,835,stage3_commitment,commitment_state,F0085,F0085-P01,,groundnut,,VIEWED,REJECTED_TERMINAL,REJECTED_TERMINAL,,,,False,,,False,phase2
p6_dev,20260812,836,stage3_commitment,commitment_state,F0086,F0086-P02,,maize,,VIEWED,FLEXIBLE,REALIZED_INITIAL,,,,True,,,False,phase2
p6_dev,20260812,837,stage3_commitment,commitment_state,F0089,F0089-P01,,maize,,VIEWED,FLEXIBLE,REALIZED_INITIAL,,,,True,,,False,phase2
p6_dev,20260812,838,stage3_commitment,commitment_state,F0090,F0090-P01,,rice,,VIEWED,FLEXIBLE,REALIZED_INITIAL,,,,True,,,False,phase2
p6_dev,20260812,839,stage3_commitment,commitment_state,F0090,F0090-P02,,rice,,CONFIRMED,SOFT_LOCK,REALIZED_INITIAL,,,,True,,,False,phase2
p6_dev,20260812,840,stage3_commitment,commitment_state,F0091,F0091-P01,,soybean,,PLANTED,HARD_LOCK,REALIZED_INITIAL,,,,True,,,False,phase2
p6_dev,20260812,841,stage3_commitment,commitment_state,F0092,F0092-P02,,rice,,VIEWED,FLEXIBLE,REALIZED_INITIAL,,,,True,,,False,phase2
p6_dev,20260812,842,stage3_commitment,commitment_state,F0093,F0093-P01,,maize,,CONFIRMED,SOFT_LOCK,REALIZED_INITIAL,,,,True,,,False,phase2
p6_dev,20260812,843,stage3_commitment,commitment_state,F0094,F0094-P01,,rice,,PLANTED,HARD_LOCK,REALIZED_INITIAL,,,,True,,,False,phase2
p6_dev,20260812,844,stage3_commitment,commitment_state,F0097,F0097-P02,,soybean,,VIEWED,REJECTED_TERMINAL,REJECTED_TERMINAL,,,,False,,,False,phase2
p6_dev,20260812,845,stage3_commitment,commitment_state,F0102,F0102-P01,,rice,,PLANTED,HARD_LOCK,REALIZED_INITIAL,,,,True,,,False,phase2
p6_dev,20260812,846,stage3_commitment,commitment_state,F0103,F0103-P01,,maize,,VIEWED,REJECTED_TERMINAL,REJECTED_TERMINAL,,,,False,,,False,phase2
p6_dev,20260812,847,stage3_commitment,commitment_state,F0105,F0105-P04,,soybean,,PLANTED,HARD_LOCK,REALIZED_INITIAL,,,,True,,,False,phase2
p6_dev,20260812,848,stage3_commitment,commitment_state,F0106,F0106-P01,,onion,,VIEWED,FLEXIBLE,REALIZED_INITIAL,,,,True,,,False,phase2
p6_dev,20260812,849,stage3_commitment,commitment_state,F0107,F0107-P02,,maize,,CONFIRMED,SOFT_LOCK,REALIZED_INITIAL,,,,True,,,False,phase2
p6_dev,20260812,850,stage3_commitment,commitment_state,F0108,F0108-P01,,rice,,CONFIRMED,SOFT_LOCK,REALIZED_INITIAL,,,,True,,,False,phase2
p6_dev,20260812,851,stage3_commitment,commitment_state,F0108,F0108-P03,,rice,,CONFIRMED,SOFT_LOCK,REALIZED_INITIAL,,,,True,,,False,phase2
p6_dev,20260812,852,stage3_commitment,commitment_state,F0109,F0109-P02,,maize,,CONFIRMED,SOFT_LOCK,REALIZED_INITIAL,,,,True,,,False,phase2
p6_dev,20260812,853,stage3_commitment,commitment_state,F0110,F0110-P01,,sorghum,,VIEWED,REJECTED_TERMINAL,REJECTED_TERMINAL,,,,False,,,False,phase2
p6_dev,20260812,854,stage3_commitment,commitment_state,F0110,F0110-P02,,sorghum,,PLANTED,HARD_LOCK,REALIZED_INITIAL,,,,True,,,False,phase2
p6_dev,20260812,855,stage3_commitment,commitment_state,F0110,F0110-P03,,sorghum,,CONFIRMED,SOFT_LOCK,REALIZED_INITIAL,,,,True,,,False,phase2
p6_dev,20260812,856,stage3_commitment,commitment_state,F0111,F0111-P02,,maize,,VIEWED,REJECTED_TERMINAL,REJECTED_TERMINAL,,,,False,,,False,phase2
p6_dev,20260812,857,stage3_commitment,commitment_state,F0114,F0114-P01,,maize,,PLANTED,HARD_LOCK,REALIZED_INITIAL,,,,True,,,False,phase2
p6_dev,20260812,858,stage3_commitment,commitment_state,F0115,F0115-P02,,maize,,PLANTED,HARD_LOCK,REALIZED_INITIAL,,,,True,,,False,phase2
p6_dev,20260812,859,stage3_commitment,commitment_state,F0115,F0115-P03,,maize,,CONFIRMED,SOFT_LOCK,REALIZED_INITIAL,,,,True,,,False,phase2
p6_dev,20260812,860,stage3_commitment,commitment_state,F0116,F0116-P02,,rice,,CONFIRMED,SOFT_LOCK,REALIZED_INITIAL,,,,True,,,False,phase2
p6_dev,20260812,861,stage3_commitment,commitment_state,F0117,F0117-P02,,rice,,VIEWED,FLEXIBLE,REALIZED_INITIAL,,,,True,,,False,phase2
p6_dev,20260812,862,stage3_commitment,commitment_state,F0119,F0119-P01,,soybean,,CONFIRMED,SOFT_LOCK,REALIZED_INITIAL,,,,True,,,False,phase2
p6_dev,20260812,863,stage3_commitment,commitment_state,F0120,F0120-P01,,rice,,VIEWED,REJECTED_TERMINAL,REJECTED_TERMINAL,,,,False,,,False,phase2
p6_dev,20260812,864,stage3_commitment,commitment_state,F0121,F0121-P01,,soybean,,CONFIRMED,SOFT_LOCK,REALIZED_INITIAL,,,,True,,,False,phase2
p6_dev,20260812,865,stage3_commitment,commitment_state,F0122,F0122-P01,,maize,,CONFIRMED,SOFT_LOCK,REALIZED_INITIAL,,,,True,,,False,phase2
p6_dev,20260812,866,stage3_commitment,commitment_state,F0123,F0123-P01,,sorghum,,CONFIRMED,SOFT_LOCK,REALIZED_INITIAL,,,,True,,,False,phase2
p6_dev,20260812,867,stage3_commitment,commitment_state,F0126,F0126-P01,,maize,,PLANTED,HARD_LOCK,REALIZED_INITIAL,,,,True,,,False,phase2
p6_dev,20260812,868,stage3_commitment,commitment_state,F0126,F0126-P02,,maize,,VIEWED,FLEXIBLE,REALIZED_INITIAL,,,,True,,,False,phase2
p6_dev,20260812,869,stage3_commitment,commitment_state,F0127,F0127-P01,,sorghum,,VIEWED,FLEXIBLE,REALIZED_INITIAL,,,,True,,,False,phase2
p6_dev,20260812,870,stage3_commitment,commitment_state,F0128,F0128-P01,,rice,,VIEWED,FLEXIBLE,REALIZED_INITIAL,,,,True,,,False,phase2
p6_dev,20260812,871,stage3_commitment,commitment_state,F0128,F0128-P02,,rice,,CONFIRMED,SOFT_LOCK,REALIZED_INITIAL,,,,True,,,False,phase2
p6_dev,20260812,872,stage3_commitment,commitment_state,F0128,F0128-P03,,rice,,PLANTED,HARD_LOCK,REALIZED_INITIAL,,,,True,,,False,phase2
p6_dev,20260812,873,stage3_commitment,commitment_state,F0129,F0129-P01,,onion,,CONFIRMED,SOFT_LOCK,REALIZED_INITIAL,,,,True,,,False,phase2
p6_dev,20260812,874,stage3_commitment,commitment_state,F0129,F0129-P02,,pigeon_pea,,PLANTED,HARD_LOCK,REALIZED_INITIAL,,,,True,,,False,phase2
p6_dev,20260812,875,stage3_commitment,commitment_state,F0130,F0130-P01,,maize,,VIEWED,FLEXIBLE,REALIZED_INITIAL,,,,True,,,False,phase2
p6_dev,20260812,876,stage3_commitment,commitment_state,F0131,F0131-P01,,rice,,CONFIRMED,SOFT_LOCK,REALIZED_INITIAL,,,,True,,,False,phase2
p6_dev,20260812,877,stage3_commitment,commitment_state,F0131,F0131-P02,,rice,,PLANTED,HARD_LOCK,REALIZED_INITIAL,,,,True,,,False,phase2
p6_dev,20260812,878,stage3_commitment,commitment_state,F0133,F0133-P01,,onion,,VIEWED,REJECTED_TERMINAL,REJECTED_TERMINAL,,,,False,,,False,phase2
p6_dev,20260812,879,stage3_commitment,commitment_state,F0134,F0134-P01,,rice,,VIEWED,REJECTED_TERMINAL,REJECTED_TERMINAL,,,,False,,,False,phase2
p6_dev,20260812,880,stage3_commitment,commitment_state,F0135,F0135-P01,,groundnut,,CONFIRMED,SOFT_LOCK,REALIZED_INITIAL,,,,True,,,False,phase2
p6_dev,20260812,881,stage3_commitment,commitment_state,F0136,F0136-P02,,maize,,PLANTED,HARD_LOCK,REALIZED_INITIAL,,,,True,,,False,phase2
p6_dev,20260812,882,stage3_commitment,commitment_state,F0138,F0138-P02,,rice,,PLANTED,HARD_LOCK,REALIZED_INITIAL,,,,True,,,False,phase2
p6_dev,20260812,883,stage3_commitment,commitment_state,F0138,F0138-P03,,groundnut,,CONFIRMED,SOFT_LOCK,REALIZED_INITIAL,,,,True,,,False,phase2
p6_dev,20260812,884,stage3_commitment,commitment_state,F0139,F0139-P02,,maize,,PLANTED,HARD_LOCK,REALIZED_INITIAL,,,,True,,,False,phase2
p6_dev,20260812,885,stage3_commitment,commitment_state,F0141,F0141-P02,,sorghum,,CONFIRMED,SOFT_LOCK,REALIZED_INITIAL,,,,True,,,False,phase2
p6_dev,20260812,886,stage3_commitment,commitment_state,F0142,F0142-P01,,maize,,CONFIRMED,SOFT_LOCK,REALIZED_INITIAL,,,,True,,,False,phase2
p6_dev,20260812,887,stage3_commitment,commitment_state,F0145,F0145-P01,,sorghum,,CONFIRMED,SOFT_LOCK,REALIZED_INITIAL,,,,True,,,False,phase2
p6_dev,20260812,888,stage3_commitment,commitment_state,F0145,F0145-P02,,sorghum,,VIEWED,FLEXIBLE,REALIZED_INITIAL,,,,True,,,False,phase2
p6_dev,20260812,889,stage3_commitment,commitment_state,F0146,F0146-P01,,maize,,CONFIRMED,SOFT_LOCK,REALIZED_INITIAL,,,,True,,,False,phase2
p6_dev,20260812,890,stage3_commitment,commitment_state,F0147,F0147-P02,,onion,,VIEWED,FLEXIBLE,REALIZED_INITIAL,,,,True,,,False,phase2
p6_dev,20260812,891,stage3_commitment,commitment_state,F0148,F0148-P01,,groundnut,,VIEWED,FLEXIBLE,REALIZED_INITIAL,,,,True,,,False,phase2
p6_dev,20260812,892,stage3_commitment,commitment_state,F0149,F0149-P01,,maize,,VIEWED,FLEXIBLE,REALIZED_INITIAL,,,,True,,,False,phase2
p6_dev,20260812,893,stage3_commitment,commitment_state,F0150,F0150-P02,,maize,,VIEWED,FLEXIBLE,REALIZED_INITIAL,,,,True,,,False,phase2
p6_dev,20260812,894,stage3_commitment,commitment_state,F0150,F0150-P03,,onion,,CONFIRMED,SOFT_LOCK,REALIZED_INITIAL,,,,True,,,False,phase2
p6_dev,20260812,895,stage3_commitment,commitment_state,F0152,F0152-P03,,soybean,,PLANTED,HARD_LOCK,REALIZED_INITIAL,,,,True,,,False,phase2
p6_dev,20260812,896,stage3_commitment,commitment_state,F0153,F0153-P03,,groundnut,,CONFIRMED,SOFT_LOCK,REALIZED_INITIAL,,,,True,,,False,phase2
p6_dev,20260812,897,stage3_commitment,commitment_state,F0154,F0154-P01,,maize,,VIEWED,FLEXIBLE,REALIZED_INITIAL,,,,True,,,False,phase2
p6_dev,20260812,898,stage3_commitment,commitment_state,F0156,F0156-P01,,maize,,VIEWED,FLEXIBLE,REALIZED_INITIAL,,,,True,,,False,phase2
p6_dev,20260812,899,stage3_commitment,commitment_state,F0156,F0156-P02,,onion,,VIEWED,FLEXIBLE,REALIZED_INITIAL,,,,True,,,False,phase2
p6_dev,20260812,900,stage3_commitment,commitment_state,F0156,F0156-P03,,maize,,VIEWED,FLEXIBLE,REALIZED_INITIAL,,,,True,,,False,phase2
p6_dev,20260812,901,stage3_commitment,commitment_state,F0158,F0158-P02,,rice,,VIEWED,FLEXIBLE,REALIZED_INITIAL,,,,True,,,False,phase2
p6_dev,20260812,902,stage3_commitment,commitment_state,F0159,F0159-P01,,rice,,CONFIRMED,SOFT_LOCK,REALIZED_INITIAL,,,,True,,,False,phase2
p6_dev,20260812,903,stage3_commitment,commitment_state,F0160,F0160-P03,,groundnut,,PLANTED,HARD_LOCK,REALIZED_INITIAL,,,,True,,,False,phase2
p6_dev,20260812,904,stage3_commitment,commitment_state,F0162,F0162-P01,,rice,,CONFIRMED,SOFT_LOCK,REALIZED_INITIAL,,,,True,,,False,phase2
p6_dev,20260812,905,stage3_commitment,commitment_state,F0163,F0163-P01,,rice,,PLANTED,HARD_LOCK,REALIZED_INITIAL,,,,True,,,False,phase2
p6_dev,20260812,906,stage3_commitment,commitment_state,F0166,F0166-P01,,rice,,VIEWED,FLEXIBLE,REALIZED_INITIAL,,,,True,,,False,phase2
p6_dev,20260812,907,stage3_commitment,commitment_state,F0167,F0167-P01,,rice,,PLANTED,HARD_LOCK,REALIZED_INITIAL,,,,True,,,False,phase2
p6_dev,20260812,908,stage3_commitment,commitment_state,F0169,F0169-P02,,onion,,VIEWED,FLEXIBLE,REALIZED_INITIAL,,,,True,,,False,phase2
p6_dev,20260812,909,stage3_commitment,commitment_state,F0175,F0175-P01,,sorghum,,VIEWED,REJECTED_TERMINAL,REJECTED_TERMINAL,,,,False,,,False,phase2
p6_dev,20260812,910,stage3_commitment,commitment_state,F0177,F0177-P01,,pigeon_pea,,CONFIRMED,SOFT_LOCK,REALIZED_INITIAL,,,,True,,,False,phase2
p6_dev,20260812,911,stage3_commitment,commitment_state,F0178,F0178-P01,,pigeon_pea,,VIEWED,REJECTED_TERMINAL,REJECTED_TERMINAL,,,,False,,,False,phase2
p6_dev,20260812,912,stage3_commitment,commitment_state,F0178,F0178-P02,,onion,,VIEWED,FLEXIBLE,REALIZED_INITIAL,,,,True,,,False,phase2
p6_dev,20260812,913,stage3_commitment,commitment_state,F0179,F0179-P01,,onion,,VIEWED,FLEXIBLE,REALIZED_INITIAL,,,,True,,,False,phase2
p6_dev,20260812,914,stage3_commitment,commitment_state,F0179,F0179-P02,,pigeon_pea,,VIEWED,REJECTED_TERMINAL,REJECTED_TERMINAL,,,,False,,,False,phase2
p6_dev,20260812,915,stage3_commitment,commitment_state,F0180,F0180-P01,,groundnut,,PLANTED,HARD_LOCK,REALIZED_INITIAL,,,,True,,,False,phase2
p6_dev,20260812,916,stage3_commitment,commitment_state,F0181,F0181-P02,,onion,,VIEWED,FLEXIBLE,REALIZED_INITIAL,,,,True,,,False,phase2
p6_dev,20260812,917,stage3_commitment,commitment_state,F0183,F0183-P01,,maize,,CONFIRMED,SOFT_LOCK,REALIZED_INITIAL,,,,True,,,False,phase2
p6_dev,20260812,918,stage3_commitment,commitment_state,F0188,F0188-P01,,maize,,PLANTED,HARD_LOCK,REALIZED_INITIAL,,,,True,,,False,phase2
p6_dev,20260812,919,stage3_commitment,commitment_state,F0188,F0188-P02,,pigeon_pea,,CONFIRMED,SOFT_LOCK,REALIZED_INITIAL,,,,True,,,False,phase2
p6_dev,20260812,920,stage3_commitment,commitment_state,F0188,F0188-P03,,onion,,VIEWED,FLEXIBLE,REALIZED_INITIAL,,,,True,,,False,phase2
p6_dev,20260812,921,stage3_commitment,commitment_state,F0188,F0188-P04,,maize,,VIEWED,FLEXIBLE,REALIZED_INITIAL,,,,True,,,False,phase2
p6_dev,20260812,922,stage3_commitment,commitment_state,F0189,F0189-P01,,onion,,VIEWED,FLEXIBLE,REALIZED_INITIAL,,,,True,,,False,phase2
p6_dev,20260812,923,stage3_commitment,commitment_state,F0190,F0190-P01,,maize,,VIEWED,FLEXIBLE,REALIZED_INITIAL,,,,True,,,False,phase2
p6_dev,20260812,924,stage3_commitment,commitment_state,F0192,F0192-P02,,groundnut,,PLANTED,HARD_LOCK,REALIZED_INITIAL,,,,True,,,False,phase2
p6_dev,20260812,925,stage3_commitment,commitment_state,F0193,F0193-P01,,maize,,VIEWED,REJECTED_TERMINAL,REJECTED_TERMINAL,,,,False,,,False,phase2
p6_dev,20260812,926,stage3_commitment,commitment_state,F0193,F0193-P02,,maize,,PLANTED,HARD_LOCK,REALIZED_INITIAL,,,,True,,,False,phase2
p6_dev,20260812,927,stage3_commitment,commitment_state,F0194,F0194-P01,,onion,,VIEWED,FLEXIBLE,REALIZED_INITIAL,,,,True,,,False,phase2
p6_dev,20260812,928,stage3_commitment,commitment_state,F0195,F0195-P01,,soybean,,PLANTED,HARD_LOCK,REALIZED_INITIAL,,,,True,,,False,phase2
p6_dev,20260812,929,stage3_commitment,commitment_state,F0198,F0198-P01,,soybean,,VIEWED,FLEXIBLE,REALIZED_INITIAL,,,,True,,,False,phase2
p6_dev,20260812,930,stage3_commitment,commitment_state,F0200,F0200-P01,,pigeon_pea,,VIEWED,FLEXIBLE,REALIZED_INITIAL,,,,True,,,False,phase2
p6_dev,20260812,931,stage3_commitment,commitment_state,F0201,F0201-P01,,onion,,VIEWED,FLEXIBLE,REALIZED_INITIAL,,,,True,,,False,phase2
p6_dev,20260812,932,stage3_commitment,commitment_state,F0202,F0202-P01,,maize,,CONFIRMED,SOFT_LOCK,REALIZED_INITIAL,,,,True,,,False,phase2
p6_dev,20260812,933,stage3_commitment,commitment_state,F0202,F0202-P03,,maize,,PLANTED,HARD_LOCK,REALIZED_INITIAL,,,,True,,,False,phase2
p6_dev,20260812,934,stage3_commitment,commitment_state,F0203,F0203-P01,,soybean,,PLANTED,HARD_LOCK,REALIZED_INITIAL,,,,True,,,False,phase2
p6_dev,20260812,935,stage3_commitment,commitment_state,F0204,F0204-P01,,soybean,,CONFIRMED,SOFT_LOCK,REALIZED_INITIAL,,,,True,,,False,phase2
p6_dev,20260812,936,stage3_commitment,commitment_state,F0205,F0205-P01,,onion,,VIEWED,FLEXIBLE,REALIZED_INITIAL,,,,True,,,False,phase2
p6_dev,20260812,937,stage3_commitment,commitment_state,F0205,F0205-P02,,sorghum,,CONFIRMED,SOFT_LOCK,REALIZED_INITIAL,,,,True,,,False,phase2
p6_dev,20260812,938,stage3_commitment,commitment_state,F0207,F0207-P02,,rice,,CONFIRMED,SOFT_LOCK,REALIZED_INITIAL,,,,True,,,False,phase2
p6_dev,20260812,939,stage3_commitment,commitment_state,F0208,F0208-P01,,soybean,,VIEWED,FLEXIBLE,REALIZED_INITIAL,,,,True,,,False,phase2
p6_dev,20260812,940,stage3_commitment,commitment_state,F0211,F0211-P01,,rice,,VIEWED,FLEXIBLE,REALIZED_INITIAL,,,,True,,,False,phase2
p6_dev,20260812,941,stage3_commitment,commitment_state,F0211,F0211-P02,,rice,,CONFIRMED,SOFT_LOCK,REALIZED_INITIAL,,,,True,,,False,phase2
p6_dev,20260812,942,stage3_commitment,commitment_state,F0211,F0211-P03,,rice,,VIEWED,FLEXIBLE,REALIZED_INITIAL,,,,True,,,False,phase2
p6_dev,20260812,943,stage3_commitment,commitment_state,F0212,F0212-P01,,pigeon_pea,,CONFIRMED,SOFT_LOCK,REALIZED_INITIAL,,,,True,,,False,phase2
p6_dev,20260812,944,stage3_commitment,commitment_state,F0212,F0212-P02,,maize,,CONFIRMED,SOFT_LOCK,REALIZED_INITIAL,,,,True,,,False,phase2
p6_dev,20260812,945,stage3_commitment,commitment_state,F0213,F0213-P01,,onion,,VIEWED,FLEXIBLE,REALIZED_INITIAL,,,,True,,,False,phase2
p6_dev,20260812,946,stage3_commitment,commitment_state,F0215,F0215-P01,,soybean,,CONFIRMED,SOFT_LOCK,REALIZED_INITIAL,,,,True,,,False,phase2
p6_dev,20260812,947,stage3_commitment,commitment_state,F0216,F0216-P01,,maize,,CONFIRMED,SOFT_LOCK,REALIZED_INITIAL,,,,True,,,False,phase2
p6_dev,20260812,948,stage3_commitment,commitment_state,F0216,F0216-P02,,sorghum,,VIEWED,FLEXIBLE,REALIZED_INITIAL,,,,True,,,False,phase2
p6_dev,20260812,949,stage3_commitment,commitment_state,F0219,F0219-P01,,sorghum,,VIEWED,FLEXIBLE,REALIZED_INITIAL,,,,True,,,False,phase2
p6_dev,20260812,950,stage3_commitment,commitment_state,F0220,F0220-P02,,maize,,PLANTED,HARD_LOCK,REALIZED_INITIAL,,,,True,,,False,phase2
p6_dev,20260812,951,stage3_commitment,commitment_state,F0221,F0221-P01,,soybean,,PLANTED,HARD_LOCK,REALIZED_INITIAL,,,,True,,,False,phase2
p6_dev,20260812,952,stage3_commitment,commitment_state,F0222,F0222-P04,,groundnut,,VIEWED,FLEXIBLE,REALIZED_INITIAL,,,,True,,,False,phase2
p6_dev,20260812,953,stage3_commitment,commitment_state,F0227,F0227-P01,,rice,,PLANTED,HARD_LOCK,REALIZED_INITIAL,,,,True,,,False,phase2
p6_dev,20260812,954,stage3_commitment,commitment_state,F0228,F0228-P01,,maize,,PLANTED,HARD_LOCK,REALIZED_INITIAL,,,,True,,,False,phase2
p6_dev,20260812,955,stage3_commitment,commitment_state,F0230,F0230-P01,,maize,,PLANTED,HARD_LOCK,REALIZED_INITIAL,,,,True,,,False,phase2
p6_dev,20260812,956,stage3_commitment,commitment_state,F0233,F0233-P01,,rice,,VIEWED,FLEXIBLE,REALIZED_INITIAL,,,,True,,,False,phase2
p6_dev,20260812,957,stage3_commitment,commitment_state,F0234,F0234-P01,,onion,,VIEWED,REJECTED_TERMINAL,REJECTED_TERMINAL,,,,False,,,False,phase2
p6_dev,20260812,958,stage3_commitment,commitment_state,F0234,F0234-P02,,maize,,VIEWED,FLEXIBLE,REALIZED_INITIAL,,,,True,,,False,phase2
p6_dev,20260812,959,stage3_commitment,commitment_state,F0236,F0236-P02,,soybean,,CONFIRMED,SOFT_LOCK,REALIZED_INITIAL,,,,True,,,False,phase2
p6_dev,20260812,960,stage3_commitment,commitment_state,F0237,F0237-P01,,pigeon_pea,,VIEWED,FLEXIBLE,REALIZED_INITIAL,,,,True,,,False,phase2
p6_dev,20260812,961,stage3_commitment,commitment_state,F0238,F0238-P01,,sorghum,,VIEWED,FLEXIBLE,REALIZED_INITIAL,,,,True,,,False,phase2
p6_dev,20260812,962,stage3_commitment,commitment_state,F0239,F0239-P02,,groundnut,,PLANTED,HARD_LOCK,REALIZED_INITIAL,,,,True,,,False,phase2
p6_dev,20260812,963,stage3_commitment,commitment_state,F0240,F0240-P01,,sorghum,,VIEWED,FLEXIBLE,REALIZED_INITIAL,,,,True,,,False,phase2
p6_dev,20260812,964,stage3_commitment,commitment_state,F0241,F0241-P02,,groundnut,,VIEWED,REJECTED_TERMINAL,REJECTED_TERMINAL,,,,False,,,False,phase2
p6_dev,20260812,965,stage3_commitment,commitment_state,F0242,F0242-P03,,rice,,CONFIRMED,SOFT_LOCK,REALIZED_INITIAL,,,,True,,,False,phase2
p6_dev,20260812,966,stage3_commitment,commitment_state,F0243,F0243-P02,,groundnut,,PLANTED,HARD_LOCK,REALIZED_INITIAL,,,,True,,,False,phase2
p6_dev,20260812,967,stage3_commitment,commitment_state,F0245,F0245-P01,,onion,,PLANTED,HARD_LOCK,REALIZED_INITIAL,,,,True,,,False,phase2
p6_dev,20260812,968,stage3_commitment,commitment_state,F0245,F0245-P02,,maize,,VIEWED,FLEXIBLE,REALIZED_INITIAL,,,,True,,,False,phase2
p6_dev,20260812,969,stage3_commitment,commitment_state,F0245,F0245-P03,,rice,,VIEWED,FLEXIBLE,REALIZED_INITIAL,,,,True,,,False,phase2
p6_dev,20260812,970,stage3_commitment,commitment_state,F0247,F0247-P01,,rice,,CONFIRMED,SOFT_LOCK,REALIZED_INITIAL,,,,True,,,False,phase2
p6_dev,20260812,971,stage3_commitment,commitment_state,F0247,F0247-P02,,rice,,CONFIRMED,SOFT_LOCK,REALIZED_INITIAL,,,,True,,,False,phase2
p6_dev,20260812,972,stage3_commitment,commitment_state,F0248,F0248-P02,,groundnut,,VIEWED,FLEXIBLE,REALIZED_INITIAL,,,,True,,,False,phase2
p6_dev,20260812,973,stage3_commitment,commitment_state,F0251,F0251-P01,,soybean,,VIEWED,FLEXIBLE,REALIZED_INITIAL,,,,True,,,False,phase2
p6_dev,20260812,974,stage3_commitment,commitment_state,F0252,F0252-P01,,soybean,,PLANTED,HARD_LOCK,REALIZED_INITIAL,,,,True,,,False,phase2
p6_dev,20260812,975,stage3_commitment,commitment_state,F0253,F0253-P02,,maize,,CONFIRMED,SOFT_LOCK,REALIZED_INITIAL,,,,True,,,False,phase2
p6_dev,20260812,976,stage3_commitment,commitment_state,F0254,F0254-P01,,soybean,,PLANTED,HARD_LOCK,REALIZED_INITIAL,,,,True,,,False,phase2
p6_dev,20260812,977,stage3_commitment,commitment_state,F0258,F0258-P02,,maize,,PLANTED,HARD_LOCK,REALIZED_INITIAL,,,,True,,,False,phase2
p6_dev,20260812,978,stage3_commitment,commitment_state,F0259,F0259-P02,,onion,,CONFIRMED,SOFT_LOCK,REALIZED_INITIAL,,,,True,,,False,phase2
p6_dev,20260812,979,stage3_commitment,commitment_state,F0262,F0262-P01,,rice,,CONFIRMED,SOFT_LOCK,REALIZED_INITIAL,,,,True,,,False,phase2
p6_dev,20260812,980,stage3_commitment,commitment_state,F0262,F0262-P02,,rice,,PLANTED,HARD_LOCK,REALIZED_INITIAL,,,,True,,,False,phase2
p6_dev,20260812,981,stage3_commitment,commitment_state,F0266,F0266-P01,,rice,,VIEWED,REJECTED_TERMINAL,REJECTED_TERMINAL,,,,False,,,False,phase2
p6_dev,20260812,982,stage3_commitment,commitment_state,F0267,F0267-P01,,maize,,VIEWED,FLEXIBLE,REALIZED_INITIAL,,,,True,,,False,phase2
p6_dev,20260812,983,stage3_commitment,commitment_state,F0268,F0268-P01,,rice,,VIEWED,FLEXIBLE,REALIZED_INITIAL,,,,True,,,False,phase2
p6_dev,20260812,984,stage3_commitment,commitment_state,F0269,F0269-P02,,maize,,CONFIRMED,SOFT_LOCK,REALIZED_INITIAL,,,,True,,,False,phase2
p6_dev,20260812,985,stage3_commitment,commitment_state,F0275,F0275-P01,,rice,,VIEWED,REJECTED_TERMINAL,REJECTED_TERMINAL,,,,False,,,False,phase2
p6_dev,20260812,986,stage3_commitment,commitment_state,F0277,F0277-P01,,rice,,CONFIRMED,SOFT_LOCK,REALIZED_INITIAL,,,,True,,,False,phase2
p6_dev,20260812,987,stage3_commitment,commitment_state,F0278,F0278-P01,,maize,,VIEWED,REJECTED_TERMINAL,REJECTED_TERMINAL,,,,False,,,False,phase2
p6_dev,20260812,988,stage3_commitment,commitment_state,F0279,F0279-P02,,rice,,PLANTED,HARD_LOCK,REALIZED_INITIAL,,,,True,,,False,phase2
p6_dev,20260812,989,stage3_commitment,commitment_state,F0280,F0280-P01,,onion,,PLANTED,HARD_LOCK,REALIZED_INITIAL,,,,True,,,False,phase2
p6_dev,20260812,990,stage3_commitment,commitment_state,F0280,F0280-P02,,soybean,,CONFIRMED,SOFT_LOCK,REALIZED_INITIAL,,,,True,,,False,phase2
p6_dev,20260812,991,stage3_commitment,commitment_state,F0281,F0281-P01,,rice,,VIEWED,REJECTED_TERMINAL,REJECTED_TERMINAL,,,,False,,,False,phase2
p6_dev,20260812,992,stage3_commitment,commitment_state,F0281,F0281-P02,,rice,,PLANTED,HARD_LOCK,REALIZED_INITIAL,,,,True,,,False,phase2
p6_dev,20260812,993,stage3_commitment,commitment_state,F0282,F0282-P01,,rice,,VIEWED,REJECTED_TERMINAL,REJECTED_TERMINAL,,,,False,,,False,phase2
p6_dev,20260812,994,stage3_commitment,commitment_state,F0284,F0284-P01,,rice,,VIEWED,FLEXIBLE,REALIZED_INITIAL,,,,True,,,False,phase2
p6_dev,20260812,995,stage3_commitment,commitment_state,F0285,F0285-P01,,sorghum,,PLANTED,HARD_LOCK,REALIZED_INITIAL,,,,True,,,False,phase2
p6_dev,20260812,996,stage3_commitment,commitment_state,F0286,F0286-P02,,onion,,VIEWED,FLEXIBLE,REALIZED_INITIAL,,,,True,,,False,phase2
p6_dev,20260812,997,stage3_commitment,commitment_state,F0288,F0288-P03,,maize,,PLANTED,HARD_LOCK,REALIZED_INITIAL,,,,True,,,False,phase2
p6_dev,20260812,998,stage3_commitment,commitment_state,F0290,F0290-P02,,maize,,PLANTED,HARD_LOCK,REALIZED_INITIAL,,,,True,,,False,phase2
p6_dev,20260812,999,stage3_commitment,commitment_state,F0291,F0291-P02,,onion,,VIEWED,FLEXIBLE,REALIZED_INITIAL,,,,True,,,False,phase2
p6_dev,20260812,1000,stage3_commitment,commitment_state,F0293,F0293-P01,,groundnut,,CONFIRMED,SOFT_LOCK,REALIZED_INITIAL,,,,True,,,False,phase2
p6_dev,20260812,1001,stage3_commitment,commitment_state,F0293,F0293-P03,,rice,,VIEWED,REJECTED_TERMINAL,REJECTED_TERMINAL,,,,False,,,False,phase2
p6_dev,20260812,1002,stage3_commitment,commitment_state,F0294,F0294-P01,,rice,,CONFIRMED,SOFT_LOCK,REALIZED_INITIAL,,,,True,,,False,phase2
p6_dev,20260812,1003,stage3_commitment,commitment_state,F0296,F0296-P01,,cotton,,CONFIRMED,SOFT_LOCK,REALIZED_INITIAL,,,,True,,,False,phase2
p6_dev,20260812,1004,stage3_commitment,commitment_state,F0297,F0297-P02,,rice,,CONFIRMED,SOFT_LOCK,REALIZED_INITIAL,,,,True,,,False,phase2
p6_dev,20260812,1005,stage3_commitment,commitment_state,F0299,F0299-P01,,soybean,,PLANTED,HARD_LOCK,REALIZED_INITIAL,,,,True,,,False,phase2
p6_dev,20260812,1006,stage3_commitment,commitment_state,F0300,F0300-P02,,maize,,VIEWED,REJECTED_TERMINAL,REJECTED_TERMINAL,,,,False,,,False,phase2
p6_dev,20260812,1007,stage3_commitment,commitment_state,F0304,F0304-P01,,onion,,CONFIRMED,SOFT_LOCK,REALIZED_INITIAL,,,,True,,,False,phase2
p6_dev,20260812,1008,stage3_commitment,commitment_state,F0305,F0305-P01,,rice,,CONFIRMED,SOFT_LOCK,REALIZED_INITIAL,,,,True,,,False,phase2
p6_dev,20260812,1009,stage3_commitment,commitment_state,F0309,F0309-P01,,onion,,VIEWED,FLEXIBLE,REALIZED_INITIAL,,,,True,,,False,phase2
p6_dev,20260812,1010,stage3_commitment,commitment_state,F0309,F0309-P03,,onion,,VIEWED,FLEXIBLE,REALIZED_INITIAL,,,,True,,,False,phase2
p6_dev,20260812,1011,stage3_commitment,commitment_state,F0313,F0313-P01,,sorghum,,VIEWED,FLEXIBLE,REALIZED_INITIAL,,,,True,,,False,phase2
p6_dev,20260812,1012,stage3_commitment,commitment_state,F0314,F0314-P01,,maize,,CONFIRMED,SOFT_LOCK,REALIZED_INITIAL,,,,True,,,False,phase2
p6_dev,20260812,1013,stage3_commitment,commitment_state,F0316,F0316-P01,,rice,,CONFIRMED,SOFT_LOCK,REALIZED_INITIAL,,,,True,,,False,phase2
p6_dev,20260812,1014,stage3_commitment,commitment_state,F0316,F0316-P02,,rice,,VIEWED,FLEXIBLE,REALIZED_INITIAL,,,,True,,,False,phase2
p6_dev,20260812,1015,stage3_commitment,commitment_state,F0317,F0317-P01,,soybean,,VIEWED,FLEXIBLE,REALIZED_INITIAL,,,,True,,,False,phase2
p6_dev,20260812,1016,stage3_commitment,commitment_state,F0317,F0317-P02,,soybean,,PLANTED,HARD_LOCK,REALIZED_INITIAL,,,,True,,,False,phase2
p6_dev,20260812,1017,stage3_commitment,commitment_state,F0318,F0318-P01,,rice,,VIEWED,FLEXIBLE,REALIZED_INITIAL,,,,True,,,False,phase2
p6_dev,20260812,1018,stage3_commitment,commitment_state,F0318,F0318-P02,,groundnut,,PLANTED,HARD_LOCK,REALIZED_INITIAL,,,,True,,,False,phase2
p6_dev,20260812,1019,stage3_commitment,commitment_state,F0318,F0318-P03,,groundnut,,CONFIRMED,SOFT_LOCK,REALIZED_INITIAL,,,,True,,,False,phase2
p6_dev,20260812,1020,stage3_commitment,commitment_state,F0319,F0319-P01,,rice,,PLANTED,HARD_LOCK,REALIZED_INITIAL,,,,True,,,False,phase2
p6_dev,20260812,1021,stage3_commitment,commitment_state,F0321,F0321-P01,,soybean,,VIEWED,REJECTED_TERMINAL,REJECTED_TERMINAL,,,,False,,,False,phase2
p6_dev,20260812,1022,stage3_commitment,commitment_state,F0322,F0322-P02,,rice,,VIEWED,REJECTED_TERMINAL,REJECTED_TERMINAL,,,,False,,,False,phase2
p6_dev,20260812,1023,stage3_commitment,commitment_state,F0323,F0323-P01,,soybean,,CONFIRMED,SOFT_LOCK,REALIZED_INITIAL,,,,True,,,False,phase2
p6_dev,20260812,1024,stage3_commitment,commitment_state,F0328,F0328-P04,,onion,,PLANTED,HARD_LOCK,REALIZED_INITIAL,,,,True,,,False,phase2
p6_dev,20260812,1025,stage3_commitment,commitment_state,F0329,F0329-P01,,maize,,VIEWED,FLEXIBLE,REALIZED_INITIAL,,,,True,,,False,phase2
p6_dev,20260812,1026,stage3_commitment,commitment_state,F0330,F0330-P01,,rice,,PLANTED,HARD_LOCK,REALIZED_INITIAL,,,,True,,,False,phase2
p6_dev,20260812,1027,stage3_commitment,commitment_state,F0334,F0334-P02,,maize,,CONFIRMED,SOFT_LOCK,REALIZED_INITIAL,,,,True,,,False,phase2
p6_dev,20260812,1028,stage3_commitment,commitment_state,F0336,F0336-P03,,groundnut,,VIEWED,REJECTED_TERMINAL,REJECTED_TERMINAL,,,,False,,,False,phase2
p6_dev,20260812,1029,stage3_commitment,commitment_state,F0337,F0337-P02,,groundnut,,CONFIRMED,SOFT_LOCK,REALIZED_INITIAL,,,,True,,,False,phase2
p6_dev,20260812,1030,stage3_commitment,commitment_state,F0339,F0339-P01,,onion,,VIEWED,FLEXIBLE,REALIZED_INITIAL,,,,True,,,False,phase2
p6_dev,20260812,1031,stage3_commitment,commitment_state,F0340,F0340-P01,,rice,,PLANTED,HARD_LOCK,REALIZED_INITIAL,,,,True,,,False,phase2
p6_dev,20260812,1032,stage3_commitment,commitment_state,F0341,F0341-P02,,groundnut,,PLANTED,HARD_LOCK,REALIZED_INITIAL,,,,True,,,False,phase2
p6_dev,20260812,1033,stage3_commitment,commitment_state,F0342,F0342-P01,,rice,,PLANTED,HARD_LOCK,REALIZED_INITIAL,,,,True,,,False,phase2
p6_dev,20260812,1034,stage3_commitment,commitment_state,F0345,F0345-P01,,soybean,,VIEWED,REJECTED_TERMINAL,REJECTED_TERMINAL,,,,False,,,False,phase2
p6_dev,20260812,1035,stage3_commitment,commitment_state,F0346,F0346-P01,,maize,,CONFIRMED,SOFT_LOCK,REALIZED_INITIAL,,,,True,,,False,phase2
p6_dev,20260812,1036,stage3_commitment,commitment_state,F0348,F0348-P01,,rice,,VIEWED,FLEXIBLE,REALIZED_INITIAL,,,,True,,,False,phase2
p6_dev,20260812,1037,stage3_commitment,commitment_state,F0350,F0350-P02,,rice,,CONFIRMED,SOFT_LOCK,REALIZED_INITIAL,,,,True,,,False,phase2
p6_dev,20260812,1038,stage3_commitment,commitment_state,F0351,F0351-P01,,rice,,CONFIRMED,SOFT_LOCK,REALIZED_INITIAL,,,,True,,,False,phase2
p6_dev,20260812,1039,stage3_commitment,commitment_state,F0351,F0351-P02,,rice,,VIEWED,REJECTED_TERMINAL,REJECTED_TERMINAL,,,,False,,,False,phase2
p6_dev,20260812,1040,stage3_commitment,commitment_state,F0352,F0352-P01,,soybean,,PLANTED,HARD_LOCK,REALIZED_INITIAL,,,,True,,,False,phase2
p6_dev,20260812,1041,stage3_commitment,commitment_state,F0354,F0354-P01,,onion,,PLANTED,HARD_LOCK,REALIZED_INITIAL,,,,True,,,False,phase2
p6_dev,20260812,1042,stage3_commitment,commitment_state,F0354,F0354-P02,,maize,,CONFIRMED,SOFT_LOCK,REALIZED_INITIAL,,,,True,,,False,phase2
p6_dev,20260812,1043,stage3_commitment,commitment_state,F0355,F0355-P01,,rice,,CONFIRMED,SOFT_LOCK,REALIZED_INITIAL,,,,True,,,False,phase2
p6_dev,20260812,1044,stage3_commitment,commitment_state,F0355,F0355-P02,,rice,,CONFIRMED,SOFT_LOCK,REALIZED_INITIAL,,,,True,,,False,phase2
p6_dev,20260812,1045,stage3_commitment,commitment_state,F0356,F0356-P01,,maize,,VIEWED,REJECTED_TERMINAL,REJECTED_TERMINAL,,,,False,,,False,phase2
p6_dev,20260812,1046,stage3_commitment,commitment_state,F0356,F0356-P02,,maize,,VIEWED,FLEXIBLE,REALIZED_INITIAL,,,,True,,,False,phase2
p6_dev,20260812,1047,stage3_commitment,commitment_state,F0358,F0358-P02,,pigeon_pea,,PLANTED,HARD_LOCK,REALIZED_INITIAL,,,,True,,,False,phase2
p6_dev,20260812,1048,stage3_commitment,commitment_state,F0359,F0359-P01,,pigeon_pea,,CONFIRMED,SOFT_LOCK,REALIZED_INITIAL,,,,True,,,False,phase2
p6_dev,20260812,1049,stage3_commitment,commitment_state,F0362,F0362-P01,,soybean,,VIEWED,REJECTED_TERMINAL,REJECTED_TERMINAL,,,,False,,,False,phase2
p6_dev,20260812,1050,stage3_commitment,commitment_state,F0363,F0363-P01,,rice,,PLANTED,HARD_LOCK,REALIZED_INITIAL,,,,True,,,False,phase2
p6_dev,20260812,1051,stage3_commitment,commitment_state,F0365,F0365-P02,,soybean,,PLANTED,HARD_LOCK,REALIZED_INITIAL,,,,True,,,False,phase2
p6_dev,20260812,1052,stage3_commitment,commitment_state,F0365,F0365-P03,,onion,,VIEWED,REJECTED_TERMINAL,REJECTED_TERMINAL,,,,False,,,False,phase2
p6_dev,20260812,1053,stage3_commitment,commitment_state,F0366,F0366-P02,,maize,,CONFIRMED,SOFT_LOCK,REALIZED_INITIAL,,,,True,,,False,phase2
p6_dev,20260812,1054,stage3_commitment,commitment_state,F0367,F0367-P02,,onion,,PLANTED,HARD_LOCK,REALIZED_INITIAL,,,,True,,,False,phase2
p6_dev,20260812,1055,stage3_commitment,commitment_state,F0368,F0368-P01,,maize,,PLANTED,HARD_LOCK,REALIZED_INITIAL,,,,True,,,False,phase2
p6_dev,20260812,1056,stage3_commitment,commitment_state,F0370,F0370-P01,,maize,,VIEWED,FLEXIBLE,REALIZED_INITIAL,,,,True,,,False,phase2
p6_dev,20260812,1057,stage3_commitment,commitment_state,F0371,F0371-P01,,maize,,PLANTED,HARD_LOCK,REALIZED_INITIAL,,,,True,,,False,phase2
p6_dev,20260812,1058,stage3_commitment,commitment_state,F0371,F0371-P03,,maize,,PLANTED,HARD_LOCK,REALIZED_INITIAL,,,,True,,,False,phase2
p6_dev,20260812,1059,stage3_commitment,commitment_state,F0372,F0372-P01,,soybean,,PLANTED,HARD_LOCK,REALIZED_INITIAL,,,,True,,,False,phase2
p6_dev,20260812,1060,stage3_commitment,commitment_state,F0372,F0372-P03,,soybean,,VIEWED,FLEXIBLE,REALIZED_INITIAL,,,,True,,,False,phase2
p6_dev,20260812,1061,stage3_commitment,commitment_state,F0374,F0374-P01,,maize,,PLANTED,HARD_LOCK,REALIZED_INITIAL,,,,True,,,False,phase2
p6_dev,20260812,1062,stage3_commitment,commitment_state,F0374,F0374-P04,,maize,,CONFIRMED,SOFT_LOCK,REALIZED_INITIAL,,,,True,,,False,phase2
p6_dev,20260812,1063,stage3_commitment,commitment_state,F0375,F0375-P02,,maize,,PLANTED,HARD_LOCK,REALIZED_INITIAL,,,,True,,,False,phase2
p6_dev,20260812,1064,stage3_commitment,commitment_state,F0375,F0375-P03,,maize,,CONFIRMED,SOFT_LOCK,REALIZED_INITIAL,,,,True,,,False,phase2
p6_dev,20260812,1065,stage3_commitment,commitment_state,F0376,F0376-P02,,maize,,VIEWED,REJECTED_TERMINAL,REJECTED_TERMINAL,,,,False,,,False,phase2
p6_dev,20260812,1066,stage3_commitment,commitment_state,F0377,F0377-P01,,rice,,VIEWED,REJECTED_TERMINAL,REJECTED_TERMINAL,,,,False,,,False,phase2
p6_dev,20260812,1067,stage3_commitment,commitment_state,F0378,F0378-P02,,groundnut,,VIEWED,FLEXIBLE,REALIZED_INITIAL,,,,True,,,False,phase2
p6_dev,20260812,1068,stage3_commitment,commitment_state,F0379,F0379-P02,,maize,,CONFIRMED,SOFT_LOCK,REALIZED_INITIAL,,,,True,,,False,phase2
p6_dev,20260812,1069,stage3_commitment,commitment_state,F0381,F0381-P01,,cotton,,PLANTED,HARD_LOCK,REALIZED_INITIAL,,,,True,,,False,phase2
p6_dev,20260812,1070,stage3_commitment,commitment_state,F0382,F0382-P01,,soybean,,VIEWED,FLEXIBLE,REALIZED_INITIAL,,,,True,,,False,phase2
p6_dev,20260812,1071,stage3_commitment,commitment_state,F0387,F0387-P02,,rice,,VIEWED,REJECTED_TERMINAL,REJECTED_TERMINAL,,,,False,,,False,phase2
p6_dev,20260812,1072,stage3_commitment,commitment_state,F0387,F0387-P03,,rice,,CONFIRMED,SOFT_LOCK,REALIZED_INITIAL,,,,True,,,False,phase2
p6_dev,20260812,1073,stage3_commitment,commitment_state,F0388,F0388-P02,,maize,,VIEWED,FLEXIBLE,REALIZED_INITIAL,,,,True,,,False,phase2
p6_dev,20260812,1074,stage3_commitment,commitment_state,F0392,F0392-P01,,maize,,CONFIRMED,SOFT_LOCK,REALIZED_INITIAL,,,,True,,,False,phase2
p6_dev,20260812,1075,stage3_commitment,commitment_state,F0394,F0394-P02,,rice,,VIEWED,FLEXIBLE,REALIZED_INITIAL,,,,True,,,False,phase2
p6_dev,20260812,1076,stage3_commitment,commitment_state,F0398,F0398-P01,,onion,,CONFIRMED,SOFT_LOCK,REALIZED_INITIAL,,,,True,,,False,phase2
p6_dev,20260812,1077,stage3_commitment,commitment_state,F0398,F0398-P02,,sorghum,,CONFIRMED,SOFT_LOCK,REALIZED_INITIAL,,,,True,,,False,phase2
p6_dev,20260812,1078,stage3_commitment,commitment_state,F0398,F0398-P03,,maize,,PLANTED,HARD_LOCK,REALIZED_INITIAL,,,,True,,,False,phase2
p6_dev,20260812,1079,stage3_commitment,commitment_state,F0399,F0399-P02,,maize,,CONFIRMED,SOFT_LOCK,REALIZED_INITIAL,,,,True,,,False,phase2
p6_dev,20260812,1080,stage3_commitment,commitment_state,F0400,F0400-P02,,rice,,VIEWED,FLEXIBLE,REALIZED_INITIAL,,,,True,,,False,phase2
p6_dev,20260812,1081,stage3_commitment,commitment_state,F0403,F0403-P01,,soybean,,VIEWED,FLEXIBLE,REALIZED_INITIAL,,,,True,,,False,phase2
p6_dev,20260812,1082,stage3_commitment,commitment_state,F0404,F0404-P02,,rice,,VIEWED,FLEXIBLE,REALIZED_INITIAL,,,,True,,,False,phase2
p6_dev,20260812,1083,stage3_commitment,commitment_state,F0405,F0405-P01,,maize,,PLANTED,HARD_LOCK,REALIZED_INITIAL,,,,True,,,False,phase2
p6_dev,20260812,1084,stage3_commitment,commitment_state,F0405,F0405-P02,,maize,,VIEWED,FLEXIBLE,REALIZED_INITIAL,,,,True,,,False,phase2
p6_dev,20260812,1085,stage3_commitment,commitment_state,F0406,F0406-P01,,rice,,VIEWED,FLEXIBLE,REALIZED_INITIAL,,,,True,,,False,phase2
p6_dev,20260812,1086,stage3_commitment,commitment_state,F0406,F0406-P02,,rice,,VIEWED,REJECTED_TERMINAL,REJECTED_TERMINAL,,,,False,,,False,phase2
p6_dev,20260812,1087,stage3_commitment,commitment_state,F0408,F0408-P01,,soybean,,CONFIRMED,SOFT_LOCK,REALIZED_INITIAL,,,,True,,,False,phase2
p6_dev,20260812,1088,stage3_commitment,commitment_state,F0408,F0408-P02,,soybean,,VIEWED,REJECTED_TERMINAL,REJECTED_TERMINAL,,,,False,,,False,phase2
p6_dev,20260812,1089,stage3_commitment,commitment_state,F0412,F0412-P02,,soybean,,CONFIRMED,SOFT_LOCK,REALIZED_INITIAL,,,,True,,,False,phase2
p6_dev,20260812,1090,stage3_commitment,commitment_state,F0413,F0413-P03,,rice,,VIEWED,REJECTED_TERMINAL,REJECTED_TERMINAL,,,,False,,,False,phase2
p6_dev,20260812,1091,stage3_commitment,commitment_state,F0414,F0414-P01,,soybean,,VIEWED,FLEXIBLE,REALIZED_INITIAL,,,,True,,,False,phase2
p6_dev,20260812,1092,stage3_commitment,commitment_state,F0415,F0415-P01,,maize,,VIEWED,FLEXIBLE,REALIZED_INITIAL,,,,True,,,False,phase2
p6_dev,20260812,1093,stage3_commitment,commitment_state,F0415,F0415-P02,,maize,,PLANTED,HARD_LOCK,REALIZED_INITIAL,,,,True,,,False,phase2
p6_dev,20260812,1094,stage3_commitment,commitment_state,F0417,F0417-P02,,soybean,,VIEWED,REJECTED_TERMINAL,REJECTED_TERMINAL,,,,False,,,False,phase2
p6_dev,20260812,1095,stage3_commitment,commitment_state,F0418,F0418-P02,,rice,,VIEWED,REJECTED_TERMINAL,REJECTED_TERMINAL,,,,False,,,False,phase2
p6_dev,20260812,1096,stage3_commitment,commitment_state,F0420,F0420-P01,,soybean,,VIEWED,REJECTED_TERMINAL,REJECTED_TERMINAL,,,,False,,,False,phase2
p6_dev,20260812,1097,stage3_commitment,commitment_state,F0423,F0423-P01,,pigeon_pea,,VIEWED,REJECTED_TERMINAL,REJECTED_TERMINAL,,,,False,,,False,phase2
p6_dev,20260812,1098,stage3_commitment,commitment_state,F0424,F0424-P02,,maize,,PLANTED,HARD_LOCK,REALIZED_INITIAL,,,,True,,,False,phase2
p6_dev,20260812,1099,stage3_commitment,commitment_state,F0425,F0425-P01,,onion,,CONFIRMED,SOFT_LOCK,REALIZED_INITIAL,,,,True,,,False,phase2
p6_dev,20260812,1100,stage3_commitment,commitment_state,F0427,F0427-P01,,groundnut,,PLANTED,HARD_LOCK,REALIZED_INITIAL,,,,True,,,False,phase2
p6_dev,20260812,1101,stage3_commitment,commitment_state,F0428,F0428-P02,,maize,,CONFIRMED,SOFT_LOCK,REALIZED_INITIAL,,,,True,,,False,phase2
p6_dev,20260812,1102,stage3_commitment,commitment_state,F0428,F0428-P04,,maize,,VIEWED,FLEXIBLE,REALIZED_INITIAL,,,,True,,,False,phase2
p6_dev,20260812,1103,stage3_commitment,commitment_state,F0430,F0430-P01,,maize,,VIEWED,FLEXIBLE,REALIZED_INITIAL,,,,True,,,False,phase2
p6_dev,20260812,1104,stage3_commitment,commitment_state,F0431,F0431-P01,,maize,,VIEWED,FLEXIBLE,REALIZED_INITIAL,,,,True,,,False,phase2
p6_dev,20260812,1105,stage3_commitment,commitment_state,F0431,F0431-P02,,maize,,VIEWED,REJECTED_TERMINAL,REJECTED_TERMINAL,,,,False,,,False,phase2
p6_dev,20260812,1106,stage3_commitment,commitment_state,F0433,F0433-P01,,rice,,PLANTED,HARD_LOCK,REALIZED_INITIAL,,,,True,,,False,phase2
p6_dev,20260812,1107,stage3_commitment,commitment_state,F0435,F0435-P01,,rice,,CONFIRMED,SOFT_LOCK,REALIZED_INITIAL,,,,True,,,False,phase2
p6_dev,20260812,1108,stage3_commitment,commitment_state,F0436,F0436-P01,,cotton,,PLANTED,HARD_LOCK,REALIZED_INITIAL,,,,True,,,False,phase2
p6_dev,20260812,1109,stage3_commitment,commitment_state,F0438,F0438-P01,,maize,,VIEWED,REJECTED_TERMINAL,REJECTED_TERMINAL,,,,False,,,False,phase2
p6_dev,20260812,1110,stage3_commitment,commitment_state,F0440,F0440-P01,,maize,,CONFIRMED,SOFT_LOCK,REALIZED_INITIAL,,,,True,,,False,phase2
p6_dev,20260812,1111,stage3_commitment,commitment_state,F0443,F0443-P01,,onion,,VIEWED,FLEXIBLE,REALIZED_INITIAL,,,,True,,,False,phase2
p6_dev,20260812,1112,stage3_commitment,commitment_state,F0445,F0445-P01,,rice,,CONFIRMED,SOFT_LOCK,REALIZED_INITIAL,,,,True,,,False,phase2
p6_dev,20260812,1113,stage3_commitment,commitment_state,F0445,F0445-P02,,groundnut,,VIEWED,FLEXIBLE,REALIZED_INITIAL,,,,True,,,False,phase2
p6_dev,20260812,1114,stage3_commitment,commitment_state,F0448,F0448-P01,,maize,,CONFIRMED,SOFT_LOCK,REALIZED_INITIAL,,,,True,,,False,phase2
p6_dev,20260812,1115,stage3_commitment,commitment_state,F0451,F0451-P02,,cotton,,PLANTED,HARD_LOCK,REALIZED_INITIAL,,,,True,,,False,phase2
p6_dev,20260812,1116,stage3_commitment,commitment_state,F0453,F0453-P01,,onion,,CONFIRMED,SOFT_LOCK,REALIZED_INITIAL,,,,True,,,False,phase2
p6_dev,20260812,1117,stage3_commitment,commitment_state,F0453,F0453-P02,,maize,,CONFIRMED,SOFT_LOCK,REALIZED_INITIAL,,,,True,,,False,phase2
p6_dev,20260812,1118,stage3_commitment,commitment_state,F0459,F0459-P01,,maize,,CONFIRMED,SOFT_LOCK,REALIZED_INITIAL,,,,True,,,False,phase2
p6_dev,20260812,1119,stage3_commitment,commitment_state,F0459,F0459-P02,,sorghum,,VIEWED,FLEXIBLE,REALIZED_INITIAL,,,,True,,,False,phase2
p6_dev,20260812,1120,stage3_commitment,commitment_state,F0460,F0460-P02,,rice,,PLANTED,HARD_LOCK,REALIZED_INITIAL,,,,True,,,False,phase2
p6_dev,20260812,1121,stage3_commitment,commitment_state,F0465,F0465-P01,,soybean,,VIEWED,REJECTED_TERMINAL,REJECTED_TERMINAL,,,,False,,,False,phase2
p6_dev,20260812,1122,stage3_commitment,commitment_state,F0470,F0470-P01,,maize,,CONFIRMED,SOFT_LOCK,REALIZED_INITIAL,,,,True,,,False,phase2
p6_dev,20260812,1123,stage3_commitment,commitment_state,F0471,F0471-P01,,soybean,,PLANTED,HARD_LOCK,REALIZED_INITIAL,,,,True,,,False,phase2
p6_dev,20260812,1124,stage3_commitment,commitment_state,F0472,F0472-P02,,groundnut,,VIEWED,FLEXIBLE,REALIZED_INITIAL,,,,True,,,False,phase2
p6_dev,20260812,1125,stage3_commitment,commitment_state,F0478,F0478-P01,,maize,,VIEWED,FLEXIBLE,REALIZED_INITIAL,,,,True,,,False,phase2
p6_dev,20260812,1126,stage3_commitment,commitment_state,F0478,F0478-P03,,maize,,VIEWED,REJECTED_TERMINAL,REJECTED_TERMINAL,,,,False,,,False,phase2
p6_dev,20260812,1127,stage3_commitment,commitment_state,F0479,F0479-P01,,rice,,VIEWED,FLEXIBLE,REALIZED_INITIAL,,,,True,,,False,phase2
p6_dev,20260812,1128,stage3_commitment,commitment_state,F0481,F0481-P02,,rice,,CONFIRMED,SOFT_LOCK,REALIZED_INITIAL,,,,True,,,False,phase2
p6_dev,20260812,1129,stage3_commitment,commitment_state,F0483,F0483-P02,,soybean,,VIEWED,REJECTED_TERMINAL,REJECTED_TERMINAL,,,,False,,,False,phase2
p6_dev,20260812,1130,stage3_commitment,commitment_state,F0484,F0484-P01,,soybean,,PLANTED,HARD_LOCK,REALIZED_INITIAL,,,,True,,,False,phase2
p6_dev,20260812,1131,stage3_commitment,commitment_state,F0486,F0486-P01,,rice,,VIEWED,FLEXIBLE,REALIZED_INITIAL,,,,True,,,False,phase2
p6_dev,20260812,1132,stage3_commitment,commitment_state,F0486,F0486-P02,,groundnut,,VIEWED,FLEXIBLE,REALIZED_INITIAL,,,,True,,,False,phase2
p6_dev,20260812,1133,stage3_commitment,commitment_state,F0488,F0488-P02,,rice,,CONFIRMED,SOFT_LOCK,REALIZED_INITIAL,,,,True,,,False,phase2
p6_dev,20260812,1134,stage3_commitment,commitment_state,F0489,F0489-P01,,rice,,PLANTED,HARD_LOCK,REALIZED_INITIAL,,,,True,,,False,phase2
p6_dev,20260812,1135,stage3_commitment,commitment_state,F0490,F0490-P01,,maize,,VIEWED,FLEXIBLE,REALIZED_INITIAL,,,,True,,,False,phase2
p6_dev,20260812,1136,stage3_commitment,commitment_state,F0491,F0491-P01,,sorghum,,PLANTED,HARD_LOCK,REALIZED_INITIAL,,,,True,,,False,phase2
p6_dev,20260812,1137,stage3_commitment,commitment_state,F0492,F0492-P01,,onion,,CONFIRMED,SOFT_LOCK,REALIZED_INITIAL,,,,True,,,False,phase2
p6_dev,20260812,1138,stage3_commitment,commitment_state,F0492,F0492-P02,,maize,,PLANTED,HARD_LOCK,REALIZED_INITIAL,,,,True,,,False,phase2
p6_dev,20260812,1139,stage3_commitment,commitment_state,F0493,F0493-P01,,rice,,VIEWED,FLEXIBLE,REALIZED_INITIAL,,,,True,,,False,phase2
p6_dev,20260812,1140,stage3_commitment,commitment_state,F0496,F0496-P01,,maize,,VIEWED,REJECTED_TERMINAL,REJECTED_TERMINAL,,,,False,,,False,phase2
p6_dev,20260812,1141,stage3_commitment,commitment_state,F0496,F0496-P02,,onion,,VIEWED,FLEXIBLE,REALIZED_INITIAL,,,,True,,,False,phase2
p6_dev,20260812,1142,stage3_commitment,commitment_state,F0496,F0496-P03,,onion,,VIEWED,FLEXIBLE,REALIZED_INITIAL,,,,True,,,False,phase2
p6_dev,20260812,1143,stage3_commitment,commitment_state,F0497,F0497-P01,,sorghum,,VIEWED,FLEXIBLE,REALIZED_INITIAL,,,,True,,,False,phase2
p6_dev,20260812,1144,stage3_commitment,commitment_state,F0499,F0499-P02,,soybean,,CONFIRMED,SOFT_LOCK,REALIZED_INITIAL,,,,True,,,False,phase2
p6_dev,20260812,1145,stage4_stability_reopt,revised_offer,F0001,F0001-P03,onion,onion,,,FLEXIBLE,REVISED,unchanged,,258775.0,True,False,unchanged_accepted_crop,False,phase3
p6_dev,20260812,1146,stage4_stability_reopt,revised_offer,F0003,F0003-P01,rice,groundnut,,,SOFT_LOCK,REVISED,changed,,7530.0,False,True,crop_changed_from_accepted,False,phase3
p6_dev,20260812,1147,stage4_stability_reopt,revised_offer,F0004,F0004-P01,maize,maize,,,HARD_LOCK,REVISED,unchanged,,4873.0,True,False,unchanged_accepted_crop,False,phase3
p6_dev,20260812,1148,stage4_stability_reopt,revised_offer,F0005,F0005-P01,soybean,soybean,,,SOFT_LOCK,REVISED,unchanged,,3669.0,True,False,unchanged_accepted_crop,False,phase3
p6_dev,20260812,1149,stage4_stability_reopt,revised_offer,F0005,F0005-P02,onion,onion,,,SOFT_LOCK,REVISED,unchanged,,17844.0,True,False,unchanged_accepted_crop,False,phase3
p6_dev,20260812,1150,stage4_stability_reopt,revised_offer,F0006,F0006-P01,maize,maize,,,FLEXIBLE,REVISED,unchanged,,18705.0,True,False,unchanged_accepted_crop,False,phase3
p6_dev,20260812,1151,stage4_stability_reopt,revised_offer,F0007,F0007-P02,maize,maize,,,SOFT_LOCK,REVISED,unchanged,,54285.0,True,False,unchanged_accepted_crop,False,phase3
p6_dev,20260812,1152,stage4_stability_reopt,revised_offer,F0010,F0010-P01,soybean,soybean,,,HARD_LOCK,REVISED,unchanged,,5025.0,True,False,unchanged_accepted_crop,False,phase3
p6_dev,20260812,1153,stage4_stability_reopt,revised_offer,F0012,F0012-P02,maize,maize,,,SOFT_LOCK,REVISED,unchanged,,6540.0,True,False,unchanged_accepted_crop,False,phase3
p6_dev,20260812,1154,stage4_stability_reopt,revised_offer,F0013,F0013-P01,maize,maize,,,SOFT_LOCK,REVISED,unchanged,,12695.0,True,False,unchanged_accepted_crop,False,phase3
p6_dev,20260812,1155,stage4_stability_reopt,revised_offer,F0015,F0015-P02,soybean,soybean,,,FLEXIBLE,REVISED,unchanged,,935.0,True,False,unchanged_accepted_crop,False,phase3
p6_dev,20260812,1156,stage4_stability_reopt,revised_offer,F0017,F0017-P02,onion,onion,,,SOFT_LOCK,REVISED,unchanged,,305486.0,True,False,unchanged_accepted_crop,False,phase3
p6_dev,20260812,1157,stage4_stability_reopt,revised_offer,F0017,F0017-P03,FALLOW_OR_REJECTED,pigeon_pea,,,REJECTED_TERMINAL,REVISED,recovered_offer,,139236.0,False,True,recovered_or_no_prior_accept,False,phase3
p6_dev,20260812,1158,stage4_stability_reopt,revised_offer,F0017,F0017-P05,onion,onion,,,HARD_LOCK,REVISED,unchanged,,425966.0,True,False,unchanged_accepted_crop,False,phase3
p6_dev,20260812,1159,stage4_stability_reopt,revised_offer,F0018,F0018-P02,onion,onion,,,FLEXIBLE,REVISED,unchanged,,22720.0,True,False,unchanged_accepted_crop,False,phase3
p6_dev,20260812,1160,stage4_stability_reopt,revised_offer,F0019,F0019-P01,rice,rice,,,SOFT_LOCK,REVISED,unchanged,,5030.0,True,False,unchanged_accepted_crop,False,phase3
p6_dev,20260812,1161,stage4_stability_reopt,revised_offer,F0020,F0020-P01,sorghum,maize,,,FLEXIBLE,REVISED,changed,,31923.0,False,True,crop_changed_from_accepted,False,phase3
p6_dev,20260812,1162,stage4_stability_reopt,revised_offer,F0020,F0020-P02,sorghum,maize,,,FLEXIBLE,REVISED,changed,,10070.0,False,True,crop_changed_from_accepted,False,phase3
p6_dev,20260812,1163,stage4_stability_reopt,revised_offer,F0025,F0025-P01,FALLOW_OR_REJECTED,sorghum,,,REJECTED_TERMINAL,REVISED,recovered_offer,,880.0,False,True,recovered_or_no_prior_accept,False,phase3
p6_dev,20260812,1164,stage4_stability_reopt,revised_offer,F0027,F0027-P01,maize,maize,,,SOFT_LOCK,REVISED,unchanged,,80577.0,True,False,unchanged_accepted_crop,False,phase3
p6_dev,20260812,1165,stage4_stability_reopt,revised_offer,F0027,F0027-P03,maize,maize,,,FLEXIBLE,REVISED,unchanged,,25704.0,True,False,unchanged_accepted_crop,False,phase3
p6_dev,20260812,1166,stage4_stability_reopt,revised_offer,F0030,F0030-P02,maize,maize,,,FLEXIBLE,REVISED,unchanged,,8764.0,True,False,unchanged_accepted_crop,False,phase3
p6_dev,20260812,1167,stage4_stability_reopt,revised_offer,F0031,F0031-P01,sorghum,maize,,,FLEXIBLE,REVISED,changed,,6068.0,False,True,crop_changed_from_accepted,False,phase3
p6_dev,20260812,1168,stage4_stability_reopt,revised_offer,F0031,F0031-P02,FALLOW_OR_REJECTED,sorghum,,,REJECTED_TERMINAL,REVISED,recovered_offer,,8237.0,False,True,recovered_or_no_prior_accept,False,phase3
p6_dev,20260812,1169,stage4_stability_reopt,revised_offer,F0031,F0031-P03,maize,maize,,,FLEXIBLE,REVISED,unchanged,,15822.0,True,False,unchanged_accepted_crop,False,phase3
p6_dev,20260812,1170,stage4_stability_reopt,revised_offer,F0033,F0033-P01,maize,maize,,,SOFT_LOCK,REVISED,unchanged,,7391.0,True,False,unchanged_accepted_crop,False,phase3
p6_dev,20260812,1171,stage4_stability_reopt,revised_offer,F0035,F0035-P01,rice,rice,,,FLEXIBLE,REVISED,unchanged,,2824.0,True,False,unchanged_accepted_crop,False,phase3
p6_dev,20260812,1172,stage4_stability_reopt,revised_offer,F0035,F0035-P02,rice,rice,,,HARD_LOCK,REVISED,unchanged,,1670.0,True,False,unchanged_accepted_crop,False,phase3
p6_dev,20260812,1173,stage4_stability_reopt,revised_offer,F0037,F0037-P01,rice,rice,,,FLEXIBLE,REVISED,unchanged,,2468.0,True,False,unchanged_accepted_crop,False,phase3
p6_dev,20260812,1174,stage4_stability_reopt,revised_offer,F0038,F0038-P01,pigeon_pea,pigeon_pea,,,HARD_LOCK,REVISED,unchanged,,29573.0,True,False,unchanged_accepted_crop,False,phase3
p6_dev,20260812,1175,stage4_stability_reopt,revised_offer,F0038,F0038-P02,onion,onion,,,FLEXIBLE,REVISED,unchanged,,407791.0,True,False,unchanged_accepted_crop,False,phase3
p6_dev,20260812,1176,stage4_stability_reopt,revised_offer,F0039,F0039-P01,maize,maize,,,FLEXIBLE,REVISED,unchanged,,16416.0,True,False,unchanged_accepted_crop,False,phase3
p6_dev,20260812,1177,stage4_stability_reopt,revised_offer,F0040,F0040-P03,soybean,soybean,,,HARD_LOCK,REVISED,unchanged,,11244.0,True,False,unchanged_accepted_crop,False,phase3
p6_dev,20260812,1178,stage4_stability_reopt,revised_offer,F0041,F0041-P01,groundnut,groundnut,,,FLEXIBLE,REVISED,unchanged,,2645.0,True,False,unchanged_accepted_crop,False,phase3
p6_dev,20260812,1179,stage4_stability_reopt,revised_offer,F0042,F0042-P01,maize,maize,,,FLEXIBLE,REVISED,unchanged,,10301.0,True,False,unchanged_accepted_crop,False,phase3
p6_dev,20260812,1180,stage4_stability_reopt,revised_offer,F0043,F0043-P01,onion,onion,,,FLEXIBLE,REVISED,unchanged,,20084.0,True,False,unchanged_accepted_crop,False,phase3
p6_dev,20260812,1181,stage4_stability_reopt,revised_offer,F0045,F0045-P01,soybean,soybean,,,SOFT_LOCK,REVISED,unchanged,,1869.0,True,False,unchanged_accepted_crop,False,phase3
p6_dev,20260812,1182,stage4_stability_reopt,revised_offer,F0047,F0047-P02,maize,maize,,,FLEXIBLE,REVISED,unchanged,,7031.0,True,False,unchanged_accepted_crop,False,phase3
p6_dev,20260812,1183,stage4_stability_reopt,revised_offer,F0048,F0048-P01,rice,rice,,,SOFT_LOCK,REVISED,unchanged,,309.0,True,False,unchanged_accepted_crop,False,phase3
p6_dev,20260812,1184,stage4_stability_reopt,revised_offer,F0049,F0049-P01,soybean,soybean,,,HARD_LOCK,REVISED,unchanged,,5671.0,True,False,unchanged_accepted_crop,False,phase3
p6_dev,20260812,1185,stage4_stability_reopt,revised_offer,F0050,F0050-P01,maize,maize,,,HARD_LOCK,REVISED,unchanged,,15785.0,True,False,unchanged_accepted_crop,False,phase3
p6_dev,20260812,1186,stage4_stability_reopt,revised_offer,F0050,F0050-P02,maize,maize,,,FLEXIBLE,REVISED,unchanged,,968.0,True,False,unchanged_accepted_crop,False,phase3
p6_dev,20260812,1187,stage4_stability_reopt,revised_offer,F0050,F0050-P03,onion,onion,,,HARD_LOCK,REVISED,unchanged,,22460.0,True,False,unchanged_accepted_crop,False,phase3
p6_dev,20260812,1188,stage4_stability_reopt,revised_offer,F0051,F0051-P01,FALLOW_OR_REJECTED,maize,,,REJECTED_TERMINAL,REVISED,recovered_offer,,12564.0,False,True,recovered_or_no_prior_accept,False,phase3
p6_dev,20260812,1189,stage4_stability_reopt,revised_offer,F0055,F0055-P01,sorghum,sorghum,,,HARD_LOCK,REVISED,unchanged,,6476.0,True,False,unchanged_accepted_crop,False,phase3
p6_dev,20260812,1190,stage4_stability_reopt,revised_offer,F0056,F0056-P02,rice,rice,,,HARD_LOCK,REVISED,unchanged,,584.0,True,False,unchanged_accepted_crop,False,phase3
p6_dev,20260812,1191,stage4_stability_reopt,revised_offer,F0062,F0062-P01,sorghum,sorghum,,,SOFT_LOCK,REVISED,unchanged,,9400.0,True,False,unchanged_accepted_crop,False,phase3
p6_dev,20260812,1192,stage4_stability_reopt,revised_offer,F0064,F0064-P01,rice,rice,,,SOFT_LOCK,REVISED,unchanged,,7043.0,True,False,unchanged_accepted_crop,False,phase3
p6_dev,20260812,1193,stage4_stability_reopt,revised_offer,F0064,F0064-P02,rice,rice,,,HARD_LOCK,REVISED,unchanged,,13435.0,True,False,unchanged_accepted_crop,False,phase3
p6_dev,20260812,1194,stage4_stability_reopt,revised_offer,F0066,F0066-P01,rice,rice,,,FLEXIBLE,REVISED,unchanged,,3012.0,True,False,unchanged_accepted_crop,False,phase3
p6_dev,20260812,1195,stage4_stability_reopt,revised_offer,F0068,F0068-P01,onion,onion,,,SOFT_LOCK,REVISED,unchanged,,96333.0,True,False,unchanged_accepted_crop,False,phase3
p6_dev,20260812,1196,stage4_stability_reopt,revised_offer,F0068,F0068-P02,sorghum,sorghum,,,SOFT_LOCK,REVISED,unchanged,,11349.0,True,False,unchanged_accepted_crop,False,phase3
p6_dev,20260812,1197,stage4_stability_reopt,revised_offer,F0068,F0068-P03,onion,onion,,,SOFT_LOCK,REVISED,unchanged,,16229.0,True,False,unchanged_accepted_crop,False,phase3
p6_dev,20260812,1198,stage4_stability_reopt,revised_offer,F0070,F0070-P01,maize,maize,,,SOFT_LOCK,REVISED,unchanged,,15971.0,True,False,unchanged_accepted_crop,False,phase3
p6_dev,20260812,1199,stage4_stability_reopt,revised_offer,F0071,F0071-P01,maize,maize,,,SOFT_LOCK,REVISED,unchanged,,53435.0,True,False,unchanged_accepted_crop,False,phase3
p6_dev,20260812,1200,stage4_stability_reopt,revised_offer,F0072,F0072-P02,maize,maize,,,HARD_LOCK,REVISED,unchanged,,3928.0,True,False,unchanged_accepted_crop,False,phase3
p6_dev,20260812,1201,stage4_stability_reopt,revised_offer,F0074,F0074-P01,rice,groundnut,,,SOFT_LOCK,REVISED,changed,,9863.0,False,True,crop_changed_from_accepted,False,phase3
p6_dev,20260812,1202,stage4_stability_reopt,revised_offer,F0074,F0074-P02,rice,rice,,,HARD_LOCK,REVISED,unchanged,,12475.0,True,False,unchanged_accepted_crop,False,phase3
p6_dev,20260812,1203,stage4_stability_reopt,revised_offer,F0077,F0077-P01,maize,maize,,,SOFT_LOCK,REVISED,unchanged,,3859.0,True,False,unchanged_accepted_crop,False,phase3
p6_dev,20260812,1204,stage4_stability_reopt,revised_offer,F0078,F0078-P01,maize,maize,,,SOFT_LOCK,REVISED,unchanged,,22877.0,True,False,unchanged_accepted_crop,False,phase3
p6_dev,20260812,1205,stage4_stability_reopt,revised_offer,F0078,F0078-P02,maize,maize,,,FLEXIBLE,REVISED,unchanged,,16827.0,True,False,unchanged_accepted_crop,False,phase3
p6_dev,20260812,1206,stage4_stability_reopt,revised_offer,F0078,F0078-P03,maize,maize,,,HARD_LOCK,REVISED,unchanged,,66638.0,True,False,unchanged_accepted_crop,False,phase3
p6_dev,20260812,1207,stage4_stability_reopt,revised_offer,F0079,F0079-P02,onion,onion,,,FLEXIBLE,REVISED,unchanged,,58812.0,True,False,unchanged_accepted_crop,False,phase3
p6_dev,20260812,1208,stage4_stability_reopt,revised_offer,F0080,F0080-P01,onion,onion,,,SOFT_LOCK,REVISED,unchanged,,12170.0,True,False,unchanged_accepted_crop,False,phase3
p6_dev,20260812,1209,stage4_stability_reopt,revised_offer,F0080,F0080-P02,soybean,soybean,,,FLEXIBLE,REVISED,unchanged,,10436.0,True,False,unchanged_accepted_crop,False,phase3
p6_dev,20260812,1210,stage4_stability_reopt,revised_offer,F0082,F0082-P02,maize,onion,,,FLEXIBLE,REVISED,changed,,31808.0,False,True,crop_changed_from_accepted,False,phase3
p6_dev,20260812,1211,stage4_stability_reopt,revised_offer,F0083,F0083-P01,rice,rice,,,SOFT_LOCK,REVISED,unchanged,,4749.0,True,False,unchanged_accepted_crop,False,phase3
p6_dev,20260812,1212,stage4_stability_reopt,revised_offer,F0084,F0084-P01,maize,maize,,,HARD_LOCK,REVISED,unchanged,,56476.0,True,False,unchanged_accepted_crop,False,phase3
p6_dev,20260812,1213,stage4_stability_reopt,revised_offer,F0084,F0084-P02,maize,maize,,,FLEXIBLE,REVISED,unchanged,,88033.0,True,False,unchanged_accepted_crop,False,phase3
p6_dev,20260812,1214,stage4_stability_reopt,revised_offer,F0085,F0085-P01,FALLOW_OR_REJECTED,rice,,,REJECTED_TERMINAL,REVISED,recovered_offer,,4695.0,False,True,recovered_or_no_prior_accept,False,phase3
p6_dev,20260812,1215,stage4_stability_reopt,revised_offer,F0086,F0086-P02,maize,maize,,,FLEXIBLE,REVISED,unchanged,,6737.0,True,False,unchanged_accepted_crop,False,phase3
p6_dev,20260812,1216,stage4_stability_reopt,revised_offer,F0089,F0089-P01,maize,maize,,,FLEXIBLE,REVISED,unchanged,,10595.0,True,False,unchanged_accepted_crop,False,phase3
p6_dev,20260812,1217,stage4_stability_reopt,revised_offer,F0090,F0090-P01,rice,rice,,,FLEXIBLE,REVISED,unchanged,,1134.0,True,False,unchanged_accepted_crop,False,phase3
p6_dev,20260812,1218,stage4_stability_reopt,revised_offer,F0090,F0090-P02,rice,rice,,,SOFT_LOCK,REVISED,unchanged,,22328.0,True,False,unchanged_accepted_crop,False,phase3
p6_dev,20260812,1219,stage4_stability_reopt,revised_offer,F0091,F0091-P01,soybean,soybean,,,HARD_LOCK,REVISED,unchanged,,3404.0,True,False,unchanged_accepted_crop,False,phase3
p6_dev,20260812,1220,stage4_stability_reopt,revised_offer,F0092,F0092-P02,rice,rice,,,FLEXIBLE,REVISED,unchanged,,13408.0,True,False,unchanged_accepted_crop,False,phase3
p6_dev,20260812,1221,stage4_stability_reopt,revised_offer,F0093,F0093-P01,maize,maize,,,SOFT_LOCK,REVISED,unchanged,,21191.0,True,False,unchanged_accepted_crop,False,phase3
p6_dev,20260812,1222,stage4_stability_reopt,revised_offer,F0094,F0094-P01,rice,rice,,,HARD_LOCK,REVISED,unchanged,,7546.0,True,False,unchanged_accepted_crop,False,phase3
p6_dev,20260812,1223,stage4_stability_reopt,revised_offer,F0102,F0102-P01,rice,rice,,,HARD_LOCK,REVISED,unchanged,,423.0,True,False,unchanged_accepted_crop,False,phase3
p6_dev,20260812,1224,stage4_stability_reopt,revised_offer,F0103,F0103-P01,FALLOW_OR_REJECTED,sorghum,,,REJECTED_TERMINAL,REVISED,recovered_offer,,14383.0,False,True,recovered_or_no_prior_accept,False,phase3
p6_dev,20260812,1225,stage4_stability_reopt,revised_offer,F0105,F0105-P04,soybean,soybean,,,HARD_LOCK,REVISED,unchanged,,14354.0,True,False,unchanged_accepted_crop,False,phase3
p6_dev,20260812,1226,stage4_stability_reopt,revised_offer,F0106,F0106-P01,onion,onion,,,FLEXIBLE,REVISED,unchanged,,76079.0,True,False,unchanged_accepted_crop,False,phase3
p6_dev,20260812,1227,stage4_stability_reopt,revised_offer,F0107,F0107-P02,maize,maize,,,SOFT_LOCK,REVISED,unchanged,,21518.0,True,False,unchanged_accepted_crop,False,phase3
p6_dev,20260812,1228,stage4_stability_reopt,revised_offer,F0108,F0108-P01,rice,rice,,,SOFT_LOCK,REVISED,unchanged,,5098.0,True,False,unchanged_accepted_crop,False,phase3
p6_dev,20260812,1229,stage4_stability_reopt,revised_offer,F0108,F0108-P03,rice,rice,,,SOFT_LOCK,REVISED,unchanged,,10423.0,True,False,unchanged_accepted_crop,False,phase3
p6_dev,20260812,1230,stage4_stability_reopt,revised_offer,F0109,F0109-P02,maize,maize,,,SOFT_LOCK,REVISED,unchanged,,20471.0,True,False,unchanged_accepted_crop,False,phase3
p6_dev,20260812,1231,stage4_stability_reopt,revised_offer,F0110,F0110-P02,sorghum,sorghum,,,HARD_LOCK,REVISED,unchanged,,3160.0,True,False,unchanged_accepted_crop,False,phase3
p6_dev,20260812,1232,stage4_stability_reopt,revised_offer,F0110,F0110-P03,sorghum,sorghum,,,SOFT_LOCK,REVISED,unchanged,,2908.0,True,False,unchanged_accepted_crop,False,phase3
p6_dev,20260812,1233,stage4_stability_reopt,revised_offer,F0114,F0114-P01,maize,maize,,,HARD_LOCK,REVISED,unchanged,,19098.0,True,False,unchanged_accepted_crop,False,phase3
p6_dev,20260812,1234,stage4_stability_reopt,revised_offer,F0115,F0115-P02,maize,maize,,,HARD_LOCK,REVISED,unchanged,,32865.0,True,False,unchanged_accepted_crop,False,phase3
p6_dev,20260812,1235,stage4_stability_reopt,revised_offer,F0115,F0115-P03,maize,maize,,,SOFT_LOCK,REVISED,unchanged,,56836.0,True,False,unchanged_accepted_crop,False,phase3
p6_dev,20260812,1236,stage4_stability_reopt,revised_offer,F0116,F0116-P02,rice,rice,,,SOFT_LOCK,REVISED,unchanged,,4708.0,True,False,unchanged_accepted_crop,False,phase3
p6_dev,20260812,1237,stage4_stability_reopt,revised_offer,F0117,F0117-P02,rice,rice,,,FLEXIBLE,REVISED,unchanged,,10463.0,True,False,unchanged_accepted_crop,False,phase3
p6_dev,20260812,1238,stage4_stability_reopt,revised_offer,F0119,F0119-P01,soybean,soybean,,,SOFT_LOCK,REVISED,unchanged,,1719.0,True,False,unchanged_accepted_crop,False,phase3
p6_dev,20260812,1239,stage4_stability_reopt,revised_offer,F0121,F0121-P01,soybean,soybean,,,SOFT_LOCK,REVISED,unchanged,,5302.0,True,False,unchanged_accepted_crop,False,phase3
p6_dev,20260812,1240,stage4_stability_reopt,revised_offer,F0122,F0122-P01,maize,maize,,,SOFT_LOCK,REVISED,unchanged,,9058.0,True,False,unchanged_accepted_crop,False,phase3
p6_dev,20260812,1241,stage4_stability_reopt,revised_offer,F0123,F0123-P01,sorghum,sorghum,,,SOFT_LOCK,REVISED,unchanged,,15515.0,True,False,unchanged_accepted_crop,False,phase3
p6_dev,20260812,1242,stage4_stability_reopt,revised_offer,F0126,F0126-P01,maize,maize,,,HARD_LOCK,REVISED,unchanged,,35367.0,True,False,unchanged_accepted_crop,False,phase3
p6_dev,20260812,1243,stage4_stability_reopt,revised_offer,F0126,F0126-P02,maize,maize,,,FLEXIBLE,REVISED,unchanged,,103289.0,True,False,unchanged_accepted_crop,False,phase3
p6_dev,20260812,1244,stage4_stability_reopt,revised_offer,F0127,F0127-P01,sorghum,maize,,,FLEXIBLE,REVISED,changed,,6794.0,False,True,crop_changed_from_accepted,False,phase3
p6_dev,20260812,1245,stage4_stability_reopt,revised_offer,F0128,F0128-P01,rice,rice,,,FLEXIBLE,REVISED,unchanged,,1764.0,True,False,unchanged_accepted_crop,False,phase3
p6_dev,20260812,1246,stage4_stability_reopt,revised_offer,F0128,F0128-P02,rice,rice,,,SOFT_LOCK,REVISED,unchanged,,16540.0,True,False,unchanged_accepted_crop,False,phase3
p6_dev,20260812,1247,stage4_stability_reopt,revised_offer,F0128,F0128-P03,rice,rice,,,HARD_LOCK,REVISED,unchanged,,1871.0,True,False,unchanged_accepted_crop,False,phase3
p6_dev,20260812,1248,stage4_stability_reopt,revised_offer,F0129,F0129-P01,onion,onion,,,SOFT_LOCK,REVISED,unchanged,,55826.0,True,False,unchanged_accepted_crop,False,phase3
p6_dev,20260812,1249,stage4_stability_reopt,revised_offer,F0129,F0129-P02,pigeon_pea,pigeon_pea,,,HARD_LOCK,REVISED,unchanged,,52243.0,True,False,unchanged_accepted_crop,False,phase3
p6_dev,20260812,1250,stage4_stability_reopt,revised_offer,F0130,F0130-P01,maize,maize,,,FLEXIBLE,REVISED,unchanged,,7358.0,True,False,unchanged_accepted_crop,False,phase3
p6_dev,20260812,1251,stage4_stability_reopt,revised_offer,F0131,F0131-P01,rice,rice,,,SOFT_LOCK,REVISED,unchanged,,268.0,True,False,unchanged_accepted_crop,False,phase3
p6_dev,20260812,1252,stage4_stability_reopt,revised_offer,F0131,F0131-P02,rice,rice,,,HARD_LOCK,REVISED,unchanged,,5178.0,True,False,unchanged_accepted_crop,False,phase3
p6_dev,20260812,1253,stage4_stability_reopt,revised_offer,F0133,F0133-P01,FALLOW_OR_REJECTED,soybean,,,REJECTED_TERMINAL,REVISED,recovered_offer,,1812.0,False,True,recovered_or_no_prior_accept,False,phase3
p6_dev,20260812,1254,stage4_stability_reopt,revised_offer,F0135,F0135-P01,groundnut,groundnut,,,SOFT_LOCK,REVISED,unchanged,,25772.0,True,False,unchanged_accepted_crop,False,phase3
p6_dev,20260812,1255,stage4_stability_reopt,revised_offer,F0136,F0136-P02,maize,maize,,,HARD_LOCK,REVISED,unchanged,,1799.0,True,False,unchanged_accepted_crop,False,phase3
p6_dev,20260812,1256,stage4_stability_reopt,revised_offer,F0138,F0138-P02,rice,rice,,,HARD_LOCK,REVISED,unchanged,,4863.0,True,False,unchanged_accepted_crop,False,phase3
p6_dev,20260812,1257,stage4_stability_reopt,revised_offer,F0138,F0138-P03,groundnut,groundnut,,,SOFT_LOCK,REVISED,unchanged,,645030.0,True,False,unchanged_accepted_crop,False,phase3
p6_dev,20260812,1258,stage4_stability_reopt,revised_offer,F0139,F0139-P02,maize,maize,,,HARD_LOCK,REVISED,unchanged,,8895.0,True,False,unchanged_accepted_crop,False,phase3
p6_dev,20260812,1259,stage4_stability_reopt,revised_offer,F0141,F0141-P02,sorghum,sorghum,,,SOFT_LOCK,REVISED,unchanged,,1933.0,True,False,unchanged_accepted_crop,False,phase3
p6_dev,20260812,1260,stage4_stability_reopt,revised_offer,F0142,F0142-P01,maize,maize,,,SOFT_LOCK,REVISED,unchanged,,16566.0,True,False,unchanged_accepted_crop,False,phase3
p6_dev,20260812,1261,stage4_stability_reopt,revised_offer,F0145,F0145-P01,sorghum,onion,,,SOFT_LOCK,REVISED,changed,,11425.0,False,True,crop_changed_from_accepted,False,phase3
p6_dev,20260812,1262,stage4_stability_reopt,revised_offer,F0145,F0145-P02,sorghum,sorghum,,,FLEXIBLE,REVISED,unchanged,,13125.0,True,False,unchanged_accepted_crop,False,phase3
p6_dev,20260812,1263,stage4_stability_reopt,revised_offer,F0146,F0146-P01,maize,maize,,,SOFT_LOCK,REVISED,unchanged,,1537.0,True,False,unchanged_accepted_crop,False,phase3
p6_dev,20260812,1264,stage4_stability_reopt,revised_offer,F0147,F0147-P02,onion,onion,,,FLEXIBLE,REVISED,unchanged,,31029.0,True,False,unchanged_accepted_crop,False,phase3
p6_dev,20260812,1265,stage4_stability_reopt,revised_offer,F0148,F0148-P01,groundnut,groundnut,,,FLEXIBLE,REVISED,unchanged,,324530.0,True,False,unchanged_accepted_crop,False,phase3
p6_dev,20260812,1266,stage4_stability_reopt,revised_offer,F0149,F0149-P01,maize,maize,,,FLEXIBLE,REVISED,unchanged,,30282.0,True,False,unchanged_accepted_crop,False,phase3
p6_dev,20260812,1267,stage4_stability_reopt,revised_offer,F0150,F0150-P02,maize,maize,,,FLEXIBLE,REVISED,unchanged,,8172.0,True,False,unchanged_accepted_crop,False,phase3
p6_dev,20260812,1268,stage4_stability_reopt,revised_offer,F0150,F0150-P03,onion,onion,,,SOFT_LOCK,REVISED,unchanged,,95813.0,True,False,unchanged_accepted_crop,False,phase3
p6_dev,20260812,1269,stage4_stability_reopt,revised_offer,F0152,F0152-P03,soybean,soybean,,,HARD_LOCK,REVISED,unchanged,,13615.0,True,False,unchanged_accepted_crop,False,phase3
p6_dev,20260812,1270,stage4_stability_reopt,revised_offer,F0153,F0153-P03,groundnut,groundnut,,,SOFT_LOCK,REVISED,unchanged,,59179.0,True,False,unchanged_accepted_crop,False,phase3
p6_dev,20260812,1271,stage4_stability_reopt,revised_offer,F0154,F0154-P01,maize,maize,,,FLEXIBLE,REVISED,unchanged,,74070.0,True,False,unchanged_accepted_crop,False,phase3
p6_dev,20260812,1272,stage4_stability_reopt,revised_offer,F0156,F0156-P01,maize,maize,,,FLEXIBLE,REVISED,unchanged,,9102.0,True,False,unchanged_accepted_crop,False,phase3
p6_dev,20260812,1273,stage4_stability_reopt,revised_offer,F0156,F0156-P02,onion,onion,,,FLEXIBLE,REVISED,unchanged,,167219.0,True,False,unchanged_accepted_crop,False,phase3
p6_dev,20260812,1274,stage4_stability_reopt,revised_offer,F0156,F0156-P03,maize,maize,,,FLEXIBLE,REVISED,unchanged,,31085.0,True,False,unchanged_accepted_crop,False,phase3
p6_dev,20260812,1275,stage4_stability_reopt,revised_offer,F0158,F0158-P02,rice,rice,,,FLEXIBLE,REVISED,unchanged,,23388.0,True,False,unchanged_accepted_crop,False,phase3
p6_dev,20260812,1276,stage4_stability_reopt,revised_offer,F0159,F0159-P01,rice,rice,,,SOFT_LOCK,REVISED,unchanged,,11966.0,True,False,unchanged_accepted_crop,False,phase3
p6_dev,20260812,1277,stage4_stability_reopt,revised_offer,F0160,F0160-P03,groundnut,groundnut,,,HARD_LOCK,REVISED,unchanged,,57376.0,True,False,unchanged_accepted_crop,False,phase3
p6_dev,20260812,1278,stage4_stability_reopt,revised_offer,F0162,F0162-P01,rice,rice,,,SOFT_LOCK,REVISED,unchanged,,9001.0,True,False,unchanged_accepted_crop,False,phase3
p6_dev,20260812,1279,stage4_stability_reopt,revised_offer,F0163,F0163-P01,rice,rice,,,HARD_LOCK,REVISED,unchanged,,1610.0,True,False,unchanged_accepted_crop,False,phase3
p6_dev,20260812,1280,stage4_stability_reopt,revised_offer,F0166,F0166-P01,rice,rice,,,FLEXIBLE,REVISED,unchanged,,2602.0,True,False,unchanged_accepted_crop,False,phase3
p6_dev,20260812,1281,stage4_stability_reopt,revised_offer,F0167,F0167-P01,rice,rice,,,HARD_LOCK,REVISED,unchanged,,5218.0,True,False,unchanged_accepted_crop,False,phase3
p6_dev,20260812,1282,stage4_stability_reopt,revised_offer,F0169,F0169-P02,onion,onion,,,FLEXIBLE,REVISED,unchanged,,1867.0,True,False,unchanged_accepted_crop,False,phase3
p6_dev,20260812,1283,stage4_stability_reopt,revised_offer,F0175,F0175-P01,FALLOW_OR_REJECTED,maize,,,REJECTED_TERMINAL,REVISED,recovered_offer,,36204.0,False,True,recovered_or_no_prior_accept,False,phase3
p6_dev,20260812,1284,stage4_stability_reopt,revised_offer,F0177,F0177-P01,pigeon_pea,pigeon_pea,,,SOFT_LOCK,REVISED,unchanged,,76560.0,True,False,unchanged_accepted_crop,False,phase3
p6_dev,20260812,1285,stage4_stability_reopt,revised_offer,F0178,F0178-P01,FALLOW_OR_REJECTED,maize,,,REJECTED_TERMINAL,REVISED,recovered_offer,,36167.0,False,True,recovered_or_no_prior_accept,False,phase3
p6_dev,20260812,1286,stage4_stability_reopt,revised_offer,F0178,F0178-P02,onion,onion,,,FLEXIBLE,REVISED,unchanged,,45829.0,True,False,unchanged_accepted_crop,False,phase3
p6_dev,20260812,1287,stage4_stability_reopt,revised_offer,F0179,F0179-P01,onion,pigeon_pea,,,FLEXIBLE,REVISED,changed,,23650.0,False,True,crop_changed_from_accepted,False,phase3
p6_dev,20260812,1288,stage4_stability_reopt,revised_offer,F0179,F0179-P02,FALLOW_OR_REJECTED,onion,,,REJECTED_TERMINAL,REVISED,recovered_offer,,60500.0,False,True,recovered_or_no_prior_accept,False,phase3
p6_dev,20260812,1289,stage4_stability_reopt,revised_offer,F0180,F0180-P01,groundnut,groundnut,,,HARD_LOCK,REVISED,unchanged,,5667.0,True,False,unchanged_accepted_crop,False,phase3
p6_dev,20260812,1290,stage4_stability_reopt,revised_offer,F0181,F0181-P02,onion,onion,,,FLEXIBLE,REVISED,unchanged,,204999.0,True,False,unchanged_accepted_crop,False,phase3
p6_dev,20260812,1291,stage4_stability_reopt,revised_offer,F0183,F0183-P01,maize,maize,,,SOFT_LOCK,REVISED,unchanged,,18279.0,True,False,unchanged_accepted_crop,False,phase3
p6_dev,20260812,1292,stage4_stability_reopt,revised_offer,F0188,F0188-P01,maize,maize,,,HARD_LOCK,REVISED,unchanged,,6087.0,True,False,unchanged_accepted_crop,False,phase3
p6_dev,20260812,1293,stage4_stability_reopt,revised_offer,F0188,F0188-P02,pigeon_pea,pigeon_pea,,,SOFT_LOCK,REVISED,unchanged,,147825.0,True,False,unchanged_accepted_crop,False,phase3
p6_dev,20260812,1294,stage4_stability_reopt,revised_offer,F0188,F0188-P03,onion,onion,,,FLEXIBLE,REVISED,unchanged,,32068.0,True,False,unchanged_accepted_crop,False,phase3
p6_dev,20260812,1295,stage4_stability_reopt,revised_offer,F0188,F0188-P04,maize,maize,,,FLEXIBLE,REVISED,unchanged,,15003.0,True,False,unchanged_accepted_crop,False,phase3
p6_dev,20260812,1296,stage4_stability_reopt,revised_offer,F0189,F0189-P01,onion,onion,,,FLEXIBLE,REVISED,unchanged,,69069.0,True,False,unchanged_accepted_crop,False,phase3
p6_dev,20260812,1297,stage4_stability_reopt,revised_offer,F0190,F0190-P01,maize,maize,,,FLEXIBLE,REVISED,unchanged,,21452.0,True,False,unchanged_accepted_crop,False,phase3
p6_dev,20260812,1298,stage4_stability_reopt,revised_offer,F0192,F0192-P02,groundnut,groundnut,,,HARD_LOCK,REVISED,unchanged,,51119.0,True,False,unchanged_accepted_crop,False,phase3
p6_dev,20260812,1299,stage4_stability_reopt,revised_offer,F0193,F0193-P01,FALLOW_OR_REJECTED,sorghum,,,REJECTED_TERMINAL,REVISED,recovered_offer,,70453.0,False,True,recovered_or_no_prior_accept,False,phase3
p6_dev,20260812,1300,stage4_stability_reopt,revised_offer,F0193,F0193-P02,maize,maize,,,HARD_LOCK,REVISED,unchanged,,25520.0,True,False,unchanged_accepted_crop,False,phase3
p6_dev,20260812,1301,stage4_stability_reopt,revised_offer,F0194,F0194-P01,onion,onion,,,FLEXIBLE,REVISED,unchanged,,54917.0,True,False,unchanged_accepted_crop,False,phase3
p6_dev,20260812,1302,stage4_stability_reopt,revised_offer,F0195,F0195-P01,soybean,soybean,,,HARD_LOCK,REVISED,unchanged,,10240.0,True,False,unchanged_accepted_crop,False,phase3
p6_dev,20260812,1303,stage4_stability_reopt,revised_offer,F0198,F0198-P01,soybean,pigeon_pea,,,FLEXIBLE,REVISED,changed,,24160.0,False,True,crop_changed_from_accepted,False,phase3
p6_dev,20260812,1304,stage4_stability_reopt,revised_offer,F0200,F0200-P01,pigeon_pea,onion,,,FLEXIBLE,REVISED,changed,,4544.0,False,True,crop_changed_from_accepted,False,phase3
p6_dev,20260812,1305,stage4_stability_reopt,revised_offer,F0201,F0201-P01,onion,onion,,,FLEXIBLE,REVISED,unchanged,,9258.0,True,False,unchanged_accepted_crop,False,phase3
p6_dev,20260812,1306,stage4_stability_reopt,revised_offer,F0202,F0202-P01,maize,maize,,,SOFT_LOCK,REVISED,unchanged,,5134.0,True,False,unchanged_accepted_crop,False,phase3
p6_dev,20260812,1307,stage4_stability_reopt,revised_offer,F0202,F0202-P03,maize,maize,,,HARD_LOCK,REVISED,unchanged,,47908.0,True,False,unchanged_accepted_crop,False,phase3
p6_dev,20260812,1308,stage4_stability_reopt,revised_offer,F0203,F0203-P01,soybean,soybean,,,HARD_LOCK,REVISED,unchanged,,6588.0,True,False,unchanged_accepted_crop,False,phase3
p6_dev,20260812,1309,stage4_stability_reopt,revised_offer,F0204,F0204-P01,soybean,soybean,,,SOFT_LOCK,REVISED,unchanged,,4173.0,True,False,unchanged_accepted_crop,False,phase3
p6_dev,20260812,1310,stage4_stability_reopt,revised_offer,F0205,F0205-P01,onion,onion,,,FLEXIBLE,REVISED,unchanged,,125674.0,True,False,unchanged_accepted_crop,False,phase3
p6_dev,20260812,1311,stage4_stability_reopt,revised_offer,F0205,F0205-P02,sorghum,sorghum,,,SOFT_LOCK,REVISED,unchanged,,7812.0,True,False,unchanged_accepted_crop,False,phase3
p6_dev,20260812,1312,stage4_stability_reopt,revised_offer,F0207,F0207-P02,rice,groundnut,,,SOFT_LOCK,REVISED,changed,,9969.0,False,True,crop_changed_from_accepted,False,phase3
p6_dev,20260812,1313,stage4_stability_reopt,revised_offer,F0208,F0208-P01,soybean,soybean,,,FLEXIBLE,REVISED,unchanged,,1235.0,True,False,unchanged_accepted_crop,False,phase3
p6_dev,20260812,1314,stage4_stability_reopt,revised_offer,F0211,F0211-P01,rice,groundnut,,,FLEXIBLE,REVISED,changed,,26302.0,False,True,crop_changed_from_accepted,False,phase3
p6_dev,20260812,1315,stage4_stability_reopt,revised_offer,F0211,F0211-P02,rice,rice,,,SOFT_LOCK,REVISED,unchanged,,798.0,True,False,unchanged_accepted_crop,False,phase3
p6_dev,20260812,1316,stage4_stability_reopt,revised_offer,F0212,F0212-P01,pigeon_pea,pigeon_pea,,,SOFT_LOCK,REVISED,unchanged,,43771.0,True,False,unchanged_accepted_crop,False,phase3
p6_dev,20260812,1317,stage4_stability_reopt,revised_offer,F0212,F0212-P02,maize,maize,,,SOFT_LOCK,REVISED,unchanged,,1080.0,True,False,unchanged_accepted_crop,False,phase3
p6_dev,20260812,1318,stage4_stability_reopt,revised_offer,F0213,F0213-P01,onion,onion,,,FLEXIBLE,REVISED,unchanged,,78806.0,True,False,unchanged_accepted_crop,False,phase3
p6_dev,20260812,1319,stage4_stability_reopt,revised_offer,F0215,F0215-P01,soybean,soybean,,,SOFT_LOCK,REVISED,unchanged,,2135.0,True,False,unchanged_accepted_crop,False,phase3
p6_dev,20260812,1320,stage4_stability_reopt,revised_offer,F0216,F0216-P01,maize,onion,,,SOFT_LOCK,REVISED,changed,,55437.0,False,True,crop_changed_from_accepted,False,phase3
p6_dev,20260812,1321,stage4_stability_reopt,revised_offer,F0219,F0219-P01,sorghum,maize,,,FLEXIBLE,REVISED,changed,,10331.0,False,True,crop_changed_from_accepted,False,phase3
p6_dev,20260812,1322,stage4_stability_reopt,revised_offer,F0220,F0220-P02,maize,maize,,,HARD_LOCK,REVISED,unchanged,,10014.0,True,False,unchanged_accepted_crop,False,phase3
p6_dev,20260812,1323,stage4_stability_reopt,revised_offer,F0221,F0221-P01,soybean,soybean,,,HARD_LOCK,REVISED,unchanged,,1973.0,True,False,unchanged_accepted_crop,False,phase3
p6_dev,20260812,1324,stage4_stability_reopt,revised_offer,F0222,F0222-P04,groundnut,groundnut,,,FLEXIBLE,REVISED,unchanged,,273730.0,True,False,unchanged_accepted_crop,False,phase3
p6_dev,20260812,1325,stage4_stability_reopt,revised_offer,F0227,F0227-P01,rice,rice,,,HARD_LOCK,REVISED,unchanged,,2327.0,True,False,unchanged_accepted_crop,False,phase3
p6_dev,20260812,1326,stage4_stability_reopt,revised_offer,F0228,F0228-P01,maize,maize,,,HARD_LOCK,REVISED,unchanged,,8372.0,True,False,unchanged_accepted_crop,False,phase3
p6_dev,20260812,1327,stage4_stability_reopt,revised_offer,F0230,F0230-P01,maize,maize,,,HARD_LOCK,REVISED,unchanged,,16511.0,True,False,unchanged_accepted_crop,False,phase3
p6_dev,20260812,1328,stage4_stability_reopt,revised_offer,F0233,F0233-P01,rice,rice,,,FLEXIBLE,REVISED,unchanged,,3434.0,True,False,unchanged_accepted_crop,False,phase3
p6_dev,20260812,1329,stage4_stability_reopt,revised_offer,F0234,F0234-P01,FALLOW_OR_REJECTED,pigeon_pea,,,REJECTED_TERMINAL,REVISED,recovered_offer,,12904.0,False,True,recovered_or_no_prior_accept,False,phase3
p6_dev,20260812,1330,stage4_stability_reopt,revised_offer,F0234,F0234-P02,maize,maize,,,FLEXIBLE,REVISED,unchanged,,10945.0,True,False,unchanged_accepted_crop,False,phase3
p6_dev,20260812,1331,stage4_stability_reopt,revised_offer,F0236,F0236-P02,soybean,soybean,,,SOFT_LOCK,REVISED,unchanged,,8913.0,True,False,unchanged_accepted_crop,False,phase3
p6_dev,20260812,1332,stage4_stability_reopt,revised_offer,F0237,F0237-P01,pigeon_pea,pigeon_pea,,,FLEXIBLE,REVISED,unchanged,,35809.0,True,False,unchanged_accepted_crop,False,phase3
p6_dev,20260812,1333,stage4_stability_reopt,revised_offer,F0238,F0238-P01,sorghum,onion,,,FLEXIBLE,REVISED,changed,,25446.0,False,True,crop_changed_from_accepted,False,phase3
p6_dev,20260812,1334,stage4_stability_reopt,revised_offer,F0239,F0239-P02,groundnut,groundnut,,,HARD_LOCK,REVISED,unchanged,,21473.0,True,False,unchanged_accepted_crop,False,phase3
p6_dev,20260812,1335,stage4_stability_reopt,revised_offer,F0240,F0240-P01,sorghum,maize,,,FLEXIBLE,REVISED,changed,,21927.0,False,True,crop_changed_from_accepted,False,phase3
p6_dev,20260812,1336,stage4_stability_reopt,revised_offer,F0242,F0242-P03,rice,rice,,,SOFT_LOCK,REVISED,unchanged,,16956.0,True,False,unchanged_accepted_crop,False,phase3
p6_dev,20260812,1337,stage4_stability_reopt,revised_offer,F0243,F0243-P02,groundnut,groundnut,,,HARD_LOCK,REVISED,unchanged,,4666.0,True,False,unchanged_accepted_crop,False,phase3
p6_dev,20260812,1338,stage4_stability_reopt,revised_offer,F0245,F0245-P01,onion,onion,,,HARD_LOCK,REVISED,unchanged,,198118.0,True,False,unchanged_accepted_crop,False,phase3
p6_dev,20260812,1339,stage4_stability_reopt,revised_offer,F0245,F0245-P02,maize,maize,,,FLEXIBLE,REVISED,unchanged,,23956.0,True,False,unchanged_accepted_crop,False,phase3
p6_dev,20260812,1340,stage4_stability_reopt,revised_offer,F0245,F0245-P03,rice,rice,,,FLEXIBLE,REVISED,unchanged,,6618.0,True,False,unchanged_accepted_crop,False,phase3
p6_dev,20260812,1341,stage4_stability_reopt,revised_offer,F0247,F0247-P02,rice,groundnut,,,SOFT_LOCK,REVISED,changed,,13151.0,False,True,crop_changed_from_accepted,False,phase3
p6_dev,20260812,1342,stage4_stability_reopt,revised_offer,F0248,F0248-P02,groundnut,groundnut,,,FLEXIBLE,REVISED,unchanged,,3606.0,True,False,unchanged_accepted_crop,False,phase3
p6_dev,20260812,1343,stage4_stability_reopt,revised_offer,F0251,F0251-P01,soybean,soybean,,,FLEXIBLE,REVISED,unchanged,,1933.0,True,False,unchanged_accepted_crop,False,phase3
p6_dev,20260812,1344,stage4_stability_reopt,revised_offer,F0252,F0252-P01,soybean,soybean,,,HARD_LOCK,REVISED,unchanged,,1962.0,True,False,unchanged_accepted_crop,False,phase3
p6_dev,20260812,1345,stage4_stability_reopt,revised_offer,F0253,F0253-P02,maize,maize,,,SOFT_LOCK,REVISED,unchanged,,2550.0,True,False,unchanged_accepted_crop,False,phase3
p6_dev,20260812,1346,stage4_stability_reopt,revised_offer,F0254,F0254-P01,soybean,soybean,,,HARD_LOCK,REVISED,unchanged,,4494.0,True,False,unchanged_accepted_crop,False,phase3
p6_dev,20260812,1347,stage4_stability_reopt,revised_offer,F0258,F0258-P02,maize,maize,,,HARD_LOCK,REVISED,unchanged,,4120.0,True,False,unchanged_accepted_crop,False,phase3
p6_dev,20260812,1348,stage4_stability_reopt,revised_offer,F0259,F0259-P02,onion,onion,,,SOFT_LOCK,REVISED,unchanged,,6645.0,True,False,unchanged_accepted_crop,False,phase3
p6_dev,20260812,1349,stage4_stability_reopt,revised_offer,F0262,F0262-P01,rice,rice,,,SOFT_LOCK,REVISED,unchanged,,6030.0,True,False,unchanged_accepted_crop,False,phase3
p6_dev,20260812,1350,stage4_stability_reopt,revised_offer,F0262,F0262-P02,rice,rice,,,HARD_LOCK,REVISED,unchanged,,443.0,True,False,unchanged_accepted_crop,False,phase3
p6_dev,20260812,1351,stage4_stability_reopt,revised_offer,F0267,F0267-P01,maize,maize,,,FLEXIBLE,REVISED,unchanged,,33912.0,True,False,unchanged_accepted_crop,False,phase3
p6_dev,20260812,1352,stage4_stability_reopt,revised_offer,F0268,F0268-P01,rice,rice,,,FLEXIBLE,REVISED,unchanged,,3709.0,True,False,unchanged_accepted_crop,False,phase3
p6_dev,20260812,1353,stage4_stability_reopt,revised_offer,F0269,F0269-P02,maize,maize,,,SOFT_LOCK,REVISED,unchanged,,32963.0,True,False,unchanged_accepted_crop,False,phase3
p6_dev,20260812,1354,stage4_stability_reopt,revised_offer,F0277,F0277-P01,rice,rice,,,SOFT_LOCK,REVISED,unchanged,,1502.0,True,False,unchanged_accepted_crop,False,phase3
p6_dev,20260812,1355,stage4_stability_reopt,revised_offer,F0279,F0279-P02,rice,rice,,,HARD_LOCK,REVISED,unchanged,,1844.0,True,False,unchanged_accepted_crop,False,phase3
p6_dev,20260812,1356,stage4_stability_reopt,revised_offer,F0280,F0280-P01,onion,onion,,,HARD_LOCK,REVISED,unchanged,,26095.0,True,False,unchanged_accepted_crop,False,phase3
p6_dev,20260812,1357,stage4_stability_reopt,revised_offer,F0280,F0280-P02,soybean,soybean,,,SOFT_LOCK,REVISED,unchanged,,10259.0,True,False,unchanged_accepted_crop,False,phase3
p6_dev,20260812,1358,stage4_stability_reopt,revised_offer,F0281,F0281-P02,rice,rice,,,HARD_LOCK,REVISED,unchanged,,2368.0,True,False,unchanged_accepted_crop,False,phase3
p6_dev,20260812,1359,stage4_stability_reopt,revised_offer,F0282,F0282-P01,FALLOW_OR_REJECTED,groundnut,,,REJECTED_TERMINAL,REVISED,recovered_offer,,12409.0,False,True,recovered_or_no_prior_accept,False,phase3
p6_dev,20260812,1360,stage4_stability_reopt,revised_offer,F0284,F0284-P01,rice,rice,,,FLEXIBLE,REVISED,unchanged,,1992.0,True,False,unchanged_accepted_crop,False,phase3
p6_dev,20260812,1361,stage4_stability_reopt,revised_offer,F0285,F0285-P01,sorghum,sorghum,,,HARD_LOCK,REVISED,unchanged,,6571.0,True,False,unchanged_accepted_crop,False,phase3
p6_dev,20260812,1362,stage4_stability_reopt,revised_offer,F0286,F0286-P02,onion,onion,,,FLEXIBLE,REVISED,unchanged,,19474.0,True,False,unchanged_accepted_crop,False,phase3
p6_dev,20260812,1363,stage4_stability_reopt,revised_offer,F0288,F0288-P03,maize,maize,,,HARD_LOCK,REVISED,unchanged,,140748.0,True,False,unchanged_accepted_crop,False,phase3
p6_dev,20260812,1364,stage4_stability_reopt,revised_offer,F0290,F0290-P02,maize,maize,,,HARD_LOCK,REVISED,unchanged,,687.0,True,False,unchanged_accepted_crop,False,phase3
p6_dev,20260812,1365,stage4_stability_reopt,revised_offer,F0291,F0291-P02,onion,onion,,,FLEXIBLE,REVISED,unchanged,,45245.0,True,False,unchanged_accepted_crop,False,phase3
p6_dev,20260812,1366,stage4_stability_reopt,revised_offer,F0293,F0293-P01,groundnut,groundnut,,,SOFT_LOCK,REVISED,unchanged,,138721.0,True,False,unchanged_accepted_crop,False,phase3
p6_dev,20260812,1367,stage4_stability_reopt,revised_offer,F0294,F0294-P01,rice,rice,,,SOFT_LOCK,REVISED,unchanged,,4702.0,True,False,unchanged_accepted_crop,False,phase3
p6_dev,20260812,1368,stage4_stability_reopt,revised_offer,F0296,F0296-P01,cotton,cotton,,,SOFT_LOCK,REVISED,unchanged,,15920.0,True,False,unchanged_accepted_crop,False,phase3
p6_dev,20260812,1369,stage4_stability_reopt,revised_offer,F0297,F0297-P02,rice,rice,,,SOFT_LOCK,REVISED,unchanged,,3810.0,True,False,unchanged_accepted_crop,False,phase3
p6_dev,20260812,1370,stage4_stability_reopt,revised_offer,F0299,F0299-P01,soybean,soybean,,,HARD_LOCK,REVISED,unchanged,,2158.0,True,False,unchanged_accepted_crop,False,phase3
p6_dev,20260812,1371,stage4_stability_reopt,revised_offer,F0304,F0304-P01,onion,onion,,,SOFT_LOCK,REVISED,unchanged,,14410.0,True,False,unchanged_accepted_crop,False,phase3
p6_dev,20260812,1372,stage4_stability_reopt,revised_offer,F0305,F0305-P01,rice,rice,,,SOFT_LOCK,REVISED,unchanged,,2649.0,True,False,unchanged_accepted_crop,False,phase3
p6_dev,20260812,1373,stage4_stability_reopt,revised_offer,F0309,F0309-P01,onion,onion,,,FLEXIBLE,REVISED,unchanged,,83090.0,True,False,unchanged_accepted_crop,False,phase3
p6_dev,20260812,1374,stage4_stability_reopt,revised_offer,F0309,F0309-P03,onion,onion,,,FLEXIBLE,REVISED,unchanged,,7400.0,True,False,unchanged_accepted_crop,False,phase3
p6_dev,20260812,1375,stage4_stability_reopt,revised_offer,F0313,F0313-P01,sorghum,maize,,,FLEXIBLE,REVISED,changed,,14928.0,False,True,crop_changed_from_accepted,False,phase3
p6_dev,20260812,1376,stage4_stability_reopt,revised_offer,F0314,F0314-P01,maize,maize,,,SOFT_LOCK,REVISED,unchanged,,25965.0,True,False,unchanged_accepted_crop,False,phase3
p6_dev,20260812,1377,stage4_stability_reopt,revised_offer,F0316,F0316-P01,rice,groundnut,,,SOFT_LOCK,REVISED,changed,,31180.0,False,True,crop_changed_from_accepted,False,phase3
p6_dev,20260812,1378,stage4_stability_reopt,revised_offer,F0317,F0317-P01,soybean,soybean,,,FLEXIBLE,REVISED,unchanged,,10667.0,True,False,unchanged_accepted_crop,False,phase3
p6_dev,20260812,1379,stage4_stability_reopt,revised_offer,F0317,F0317-P02,soybean,soybean,,,HARD_LOCK,REVISED,unchanged,,9473.0,True,False,unchanged_accepted_crop,False,phase3
p6_dev,20260812,1380,stage4_stability_reopt,revised_offer,F0318,F0318-P01,rice,rice,,,FLEXIBLE,REVISED,unchanged,,3857.0,True,False,unchanged_accepted_crop,False,phase3
p6_dev,20260812,1381,stage4_stability_reopt,revised_offer,F0318,F0318-P02,groundnut,groundnut,,,HARD_LOCK,REVISED,unchanged,,244670.0,True,False,unchanged_accepted_crop,False,phase3
p6_dev,20260812,1382,stage4_stability_reopt,revised_offer,F0318,F0318-P03,groundnut,groundnut,,,SOFT_LOCK,REVISED,unchanged,,289108.0,True,False,unchanged_accepted_crop,False,phase3
p6_dev,20260812,1383,stage4_stability_reopt,revised_offer,F0319,F0319-P01,rice,rice,,,HARD_LOCK,REVISED,unchanged,,885.0,True,False,unchanged_accepted_crop,False,phase3
p6_dev,20260812,1384,stage4_stability_reopt,revised_offer,F0322,F0322-P02,FALLOW_OR_REJECTED,groundnut,,,REJECTED_TERMINAL,REVISED,recovered_offer,,32877.0,False,True,recovered_or_no_prior_accept,False,phase3
p6_dev,20260812,1385,stage4_stability_reopt,revised_offer,F0323,F0323-P01,soybean,pigeon_pea,,,SOFT_LOCK,REVISED,changed,,16826.0,False,True,crop_changed_from_accepted,False,phase3
p6_dev,20260812,1386,stage4_stability_reopt,revised_offer,F0328,F0328-P04,onion,onion,,,HARD_LOCK,REVISED,unchanged,,168510.0,True,False,unchanged_accepted_crop,False,phase3
p6_dev,20260812,1387,stage4_stability_reopt,revised_offer,F0329,F0329-P01,maize,maize,,,FLEXIBLE,REVISED,unchanged,,15730.0,True,False,unchanged_accepted_crop,False,phase3
p6_dev,20260812,1388,stage4_stability_reopt,revised_offer,F0330,F0330-P01,rice,rice,,,HARD_LOCK,REVISED,unchanged,,7673.0,True,False,unchanged_accepted_crop,False,phase3
p6_dev,20260812,1389,stage4_stability_reopt,revised_offer,F0334,F0334-P02,maize,maize,,,SOFT_LOCK,REVISED,unchanged,,8862.0,True,False,unchanged_accepted_crop,False,phase3
p6_dev,20260812,1390,stage4_stability_reopt,revised_offer,F0337,F0337-P02,groundnut,groundnut,,,SOFT_LOCK,REVISED,unchanged,,15802.0,True,False,unchanged_accepted_crop,False,phase3
p6_dev,20260812,1391,stage4_stability_reopt,revised_offer,F0339,F0339-P01,onion,onion,,,FLEXIBLE,REVISED,unchanged,,9855.0,True,False,unchanged_accepted_crop,False,phase3
p6_dev,20260812,1392,stage4_stability_reopt,revised_offer,F0340,F0340-P01,rice,rice,,,HARD_LOCK,REVISED,unchanged,,3736.0,True,False,unchanged_accepted_crop,False,phase3
p6_dev,20260812,1393,stage4_stability_reopt,revised_offer,F0341,F0341-P02,groundnut,groundnut,,,HARD_LOCK,REVISED,unchanged,,46028.0,True,False,unchanged_accepted_crop,False,phase3
p6_dev,20260812,1394,stage4_stability_reopt,revised_offer,F0342,F0342-P01,rice,rice,,,HARD_LOCK,REVISED,unchanged,,3044.0,True,False,unchanged_accepted_crop,False,phase3
p6_dev,20260812,1395,stage4_stability_reopt,revised_offer,F0346,F0346-P01,maize,maize,,,SOFT_LOCK,REVISED,unchanged,,24526.0,True,False,unchanged_accepted_crop,False,phase3
p6_dev,20260812,1396,stage4_stability_reopt,revised_offer,F0348,F0348-P01,rice,rice,,,FLEXIBLE,REVISED,unchanged,,2562.0,True,False,unchanged_accepted_crop,False,phase3
p6_dev,20260812,1397,stage4_stability_reopt,revised_offer,F0350,F0350-P02,rice,rice,,,SOFT_LOCK,REVISED,unchanged,,1744.0,True,False,unchanged_accepted_crop,False,phase3
p6_dev,20260812,1398,stage4_stability_reopt,revised_offer,F0351,F0351-P01,rice,groundnut,,,SOFT_LOCK,REVISED,changed,,38498.0,False,True,crop_changed_from_accepted,False,phase3
p6_dev,20260812,1399,stage4_stability_reopt,revised_offer,F0352,F0352-P01,soybean,soybean,,,HARD_LOCK,REVISED,unchanged,,1788.0,True,False,unchanged_accepted_crop,False,phase3
p6_dev,20260812,1400,stage4_stability_reopt,revised_offer,F0354,F0354-P01,onion,onion,,,HARD_LOCK,REVISED,unchanged,,918016.0,True,False,unchanged_accepted_crop,False,phase3
p6_dev,20260812,1401,stage4_stability_reopt,revised_offer,F0354,F0354-P02,maize,maize,,,SOFT_LOCK,REVISED,unchanged,,39183.0,True,False,unchanged_accepted_crop,False,phase3
p6_dev,20260812,1402,stage4_stability_reopt,revised_offer,F0355,F0355-P02,rice,groundnut,,,SOFT_LOCK,REVISED,changed,,54194.0,False,True,crop_changed_from_accepted,False,phase3
p6_dev,20260812,1403,stage4_stability_reopt,revised_offer,F0356,F0356-P02,maize,maize,,,FLEXIBLE,REVISED,unchanged,,2583.0,True,False,unchanged_accepted_crop,False,phase3
p6_dev,20260812,1404,stage4_stability_reopt,revised_offer,F0358,F0358-P02,pigeon_pea,pigeon_pea,,,HARD_LOCK,REVISED,unchanged,,4354.0,True,False,unchanged_accepted_crop,False,phase3
p6_dev,20260812,1405,stage4_stability_reopt,revised_offer,F0359,F0359-P01,pigeon_pea,pigeon_pea,,,SOFT_LOCK,REVISED,unchanged,,36947.0,True,False,unchanged_accepted_crop,False,phase3
p6_dev,20260812,1406,stage4_stability_reopt,revised_offer,F0363,F0363-P01,rice,rice,,,HARD_LOCK,REVISED,unchanged,,6882.0,True,False,unchanged_accepted_crop,False,phase3
p6_dev,20260812,1407,stage4_stability_reopt,revised_offer,F0365,F0365-P02,soybean,soybean,,,HARD_LOCK,REVISED,unchanged,,2613.0,True,False,unchanged_accepted_crop,False,phase3
p6_dev,20260812,1408,stage4_stability_reopt,revised_offer,F0365,F0365-P03,FALLOW_OR_REJECTED,soybean,,,REJECTED_TERMINAL,REVISED,recovered_offer,,283.0,False,True,recovered_or_no_prior_accept,False,phase3
p6_dev,20260812,1409,stage4_stability_reopt,revised_offer,F0366,F0366-P02,maize,maize,,,SOFT_LOCK,REVISED,unchanged,,7292.0,True,False,unchanged_accepted_crop,False,phase3
p6_dev,20260812,1410,stage4_stability_reopt,revised_offer,F0367,F0367-P02,onion,onion,,,HARD_LOCK,REVISED,unchanged,,101526.0,True,False,unchanged_accepted_crop,False,phase3
p6_dev,20260812,1411,stage4_stability_reopt,revised_offer,F0368,F0368-P01,maize,maize,,,HARD_LOCK,REVISED,unchanged,,6813.0,True,False,unchanged_accepted_crop,False,phase3
p6_dev,20260812,1412,stage4_stability_reopt,revised_offer,F0370,F0370-P01,maize,maize,,,FLEXIBLE,REVISED,unchanged,,14221.0,True,False,unchanged_accepted_crop,False,phase3
p6_dev,20260812,1413,stage4_stability_reopt,revised_offer,F0371,F0371-P01,maize,maize,,,HARD_LOCK,REVISED,unchanged,,6835.0,True,False,unchanged_accepted_crop,False,phase3
p6_dev,20260812,1414,stage4_stability_reopt,revised_offer,F0371,F0371-P03,maize,maize,,,HARD_LOCK,REVISED,unchanged,,49805.0,True,False,unchanged_accepted_crop,False,phase3
p6_dev,20260812,1415,stage4_stability_reopt,revised_offer,F0372,F0372-P01,soybean,soybean,,,HARD_LOCK,REVISED,unchanged,,19286.0,True,False,unchanged_accepted_crop,False,phase3
p6_dev,20260812,1416,stage4_stability_reopt,revised_offer,F0372,F0372-P03,soybean,soybean,,,FLEXIBLE,REVISED,unchanged,,3888.0,True,False,unchanged_accepted_crop,False,phase3
p6_dev,20260812,1417,stage4_stability_reopt,revised_offer,F0374,F0374-P01,maize,maize,,,HARD_LOCK,REVISED,unchanged,,38719.0,True,False,unchanged_accepted_crop,False,phase3
p6_dev,20260812,1418,stage4_stability_reopt,revised_offer,F0374,F0374-P04,maize,maize,,,SOFT_LOCK,REVISED,unchanged,,40681.0,True,False,unchanged_accepted_crop,False,phase3
p6_dev,20260812,1419,stage4_stability_reopt,revised_offer,F0375,F0375-P02,maize,maize,,,HARD_LOCK,REVISED,unchanged,,27502.0,True,False,unchanged_accepted_crop,False,phase3
p6_dev,20260812,1420,stage4_stability_reopt,revised_offer,F0375,F0375-P03,maize,maize,,,SOFT_LOCK,REVISED,unchanged,,10530.0,True,False,unchanged_accepted_crop,False,phase3
p6_dev,20260812,1421,stage4_stability_reopt,revised_offer,F0378,F0378-P02,groundnut,groundnut,,,FLEXIBLE,REVISED,unchanged,,29281.0,True,False,unchanged_accepted_crop,False,phase3
p6_dev,20260812,1422,stage4_stability_reopt,revised_offer,F0379,F0379-P02,maize,pigeon_pea,,,SOFT_LOCK,REVISED,changed,,13845.0,False,True,crop_changed_from_accepted,False,phase3
p6_dev,20260812,1423,stage4_stability_reopt,revised_offer,F0381,F0381-P01,cotton,cotton,,,HARD_LOCK,REVISED,unchanged,,8010.0,True,False,unchanged_accepted_crop,False,phase3
p6_dev,20260812,1424,stage4_stability_reopt,revised_offer,F0382,F0382-P01,soybean,soybean,,,FLEXIBLE,REVISED,unchanged,,2867.0,True,False,unchanged_accepted_crop,False,phase3
p6_dev,20260812,1425,stage4_stability_reopt,revised_offer,F0387,F0387-P03,rice,rice,,,SOFT_LOCK,REVISED,unchanged,,3434.0,True,False,unchanged_accepted_crop,False,phase3
p6_dev,20260812,1426,stage4_stability_reopt,revised_offer,F0388,F0388-P02,maize,maize,,,FLEXIBLE,REVISED,unchanged,,5101.0,True,False,unchanged_accepted_crop,False,phase3
p6_dev,20260812,1427,stage4_stability_reopt,revised_offer,F0392,F0392-P01,maize,maize,,,SOFT_LOCK,REVISED,unchanged,,15141.0,True,False,unchanged_accepted_crop,False,phase3
p6_dev,20260812,1428,stage4_stability_reopt,revised_offer,F0394,F0394-P02,rice,rice,,,FLEXIBLE,REVISED,unchanged,,1945.0,True,False,unchanged_accepted_crop,False,phase3
p6_dev,20260812,1429,stage4_stability_reopt,revised_offer,F0398,F0398-P01,onion,onion,,,SOFT_LOCK,REVISED,unchanged,,122818.0,True,False,unchanged_accepted_crop,False,phase3
p6_dev,20260812,1430,stage4_stability_reopt,revised_offer,F0398,F0398-P02,sorghum,sorghum,,,SOFT_LOCK,REVISED,unchanged,,6633.0,True,False,unchanged_accepted_crop,False,phase3
p6_dev,20260812,1431,stage4_stability_reopt,revised_offer,F0398,F0398-P03,maize,maize,,,HARD_LOCK,REVISED,unchanged,,13532.0,True,False,unchanged_accepted_crop,False,phase3
p6_dev,20260812,1432,stage4_stability_reopt,revised_offer,F0399,F0399-P02,maize,maize,,,SOFT_LOCK,REVISED,unchanged,,6475.0,True,False,unchanged_accepted_crop,False,phase3
p6_dev,20260812,1433,stage4_stability_reopt,revised_offer,F0400,F0400-P02,rice,rice,,,FLEXIBLE,REVISED,unchanged,,11074.0,True,False,unchanged_accepted_crop,False,phase3
p6_dev,20260812,1434,stage4_stability_reopt,revised_offer,F0403,F0403-P01,soybean,soybean,,,FLEXIBLE,REVISED,unchanged,,2642.0,True,False,unchanged_accepted_crop,False,phase3
p6_dev,20260812,1435,stage4_stability_reopt,revised_offer,F0404,F0404-P02,rice,groundnut,,,FLEXIBLE,REVISED,changed,,21847.0,False,True,crop_changed_from_accepted,False,phase3
p6_dev,20260812,1436,stage4_stability_reopt,revised_offer,F0405,F0405-P01,maize,maize,,,HARD_LOCK,REVISED,unchanged,,3009.0,True,False,unchanged_accepted_crop,False,phase3
p6_dev,20260812,1437,stage4_stability_reopt,revised_offer,F0405,F0405-P02,maize,maize,,,FLEXIBLE,REVISED,unchanged,,55299.0,True,False,unchanged_accepted_crop,False,phase3
p6_dev,20260812,1438,stage4_stability_reopt,revised_offer,F0406,F0406-P01,rice,groundnut,,,FLEXIBLE,REVISED,changed,,22908.0,False,True,crop_changed_from_accepted,False,phase3
p6_dev,20260812,1439,stage4_stability_reopt,revised_offer,F0408,F0408-P01,soybean,soybean,,,SOFT_LOCK,REVISED,unchanged,,7084.0,True,False,unchanged_accepted_crop,False,phase3
p6_dev,20260812,1440,stage4_stability_reopt,revised_offer,F0412,F0412-P02,soybean,soybean,,,SOFT_LOCK,REVISED,unchanged,,704.0,True,False,unchanged_accepted_crop,False,phase3
p6_dev,20260812,1441,stage4_stability_reopt,revised_offer,F0413,F0413-P03,FALLOW_OR_REJECTED,groundnut,,,REJECTED_TERMINAL,REVISED,recovered_offer,,46134.0,False,True,recovered_or_no_prior_accept,False,phase3
p6_dev,20260812,1442,stage4_stability_reopt,revised_offer,F0414,F0414-P01,soybean,soybean,,,FLEXIBLE,REVISED,unchanged,,6756.0,True,False,unchanged_accepted_crop,False,phase3
p6_dev,20260812,1443,stage4_stability_reopt,revised_offer,F0415,F0415-P01,maize,maize,,,FLEXIBLE,REVISED,unchanged,,3139.0,True,False,unchanged_accepted_crop,False,phase3
p6_dev,20260812,1444,stage4_stability_reopt,revised_offer,F0415,F0415-P02,maize,maize,,,HARD_LOCK,REVISED,unchanged,,36855.0,True,False,unchanged_accepted_crop,False,phase3
p6_dev,20260812,1445,stage4_stability_reopt,revised_offer,F0423,F0423-P01,FALLOW_OR_REJECTED,maize,,,REJECTED_TERMINAL,REVISED,recovered_offer,,32146.0,False,True,recovered_or_no_prior_accept,False,phase3
p6_dev,20260812,1446,stage4_stability_reopt,revised_offer,F0424,F0424-P02,maize,maize,,,HARD_LOCK,REVISED,unchanged,,1439.0,True,False,unchanged_accepted_crop,False,phase3
p6_dev,20260812,1447,stage4_stability_reopt,revised_offer,F0425,F0425-P01,onion,onion,,,SOFT_LOCK,REVISED,unchanged,,36612.0,True,False,unchanged_accepted_crop,False,phase3
p6_dev,20260812,1448,stage4_stability_reopt,revised_offer,F0427,F0427-P01,groundnut,groundnut,,,HARD_LOCK,REVISED,unchanged,,32304.0,True,False,unchanged_accepted_crop,False,phase3
p6_dev,20260812,1449,stage4_stability_reopt,revised_offer,F0428,F0428-P02,maize,maize,,,SOFT_LOCK,REVISED,unchanged,,55102.0,True,False,unchanged_accepted_crop,False,phase3
p6_dev,20260812,1450,stage4_stability_reopt,revised_offer,F0428,F0428-P04,maize,maize,,,FLEXIBLE,REVISED,unchanged,,62166.0,True,False,unchanged_accepted_crop,False,phase3
p6_dev,20260812,1451,stage4_stability_reopt,revised_offer,F0430,F0430-P01,maize,maize,,,FLEXIBLE,REVISED,unchanged,,57621.0,True,False,unchanged_accepted_crop,False,phase3
p6_dev,20260812,1452,stage4_stability_reopt,revised_offer,F0431,F0431-P01,maize,maize,,,FLEXIBLE,REVISED,unchanged,,12230.0,True,False,unchanged_accepted_crop,False,phase3
p6_dev,20260812,1453,stage4_stability_reopt,revised_offer,F0433,F0433-P01,rice,rice,,,HARD_LOCK,REVISED,unchanged,,3534.0,True,False,unchanged_accepted_crop,False,phase3
p6_dev,20260812,1454,stage4_stability_reopt,revised_offer,F0435,F0435-P01,rice,rice,,,SOFT_LOCK,REVISED,unchanged,,4266.0,True,False,unchanged_accepted_crop,False,phase3
p6_dev,20260812,1455,stage4_stability_reopt,revised_offer,F0436,F0436-P01,cotton,cotton,,,HARD_LOCK,REVISED,unchanged,,32746.0,True,False,unchanged_accepted_crop,False,phase3
p6_dev,20260812,1456,stage4_stability_reopt,revised_offer,F0440,F0440-P01,maize,maize,,,SOFT_LOCK,REVISED,unchanged,,8097.0,True,False,unchanged_accepted_crop,False,phase3
p6_dev,20260812,1457,stage4_stability_reopt,revised_offer,F0443,F0443-P01,onion,onion,,,FLEXIBLE,REVISED,unchanged,,5583.0,True,False,unchanged_accepted_crop,False,phase3
p6_dev,20260812,1458,stage4_stability_reopt,revised_offer,F0445,F0445-P01,rice,rice,,,SOFT_LOCK,REVISED,unchanged,,966.0,True,False,unchanged_accepted_crop,False,phase3
p6_dev,20260812,1459,stage4_stability_reopt,revised_offer,F0445,F0445-P02,groundnut,groundnut,,,FLEXIBLE,REVISED,unchanged,,38922.0,True,False,unchanged_accepted_crop,False,phase3
p6_dev,20260812,1460,stage4_stability_reopt,revised_offer,F0448,F0448-P01,maize,maize,,,SOFT_LOCK,REVISED,unchanged,,44703.0,True,False,unchanged_accepted_crop,False,phase3
p6_dev,20260812,1461,stage4_stability_reopt,revised_offer,F0451,F0451-P02,cotton,cotton,,,HARD_LOCK,REVISED,unchanged,,5229.0,True,False,unchanged_accepted_crop,False,phase3
p6_dev,20260812,1462,stage4_stability_reopt,revised_offer,F0453,F0453-P01,onion,onion,,,SOFT_LOCK,REVISED,unchanged,,499839.0,True,False,unchanged_accepted_crop,False,phase3
p6_dev,20260812,1463,stage4_stability_reopt,revised_offer,F0453,F0453-P02,maize,maize,,,SOFT_LOCK,REVISED,unchanged,,16008.0,True,False,unchanged_accepted_crop,False,phase3
p6_dev,20260812,1464,stage4_stability_reopt,revised_offer,F0459,F0459-P01,maize,maize,,,SOFT_LOCK,REVISED,unchanged,,8507.0,True,False,unchanged_accepted_crop,False,phase3
p6_dev,20260812,1465,stage4_stability_reopt,revised_offer,F0459,F0459-P02,sorghum,maize,,,FLEXIBLE,REVISED,changed,,6068.0,False,True,crop_changed_from_accepted,False,phase3
p6_dev,20260812,1466,stage4_stability_reopt,revised_offer,F0460,F0460-P02,rice,rice,,,HARD_LOCK,REVISED,unchanged,,2576.0,True,False,unchanged_accepted_crop,False,phase3
p6_dev,20260812,1467,stage4_stability_reopt,revised_offer,F0470,F0470-P01,maize,maize,,,SOFT_LOCK,REVISED,unchanged,,35292.0,True,False,unchanged_accepted_crop,False,phase3
p6_dev,20260812,1468,stage4_stability_reopt,revised_offer,F0471,F0471-P01,soybean,soybean,,,HARD_LOCK,REVISED,unchanged,,2313.0,True,False,unchanged_accepted_crop,False,phase3
p6_dev,20260812,1469,stage4_stability_reopt,revised_offer,F0472,F0472-P02,groundnut,groundnut,,,FLEXIBLE,REVISED,unchanged,,226005.0,True,False,unchanged_accepted_crop,False,phase3
p6_dev,20260812,1470,stage4_stability_reopt,revised_offer,F0478,F0478-P01,maize,maize,,,FLEXIBLE,REVISED,unchanged,,31590.0,True,False,unchanged_accepted_crop,False,phase3
p6_dev,20260812,1471,stage4_stability_reopt,revised_offer,F0479,F0479-P01,rice,rice,,,FLEXIBLE,REVISED,unchanged,,2401.0,True,False,unchanged_accepted_crop,False,phase3
p6_dev,20260812,1472,stage4_stability_reopt,revised_offer,F0481,F0481-P02,rice,groundnut,,,SOFT_LOCK,REVISED,changed,,7742.0,False,True,crop_changed_from_accepted,False,phase3
p6_dev,20260812,1473,stage4_stability_reopt,revised_offer,F0484,F0484-P01,soybean,soybean,,,HARD_LOCK,REVISED,unchanged,,6081.0,True,False,unchanged_accepted_crop,False,phase3
p6_dev,20260812,1474,stage4_stability_reopt,revised_offer,F0486,F0486-P01,rice,rice,,,FLEXIBLE,REVISED,unchanged,,2609.0,True,False,unchanged_accepted_crop,False,phase3
p6_dev,20260812,1475,stage4_stability_reopt,revised_offer,F0486,F0486-P02,groundnut,groundnut,,,FLEXIBLE,REVISED,unchanged,,4348.0,True,False,unchanged_accepted_crop,False,phase3
p6_dev,20260812,1476,stage4_stability_reopt,revised_offer,F0488,F0488-P02,rice,rice,,,SOFT_LOCK,REVISED,unchanged,,2723.0,True,False,unchanged_accepted_crop,False,phase3
p6_dev,20260812,1477,stage4_stability_reopt,revised_offer,F0489,F0489-P01,rice,rice,,,HARD_LOCK,REVISED,unchanged,,2911.0,True,False,unchanged_accepted_crop,False,phase3
p6_dev,20260812,1478,stage4_stability_reopt,revised_offer,F0490,F0490-P01,maize,maize,,,FLEXIBLE,REVISED,unchanged,,7718.0,True,False,unchanged_accepted_crop,False,phase3
p6_dev,20260812,1479,stage4_stability_reopt,revised_offer,F0491,F0491-P01,sorghum,sorghum,,,HARD_LOCK,REVISED,unchanged,,9887.0,True,False,unchanged_accepted_crop,False,phase3
p6_dev,20260812,1480,stage4_stability_reopt,revised_offer,F0492,F0492-P01,onion,onion,,,SOFT_LOCK,REVISED,unchanged,,37910.0,True,False,unchanged_accepted_crop,False,phase3
p6_dev,20260812,1481,stage4_stability_reopt,revised_offer,F0492,F0492-P02,maize,maize,,,HARD_LOCK,REVISED,unchanged,,13812.0,True,False,unchanged_accepted_crop,False,phase3
p6_dev,20260812,1482,stage4_stability_reopt,revised_offer,F0493,F0493-P01,rice,rice,,,FLEXIBLE,REVISED,unchanged,,2482.0,True,False,unchanged_accepted_crop,False,phase3
p6_dev,20260812,1483,stage4_stability_reopt,revised_offer,F0496,F0496-P01,FALLOW_OR_REJECTED,sorghum,,,REJECTED_TERMINAL,REVISED,recovered_offer,,41325.0,False,True,recovered_or_no_prior_accept,False,phase3
p6_dev,20260812,1484,stage4_stability_reopt,revised_offer,F0496,F0496-P02,onion,onion,,,FLEXIBLE,REVISED,unchanged,,27264.0,True,False,unchanged_accepted_crop,False,phase3
p6_dev,20260812,1485,stage4_stability_reopt,revised_offer,F0496,F0496-P03,onion,onion,,,FLEXIBLE,REVISED,unchanged,,114898.0,True,False,unchanged_accepted_crop,False,phase3
p6_dev,20260812,1486,stage4_stability_reopt,revised_offer,F0497,F0497-P01,sorghum,onion,,,FLEXIBLE,REVISED,changed,,4804.0,False,True,crop_changed_from_accepted,False,phase3
p6_dev,20260812,1487,stage4_stability_reopt,revised_offer,F0499,F0499-P02,soybean,onion,,,SOFT_LOCK,REVISED,changed,,3434.0,False,True,crop_changed_from_accepted,False,phase3
p6_dev,20260812,1488,stage5_concentration,concentration_controlled_offer,F0001,F0001-P03,onion,onion,,,FLEXIBLE,CONCENTRATION_CONTROLLED_REVISED_PLAN,unchanged_from_revised,,258775.0,True,False,unchanged_accepted_crop,False,phase4
p6_dev,20260812,1489,stage5_concentration,concentration_controlled_offer,F0003,F0003-P01,groundnut,groundnut,,,SOFT_LOCK,CONCENTRATION_CONTROLLED_REVISED_PLAN,unchanged_from_revised,,7530.0,False,True,crop_changed_from_accepted,False,phase4
p6_dev,20260812,1490,stage5_concentration,concentration_controlled_offer,F0004,F0004-P01,maize,maize,,,HARD_LOCK,CONCENTRATION_CONTROLLED_REVISED_PLAN,unchanged_from_revised,,4873.0,True,False,unchanged_accepted_crop,False,phase4
p6_dev,20260812,1491,stage5_concentration,concentration_controlled_offer,F0005,F0005-P01,soybean,soybean,,,SOFT_LOCK,CONCENTRATION_CONTROLLED_REVISED_PLAN,unchanged_from_revised,,3669.0,True,False,unchanged_accepted_crop,False,phase4
p6_dev,20260812,1492,stage5_concentration,concentration_controlled_offer,F0005,F0005-P02,onion,onion,,,SOFT_LOCK,CONCENTRATION_CONTROLLED_REVISED_PLAN,unchanged_from_revised,,17844.0,True,False,unchanged_accepted_crop,False,phase4
p6_dev,20260812,1493,stage5_concentration,concentration_controlled_offer,F0006,F0006-P01,maize,maize,,,FLEXIBLE,CONCENTRATION_CONTROLLED_REVISED_PLAN,unchanged_from_revised,,18705.0,True,False,unchanged_accepted_crop,False,phase4
p6_dev,20260812,1494,stage5_concentration,concentration_controlled_offer,F0007,F0007-P02,maize,maize,,,SOFT_LOCK,CONCENTRATION_CONTROLLED_REVISED_PLAN,unchanged_from_revised,,54285.0,True,False,unchanged_accepted_crop,False,phase4
p6_dev,20260812,1495,stage5_concentration,concentration_controlled_offer,F0010,F0010-P01,soybean,soybean,,,HARD_LOCK,CONCENTRATION_CONTROLLED_REVISED_PLAN,unchanged_from_revised,,5025.0,True,False,unchanged_accepted_crop,False,phase4
p6_dev,20260812,1496,stage5_concentration,concentration_controlled_offer,F0012,F0012-P02,maize,maize,,,SOFT_LOCK,CONCENTRATION_CONTROLLED_REVISED_PLAN,unchanged_from_revised,,6540.0,True,False,unchanged_accepted_crop,False,phase4
p6_dev,20260812,1497,stage5_concentration,concentration_controlled_offer,F0013,F0013-P01,maize,maize,,,SOFT_LOCK,CONCENTRATION_CONTROLLED_REVISED_PLAN,unchanged_from_revised,,12695.0,True,False,unchanged_accepted_crop,False,phase4
p6_dev,20260812,1498,stage5_concentration,concentration_controlled_offer,F0015,F0015-P02,soybean,soybean,,,FLEXIBLE,CONCENTRATION_CONTROLLED_REVISED_PLAN,unchanged_from_revised,,935.0,True,False,unchanged_accepted_crop,False,phase4
p6_dev,20260812,1499,stage5_concentration,concentration_controlled_offer,F0017,F0017-P02,onion,onion,,,SOFT_LOCK,CONCENTRATION_CONTROLLED_REVISED_PLAN,unchanged_from_revised,,305486.0,True,False,unchanged_accepted_crop,False,phase4
p6_dev,20260812,1500,stage5_concentration,concentration_controlled_offer,F0017,F0017-P03,pigeon_pea,pigeon_pea,,,REJECTED_TERMINAL,CONCENTRATION_CONTROLLED_REVISED_PLAN,unchanged_from_revised,,139236.0,False,True,recovered_or_no_prior_accept,False,phase4
p6_dev,20260812,1501,stage5_concentration,concentration_controlled_offer,F0017,F0017-P05,onion,onion,,,HARD_LOCK,CONCENTRATION_CONTROLLED_REVISED_PLAN,unchanged_from_revised,,425966.0,True,False,unchanged_accepted_crop,False,phase4
p6_dev,20260812,1502,stage5_concentration,concentration_controlled_offer,F0018,F0018-P02,onion,onion,,,FLEXIBLE,CONCENTRATION_CONTROLLED_REVISED_PLAN,unchanged_from_revised,,22720.0,True,False,unchanged_accepted_crop,False,phase4
p6_dev,20260812,1503,stage5_concentration,concentration_controlled_offer,F0019,F0019-P01,rice,rice,,,SOFT_LOCK,CONCENTRATION_CONTROLLED_REVISED_PLAN,unchanged_from_revised,,5030.0,True,False,unchanged_accepted_crop,False,phase4
p6_dev,20260812,1504,stage5_concentration,concentration_controlled_offer,F0020,F0020-P01,maize,maize,,,FLEXIBLE,CONCENTRATION_CONTROLLED_REVISED_PLAN,unchanged_from_revised,,31923.0,False,True,crop_changed_from_accepted,False,phase4
p6_dev,20260812,1505,stage5_concentration,concentration_controlled_offer,F0020,F0020-P02,maize,maize,,,FLEXIBLE,CONCENTRATION_CONTROLLED_REVISED_PLAN,unchanged_from_revised,,10070.0,False,True,crop_changed_from_accepted,False,phase4
p6_dev,20260812,1506,stage5_concentration,concentration_controlled_offer,F0025,F0025-P01,sorghum,sorghum,,,REJECTED_TERMINAL,CONCENTRATION_CONTROLLED_REVISED_PLAN,unchanged_from_revised,,880.0,False,True,recovered_or_no_prior_accept,False,phase4
p6_dev,20260812,1507,stage5_concentration,concentration_controlled_offer,F0027,F0027-P01,maize,maize,,,SOFT_LOCK,CONCENTRATION_CONTROLLED_REVISED_PLAN,unchanged_from_revised,,80577.0,True,False,unchanged_accepted_crop,False,phase4
p6_dev,20260812,1508,stage5_concentration,concentration_controlled_offer,F0027,F0027-P03,maize,maize,,,FLEXIBLE,CONCENTRATION_CONTROLLED_REVISED_PLAN,unchanged_from_revised,,25704.0,True,False,unchanged_accepted_crop,False,phase4
p6_dev,20260812,1509,stage5_concentration,concentration_controlled_offer,F0030,F0030-P02,maize,maize,,,FLEXIBLE,CONCENTRATION_CONTROLLED_REVISED_PLAN,unchanged_from_revised,,8764.0,True,False,unchanged_accepted_crop,False,phase4
p6_dev,20260812,1510,stage5_concentration,concentration_controlled_offer,F0031,F0031-P01,maize,maize,,,FLEXIBLE,CONCENTRATION_CONTROLLED_REVISED_PLAN,unchanged_from_revised,,6068.0,False,True,crop_changed_from_accepted,False,phase4
p6_dev,20260812,1511,stage5_concentration,concentration_controlled_offer,F0031,F0031-P02,sorghum,sorghum,,,REJECTED_TERMINAL,CONCENTRATION_CONTROLLED_REVISED_PLAN,unchanged_from_revised,,8237.0,False,True,recovered_or_no_prior_accept,False,phase4
p6_dev,20260812,1512,stage5_concentration,concentration_controlled_offer,F0031,F0031-P03,maize,maize,,,FLEXIBLE,CONCENTRATION_CONTROLLED_REVISED_PLAN,unchanged_from_revised,,15822.0,True,False,unchanged_accepted_crop,False,phase4
p6_dev,20260812,1513,stage5_concentration,concentration_controlled_offer,F0033,F0033-P01,maize,maize,,,SOFT_LOCK,CONCENTRATION_CONTROLLED_REVISED_PLAN,unchanged_from_revised,,7391.0,True,False,unchanged_accepted_crop,False,phase4
p6_dev,20260812,1514,stage5_concentration,concentration_controlled_offer,F0035,F0035-P01,rice,rice,,,FLEXIBLE,CONCENTRATION_CONTROLLED_REVISED_PLAN,unchanged_from_revised,,2824.0,True,False,unchanged_accepted_crop,False,phase4
p6_dev,20260812,1515,stage5_concentration,concentration_controlled_offer,F0035,F0035-P02,rice,rice,,,HARD_LOCK,CONCENTRATION_CONTROLLED_REVISED_PLAN,unchanged_from_revised,,1670.0,True,False,unchanged_accepted_crop,False,phase4
p6_dev,20260812,1516,stage5_concentration,concentration_controlled_offer,F0037,F0037-P01,rice,rice,,,FLEXIBLE,CONCENTRATION_CONTROLLED_REVISED_PLAN,unchanged_from_revised,,2468.0,True,False,unchanged_accepted_crop,False,phase4
p6_dev,20260812,1517,stage5_concentration,concentration_controlled_offer,F0038,F0038-P01,pigeon_pea,pigeon_pea,,,HARD_LOCK,CONCENTRATION_CONTROLLED_REVISED_PLAN,unchanged_from_revised,,29573.0,True,False,unchanged_accepted_crop,False,phase4
p6_dev,20260812,1518,stage5_concentration,concentration_controlled_offer,F0038,F0038-P02,onion,onion,,,FLEXIBLE,CONCENTRATION_CONTROLLED_REVISED_PLAN,unchanged_from_revised,,407791.0,True,False,unchanged_accepted_crop,False,phase4
p6_dev,20260812,1519,stage5_concentration,concentration_controlled_offer,F0039,F0039-P01,maize,maize,,,FLEXIBLE,CONCENTRATION_CONTROLLED_REVISED_PLAN,unchanged_from_revised,,16416.0,True,False,unchanged_accepted_crop,False,phase4
p6_dev,20260812,1520,stage5_concentration,concentration_controlled_offer,F0040,F0040-P03,soybean,soybean,,,HARD_LOCK,CONCENTRATION_CONTROLLED_REVISED_PLAN,unchanged_from_revised,,11244.0,True,False,unchanged_accepted_crop,False,phase4
p6_dev,20260812,1521,stage5_concentration,concentration_controlled_offer,F0041,F0041-P01,groundnut,groundnut,,,FLEXIBLE,CONCENTRATION_CONTROLLED_REVISED_PLAN,unchanged_from_revised,,2645.0,True,False,unchanged_accepted_crop,False,phase4
p6_dev,20260812,1522,stage5_concentration,concentration_controlled_offer,F0042,F0042-P01,maize,maize,,,FLEXIBLE,CONCENTRATION_CONTROLLED_REVISED_PLAN,unchanged_from_revised,,10301.0,True,False,unchanged_accepted_crop,False,phase4
p6_dev,20260812,1523,stage5_concentration,concentration_controlled_offer,F0043,F0043-P01,onion,onion,,,FLEXIBLE,CONCENTRATION_CONTROLLED_REVISED_PLAN,unchanged_from_revised,,20084.0,True,False,unchanged_accepted_crop,False,phase4
p6_dev,20260812,1524,stage5_concentration,concentration_controlled_offer,F0045,F0045-P01,soybean,soybean,,,SOFT_LOCK,CONCENTRATION_CONTROLLED_REVISED_PLAN,unchanged_from_revised,,1869.0,True,False,unchanged_accepted_crop,False,phase4
p6_dev,20260812,1525,stage5_concentration,concentration_controlled_offer,F0047,F0047-P02,maize,maize,,,FLEXIBLE,CONCENTRATION_CONTROLLED_REVISED_PLAN,unchanged_from_revised,,7031.0,True,False,unchanged_accepted_crop,False,phase4
p6_dev,20260812,1526,stage5_concentration,concentration_controlled_offer,F0048,F0048-P01,rice,rice,,,SOFT_LOCK,CONCENTRATION_CONTROLLED_REVISED_PLAN,unchanged_from_revised,,309.0,True,False,unchanged_accepted_crop,False,phase4
p6_dev,20260812,1527,stage5_concentration,concentration_controlled_offer,F0049,F0049-P01,soybean,soybean,,,HARD_LOCK,CONCENTRATION_CONTROLLED_REVISED_PLAN,unchanged_from_revised,,5671.0,True,False,unchanged_accepted_crop,False,phase4
p6_dev,20260812,1528,stage5_concentration,concentration_controlled_offer,F0050,F0050-P01,maize,maize,,,HARD_LOCK,CONCENTRATION_CONTROLLED_REVISED_PLAN,unchanged_from_revised,,15785.0,True,False,unchanged_accepted_crop,False,phase4
p6_dev,20260812,1529,stage5_concentration,concentration_controlled_offer,F0050,F0050-P02,maize,maize,,,FLEXIBLE,CONCENTRATION_CONTROLLED_REVISED_PLAN,unchanged_from_revised,,968.0,True,False,unchanged_accepted_crop,False,phase4
p6_dev,20260812,1530,stage5_concentration,concentration_controlled_offer,F0050,F0050-P03,onion,onion,,,HARD_LOCK,CONCENTRATION_CONTROLLED_REVISED_PLAN,unchanged_from_revised,,22460.0,True,False,unchanged_accepted_crop,False,phase4
p6_dev,20260812,1531,stage5_concentration,concentration_controlled_offer,F0051,F0051-P01,maize,maize,,,REJECTED_TERMINAL,CONCENTRATION_CONTROLLED_REVISED_PLAN,unchanged_from_revised,,12564.0,False,True,recovered_or_no_prior_accept,False,phase4
p6_dev,20260812,1532,stage5_concentration,concentration_controlled_offer,F0055,F0055-P01,sorghum,sorghum,,,HARD_LOCK,CONCENTRATION_CONTROLLED_REVISED_PLAN,unchanged_from_revised,,6476.0,True,False,unchanged_accepted_crop,False,phase4
p6_dev,20260812,1533,stage5_concentration,concentration_controlled_offer,F0056,F0056-P02,rice,rice,,,HARD_LOCK,CONCENTRATION_CONTROLLED_REVISED_PLAN,unchanged_from_revised,,584.0,True,False,unchanged_accepted_crop,False,phase4
p6_dev,20260812,1534,stage5_concentration,concentration_controlled_offer,F0062,F0062-P01,sorghum,sorghum,,,SOFT_LOCK,CONCENTRATION_CONTROLLED_REVISED_PLAN,unchanged_from_revised,,9400.0,True,False,unchanged_accepted_crop,False,phase4
p6_dev,20260812,1535,stage5_concentration,concentration_controlled_offer,F0064,F0064-P01,rice,rice,,,SOFT_LOCK,CONCENTRATION_CONTROLLED_REVISED_PLAN,unchanged_from_revised,,7043.0,True,False,unchanged_accepted_crop,False,phase4
p6_dev,20260812,1536,stage5_concentration,concentration_controlled_offer,F0064,F0064-P02,rice,rice,,,HARD_LOCK,CONCENTRATION_CONTROLLED_REVISED_PLAN,unchanged_from_revised,,13435.0,True,False,unchanged_accepted_crop,False,phase4
p6_dev,20260812,1537,stage5_concentration,concentration_controlled_offer,F0066,F0066-P01,rice,rice,,,FLEXIBLE,CONCENTRATION_CONTROLLED_REVISED_PLAN,unchanged_from_revised,,3012.0,True,False,unchanged_accepted_crop,False,phase4
p6_dev,20260812,1538,stage5_concentration,concentration_controlled_offer,F0068,F0068-P01,onion,onion,,,SOFT_LOCK,CONCENTRATION_CONTROLLED_REVISED_PLAN,unchanged_from_revised,,96333.0,True,False,unchanged_accepted_crop,False,phase4
p6_dev,20260812,1539,stage5_concentration,concentration_controlled_offer,F0068,F0068-P02,sorghum,sorghum,,,SOFT_LOCK,CONCENTRATION_CONTROLLED_REVISED_PLAN,unchanged_from_revised,,11349.0,True,False,unchanged_accepted_crop,False,phase4
p6_dev,20260812,1540,stage5_concentration,concentration_controlled_offer,F0068,F0068-P03,onion,onion,,,SOFT_LOCK,CONCENTRATION_CONTROLLED_REVISED_PLAN,unchanged_from_revised,,16229.0,True,False,unchanged_accepted_crop,False,phase4
p6_dev,20260812,1541,stage5_concentration,concentration_controlled_offer,F0070,F0070-P01,maize,maize,,,SOFT_LOCK,CONCENTRATION_CONTROLLED_REVISED_PLAN,unchanged_from_revised,,15971.0,True,False,unchanged_accepted_crop,False,phase4
p6_dev,20260812,1542,stage5_concentration,concentration_controlled_offer,F0071,F0071-P01,maize,maize,,,SOFT_LOCK,CONCENTRATION_CONTROLLED_REVISED_PLAN,unchanged_from_revised,,53435.0,True,False,unchanged_accepted_crop,False,phase4
p6_dev,20260812,1543,stage5_concentration,concentration_controlled_offer,F0072,F0072-P02,maize,maize,,,HARD_LOCK,CONCENTRATION_CONTROLLED_REVISED_PLAN,unchanged_from_revised,,3928.0,True,False,unchanged_accepted_crop,False,phase4
p6_dev,20260812,1544,stage5_concentration,concentration_controlled_offer,F0074,F0074-P01,groundnut,groundnut,,,SOFT_LOCK,CONCENTRATION_CONTROLLED_REVISED_PLAN,unchanged_from_revised,,9863.0,False,True,crop_changed_from_accepted,False,phase4
p6_dev,20260812,1545,stage5_concentration,concentration_controlled_offer,F0074,F0074-P02,rice,rice,,,HARD_LOCK,CONCENTRATION_CONTROLLED_REVISED_PLAN,unchanged_from_revised,,12475.0,True,False,unchanged_accepted_crop,False,phase4
p6_dev,20260812,1546,stage5_concentration,concentration_controlled_offer,F0077,F0077-P01,maize,maize,,,SOFT_LOCK,CONCENTRATION_CONTROLLED_REVISED_PLAN,unchanged_from_revised,,3859.0,True,False,unchanged_accepted_crop,False,phase4
p6_dev,20260812,1547,stage5_concentration,concentration_controlled_offer,F0078,F0078-P01,maize,maize,,,SOFT_LOCK,CONCENTRATION_CONTROLLED_REVISED_PLAN,unchanged_from_revised,,22877.0,True,False,unchanged_accepted_crop,False,phase4
p6_dev,20260812,1548,stage5_concentration,concentration_controlled_offer,F0078,F0078-P02,maize,maize,,,FLEXIBLE,CONCENTRATION_CONTROLLED_REVISED_PLAN,unchanged_from_revised,,16827.0,True,False,unchanged_accepted_crop,False,phase4
p6_dev,20260812,1549,stage5_concentration,concentration_controlled_offer,F0078,F0078-P03,maize,maize,,,HARD_LOCK,CONCENTRATION_CONTROLLED_REVISED_PLAN,unchanged_from_revised,,66638.0,True,False,unchanged_accepted_crop,False,phase4
p6_dev,20260812,1550,stage5_concentration,concentration_controlled_offer,F0079,F0079-P02,onion,onion,,,FLEXIBLE,CONCENTRATION_CONTROLLED_REVISED_PLAN,unchanged_from_revised,,58812.0,True,False,unchanged_accepted_crop,False,phase4
p6_dev,20260812,1551,stage5_concentration,concentration_controlled_offer,F0080,F0080-P01,onion,onion,,,SOFT_LOCK,CONCENTRATION_CONTROLLED_REVISED_PLAN,unchanged_from_revised,,12170.0,True,False,unchanged_accepted_crop,False,phase4
p6_dev,20260812,1552,stage5_concentration,concentration_controlled_offer,F0080,F0080-P02,soybean,soybean,,,FLEXIBLE,CONCENTRATION_CONTROLLED_REVISED_PLAN,unchanged_from_revised,,10436.0,True,False,unchanged_accepted_crop,False,phase4
p6_dev,20260812,1553,stage5_concentration,concentration_controlled_offer,F0082,F0082-P02,onion,onion,,,FLEXIBLE,CONCENTRATION_CONTROLLED_REVISED_PLAN,unchanged_from_revised,,31808.0,False,True,crop_changed_from_accepted,False,phase4
p6_dev,20260812,1554,stage5_concentration,concentration_controlled_offer,F0083,F0083-P01,rice,rice,,,SOFT_LOCK,CONCENTRATION_CONTROLLED_REVISED_PLAN,unchanged_from_revised,,4749.0,True,False,unchanged_accepted_crop,False,phase4
p6_dev,20260812,1555,stage5_concentration,concentration_controlled_offer,F0084,F0084-P01,maize,maize,,,HARD_LOCK,CONCENTRATION_CONTROLLED_REVISED_PLAN,unchanged_from_revised,,56476.0,True,False,unchanged_accepted_crop,False,phase4
p6_dev,20260812,1556,stage5_concentration,concentration_controlled_offer,F0084,F0084-P02,maize,maize,,,FLEXIBLE,CONCENTRATION_CONTROLLED_REVISED_PLAN,unchanged_from_revised,,88033.0,True,False,unchanged_accepted_crop,False,phase4
p6_dev,20260812,1557,stage5_concentration,concentration_controlled_offer,F0085,F0085-P01,rice,rice,,,REJECTED_TERMINAL,CONCENTRATION_CONTROLLED_REVISED_PLAN,unchanged_from_revised,,4695.0,False,True,recovered_or_no_prior_accept,False,phase4
p6_dev,20260812,1558,stage5_concentration,concentration_controlled_offer,F0086,F0086-P02,maize,maize,,,FLEXIBLE,CONCENTRATION_CONTROLLED_REVISED_PLAN,unchanged_from_revised,,6737.0,True,False,unchanged_accepted_crop,False,phase4
p6_dev,20260812,1559,stage5_concentration,concentration_controlled_offer,F0089,F0089-P01,maize,maize,,,FLEXIBLE,CONCENTRATION_CONTROLLED_REVISED_PLAN,unchanged_from_revised,,10595.0,True,False,unchanged_accepted_crop,False,phase4
p6_dev,20260812,1560,stage5_concentration,concentration_controlled_offer,F0090,F0090-P01,rice,rice,,,FLEXIBLE,CONCENTRATION_CONTROLLED_REVISED_PLAN,unchanged_from_revised,,1134.0,True,False,unchanged_accepted_crop,False,phase4
p6_dev,20260812,1561,stage5_concentration,concentration_controlled_offer,F0090,F0090-P02,rice,rice,,,SOFT_LOCK,CONCENTRATION_CONTROLLED_REVISED_PLAN,unchanged_from_revised,,22328.0,True,False,unchanged_accepted_crop,False,phase4
p6_dev,20260812,1562,stage5_concentration,concentration_controlled_offer,F0091,F0091-P01,soybean,soybean,,,HARD_LOCK,CONCENTRATION_CONTROLLED_REVISED_PLAN,unchanged_from_revised,,3404.0,True,False,unchanged_accepted_crop,False,phase4
p6_dev,20260812,1563,stage5_concentration,concentration_controlled_offer,F0092,F0092-P02,rice,rice,,,FLEXIBLE,CONCENTRATION_CONTROLLED_REVISED_PLAN,unchanged_from_revised,,13408.0,True,False,unchanged_accepted_crop,False,phase4
p6_dev,20260812,1564,stage5_concentration,concentration_controlled_offer,F0093,F0093-P01,maize,maize,,,SOFT_LOCK,CONCENTRATION_CONTROLLED_REVISED_PLAN,unchanged_from_revised,,21191.0,True,False,unchanged_accepted_crop,False,phase4
p6_dev,20260812,1565,stage5_concentration,concentration_controlled_offer,F0094,F0094-P01,rice,rice,,,HARD_LOCK,CONCENTRATION_CONTROLLED_REVISED_PLAN,unchanged_from_revised,,7546.0,True,False,unchanged_accepted_crop,False,phase4
p6_dev,20260812,1566,stage5_concentration,concentration_controlled_offer,F0102,F0102-P01,rice,rice,,,HARD_LOCK,CONCENTRATION_CONTROLLED_REVISED_PLAN,unchanged_from_revised,,423.0,True,False,unchanged_accepted_crop,False,phase4
p6_dev,20260812,1567,stage5_concentration,concentration_controlled_offer,F0103,F0103-P01,sorghum,sorghum,,,REJECTED_TERMINAL,CONCENTRATION_CONTROLLED_REVISED_PLAN,unchanged_from_revised,,14383.0,False,True,recovered_or_no_prior_accept,False,phase4
p6_dev,20260812,1568,stage5_concentration,concentration_controlled_offer,F0105,F0105-P04,soybean,soybean,,,HARD_LOCK,CONCENTRATION_CONTROLLED_REVISED_PLAN,unchanged_from_revised,,14354.0,True,False,unchanged_accepted_crop,False,phase4
p6_dev,20260812,1569,stage5_concentration,concentration_controlled_offer,F0106,F0106-P01,onion,onion,,,FLEXIBLE,CONCENTRATION_CONTROLLED_REVISED_PLAN,unchanged_from_revised,,76079.0,True,False,unchanged_accepted_crop,False,phase4
p6_dev,20260812,1570,stage5_concentration,concentration_controlled_offer,F0107,F0107-P02,maize,maize,,,SOFT_LOCK,CONCENTRATION_CONTROLLED_REVISED_PLAN,unchanged_from_revised,,21518.0,True,False,unchanged_accepted_crop,False,phase4
p6_dev,20260812,1571,stage5_concentration,concentration_controlled_offer,F0108,F0108-P01,rice,rice,,,SOFT_LOCK,CONCENTRATION_CONTROLLED_REVISED_PLAN,unchanged_from_revised,,5098.0,True,False,unchanged_accepted_crop,False,phase4
p6_dev,20260812,1572,stage5_concentration,concentration_controlled_offer,F0108,F0108-P03,rice,rice,,,SOFT_LOCK,CONCENTRATION_CONTROLLED_REVISED_PLAN,unchanged_from_revised,,10423.0,True,False,unchanged_accepted_crop,False,phase4
p6_dev,20260812,1573,stage5_concentration,concentration_controlled_offer,F0109,F0109-P02,maize,maize,,,SOFT_LOCK,CONCENTRATION_CONTROLLED_REVISED_PLAN,unchanged_from_revised,,20471.0,True,False,unchanged_accepted_crop,False,phase4
p6_dev,20260812,1574,stage5_concentration,concentration_controlled_offer,F0110,F0110-P02,sorghum,sorghum,,,HARD_LOCK,CONCENTRATION_CONTROLLED_REVISED_PLAN,unchanged_from_revised,,3160.0,True,False,unchanged_accepted_crop,False,phase4
p6_dev,20260812,1575,stage5_concentration,concentration_controlled_offer,F0110,F0110-P03,sorghum,sorghum,,,SOFT_LOCK,CONCENTRATION_CONTROLLED_REVISED_PLAN,unchanged_from_revised,,2908.0,True,False,unchanged_accepted_crop,False,phase4
p6_dev,20260812,1576,stage5_concentration,concentration_controlled_offer,F0114,F0114-P01,maize,maize,,,HARD_LOCK,CONCENTRATION_CONTROLLED_REVISED_PLAN,unchanged_from_revised,,19098.0,True,False,unchanged_accepted_crop,False,phase4
p6_dev,20260812,1577,stage5_concentration,concentration_controlled_offer,F0115,F0115-P02,maize,maize,,,HARD_LOCK,CONCENTRATION_CONTROLLED_REVISED_PLAN,unchanged_from_revised,,32865.0,True,False,unchanged_accepted_crop,False,phase4
p6_dev,20260812,1578,stage5_concentration,concentration_controlled_offer,F0115,F0115-P03,maize,maize,,,SOFT_LOCK,CONCENTRATION_CONTROLLED_REVISED_PLAN,unchanged_from_revised,,56836.0,True,False,unchanged_accepted_crop,False,phase4
p6_dev,20260812,1579,stage5_concentration,concentration_controlled_offer,F0116,F0116-P02,rice,rice,,,SOFT_LOCK,CONCENTRATION_CONTROLLED_REVISED_PLAN,unchanged_from_revised,,4708.0,True,False,unchanged_accepted_crop,False,phase4
p6_dev,20260812,1580,stage5_concentration,concentration_controlled_offer,F0117,F0117-P02,rice,rice,,,FLEXIBLE,CONCENTRATION_CONTROLLED_REVISED_PLAN,unchanged_from_revised,,10463.0,True,False,unchanged_accepted_crop,False,phase4
p6_dev,20260812,1581,stage5_concentration,concentration_controlled_offer,F0119,F0119-P01,soybean,soybean,,,SOFT_LOCK,CONCENTRATION_CONTROLLED_REVISED_PLAN,unchanged_from_revised,,1719.0,True,False,unchanged_accepted_crop,False,phase4
p6_dev,20260812,1582,stage5_concentration,concentration_controlled_offer,F0121,F0121-P01,soybean,soybean,,,SOFT_LOCK,CONCENTRATION_CONTROLLED_REVISED_PLAN,unchanged_from_revised,,5302.0,True,False,unchanged_accepted_crop,False,phase4
p6_dev,20260812,1583,stage5_concentration,concentration_controlled_offer,F0122,F0122-P01,maize,maize,,,SOFT_LOCK,CONCENTRATION_CONTROLLED_REVISED_PLAN,unchanged_from_revised,,9058.0,True,False,unchanged_accepted_crop,False,phase4
p6_dev,20260812,1584,stage5_concentration,concentration_controlled_offer,F0123,F0123-P01,sorghum,sorghum,,,SOFT_LOCK,CONCENTRATION_CONTROLLED_REVISED_PLAN,unchanged_from_revised,,15515.0,True,False,unchanged_accepted_crop,False,phase4
p6_dev,20260812,1585,stage5_concentration,concentration_controlled_offer,F0126,F0126-P01,maize,maize,,,HARD_LOCK,CONCENTRATION_CONTROLLED_REVISED_PLAN,unchanged_from_revised,,35367.0,True,False,unchanged_accepted_crop,False,phase4
p6_dev,20260812,1586,stage5_concentration,concentration_controlled_offer,F0126,F0126-P02,maize,maize,,,FLEXIBLE,CONCENTRATION_CONTROLLED_REVISED_PLAN,unchanged_from_revised,,103289.0,True,False,unchanged_accepted_crop,False,phase4
p6_dev,20260812,1587,stage5_concentration,concentration_controlled_offer,F0127,F0127-P01,maize,maize,,,FLEXIBLE,CONCENTRATION_CONTROLLED_REVISED_PLAN,unchanged_from_revised,,6794.0,False,True,crop_changed_from_accepted,False,phase4
p6_dev,20260812,1588,stage5_concentration,concentration_controlled_offer,F0128,F0128-P01,rice,rice,,,FLEXIBLE,CONCENTRATION_CONTROLLED_REVISED_PLAN,unchanged_from_revised,,1764.0,True,False,unchanged_accepted_crop,False,phase4
p6_dev,20260812,1589,stage5_concentration,concentration_controlled_offer,F0128,F0128-P02,rice,rice,,,SOFT_LOCK,CONCENTRATION_CONTROLLED_REVISED_PLAN,unchanged_from_revised,,16540.0,True,False,unchanged_accepted_crop,False,phase4
p6_dev,20260812,1590,stage5_concentration,concentration_controlled_offer,F0128,F0128-P03,rice,rice,,,HARD_LOCK,CONCENTRATION_CONTROLLED_REVISED_PLAN,unchanged_from_revised,,1871.0,True,False,unchanged_accepted_crop,False,phase4
p6_dev,20260812,1591,stage5_concentration,concentration_controlled_offer,F0129,F0129-P01,onion,onion,,,SOFT_LOCK,CONCENTRATION_CONTROLLED_REVISED_PLAN,unchanged_from_revised,,55826.0,True,False,unchanged_accepted_crop,False,phase4
p6_dev,20260812,1592,stage5_concentration,concentration_controlled_offer,F0129,F0129-P02,pigeon_pea,pigeon_pea,,,HARD_LOCK,CONCENTRATION_CONTROLLED_REVISED_PLAN,unchanged_from_revised,,52243.0,True,False,unchanged_accepted_crop,False,phase4
p6_dev,20260812,1593,stage5_concentration,concentration_controlled_offer,F0130,F0130-P01,maize,maize,,,FLEXIBLE,CONCENTRATION_CONTROLLED_REVISED_PLAN,unchanged_from_revised,,7358.0,True,False,unchanged_accepted_crop,False,phase4
p6_dev,20260812,1594,stage5_concentration,concentration_controlled_offer,F0131,F0131-P01,rice,rice,,,SOFT_LOCK,CONCENTRATION_CONTROLLED_REVISED_PLAN,unchanged_from_revised,,268.0,True,False,unchanged_accepted_crop,False,phase4
p6_dev,20260812,1595,stage5_concentration,concentration_controlled_offer,F0131,F0131-P02,rice,rice,,,HARD_LOCK,CONCENTRATION_CONTROLLED_REVISED_PLAN,unchanged_from_revised,,5178.0,True,False,unchanged_accepted_crop,False,phase4
p6_dev,20260812,1596,stage5_concentration,concentration_controlled_offer,F0133,F0133-P01,soybean,soybean,,,REJECTED_TERMINAL,CONCENTRATION_CONTROLLED_REVISED_PLAN,unchanged_from_revised,,1812.0,False,True,recovered_or_no_prior_accept,False,phase4
p6_dev,20260812,1597,stage5_concentration,concentration_controlled_offer,F0135,F0135-P01,groundnut,groundnut,,,SOFT_LOCK,CONCENTRATION_CONTROLLED_REVISED_PLAN,unchanged_from_revised,,25772.0,True,False,unchanged_accepted_crop,False,phase4
p6_dev,20260812,1598,stage5_concentration,concentration_controlled_offer,F0136,F0136-P02,maize,maize,,,HARD_LOCK,CONCENTRATION_CONTROLLED_REVISED_PLAN,unchanged_from_revised,,1799.0,True,False,unchanged_accepted_crop,False,phase4
p6_dev,20260812,1599,stage5_concentration,concentration_controlled_offer,F0138,F0138-P02,rice,rice,,,HARD_LOCK,CONCENTRATION_CONTROLLED_REVISED_PLAN,unchanged_from_revised,,4863.0,True,False,unchanged_accepted_crop,False,phase4
p6_dev,20260812,1600,stage5_concentration,concentration_controlled_offer,F0138,F0138-P03,groundnut,groundnut,,,SOFT_LOCK,CONCENTRATION_CONTROLLED_REVISED_PLAN,unchanged_from_revised,,645030.0,True,False,unchanged_accepted_crop,False,phase4
p6_dev,20260812,1601,stage5_concentration,concentration_controlled_offer,F0139,F0139-P02,maize,maize,,,HARD_LOCK,CONCENTRATION_CONTROLLED_REVISED_PLAN,unchanged_from_revised,,8895.0,True,False,unchanged_accepted_crop,False,phase4
p6_dev,20260812,1602,stage5_concentration,concentration_controlled_offer,F0141,F0141-P02,sorghum,sorghum,,,SOFT_LOCK,CONCENTRATION_CONTROLLED_REVISED_PLAN,unchanged_from_revised,,1933.0,True,False,unchanged_accepted_crop,False,phase4
p6_dev,20260812,1603,stage5_concentration,concentration_controlled_offer,F0142,F0142-P01,maize,maize,,,SOFT_LOCK,CONCENTRATION_CONTROLLED_REVISED_PLAN,unchanged_from_revised,,16566.0,True,False,unchanged_accepted_crop,False,phase4
p6_dev,20260812,1604,stage5_concentration,concentration_controlled_offer,F0145,F0145-P01,onion,onion,,,SOFT_LOCK,CONCENTRATION_CONTROLLED_REVISED_PLAN,unchanged_from_revised,,11425.0,False,True,crop_changed_from_accepted,False,phase4
p6_dev,20260812,1605,stage5_concentration,concentration_controlled_offer,F0145,F0145-P02,sorghum,sorghum,,,FLEXIBLE,CONCENTRATION_CONTROLLED_REVISED_PLAN,unchanged_from_revised,,13125.0,True,False,unchanged_accepted_crop,False,phase4
p6_dev,20260812,1606,stage5_concentration,concentration_controlled_offer,F0146,F0146-P01,maize,maize,,,SOFT_LOCK,CONCENTRATION_CONTROLLED_REVISED_PLAN,unchanged_from_revised,,1537.0,True,False,unchanged_accepted_crop,False,phase4
p6_dev,20260812,1607,stage5_concentration,concentration_controlled_offer,F0147,F0147-P02,onion,onion,,,FLEXIBLE,CONCENTRATION_CONTROLLED_REVISED_PLAN,unchanged_from_revised,,31029.0,True,False,unchanged_accepted_crop,False,phase4
p6_dev,20260812,1608,stage5_concentration,concentration_controlled_offer,F0148,F0148-P01,groundnut,groundnut,,,FLEXIBLE,CONCENTRATION_CONTROLLED_REVISED_PLAN,unchanged_from_revised,,324530.0,True,False,unchanged_accepted_crop,False,phase4
p6_dev,20260812,1609,stage5_concentration,concentration_controlled_offer,F0149,F0149-P01,maize,maize,,,FLEXIBLE,CONCENTRATION_CONTROLLED_REVISED_PLAN,unchanged_from_revised,,30282.0,True,False,unchanged_accepted_crop,False,phase4
p6_dev,20260812,1610,stage5_concentration,concentration_controlled_offer,F0150,F0150-P02,maize,maize,,,FLEXIBLE,CONCENTRATION_CONTROLLED_REVISED_PLAN,unchanged_from_revised,,8172.0,True,False,unchanged_accepted_crop,False,phase4
p6_dev,20260812,1611,stage5_concentration,concentration_controlled_offer,F0150,F0150-P03,onion,onion,,,SOFT_LOCK,CONCENTRATION_CONTROLLED_REVISED_PLAN,unchanged_from_revised,,95813.0,True,False,unchanged_accepted_crop,False,phase4
p6_dev,20260812,1612,stage5_concentration,concentration_controlled_offer,F0152,F0152-P03,soybean,soybean,,,HARD_LOCK,CONCENTRATION_CONTROLLED_REVISED_PLAN,unchanged_from_revised,,13615.0,True,False,unchanged_accepted_crop,False,phase4
p6_dev,20260812,1613,stage5_concentration,concentration_controlled_offer,F0153,F0153-P03,groundnut,groundnut,,,SOFT_LOCK,CONCENTRATION_CONTROLLED_REVISED_PLAN,unchanged_from_revised,,59179.0,True,False,unchanged_accepted_crop,False,phase4
p6_dev,20260812,1614,stage5_concentration,concentration_controlled_offer,F0154,F0154-P01,maize,maize,,,FLEXIBLE,CONCENTRATION_CONTROLLED_REVISED_PLAN,unchanged_from_revised,,74070.0,True,False,unchanged_accepted_crop,False,phase4
p6_dev,20260812,1615,stage5_concentration,concentration_controlled_offer,F0156,F0156-P01,maize,maize,,,FLEXIBLE,CONCENTRATION_CONTROLLED_REVISED_PLAN,unchanged_from_revised,,9102.0,True,False,unchanged_accepted_crop,False,phase4
p6_dev,20260812,1616,stage5_concentration,concentration_controlled_offer,F0156,F0156-P02,onion,onion,,,FLEXIBLE,CONCENTRATION_CONTROLLED_REVISED_PLAN,unchanged_from_revised,,167219.0,True,False,unchanged_accepted_crop,False,phase4
p6_dev,20260812,1617,stage5_concentration,concentration_controlled_offer,F0156,F0156-P03,maize,maize,,,FLEXIBLE,CONCENTRATION_CONTROLLED_REVISED_PLAN,unchanged_from_revised,,31085.0,True,False,unchanged_accepted_crop,False,phase4
p6_dev,20260812,1618,stage5_concentration,concentration_controlled_offer,F0158,F0158-P02,rice,rice,,,FLEXIBLE,CONCENTRATION_CONTROLLED_REVISED_PLAN,unchanged_from_revised,,23388.0,True,False,unchanged_accepted_crop,False,phase4
p6_dev,20260812,1619,stage5_concentration,concentration_controlled_offer,F0159,F0159-P01,rice,rice,,,SOFT_LOCK,CONCENTRATION_CONTROLLED_REVISED_PLAN,unchanged_from_revised,,11966.0,True,False,unchanged_accepted_crop,False,phase4
p6_dev,20260812,1620,stage5_concentration,concentration_controlled_offer,F0160,F0160-P03,groundnut,groundnut,,,HARD_LOCK,CONCENTRATION_CONTROLLED_REVISED_PLAN,unchanged_from_revised,,57376.0,True,False,unchanged_accepted_crop,False,phase4
p6_dev,20260812,1621,stage5_concentration,concentration_controlled_offer,F0162,F0162-P01,rice,rice,,,SOFT_LOCK,CONCENTRATION_CONTROLLED_REVISED_PLAN,unchanged_from_revised,,9001.0,True,False,unchanged_accepted_crop,False,phase4
p6_dev,20260812,1622,stage5_concentration,concentration_controlled_offer,F0163,F0163-P01,rice,rice,,,HARD_LOCK,CONCENTRATION_CONTROLLED_REVISED_PLAN,unchanged_from_revised,,1610.0,True,False,unchanged_accepted_crop,False,phase4
p6_dev,20260812,1623,stage5_concentration,concentration_controlled_offer,F0166,F0166-P01,rice,rice,,,FLEXIBLE,CONCENTRATION_CONTROLLED_REVISED_PLAN,unchanged_from_revised,,2602.0,True,False,unchanged_accepted_crop,False,phase4
p6_dev,20260812,1624,stage5_concentration,concentration_controlled_offer,F0167,F0167-P01,rice,rice,,,HARD_LOCK,CONCENTRATION_CONTROLLED_REVISED_PLAN,unchanged_from_revised,,5218.0,True,False,unchanged_accepted_crop,False,phase4
p6_dev,20260812,1625,stage5_concentration,concentration_controlled_offer,F0169,F0169-P02,onion,onion,,,FLEXIBLE,CONCENTRATION_CONTROLLED_REVISED_PLAN,unchanged_from_revised,,1867.0,True,False,unchanged_accepted_crop,False,phase4
p6_dev,20260812,1626,stage5_concentration,concentration_controlled_offer,F0175,F0175-P01,maize,maize,,,REJECTED_TERMINAL,CONCENTRATION_CONTROLLED_REVISED_PLAN,unchanged_from_revised,,36204.0,False,True,recovered_or_no_prior_accept,False,phase4
p6_dev,20260812,1627,stage5_concentration,concentration_controlled_offer,F0177,F0177-P01,pigeon_pea,pigeon_pea,,,SOFT_LOCK,CONCENTRATION_CONTROLLED_REVISED_PLAN,unchanged_from_revised,,76560.0,True,False,unchanged_accepted_crop,False,phase4
p6_dev,20260812,1628,stage5_concentration,concentration_controlled_offer,F0178,F0178-P01,maize,maize,,,REJECTED_TERMINAL,CONCENTRATION_CONTROLLED_REVISED_PLAN,unchanged_from_revised,,36167.0,False,True,recovered_or_no_prior_accept,False,phase4
p6_dev,20260812,1629,stage5_concentration,concentration_controlled_offer,F0178,F0178-P02,onion,onion,,,FLEXIBLE,CONCENTRATION_CONTROLLED_REVISED_PLAN,unchanged_from_revised,,45829.0,True,False,unchanged_accepted_crop,False,phase4
p6_dev,20260812,1630,stage5_concentration,concentration_controlled_offer,F0179,F0179-P01,pigeon_pea,cotton,,,FLEXIBLE,CONCENTRATION_CONTROLLED_REVISED_PLAN,conc_shifted,,20211.0,False,True,crop_changed_from_accepted,False,phase4
p6_dev,20260812,1631,stage5_concentration,concentration_controlled_offer,F0179,F0179-P02,onion,maize,,,REJECTED_TERMINAL,CONCENTRATION_CONTROLLED_REVISED_PLAN,conc_shifted,,8674.0,False,True,recovered_or_no_prior_accept,False,phase4
p6_dev,20260812,1632,stage5_concentration,concentration_controlled_offer,F0180,F0180-P01,groundnut,groundnut,,,HARD_LOCK,CONCENTRATION_CONTROLLED_REVISED_PLAN,unchanged_from_revised,,5667.0,True,False,unchanged_accepted_crop,False,phase4
p6_dev,20260812,1633,stage5_concentration,concentration_controlled_offer,F0181,F0181-P02,onion,onion,,,FLEXIBLE,CONCENTRATION_CONTROLLED_REVISED_PLAN,unchanged_from_revised,,204999.0,True,False,unchanged_accepted_crop,False,phase4
p6_dev,20260812,1634,stage5_concentration,concentration_controlled_offer,F0183,F0183-P01,maize,maize,,,SOFT_LOCK,CONCENTRATION_CONTROLLED_REVISED_PLAN,unchanged_from_revised,,18279.0,True,False,unchanged_accepted_crop,False,phase4
p6_dev,20260812,1635,stage5_concentration,concentration_controlled_offer,F0188,F0188-P01,maize,maize,,,HARD_LOCK,CONCENTRATION_CONTROLLED_REVISED_PLAN,unchanged_from_revised,,6087.0,True,False,unchanged_accepted_crop,False,phase4
p6_dev,20260812,1636,stage5_concentration,concentration_controlled_offer,F0188,F0188-P02,pigeon_pea,pigeon_pea,,,SOFT_LOCK,CONCENTRATION_CONTROLLED_REVISED_PLAN,unchanged_from_revised,,147825.0,True,False,unchanged_accepted_crop,False,phase4
p6_dev,20260812,1637,stage5_concentration,concentration_controlled_offer,F0188,F0188-P03,onion,onion,,,FLEXIBLE,CONCENTRATION_CONTROLLED_REVISED_PLAN,unchanged_from_revised,,32068.0,True,False,unchanged_accepted_crop,False,phase4
p6_dev,20260812,1638,stage5_concentration,concentration_controlled_offer,F0188,F0188-P04,maize,maize,,,FLEXIBLE,CONCENTRATION_CONTROLLED_REVISED_PLAN,unchanged_from_revised,,15003.0,True,False,unchanged_accepted_crop,False,phase4
p6_dev,20260812,1639,stage5_concentration,concentration_controlled_offer,F0189,F0189-P01,onion,onion,,,FLEXIBLE,CONCENTRATION_CONTROLLED_REVISED_PLAN,unchanged_from_revised,,69069.0,True,False,unchanged_accepted_crop,False,phase4
p6_dev,20260812,1640,stage5_concentration,concentration_controlled_offer,F0190,F0190-P01,maize,maize,,,FLEXIBLE,CONCENTRATION_CONTROLLED_REVISED_PLAN,unchanged_from_revised,,21452.0,True,False,unchanged_accepted_crop,False,phase4
p6_dev,20260812,1641,stage5_concentration,concentration_controlled_offer,F0192,F0192-P02,groundnut,groundnut,,,HARD_LOCK,CONCENTRATION_CONTROLLED_REVISED_PLAN,unchanged_from_revised,,51119.0,True,False,unchanged_accepted_crop,False,phase4
p6_dev,20260812,1642,stage5_concentration,concentration_controlled_offer,F0193,F0193-P01,sorghum,sorghum,,,REJECTED_TERMINAL,CONCENTRATION_CONTROLLED_REVISED_PLAN,unchanged_from_revised,,70453.0,False,True,recovered_or_no_prior_accept,False,phase4
p6_dev,20260812,1643,stage5_concentration,concentration_controlled_offer,F0193,F0193-P02,maize,maize,,,HARD_LOCK,CONCENTRATION_CONTROLLED_REVISED_PLAN,unchanged_from_revised,,25520.0,True,False,unchanged_accepted_crop,False,phase4
p6_dev,20260812,1644,stage5_concentration,concentration_controlled_offer,F0194,F0194-P01,onion,onion,,,FLEXIBLE,CONCENTRATION_CONTROLLED_REVISED_PLAN,unchanged_from_revised,,54917.0,True,False,unchanged_accepted_crop,False,phase4
p6_dev,20260812,1645,stage5_concentration,concentration_controlled_offer,F0195,F0195-P01,soybean,soybean,,,HARD_LOCK,CONCENTRATION_CONTROLLED_REVISED_PLAN,unchanged_from_revised,,10240.0,True,False,unchanged_accepted_crop,False,phase4
p6_dev,20260812,1646,stage5_concentration,concentration_controlled_offer,F0198,F0198-P01,pigeon_pea,pigeon_pea,,,FLEXIBLE,CONCENTRATION_CONTROLLED_REVISED_PLAN,unchanged_from_revised,,24160.0,False,True,crop_changed_from_accepted,False,phase4
p6_dev,20260812,1647,stage5_concentration,concentration_controlled_offer,F0200,F0200-P01,onion,onion,,,FLEXIBLE,CONCENTRATION_CONTROLLED_REVISED_PLAN,unchanged_from_revised,,4544.0,False,True,crop_changed_from_accepted,False,phase4
p6_dev,20260812,1648,stage5_concentration,concentration_controlled_offer,F0201,F0201-P01,onion,onion,,,FLEXIBLE,CONCENTRATION_CONTROLLED_REVISED_PLAN,unchanged_from_revised,,9258.0,True,False,unchanged_accepted_crop,False,phase4
p6_dev,20260812,1649,stage5_concentration,concentration_controlled_offer,F0202,F0202-P01,maize,maize,,,SOFT_LOCK,CONCENTRATION_CONTROLLED_REVISED_PLAN,unchanged_from_revised,,5134.0,True,False,unchanged_accepted_crop,False,phase4
p6_dev,20260812,1650,stage5_concentration,concentration_controlled_offer,F0202,F0202-P03,maize,maize,,,HARD_LOCK,CONCENTRATION_CONTROLLED_REVISED_PLAN,unchanged_from_revised,,47908.0,True,False,unchanged_accepted_crop,False,phase4
p6_dev,20260812,1651,stage5_concentration,concentration_controlled_offer,F0203,F0203-P01,soybean,soybean,,,HARD_LOCK,CONCENTRATION_CONTROLLED_REVISED_PLAN,unchanged_from_revised,,6588.0,True,False,unchanged_accepted_crop,False,phase4
p6_dev,20260812,1652,stage5_concentration,concentration_controlled_offer,F0204,F0204-P01,soybean,soybean,,,SOFT_LOCK,CONCENTRATION_CONTROLLED_REVISED_PLAN,unchanged_from_revised,,4173.0,True,False,unchanged_accepted_crop,False,phase4
p6_dev,20260812,1653,stage5_concentration,concentration_controlled_offer,F0205,F0205-P01,onion,onion,,,FLEXIBLE,CONCENTRATION_CONTROLLED_REVISED_PLAN,unchanged_from_revised,,125674.0,True,False,unchanged_accepted_crop,False,phase4
p6_dev,20260812,1654,stage5_concentration,concentration_controlled_offer,F0205,F0205-P02,sorghum,sorghum,,,SOFT_LOCK,CONCENTRATION_CONTROLLED_REVISED_PLAN,unchanged_from_revised,,7812.0,True,False,unchanged_accepted_crop,False,phase4
p6_dev,20260812,1655,stage5_concentration,concentration_controlled_offer,F0207,F0207-P02,groundnut,groundnut,,,SOFT_LOCK,CONCENTRATION_CONTROLLED_REVISED_PLAN,unchanged_from_revised,,9969.0,False,True,crop_changed_from_accepted,False,phase4
p6_dev,20260812,1656,stage5_concentration,concentration_controlled_offer,F0208,F0208-P01,soybean,soybean,,,FLEXIBLE,CONCENTRATION_CONTROLLED_REVISED_PLAN,unchanged_from_revised,,1235.0,True,False,unchanged_accepted_crop,False,phase4
p6_dev,20260812,1657,stage5_concentration,concentration_controlled_offer,F0211,F0211-P01,groundnut,groundnut,,,FLEXIBLE,CONCENTRATION_CONTROLLED_REVISED_PLAN,unchanged_from_revised,,26302.0,False,True,crop_changed_from_accepted,False,phase4
p6_dev,20260812,1658,stage5_concentration,concentration_controlled_offer,F0211,F0211-P02,rice,rice,,,SOFT_LOCK,CONCENTRATION_CONTROLLED_REVISED_PLAN,unchanged_from_revised,,798.0,True,False,unchanged_accepted_crop,False,phase4
p6_dev,20260812,1659,stage5_concentration,concentration_controlled_offer,F0212,F0212-P01,pigeon_pea,pigeon_pea,,,SOFT_LOCK,CONCENTRATION_CONTROLLED_REVISED_PLAN,unchanged_from_revised,,43771.0,True,False,unchanged_accepted_crop,False,phase4
p6_dev,20260812,1660,stage5_concentration,concentration_controlled_offer,F0212,F0212-P02,maize,maize,,,SOFT_LOCK,CONCENTRATION_CONTROLLED_REVISED_PLAN,unchanged_from_revised,,1080.0,True,False,unchanged_accepted_crop,False,phase4
p6_dev,20260812,1661,stage5_concentration,concentration_controlled_offer,F0213,F0213-P01,onion,onion,,,FLEXIBLE,CONCENTRATION_CONTROLLED_REVISED_PLAN,unchanged_from_revised,,78806.0,True,False,unchanged_accepted_crop,False,phase4
p6_dev,20260812,1662,stage5_concentration,concentration_controlled_offer,F0215,F0215-P01,soybean,soybean,,,SOFT_LOCK,CONCENTRATION_CONTROLLED_REVISED_PLAN,unchanged_from_revised,,2135.0,True,False,unchanged_accepted_crop,False,phase4
p6_dev,20260812,1663,stage5_concentration,concentration_controlled_offer,F0216,F0216-P01,onion,onion,,,SOFT_LOCK,CONCENTRATION_CONTROLLED_REVISED_PLAN,unchanged_from_revised,,55437.0,False,True,crop_changed_from_accepted,False,phase4
p6_dev,20260812,1664,stage5_concentration,concentration_controlled_offer,F0219,F0219-P01,maize,maize,,,FLEXIBLE,CONCENTRATION_CONTROLLED_REVISED_PLAN,unchanged_from_revised,,10331.0,False,True,crop_changed_from_accepted,False,phase4
p6_dev,20260812,1665,stage5_concentration,concentration_controlled_offer,F0220,F0220-P02,maize,maize,,,HARD_LOCK,CONCENTRATION_CONTROLLED_REVISED_PLAN,unchanged_from_revised,,10014.0,True,False,unchanged_accepted_crop,False,phase4
p6_dev,20260812,1666,stage5_concentration,concentration_controlled_offer,F0221,F0221-P01,soybean,soybean,,,HARD_LOCK,CONCENTRATION_CONTROLLED_REVISED_PLAN,unchanged_from_revised,,1973.0,True,False,unchanged_accepted_crop,False,phase4
p6_dev,20260812,1667,stage5_concentration,concentration_controlled_offer,F0222,F0222-P04,groundnut,groundnut,,,FLEXIBLE,CONCENTRATION_CONTROLLED_REVISED_PLAN,unchanged_from_revised,,273730.0,True,False,unchanged_accepted_crop,False,phase4
p6_dev,20260812,1668,stage5_concentration,concentration_controlled_offer,F0227,F0227-P01,rice,rice,,,HARD_LOCK,CONCENTRATION_CONTROLLED_REVISED_PLAN,unchanged_from_revised,,2327.0,True,False,unchanged_accepted_crop,False,phase4
p6_dev,20260812,1669,stage5_concentration,concentration_controlled_offer,F0228,F0228-P01,maize,maize,,,HARD_LOCK,CONCENTRATION_CONTROLLED_REVISED_PLAN,unchanged_from_revised,,8372.0,True,False,unchanged_accepted_crop,False,phase4
p6_dev,20260812,1670,stage5_concentration,concentration_controlled_offer,F0230,F0230-P01,maize,maize,,,HARD_LOCK,CONCENTRATION_CONTROLLED_REVISED_PLAN,unchanged_from_revised,,16511.0,True,False,unchanged_accepted_crop,False,phase4
p6_dev,20260812,1671,stage5_concentration,concentration_controlled_offer,F0233,F0233-P01,rice,rice,,,FLEXIBLE,CONCENTRATION_CONTROLLED_REVISED_PLAN,unchanged_from_revised,,3434.0,True,False,unchanged_accepted_crop,False,phase4
p6_dev,20260812,1672,stage5_concentration,concentration_controlled_offer,F0234,F0234-P01,pigeon_pea,pigeon_pea,,,REJECTED_TERMINAL,CONCENTRATION_CONTROLLED_REVISED_PLAN,unchanged_from_revised,,12904.0,False,True,recovered_or_no_prior_accept,False,phase4
p6_dev,20260812,1673,stage5_concentration,concentration_controlled_offer,F0234,F0234-P02,maize,maize,,,FLEXIBLE,CONCENTRATION_CONTROLLED_REVISED_PLAN,unchanged_from_revised,,10945.0,True,False,unchanged_accepted_crop,False,phase4
p6_dev,20260812,1674,stage5_concentration,concentration_controlled_offer,F0236,F0236-P02,soybean,soybean,,,SOFT_LOCK,CONCENTRATION_CONTROLLED_REVISED_PLAN,unchanged_from_revised,,8913.0,True,False,unchanged_accepted_crop,False,phase4
p6_dev,20260812,1675,stage5_concentration,concentration_controlled_offer,F0237,F0237-P01,pigeon_pea,pigeon_pea,,,FLEXIBLE,CONCENTRATION_CONTROLLED_REVISED_PLAN,unchanged_from_revised,,35809.0,True,False,unchanged_accepted_crop,False,phase4
p6_dev,20260812,1676,stage5_concentration,concentration_controlled_offer,F0238,F0238-P01,onion,onion,,,FLEXIBLE,CONCENTRATION_CONTROLLED_REVISED_PLAN,unchanged_from_revised,,25446.0,False,True,crop_changed_from_accepted,False,phase4
p6_dev,20260812,1677,stage5_concentration,concentration_controlled_offer,F0239,F0239-P02,groundnut,groundnut,,,HARD_LOCK,CONCENTRATION_CONTROLLED_REVISED_PLAN,unchanged_from_revised,,21473.0,True,False,unchanged_accepted_crop,False,phase4
p6_dev,20260812,1678,stage5_concentration,concentration_controlled_offer,F0240,F0240-P01,maize,maize,,,FLEXIBLE,CONCENTRATION_CONTROLLED_REVISED_PLAN,unchanged_from_revised,,21927.0,False,True,crop_changed_from_accepted,False,phase4
p6_dev,20260812,1679,stage5_concentration,concentration_controlled_offer,F0242,F0242-P03,rice,rice,,,SOFT_LOCK,CONCENTRATION_CONTROLLED_REVISED_PLAN,unchanged_from_revised,,16956.0,True,False,unchanged_accepted_crop,False,phase4
p6_dev,20260812,1680,stage5_concentration,concentration_controlled_offer,F0243,F0243-P02,groundnut,groundnut,,,HARD_LOCK,CONCENTRATION_CONTROLLED_REVISED_PLAN,unchanged_from_revised,,4666.0,True,False,unchanged_accepted_crop,False,phase4
p6_dev,20260812,1681,stage5_concentration,concentration_controlled_offer,F0245,F0245-P01,onion,onion,,,HARD_LOCK,CONCENTRATION_CONTROLLED_REVISED_PLAN,unchanged_from_revised,,198118.0,True,False,unchanged_accepted_crop,False,phase4
p6_dev,20260812,1682,stage5_concentration,concentration_controlled_offer,F0245,F0245-P02,maize,maize,,,FLEXIBLE,CONCENTRATION_CONTROLLED_REVISED_PLAN,unchanged_from_revised,,23956.0,True,False,unchanged_accepted_crop,False,phase4
p6_dev,20260812,1683,stage5_concentration,concentration_controlled_offer,F0245,F0245-P03,rice,rice,,,FLEXIBLE,CONCENTRATION_CONTROLLED_REVISED_PLAN,unchanged_from_revised,,6618.0,True,False,unchanged_accepted_crop,False,phase4
p6_dev,20260812,1684,stage5_concentration,concentration_controlled_offer,F0247,F0247-P02,groundnut,groundnut,,,SOFT_LOCK,CONCENTRATION_CONTROLLED_REVISED_PLAN,unchanged_from_revised,,13151.0,False,True,crop_changed_from_accepted,False,phase4
p6_dev,20260812,1685,stage5_concentration,concentration_controlled_offer,F0248,F0248-P02,groundnut,groundnut,,,FLEXIBLE,CONCENTRATION_CONTROLLED_REVISED_PLAN,unchanged_from_revised,,3606.0,True,False,unchanged_accepted_crop,False,phase4
p6_dev,20260812,1686,stage5_concentration,concentration_controlled_offer,F0251,F0251-P01,soybean,soybean,,,FLEXIBLE,CONCENTRATION_CONTROLLED_REVISED_PLAN,unchanged_from_revised,,1933.0,True,False,unchanged_accepted_crop,False,phase4
p6_dev,20260812,1687,stage5_concentration,concentration_controlled_offer,F0252,F0252-P01,soybean,soybean,,,HARD_LOCK,CONCENTRATION_CONTROLLED_REVISED_PLAN,unchanged_from_revised,,1962.0,True,False,unchanged_accepted_crop,False,phase4
p6_dev,20260812,1688,stage5_concentration,concentration_controlled_offer,F0253,F0253-P02,maize,maize,,,SOFT_LOCK,CONCENTRATION_CONTROLLED_REVISED_PLAN,unchanged_from_revised,,2550.0,True,False,unchanged_accepted_crop,False,phase4
p6_dev,20260812,1689,stage5_concentration,concentration_controlled_offer,F0254,F0254-P01,soybean,soybean,,,HARD_LOCK,CONCENTRATION_CONTROLLED_REVISED_PLAN,unchanged_from_revised,,4494.0,True,False,unchanged_accepted_crop,False,phase4
p6_dev,20260812,1690,stage5_concentration,concentration_controlled_offer,F0258,F0258-P02,maize,maize,,,HARD_LOCK,CONCENTRATION_CONTROLLED_REVISED_PLAN,unchanged_from_revised,,4120.0,True,False,unchanged_accepted_crop,False,phase4
p6_dev,20260812,1691,stage5_concentration,concentration_controlled_offer,F0259,F0259-P02,onion,onion,,,SOFT_LOCK,CONCENTRATION_CONTROLLED_REVISED_PLAN,unchanged_from_revised,,6645.0,True,False,unchanged_accepted_crop,False,phase4
p6_dev,20260812,1692,stage5_concentration,concentration_controlled_offer,F0262,F0262-P01,rice,rice,,,SOFT_LOCK,CONCENTRATION_CONTROLLED_REVISED_PLAN,unchanged_from_revised,,6030.0,True,False,unchanged_accepted_crop,False,phase4
p6_dev,20260812,1693,stage5_concentration,concentration_controlled_offer,F0262,F0262-P02,rice,rice,,,HARD_LOCK,CONCENTRATION_CONTROLLED_REVISED_PLAN,unchanged_from_revised,,443.0,True,False,unchanged_accepted_crop,False,phase4
p6_dev,20260812,1694,stage5_concentration,concentration_controlled_offer,F0267,F0267-P01,maize,maize,,,FLEXIBLE,CONCENTRATION_CONTROLLED_REVISED_PLAN,unchanged_from_revised,,33912.0,True,False,unchanged_accepted_crop,False,phase4
p6_dev,20260812,1695,stage5_concentration,concentration_controlled_offer,F0268,F0268-P01,rice,rice,,,FLEXIBLE,CONCENTRATION_CONTROLLED_REVISED_PLAN,unchanged_from_revised,,3709.0,True,False,unchanged_accepted_crop,False,phase4
p6_dev,20260812,1696,stage5_concentration,concentration_controlled_offer,F0269,F0269-P02,maize,maize,,,SOFT_LOCK,CONCENTRATION_CONTROLLED_REVISED_PLAN,unchanged_from_revised,,32963.0,True,False,unchanged_accepted_crop,False,phase4
p6_dev,20260812,1697,stage5_concentration,concentration_controlled_offer,F0277,F0277-P01,rice,rice,,,SOFT_LOCK,CONCENTRATION_CONTROLLED_REVISED_PLAN,unchanged_from_revised,,1502.0,True,False,unchanged_accepted_crop,False,phase4
p6_dev,20260812,1698,stage5_concentration,concentration_controlled_offer,F0279,F0279-P02,rice,rice,,,HARD_LOCK,CONCENTRATION_CONTROLLED_REVISED_PLAN,unchanged_from_revised,,1844.0,True,False,unchanged_accepted_crop,False,phase4
p6_dev,20260812,1699,stage5_concentration,concentration_controlled_offer,F0280,F0280-P01,onion,onion,,,HARD_LOCK,CONCENTRATION_CONTROLLED_REVISED_PLAN,unchanged_from_revised,,26095.0,True,False,unchanged_accepted_crop,False,phase4
p6_dev,20260812,1700,stage5_concentration,concentration_controlled_offer,F0280,F0280-P02,soybean,soybean,,,SOFT_LOCK,CONCENTRATION_CONTROLLED_REVISED_PLAN,unchanged_from_revised,,10259.0,True,False,unchanged_accepted_crop,False,phase4
p6_dev,20260812,1701,stage5_concentration,concentration_controlled_offer,F0281,F0281-P02,rice,rice,,,HARD_LOCK,CONCENTRATION_CONTROLLED_REVISED_PLAN,unchanged_from_revised,,2368.0,True,False,unchanged_accepted_crop,False,phase4
p6_dev,20260812,1702,stage5_concentration,concentration_controlled_offer,F0282,F0282-P01,groundnut,groundnut,,,REJECTED_TERMINAL,CONCENTRATION_CONTROLLED_REVISED_PLAN,unchanged_from_revised,,12409.0,False,True,recovered_or_no_prior_accept,False,phase4
p6_dev,20260812,1703,stage5_concentration,concentration_controlled_offer,F0284,F0284-P01,rice,rice,,,FLEXIBLE,CONCENTRATION_CONTROLLED_REVISED_PLAN,unchanged_from_revised,,1992.0,True,False,unchanged_accepted_crop,False,phase4
p6_dev,20260812,1704,stage5_concentration,concentration_controlled_offer,F0285,F0285-P01,sorghum,sorghum,,,HARD_LOCK,CONCENTRATION_CONTROLLED_REVISED_PLAN,unchanged_from_revised,,6571.0,True,False,unchanged_accepted_crop,False,phase4
p6_dev,20260812,1705,stage5_concentration,concentration_controlled_offer,F0286,F0286-P02,onion,onion,,,FLEXIBLE,CONCENTRATION_CONTROLLED_REVISED_PLAN,unchanged_from_revised,,19474.0,True,False,unchanged_accepted_crop,False,phase4
p6_dev,20260812,1706,stage5_concentration,concentration_controlled_offer,F0288,F0288-P03,maize,maize,,,HARD_LOCK,CONCENTRATION_CONTROLLED_REVISED_PLAN,unchanged_from_revised,,140748.0,True,False,unchanged_accepted_crop,False,phase4
p6_dev,20260812,1707,stage5_concentration,concentration_controlled_offer,F0290,F0290-P02,maize,maize,,,HARD_LOCK,CONCENTRATION_CONTROLLED_REVISED_PLAN,unchanged_from_revised,,687.0,True,False,unchanged_accepted_crop,False,phase4
p6_dev,20260812,1708,stage5_concentration,concentration_controlled_offer,F0291,F0291-P02,onion,onion,,,FLEXIBLE,CONCENTRATION_CONTROLLED_REVISED_PLAN,unchanged_from_revised,,45245.0,True,False,unchanged_accepted_crop,False,phase4
p6_dev,20260812,1709,stage5_concentration,concentration_controlled_offer,F0293,F0293-P01,groundnut,groundnut,,,SOFT_LOCK,CONCENTRATION_CONTROLLED_REVISED_PLAN,unchanged_from_revised,,138721.0,True,False,unchanged_accepted_crop,False,phase4
p6_dev,20260812,1710,stage5_concentration,concentration_controlled_offer,F0294,F0294-P01,rice,rice,,,SOFT_LOCK,CONCENTRATION_CONTROLLED_REVISED_PLAN,unchanged_from_revised,,4702.0,True,False,unchanged_accepted_crop,False,phase4
p6_dev,20260812,1711,stage5_concentration,concentration_controlled_offer,F0296,F0296-P01,cotton,cotton,,,SOFT_LOCK,CONCENTRATION_CONTROLLED_REVISED_PLAN,unchanged_from_revised,,15920.0,True,False,unchanged_accepted_crop,False,phase4
p6_dev,20260812,1712,stage5_concentration,concentration_controlled_offer,F0297,F0297-P02,rice,rice,,,SOFT_LOCK,CONCENTRATION_CONTROLLED_REVISED_PLAN,unchanged_from_revised,,3810.0,True,False,unchanged_accepted_crop,False,phase4
p6_dev,20260812,1713,stage5_concentration,concentration_controlled_offer,F0299,F0299-P01,soybean,soybean,,,HARD_LOCK,CONCENTRATION_CONTROLLED_REVISED_PLAN,unchanged_from_revised,,2158.0,True,False,unchanged_accepted_crop,False,phase4
p6_dev,20260812,1714,stage5_concentration,concentration_controlled_offer,F0304,F0304-P01,onion,onion,,,SOFT_LOCK,CONCENTRATION_CONTROLLED_REVISED_PLAN,unchanged_from_revised,,14410.0,True,False,unchanged_accepted_crop,False,phase4
p6_dev,20260812,1715,stage5_concentration,concentration_controlled_offer,F0305,F0305-P01,rice,rice,,,SOFT_LOCK,CONCENTRATION_CONTROLLED_REVISED_PLAN,unchanged_from_revised,,2649.0,True,False,unchanged_accepted_crop,False,phase4
p6_dev,20260812,1716,stage5_concentration,concentration_controlled_offer,F0309,F0309-P01,onion,onion,,,FLEXIBLE,CONCENTRATION_CONTROLLED_REVISED_PLAN,unchanged_from_revised,,83090.0,True,False,unchanged_accepted_crop,False,phase4
p6_dev,20260812,1717,stage5_concentration,concentration_controlled_offer,F0309,F0309-P03,onion,onion,,,FLEXIBLE,CONCENTRATION_CONTROLLED_REVISED_PLAN,unchanged_from_revised,,7400.0,True,False,unchanged_accepted_crop,False,phase4
p6_dev,20260812,1718,stage5_concentration,concentration_controlled_offer,F0313,F0313-P01,maize,maize,,,FLEXIBLE,CONCENTRATION_CONTROLLED_REVISED_PLAN,unchanged_from_revised,,14928.0,False,True,crop_changed_from_accepted,False,phase4
p6_dev,20260812,1719,stage5_concentration,concentration_controlled_offer,F0314,F0314-P01,maize,maize,,,SOFT_LOCK,CONCENTRATION_CONTROLLED_REVISED_PLAN,unchanged_from_revised,,25965.0,True,False,unchanged_accepted_crop,False,phase4
p6_dev,20260812,1720,stage5_concentration,concentration_controlled_offer,F0316,F0316-P01,groundnut,groundnut,,,SOFT_LOCK,CONCENTRATION_CONTROLLED_REVISED_PLAN,unchanged_from_revised,,31180.0,False,True,crop_changed_from_accepted,False,phase4
p6_dev,20260812,1721,stage5_concentration,concentration_controlled_offer,F0317,F0317-P01,soybean,soybean,,,FLEXIBLE,CONCENTRATION_CONTROLLED_REVISED_PLAN,unchanged_from_revised,,10667.0,True,False,unchanged_accepted_crop,False,phase4
p6_dev,20260812,1722,stage5_concentration,concentration_controlled_offer,F0317,F0317-P02,soybean,soybean,,,HARD_LOCK,CONCENTRATION_CONTROLLED_REVISED_PLAN,unchanged_from_revised,,9473.0,True,False,unchanged_accepted_crop,False,phase4
p6_dev,20260812,1723,stage5_concentration,concentration_controlled_offer,F0318,F0318-P01,rice,rice,,,FLEXIBLE,CONCENTRATION_CONTROLLED_REVISED_PLAN,unchanged_from_revised,,3857.0,True,False,unchanged_accepted_crop,False,phase4
p6_dev,20260812,1724,stage5_concentration,concentration_controlled_offer,F0318,F0318-P02,groundnut,groundnut,,,HARD_LOCK,CONCENTRATION_CONTROLLED_REVISED_PLAN,unchanged_from_revised,,244670.0,True,False,unchanged_accepted_crop,False,phase4
p6_dev,20260812,1725,stage5_concentration,concentration_controlled_offer,F0318,F0318-P03,groundnut,groundnut,,,SOFT_LOCK,CONCENTRATION_CONTROLLED_REVISED_PLAN,unchanged_from_revised,,289108.0,True,False,unchanged_accepted_crop,False,phase4
p6_dev,20260812,1726,stage5_concentration,concentration_controlled_offer,F0319,F0319-P01,rice,rice,,,HARD_LOCK,CONCENTRATION_CONTROLLED_REVISED_PLAN,unchanged_from_revised,,885.0,True,False,unchanged_accepted_crop,False,phase4
p6_dev,20260812,1727,stage5_concentration,concentration_controlled_offer,F0322,F0322-P02,groundnut,groundnut,,,REJECTED_TERMINAL,CONCENTRATION_CONTROLLED_REVISED_PLAN,unchanged_from_revised,,32877.0,False,True,recovered_or_no_prior_accept,False,phase4
p6_dev,20260812,1728,stage5_concentration,concentration_controlled_offer,F0323,F0323-P01,pigeon_pea,pigeon_pea,,,SOFT_LOCK,CONCENTRATION_CONTROLLED_REVISED_PLAN,unchanged_from_revised,,16826.0,False,True,crop_changed_from_accepted,False,phase4
p6_dev,20260812,1729,stage5_concentration,concentration_controlled_offer,F0328,F0328-P04,onion,onion,,,HARD_LOCK,CONCENTRATION_CONTROLLED_REVISED_PLAN,unchanged_from_revised,,168510.0,True,False,unchanged_accepted_crop,False,phase4
p6_dev,20260812,1730,stage5_concentration,concentration_controlled_offer,F0329,F0329-P01,maize,maize,,,FLEXIBLE,CONCENTRATION_CONTROLLED_REVISED_PLAN,unchanged_from_revised,,15730.0,True,False,unchanged_accepted_crop,False,phase4
p6_dev,20260812,1731,stage5_concentration,concentration_controlled_offer,F0330,F0330-P01,rice,rice,,,HARD_LOCK,CONCENTRATION_CONTROLLED_REVISED_PLAN,unchanged_from_revised,,7673.0,True,False,unchanged_accepted_crop,False,phase4
p6_dev,20260812,1732,stage5_concentration,concentration_controlled_offer,F0334,F0334-P02,maize,maize,,,SOFT_LOCK,CONCENTRATION_CONTROLLED_REVISED_PLAN,unchanged_from_revised,,8862.0,True,False,unchanged_accepted_crop,False,phase4
p6_dev,20260812,1733,stage5_concentration,concentration_controlled_offer,F0337,F0337-P02,groundnut,groundnut,,,SOFT_LOCK,CONCENTRATION_CONTROLLED_REVISED_PLAN,unchanged_from_revised,,15802.0,True,False,unchanged_accepted_crop,False,phase4
p6_dev,20260812,1734,stage5_concentration,concentration_controlled_offer,F0339,F0339-P01,onion,onion,,,FLEXIBLE,CONCENTRATION_CONTROLLED_REVISED_PLAN,unchanged_from_revised,,9855.0,True,False,unchanged_accepted_crop,False,phase4
p6_dev,20260812,1735,stage5_concentration,concentration_controlled_offer,F0340,F0340-P01,rice,rice,,,HARD_LOCK,CONCENTRATION_CONTROLLED_REVISED_PLAN,unchanged_from_revised,,3736.0,True,False,unchanged_accepted_crop,False,phase4
p6_dev,20260812,1736,stage5_concentration,concentration_controlled_offer,F0341,F0341-P02,groundnut,groundnut,,,HARD_LOCK,CONCENTRATION_CONTROLLED_REVISED_PLAN,unchanged_from_revised,,46028.0,True,False,unchanged_accepted_crop,False,phase4
p6_dev,20260812,1737,stage5_concentration,concentration_controlled_offer,F0342,F0342-P01,rice,rice,,,HARD_LOCK,CONCENTRATION_CONTROLLED_REVISED_PLAN,unchanged_from_revised,,3044.0,True,False,unchanged_accepted_crop,False,phase4
p6_dev,20260812,1738,stage5_concentration,concentration_controlled_offer,F0346,F0346-P01,maize,maize,,,SOFT_LOCK,CONCENTRATION_CONTROLLED_REVISED_PLAN,unchanged_from_revised,,24526.0,True,False,unchanged_accepted_crop,False,phase4
p6_dev,20260812,1739,stage5_concentration,concentration_controlled_offer,F0348,F0348-P01,rice,rice,,,FLEXIBLE,CONCENTRATION_CONTROLLED_REVISED_PLAN,unchanged_from_revised,,2562.0,True,False,unchanged_accepted_crop,False,phase4
p6_dev,20260812,1740,stage5_concentration,concentration_controlled_offer,F0350,F0350-P02,rice,rice,,,SOFT_LOCK,CONCENTRATION_CONTROLLED_REVISED_PLAN,unchanged_from_revised,,1744.0,True,False,unchanged_accepted_crop,False,phase4
p6_dev,20260812,1741,stage5_concentration,concentration_controlled_offer,F0351,F0351-P01,groundnut,groundnut,,,SOFT_LOCK,CONCENTRATION_CONTROLLED_REVISED_PLAN,unchanged_from_revised,,38498.0,False,True,crop_changed_from_accepted,False,phase4
p6_dev,20260812,1742,stage5_concentration,concentration_controlled_offer,F0352,F0352-P01,soybean,soybean,,,HARD_LOCK,CONCENTRATION_CONTROLLED_REVISED_PLAN,unchanged_from_revised,,1788.0,True,False,unchanged_accepted_crop,False,phase4
p6_dev,20260812,1743,stage5_concentration,concentration_controlled_offer,F0354,F0354-P01,onion,onion,,,HARD_LOCK,CONCENTRATION_CONTROLLED_REVISED_PLAN,unchanged_from_revised,,918016.0,True,False,unchanged_accepted_crop,False,phase4
p6_dev,20260812,1744,stage5_concentration,concentration_controlled_offer,F0354,F0354-P02,maize,maize,,,SOFT_LOCK,CONCENTRATION_CONTROLLED_REVISED_PLAN,unchanged_from_revised,,39183.0,True,False,unchanged_accepted_crop,False,phase4
p6_dev,20260812,1745,stage5_concentration,concentration_controlled_offer,F0355,F0355-P02,groundnut,groundnut,,,SOFT_LOCK,CONCENTRATION_CONTROLLED_REVISED_PLAN,unchanged_from_revised,,54194.0,False,True,crop_changed_from_accepted,False,phase4
p6_dev,20260812,1746,stage5_concentration,concentration_controlled_offer,F0356,F0356-P02,maize,maize,,,FLEXIBLE,CONCENTRATION_CONTROLLED_REVISED_PLAN,unchanged_from_revised,,2583.0,True,False,unchanged_accepted_crop,False,phase4
p6_dev,20260812,1747,stage5_concentration,concentration_controlled_offer,F0358,F0358-P02,pigeon_pea,pigeon_pea,,,HARD_LOCK,CONCENTRATION_CONTROLLED_REVISED_PLAN,unchanged_from_revised,,4354.0,True,False,unchanged_accepted_crop,False,phase4
p6_dev,20260812,1748,stage5_concentration,concentration_controlled_offer,F0359,F0359-P01,pigeon_pea,pigeon_pea,,,SOFT_LOCK,CONCENTRATION_CONTROLLED_REVISED_PLAN,unchanged_from_revised,,36947.0,True,False,unchanged_accepted_crop,False,phase4
p6_dev,20260812,1749,stage5_concentration,concentration_controlled_offer,F0363,F0363-P01,rice,rice,,,HARD_LOCK,CONCENTRATION_CONTROLLED_REVISED_PLAN,unchanged_from_revised,,6882.0,True,False,unchanged_accepted_crop,False,phase4
p6_dev,20260812,1750,stage5_concentration,concentration_controlled_offer,F0365,F0365-P02,soybean,soybean,,,HARD_LOCK,CONCENTRATION_CONTROLLED_REVISED_PLAN,unchanged_from_revised,,2613.0,True,False,unchanged_accepted_crop,False,phase4
p6_dev,20260812,1751,stage5_concentration,concentration_controlled_offer,F0365,F0365-P03,soybean,soybean,,,REJECTED_TERMINAL,CONCENTRATION_CONTROLLED_REVISED_PLAN,unchanged_from_revised,,283.0,False,True,recovered_or_no_prior_accept,False,phase4
p6_dev,20260812,1752,stage5_concentration,concentration_controlled_offer,F0366,F0366-P02,maize,maize,,,SOFT_LOCK,CONCENTRATION_CONTROLLED_REVISED_PLAN,unchanged_from_revised,,7292.0,True,False,unchanged_accepted_crop,False,phase4
p6_dev,20260812,1753,stage5_concentration,concentration_controlled_offer,F0367,F0367-P02,onion,onion,,,HARD_LOCK,CONCENTRATION_CONTROLLED_REVISED_PLAN,unchanged_from_revised,,101526.0,True,False,unchanged_accepted_crop,False,phase4
p6_dev,20260812,1754,stage5_concentration,concentration_controlled_offer,F0368,F0368-P01,maize,maize,,,HARD_LOCK,CONCENTRATION_CONTROLLED_REVISED_PLAN,unchanged_from_revised,,6813.0,True,False,unchanged_accepted_crop,False,phase4
p6_dev,20260812,1755,stage5_concentration,concentration_controlled_offer,F0370,F0370-P01,maize,maize,,,FLEXIBLE,CONCENTRATION_CONTROLLED_REVISED_PLAN,unchanged_from_revised,,14221.0,True,False,unchanged_accepted_crop,False,phase4
p6_dev,20260812,1756,stage5_concentration,concentration_controlled_offer,F0371,F0371-P01,maize,maize,,,HARD_LOCK,CONCENTRATION_CONTROLLED_REVISED_PLAN,unchanged_from_revised,,6835.0,True,False,unchanged_accepted_crop,False,phase4
p6_dev,20260812,1757,stage5_concentration,concentration_controlled_offer,F0371,F0371-P03,maize,maize,,,HARD_LOCK,CONCENTRATION_CONTROLLED_REVISED_PLAN,unchanged_from_revised,,49805.0,True,False,unchanged_accepted_crop,False,phase4
p6_dev,20260812,1758,stage5_concentration,concentration_controlled_offer,F0372,F0372-P01,soybean,soybean,,,HARD_LOCK,CONCENTRATION_CONTROLLED_REVISED_PLAN,unchanged_from_revised,,19286.0,True,False,unchanged_accepted_crop,False,phase4
p6_dev,20260812,1759,stage5_concentration,concentration_controlled_offer,F0372,F0372-P03,soybean,soybean,,,FLEXIBLE,CONCENTRATION_CONTROLLED_REVISED_PLAN,unchanged_from_revised,,3888.0,True,False,unchanged_accepted_crop,False,phase4
p6_dev,20260812,1760,stage5_concentration,concentration_controlled_offer,F0374,F0374-P01,maize,maize,,,HARD_LOCK,CONCENTRATION_CONTROLLED_REVISED_PLAN,unchanged_from_revised,,38719.0,True,False,unchanged_accepted_crop,False,phase4
p6_dev,20260812,1761,stage5_concentration,concentration_controlled_offer,F0374,F0374-P04,maize,maize,,,SOFT_LOCK,CONCENTRATION_CONTROLLED_REVISED_PLAN,unchanged_from_revised,,40681.0,True,False,unchanged_accepted_crop,False,phase4
p6_dev,20260812,1762,stage5_concentration,concentration_controlled_offer,F0375,F0375-P02,maize,maize,,,HARD_LOCK,CONCENTRATION_CONTROLLED_REVISED_PLAN,unchanged_from_revised,,27502.0,True,False,unchanged_accepted_crop,False,phase4
p6_dev,20260812,1763,stage5_concentration,concentration_controlled_offer,F0375,F0375-P03,maize,maize,,,SOFT_LOCK,CONCENTRATION_CONTROLLED_REVISED_PLAN,unchanged_from_revised,,10530.0,True,False,unchanged_accepted_crop,False,phase4
p6_dev,20260812,1764,stage5_concentration,concentration_controlled_offer,F0378,F0378-P02,groundnut,groundnut,,,FLEXIBLE,CONCENTRATION_CONTROLLED_REVISED_PLAN,unchanged_from_revised,,29281.0,True,False,unchanged_accepted_crop,False,phase4
p6_dev,20260812,1765,stage5_concentration,concentration_controlled_offer,F0379,F0379-P02,pigeon_pea,pigeon_pea,,,SOFT_LOCK,CONCENTRATION_CONTROLLED_REVISED_PLAN,unchanged_from_revised,,13845.0,False,True,crop_changed_from_accepted,False,phase4
p6_dev,20260812,1766,stage5_concentration,concentration_controlled_offer,F0381,F0381-P01,cotton,cotton,,,HARD_LOCK,CONCENTRATION_CONTROLLED_REVISED_PLAN,unchanged_from_revised,,8010.0,True,False,unchanged_accepted_crop,False,phase4
p6_dev,20260812,1767,stage5_concentration,concentration_controlled_offer,F0382,F0382-P01,soybean,soybean,,,FLEXIBLE,CONCENTRATION_CONTROLLED_REVISED_PLAN,unchanged_from_revised,,2867.0,True,False,unchanged_accepted_crop,False,phase4
p6_dev,20260812,1768,stage5_concentration,concentration_controlled_offer,F0387,F0387-P03,rice,rice,,,SOFT_LOCK,CONCENTRATION_CONTROLLED_REVISED_PLAN,unchanged_from_revised,,3434.0,True,False,unchanged_accepted_crop,False,phase4
p6_dev,20260812,1769,stage5_concentration,concentration_controlled_offer,F0388,F0388-P02,maize,maize,,,FLEXIBLE,CONCENTRATION_CONTROLLED_REVISED_PLAN,unchanged_from_revised,,5101.0,True,False,unchanged_accepted_crop,False,phase4
p6_dev,20260812,1770,stage5_concentration,concentration_controlled_offer,F0392,F0392-P01,maize,maize,,,SOFT_LOCK,CONCENTRATION_CONTROLLED_REVISED_PLAN,unchanged_from_revised,,15141.0,True,False,unchanged_accepted_crop,False,phase4
p6_dev,20260812,1771,stage5_concentration,concentration_controlled_offer,F0394,F0394-P02,rice,rice,,,FLEXIBLE,CONCENTRATION_CONTROLLED_REVISED_PLAN,unchanged_from_revised,,1945.0,True,False,unchanged_accepted_crop,False,phase4
p6_dev,20260812,1772,stage5_concentration,concentration_controlled_offer,F0398,F0398-P01,onion,onion,,,SOFT_LOCK,CONCENTRATION_CONTROLLED_REVISED_PLAN,unchanged_from_revised,,122818.0,True,False,unchanged_accepted_crop,False,phase4
p6_dev,20260812,1773,stage5_concentration,concentration_controlled_offer,F0398,F0398-P02,sorghum,sorghum,,,SOFT_LOCK,CONCENTRATION_CONTROLLED_REVISED_PLAN,unchanged_from_revised,,6633.0,True,False,unchanged_accepted_crop,False,phase4
p6_dev,20260812,1774,stage5_concentration,concentration_controlled_offer,F0398,F0398-P03,maize,maize,,,HARD_LOCK,CONCENTRATION_CONTROLLED_REVISED_PLAN,unchanged_from_revised,,13532.0,True,False,unchanged_accepted_crop,False,phase4
p6_dev,20260812,1775,stage5_concentration,concentration_controlled_offer,F0399,F0399-P02,maize,maize,,,SOFT_LOCK,CONCENTRATION_CONTROLLED_REVISED_PLAN,unchanged_from_revised,,6475.0,True,False,unchanged_accepted_crop,False,phase4
p6_dev,20260812,1776,stage5_concentration,concentration_controlled_offer,F0400,F0400-P02,rice,rice,,,FLEXIBLE,CONCENTRATION_CONTROLLED_REVISED_PLAN,unchanged_from_revised,,11074.0,True,False,unchanged_accepted_crop,False,phase4
p6_dev,20260812,1777,stage5_concentration,concentration_controlled_offer,F0403,F0403-P01,soybean,soybean,,,FLEXIBLE,CONCENTRATION_CONTROLLED_REVISED_PLAN,unchanged_from_revised,,2642.0,True,False,unchanged_accepted_crop,False,phase4
p6_dev,20260812,1778,stage5_concentration,concentration_controlled_offer,F0404,F0404-P02,groundnut,groundnut,,,FLEXIBLE,CONCENTRATION_CONTROLLED_REVISED_PLAN,unchanged_from_revised,,21847.0,False,True,crop_changed_from_accepted,False,phase4
p6_dev,20260812,1779,stage5_concentration,concentration_controlled_offer,F0405,F0405-P01,maize,maize,,,HARD_LOCK,CONCENTRATION_CONTROLLED_REVISED_PLAN,unchanged_from_revised,,3009.0,True,False,unchanged_accepted_crop,False,phase4
p6_dev,20260812,1780,stage5_concentration,concentration_controlled_offer,F0405,F0405-P02,maize,maize,,,FLEXIBLE,CONCENTRATION_CONTROLLED_REVISED_PLAN,unchanged_from_revised,,55299.0,True,False,unchanged_accepted_crop,False,phase4
p6_dev,20260812,1781,stage5_concentration,concentration_controlled_offer,F0406,F0406-P01,groundnut,groundnut,,,FLEXIBLE,CONCENTRATION_CONTROLLED_REVISED_PLAN,unchanged_from_revised,,22908.0,False,True,crop_changed_from_accepted,False,phase4
p6_dev,20260812,1782,stage5_concentration,concentration_controlled_offer,F0408,F0408-P01,soybean,soybean,,,SOFT_LOCK,CONCENTRATION_CONTROLLED_REVISED_PLAN,unchanged_from_revised,,7084.0,True,False,unchanged_accepted_crop,False,phase4
p6_dev,20260812,1783,stage5_concentration,concentration_controlled_offer,F0412,F0412-P02,soybean,soybean,,,SOFT_LOCK,CONCENTRATION_CONTROLLED_REVISED_PLAN,unchanged_from_revised,,704.0,True,False,unchanged_accepted_crop,False,phase4
p6_dev,20260812,1784,stage5_concentration,concentration_controlled_offer,F0413,F0413-P03,groundnut,groundnut,,,REJECTED_TERMINAL,CONCENTRATION_CONTROLLED_REVISED_PLAN,unchanged_from_revised,,46134.0,False,True,recovered_or_no_prior_accept,False,phase4
p6_dev,20260812,1785,stage5_concentration,concentration_controlled_offer,F0414,F0414-P01,soybean,soybean,,,FLEXIBLE,CONCENTRATION_CONTROLLED_REVISED_PLAN,unchanged_from_revised,,6756.0,True,False,unchanged_accepted_crop,False,phase4
p6_dev,20260812,1786,stage5_concentration,concentration_controlled_offer,F0415,F0415-P01,maize,maize,,,FLEXIBLE,CONCENTRATION_CONTROLLED_REVISED_PLAN,unchanged_from_revised,,3139.0,True,False,unchanged_accepted_crop,False,phase4
p6_dev,20260812,1787,stage5_concentration,concentration_controlled_offer,F0415,F0415-P02,maize,maize,,,HARD_LOCK,CONCENTRATION_CONTROLLED_REVISED_PLAN,unchanged_from_revised,,36855.0,True,False,unchanged_accepted_crop,False,phase4
p6_dev,20260812,1788,stage5_concentration,concentration_controlled_offer,F0423,F0423-P01,maize,maize,,,REJECTED_TERMINAL,CONCENTRATION_CONTROLLED_REVISED_PLAN,unchanged_from_revised,,32146.0,False,True,recovered_or_no_prior_accept,False,phase4
p6_dev,20260812,1789,stage5_concentration,concentration_controlled_offer,F0424,F0424-P02,maize,maize,,,HARD_LOCK,CONCENTRATION_CONTROLLED_REVISED_PLAN,unchanged_from_revised,,1439.0,True,False,unchanged_accepted_crop,False,phase4
p6_dev,20260812,1790,stage5_concentration,concentration_controlled_offer,F0425,F0425-P01,onion,onion,,,SOFT_LOCK,CONCENTRATION_CONTROLLED_REVISED_PLAN,unchanged_from_revised,,36612.0,True,False,unchanged_accepted_crop,False,phase4
p6_dev,20260812,1791,stage5_concentration,concentration_controlled_offer,F0427,F0427-P01,groundnut,groundnut,,,HARD_LOCK,CONCENTRATION_CONTROLLED_REVISED_PLAN,unchanged_from_revised,,32304.0,True,False,unchanged_accepted_crop,False,phase4
p6_dev,20260812,1792,stage5_concentration,concentration_controlled_offer,F0428,F0428-P02,maize,maize,,,SOFT_LOCK,CONCENTRATION_CONTROLLED_REVISED_PLAN,unchanged_from_revised,,55102.0,True,False,unchanged_accepted_crop,False,phase4
p6_dev,20260812,1793,stage5_concentration,concentration_controlled_offer,F0428,F0428-P04,maize,maize,,,FLEXIBLE,CONCENTRATION_CONTROLLED_REVISED_PLAN,unchanged_from_revised,,62166.0,True,False,unchanged_accepted_crop,False,phase4
p6_dev,20260812,1794,stage5_concentration,concentration_controlled_offer,F0430,F0430-P01,maize,maize,,,FLEXIBLE,CONCENTRATION_CONTROLLED_REVISED_PLAN,unchanged_from_revised,,57621.0,True,False,unchanged_accepted_crop,False,phase4
p6_dev,20260812,1795,stage5_concentration,concentration_controlled_offer,F0431,F0431-P01,maize,maize,,,FLEXIBLE,CONCENTRATION_CONTROLLED_REVISED_PLAN,unchanged_from_revised,,12230.0,True,False,unchanged_accepted_crop,False,phase4
p6_dev,20260812,1796,stage5_concentration,concentration_controlled_offer,F0433,F0433-P01,rice,rice,,,HARD_LOCK,CONCENTRATION_CONTROLLED_REVISED_PLAN,unchanged_from_revised,,3534.0,True,False,unchanged_accepted_crop,False,phase4
p6_dev,20260812,1797,stage5_concentration,concentration_controlled_offer,F0435,F0435-P01,rice,rice,,,SOFT_LOCK,CONCENTRATION_CONTROLLED_REVISED_PLAN,unchanged_from_revised,,4266.0,True,False,unchanged_accepted_crop,False,phase4
p6_dev,20260812,1798,stage5_concentration,concentration_controlled_offer,F0436,F0436-P01,cotton,cotton,,,HARD_LOCK,CONCENTRATION_CONTROLLED_REVISED_PLAN,unchanged_from_revised,,32746.0,True,False,unchanged_accepted_crop,False,phase4
p6_dev,20260812,1799,stage5_concentration,concentration_controlled_offer,F0440,F0440-P01,maize,maize,,,SOFT_LOCK,CONCENTRATION_CONTROLLED_REVISED_PLAN,unchanged_from_revised,,8097.0,True,False,unchanged_accepted_crop,False,phase4
p6_dev,20260812,1800,stage5_concentration,concentration_controlled_offer,F0443,F0443-P01,onion,onion,,,FLEXIBLE,CONCENTRATION_CONTROLLED_REVISED_PLAN,unchanged_from_revised,,5583.0,True,False,unchanged_accepted_crop,False,phase4
p6_dev,20260812,1801,stage5_concentration,concentration_controlled_offer,F0445,F0445-P01,rice,rice,,,SOFT_LOCK,CONCENTRATION_CONTROLLED_REVISED_PLAN,unchanged_from_revised,,966.0,True,False,unchanged_accepted_crop,False,phase4
p6_dev,20260812,1802,stage5_concentration,concentration_controlled_offer,F0445,F0445-P02,groundnut,groundnut,,,FLEXIBLE,CONCENTRATION_CONTROLLED_REVISED_PLAN,unchanged_from_revised,,38922.0,True,False,unchanged_accepted_crop,False,phase4
p6_dev,20260812,1803,stage5_concentration,concentration_controlled_offer,F0448,F0448-P01,maize,maize,,,SOFT_LOCK,CONCENTRATION_CONTROLLED_REVISED_PLAN,unchanged_from_revised,,44703.0,True,False,unchanged_accepted_crop,False,phase4
p6_dev,20260812,1804,stage5_concentration,concentration_controlled_offer,F0451,F0451-P02,cotton,cotton,,,HARD_LOCK,CONCENTRATION_CONTROLLED_REVISED_PLAN,unchanged_from_revised,,5229.0,True,False,unchanged_accepted_crop,False,phase4
p6_dev,20260812,1805,stage5_concentration,concentration_controlled_offer,F0453,F0453-P01,onion,onion,,,SOFT_LOCK,CONCENTRATION_CONTROLLED_REVISED_PLAN,unchanged_from_revised,,499839.0,True,False,unchanged_accepted_crop,False,phase4
p6_dev,20260812,1806,stage5_concentration,concentration_controlled_offer,F0453,F0453-P02,maize,maize,,,SOFT_LOCK,CONCENTRATION_CONTROLLED_REVISED_PLAN,unchanged_from_revised,,16008.0,True,False,unchanged_accepted_crop,False,phase4
p6_dev,20260812,1807,stage5_concentration,concentration_controlled_offer,F0459,F0459-P01,maize,maize,,,SOFT_LOCK,CONCENTRATION_CONTROLLED_REVISED_PLAN,unchanged_from_revised,,8507.0,True,False,unchanged_accepted_crop,False,phase4
p6_dev,20260812,1808,stage5_concentration,concentration_controlled_offer,F0459,F0459-P02,maize,maize,,,FLEXIBLE,CONCENTRATION_CONTROLLED_REVISED_PLAN,unchanged_from_revised,,6068.0,False,True,crop_changed_from_accepted,False,phase4
p6_dev,20260812,1809,stage5_concentration,concentration_controlled_offer,F0460,F0460-P02,rice,rice,,,HARD_LOCK,CONCENTRATION_CONTROLLED_REVISED_PLAN,unchanged_from_revised,,2576.0,True,False,unchanged_accepted_crop,False,phase4
p6_dev,20260812,1810,stage5_concentration,concentration_controlled_offer,F0470,F0470-P01,maize,maize,,,SOFT_LOCK,CONCENTRATION_CONTROLLED_REVISED_PLAN,unchanged_from_revised,,35292.0,True,False,unchanged_accepted_crop,False,phase4
p6_dev,20260812,1811,stage5_concentration,concentration_controlled_offer,F0471,F0471-P01,soybean,soybean,,,HARD_LOCK,CONCENTRATION_CONTROLLED_REVISED_PLAN,unchanged_from_revised,,2313.0,True,False,unchanged_accepted_crop,False,phase4
p6_dev,20260812,1812,stage5_concentration,concentration_controlled_offer,F0472,F0472-P02,groundnut,groundnut,,,FLEXIBLE,CONCENTRATION_CONTROLLED_REVISED_PLAN,unchanged_from_revised,,226005.0,True,False,unchanged_accepted_crop,False,phase4
p6_dev,20260812,1813,stage5_concentration,concentration_controlled_offer,F0478,F0478-P01,maize,maize,,,FLEXIBLE,CONCENTRATION_CONTROLLED_REVISED_PLAN,unchanged_from_revised,,31590.0,True,False,unchanged_accepted_crop,False,phase4
p6_dev,20260812,1814,stage5_concentration,concentration_controlled_offer,F0479,F0479-P01,rice,rice,,,FLEXIBLE,CONCENTRATION_CONTROLLED_REVISED_PLAN,unchanged_from_revised,,2401.0,True,False,unchanged_accepted_crop,False,phase4
p6_dev,20260812,1815,stage5_concentration,concentration_controlled_offer,F0481,F0481-P02,groundnut,groundnut,,,SOFT_LOCK,CONCENTRATION_CONTROLLED_REVISED_PLAN,unchanged_from_revised,,7742.0,False,True,crop_changed_from_accepted,False,phase4
p6_dev,20260812,1816,stage5_concentration,concentration_controlled_offer,F0484,F0484-P01,soybean,soybean,,,HARD_LOCK,CONCENTRATION_CONTROLLED_REVISED_PLAN,unchanged_from_revised,,6081.0,True,False,unchanged_accepted_crop,False,phase4
p6_dev,20260812,1817,stage5_concentration,concentration_controlled_offer,F0486,F0486-P01,rice,rice,,,FLEXIBLE,CONCENTRATION_CONTROLLED_REVISED_PLAN,unchanged_from_revised,,2609.0,True,False,unchanged_accepted_crop,False,phase4
p6_dev,20260812,1818,stage5_concentration,concentration_controlled_offer,F0486,F0486-P02,groundnut,groundnut,,,FLEXIBLE,CONCENTRATION_CONTROLLED_REVISED_PLAN,unchanged_from_revised,,4348.0,True,False,unchanged_accepted_crop,False,phase4
p6_dev,20260812,1819,stage5_concentration,concentration_controlled_offer,F0488,F0488-P02,rice,rice,,,SOFT_LOCK,CONCENTRATION_CONTROLLED_REVISED_PLAN,unchanged_from_revised,,2723.0,True,False,unchanged_accepted_crop,False,phase4
p6_dev,20260812,1820,stage5_concentration,concentration_controlled_offer,F0489,F0489-P01,rice,rice,,,HARD_LOCK,CONCENTRATION_CONTROLLED_REVISED_PLAN,unchanged_from_revised,,2911.0,True,False,unchanged_accepted_crop,False,phase4
p6_dev,20260812,1821,stage5_concentration,concentration_controlled_offer,F0490,F0490-P01,maize,maize,,,FLEXIBLE,CONCENTRATION_CONTROLLED_REVISED_PLAN,unchanged_from_revised,,7718.0,True,False,unchanged_accepted_crop,False,phase4
p6_dev,20260812,1822,stage5_concentration,concentration_controlled_offer,F0491,F0491-P01,sorghum,sorghum,,,HARD_LOCK,CONCENTRATION_CONTROLLED_REVISED_PLAN,unchanged_from_revised,,9887.0,True,False,unchanged_accepted_crop,False,phase4
p6_dev,20260812,1823,stage5_concentration,concentration_controlled_offer,F0492,F0492-P01,onion,onion,,,SOFT_LOCK,CONCENTRATION_CONTROLLED_REVISED_PLAN,unchanged_from_revised,,37910.0,True,False,unchanged_accepted_crop,False,phase4
p6_dev,20260812,1824,stage5_concentration,concentration_controlled_offer,F0492,F0492-P02,maize,maize,,,HARD_LOCK,CONCENTRATION_CONTROLLED_REVISED_PLAN,unchanged_from_revised,,13812.0,True,False,unchanged_accepted_crop,False,phase4
p6_dev,20260812,1825,stage5_concentration,concentration_controlled_offer,F0493,F0493-P01,rice,rice,,,FLEXIBLE,CONCENTRATION_CONTROLLED_REVISED_PLAN,unchanged_from_revised,,2482.0,True,False,unchanged_accepted_crop,False,phase4
p6_dev,20260812,1826,stage5_concentration,concentration_controlled_offer,F0496,F0496-P01,sorghum,sorghum,,,REJECTED_TERMINAL,CONCENTRATION_CONTROLLED_REVISED_PLAN,unchanged_from_revised,,41325.0,False,True,recovered_or_no_prior_accept,False,phase4
p6_dev,20260812,1827,stage5_concentration,concentration_controlled_offer,F0496,F0496-P02,onion,onion,,,FLEXIBLE,CONCENTRATION_CONTROLLED_REVISED_PLAN,unchanged_from_revised,,27264.0,True,False,unchanged_accepted_crop,False,phase4
p6_dev,20260812,1828,stage5_concentration,concentration_controlled_offer,F0496,F0496-P03,onion,onion,,,FLEXIBLE,CONCENTRATION_CONTROLLED_REVISED_PLAN,unchanged_from_revised,,114898.0,True,False,unchanged_accepted_crop,False,phase4
p6_dev,20260812,1829,stage5_concentration,concentration_controlled_offer,F0497,F0497-P01,onion,onion,,,FLEXIBLE,CONCENTRATION_CONTROLLED_REVISED_PLAN,unchanged_from_revised,,4804.0,False,True,crop_changed_from_accepted,False,phase4
p6_dev,20260812,1830,stage5_concentration,concentration_controlled_offer,F0499,F0499-P02,onion,onion,,,SOFT_LOCK,CONCENTRATION_CONTROLLED_REVISED_PLAN,unchanged_from_revised,,3434.0,False,True,crop_changed_from_accepted,False,phase4
p6_dev,20260812,1831,stage6_resilience_demo,N-1_shock,F0436,,,cotton,,,,COUNTERFACTUAL_POST_SHOCK_BACKUP_PLAN,N-1 max-LPS crop; backup Optimal,,,False,,,True,phase5
p6_dev,20260812,1832,stage6_resilience_demo,hazard_shock,,,,,,,,COUNTERFACTUAL_POST_SHOCK_BACKUP_PLAN,hazard R1-HZ1; backup Optimal,,,False,,,True,phase5
p6_dev,20260812,1833,stage6_resilience_demo,hazard_shock_infeasible_path,,,,,,,,COUNTERFACTUAL_POST_SHOCK_BACKUP_PLAN,R5-HZ1 expected infeasible; status Infeasible,,,False,,,True,phase5
