relative_path,family,seed,completion,classification,sha256
action_robustness/seed_192338__profile=PRIMARY.json,ACTION_ROBUSTNESS,192338,COMPLETE,CLEAN,5fc3aa42ef7d8cef324e63168065b3ef9e58c0d3a0c91b815de7fa003ab8ba71
action_robustness/seed_192338__profile=S1.json,ACTION_ROBUSTNESS,192338,COMPLETE,CLEAN,7758fec59c98d190178559426ae6fe40c23f9fd1c79b1831f442d34f8cd262c3
action_robustness/seed_192338__profile=S2.json,ACTION_ROBUSTNESS,192338,COMPLETE,CLEAN,173ef0aaea646787d33b1afd60b6e8c82d248902c0fdb56a47d810726bd8e3a9
action_robustness/seed_196157__profile=PRIMARY.json,ACTION_ROBUSTNESS,196157,COMPLETE,Infeasible|proposed.reopt_phase3,867886f4f79f6e4326282949a55263069173c7d9f116ea22427d30d145f3aaa2
action_robustness/seed_196157__profile=S1.json,ACTION_ROBUSTNESS,196157,COMPLETE,Infeasible|proposed.reopt_phase3,174c2c18f60ad5ddbd7f2883c823128432c64f2384bc8cbdfd0305a5a8d326af
action_robustness/seed_196157__profile=S2.json,ACTION_ROBUSTNESS,196157,COMPLETE,Infeasible|proposed.reopt_phase3,215076624a0dabea343b20dd2cb605fc2ff14afe0ac28eaee26280b1ccda2e56
action_robustness/seed_200768__profile=PRIMARY.json,ACTION_ROBUSTNESS,200768,COMPLETE,CLEAN,6ae2817745828a3f5e210580f23a374af421c2e3cf459ee57aed03d7e6e681d7
action_robustness/seed_200768__profile=S1.json,ACTION_ROBUSTNESS,200768,COMPLETE,CLEAN,aa3f28b325482270d0b8ac4b8d03b9e98cce4e3115c656277b1e61cc6f424e0e
action_robustness/seed_200768__profile=S2.json,ACTION_ROBUSTNESS,200768,COMPLETE,CLEAN,13613ce8b495c20eb281d52015e7f9bbc79ef3beb7dc83aa279b2ca978ce4c2c
action_robustness/seed_222335__profile=PRIMARY.json,ACTION_ROBUSTNESS,222335,COMPLETE,CLEAN,bf158df4c3f29bcf6c370001b42c123bdf20fc9091300314a202efaaa566c541
action_robustness/seed_222335__profile=S1.json,ACTION_ROBUSTNESS,222335,COMPLETE,CLEAN,8361f4294d366e026f9974df1cde38fc55e414d246b69e8e1a433bf668fbedae
action_robustness/seed_222335__profile=S2.json,ACTION_ROBUSTNESS,222335,COMPLETE,CLEAN,9f9633ad55a3031126cfdddc1bd868752f6a1243d8fae9f516fc2a30e0f36b50
action_robustness/seed_262122__profile=PRIMARY.json,ACTION_ROBUSTNESS,262122,COMPLETE,CLEAN,2aae48e9af6243071920a16a11547662e02a87c7f78c2f51256de0fc7171b49e
action_robustness/seed_262122__profile=S1.json,ACTION_ROBUSTNESS,262122,COMPLETE,CLEAN,cd8aec9002faf8e5594b74a3ce9221ea3ee1538f1d3c0a654ac8da09aa78273e
action_robustness/seed_262122__profile=S2.json,ACTION_ROBUSTNESS,262122,COMPLETE,CLEAN,a4d0f826a01d16d64ae0467bafa4efcb5bbf9b83fdc03bb25bab36d46e7862a2
action_robustness/seed_288572__profile=PRIMARY.json,ACTION_ROBUSTNESS,288572,COMPLETE,CLEAN,3b29a9c208de43f00d8803d104516baa07fadf594f6007308de9dfbf5da85b08
action_robustness/seed_288572__profile=S1.json,ACTION_ROBUSTNESS,288572,COMPLETE,CLEAN,d6e37491d1b9fb98addb5eac57ffaf2fd2b373a5c7f3484ccbf8dd1f1341db9d
action_robustness/seed_288572__profile=S2.json,ACTION_ROBUSTNESS,288572,COMPLETE,CLEAN,1408e69b38cf7b06be8ded56419e8ebdb5b3b32187da195396de522d72e94fb1
action_robustness/seed_320290__profile=PRIMARY.json,ACTION_ROBUSTNESS,320290,COMPLETE,CLEAN,c0b4e37949f4311489325646287238f3ccdf944a6742e11e7a304e9d35e9a505
action_robustness/seed_320290__profile=S1.json,ACTION_ROBUSTNESS,320290,COMPLETE,CLEAN,e919ea868abeee312898b191ea99bd7e672dd2f8243e82ef0ab4251b115ce5af
action_robustness/seed_320290__profile=S2.json,ACTION_ROBUSTNESS,320290,COMPLETE,CLEAN,6a484128888cbae6f04202438518d724b0489395f104f761ec87070fcfa51b47
action_robustness/seed_321611__profile=PRIMARY.json,ACTION_ROBUSTNESS,321611,COMPLETE,CLEAN,a5cd1a06b5a040a0f87349a3173c586e7cbf1c99db7c356d4f7b6dc41c01e71a
action_robustness/seed_321611__profile=S1.json,ACTION_ROBUSTNESS,321611,COMPLETE,CLEAN,3fb118ce877fe8c1e48ad476c28c6101bb1ded63c821a3d7ca2970344a499629
action_robustness/seed_321611__profile=S2.json,ACTION_ROBUSTNESS,321611,COMPLETE,CLEAN,51b55ee0ca08acd47f8cb3ac4fb744db8f9efd999f645119270b87cfbae1f201
action_robustness/seed_331297__profile=PRIMARY.json,ACTION_ROBUSTNESS,331297,COMPLETE,CLEAN,f77eb1eb8e1886967eda5f18abef31f46b8c174018602ffe57b1b6f4be5339c5
action_robustness/seed_331297__profile=S1.json,ACTION_ROBUSTNESS,331297,COMPLETE,CLEAN,1296e8f349b03e68bdb755248fc4e37df324567ca5621d534356f35841309eec
action_robustness/seed_331297__profile=S2.json,ACTION_ROBUSTNESS,331297,COMPLETE,Infeasible|proposed.reopt_phase3,c3c9fced91b2c9fbe3a4079d8fbcd5ee58279825fff1c3feef2bdef5e84e7aa7
action_robustness/seed_385101__profile=PRIMARY.json,ACTION_ROBUSTNESS,385101,COMPLETE,CLEAN,84e70eba8f615fb3c10e9faa2085fc0a3ac207f717b8e1eafa4d1b3a0e6a6ea8
action_robustness/seed_385101__profile=S1.json,ACTION_ROBUSTNESS,385101,COMPLETE,CLEAN,af73927ed0e03f2fb23c2b6d34298563f7acf5d05a6b8c351f3fb28e2e0111b8
action_robustness/seed_385101__profile=S2.json,ACTION_ROBUSTNESS,385101,COMPLETE,CLEAN,17dce8130a5d0ac683d8bae760ffdefbd435fe3ebeebf6434a0c1150b072e104
action_robustness/seed_449132__profile=PRIMARY.json,ACTION_ROBUSTNESS,449132,COMPLETE,CLEAN,ba6208aed85a889f8acb9f94c0e6d35b3f38635c75edae2aaa114e61b00968b4
action_robustness/seed_449132__profile=S1.json,ACTION_ROBUSTNESS,449132,COMPLETE,CLEAN,84a9f3e73866c7f9f1f0a39f97b03d631f9bcf99a05f685b0ae5516380e0529f
action_robustness/seed_449132__profile=S2.json,ACTION_ROBUSTNESS,449132,COMPLETE,CLEAN,d95437e13a0248743b74963673b83278b944331e61e99e98473ae43d7a4de665
action_robustness/seed_496928__profile=PRIMARY.json,ACTION_ROBUSTNESS,496928,COMPLETE,Infeasible|proposed.reopt_phase3,2a3e35d766e076e1adc74962cec3255749387a064d783700fead053a344e7460
action_robustness/seed_496928__profile=S1.json,ACTION_ROBUSTNESS,496928,COMPLETE,Infeasible|proposed.reopt_phase3,99f1700ba029543d35a99eb71a477d1a4884c53aeaae750898db8ffda8b4145d
action_robustness/seed_496928__profile=S2.json,ACTION_ROBUSTNESS,496928,COMPLETE,Infeasible|proposed.reopt_phase3,f659bbf4345dfbd04a17aaaf2beb47c9796cff4c0b9434f7e815a6d9448bcd9e
action_robustness/seed_514942__profile=PRIMARY.json,ACTION_ROBUSTNESS,514942,COMPLETE,CLEAN,9485e20eaa71faa239f8e95977845b7c6dac7812621f2ff10d4e9ed73616d2d1
action_robustness/seed_514942__profile=S1.json,ACTION_ROBUSTNESS,514942,COMPLETE,CLEAN,b3cb720b231281e2ac7c62c6794a8d5fa5607deeb2a923e4678505c9f679b9db
action_robustness/seed_514942__profile=S2.json,ACTION_ROBUSTNESS,514942,COMPLETE,CLEAN,a88d207df3479f2911705a860516e5daa07b3a28f7fe3d2525e94870d4782501
action_robustness/seed_52314__profile=PRIMARY.json,ACTION_ROBUSTNESS,52314,COMPLETE,CLEAN,8194bf736f0864e874b035806ccf9f5b234f7421597d40e45d0b8114d556729c
action_robustness/seed_52314__profile=S1.json,ACTION_ROBUSTNESS,52314,COMPLETE,CLEAN,6d022925c44b46b02a08fa6a1c845b92dad05adbe889e01c14a30f5b1036fede
action_robustness/seed_52314__profile=S2.json,ACTION_ROBUSTNESS,52314,COMPLETE,CLEAN,e890122cf152f3998f1664274eea88b4910d7cd10dd46dc62a4ea3473d8888e1
action_robustness/seed_57684__profile=PRIMARY.json,ACTION_ROBUSTNESS,57684,COMPLETE,CLEAN,c5ea9e5d36b2c3a5180a36071c1e78b6f8384069cf020ec42988fd330f844dac
action_robustness/seed_57684__profile=S1.json,ACTION_ROBUSTNESS,57684,COMPLETE,CLEAN,7535147450a69d41ba5faf64a8e53d25b4df8f80484361d8ae1dc0247c8dc019
action_robustness/seed_57684__profile=S2.json,ACTION_ROBUSTNESS,57684,COMPLETE,CLEAN,94df5a130b0c34c8c03042f1a708d8c1e57c4644d29469d66bc5d3a9f6ef41ce
action_robustness/seed_621609__profile=PRIMARY.json,ACTION_ROBUSTNESS,621609,COMPLETE,Infeasible|proposed.reopt_phase3,7fb3e5af28f998be0d0416c86b923775479b5ba8779adc96edd7c21e8aff3507
action_robustness/seed_621609__profile=S1.json,ACTION_ROBUSTNESS,621609,COMPLETE,Infeasible|proposed.reopt_phase3,a3357550abe5d7a92f5f08276ea06c9aa6db05f8c268c9685508723188191001
action_robustness/seed_621609__profile=S2.json,ACTION_ROBUSTNESS,621609,COMPLETE,Infeasible|proposed.reopt_phase3,846cec8515901374f4b0128a99582a0e5cf1c79c6986fa509ac84aee80d37c81
action_robustness/seed_627177__profile=PRIMARY.json,ACTION_ROBUSTNESS,627177,COMPLETE,Infeasible|proposed.reopt_phase3,a02a88b9bd999deb30d442a116d847b71e24006b869de967647cf0fbfd61e08e
action_robustness/seed_627177__profile=S1.json,ACTION_ROBUSTNESS,627177,COMPLETE,CLEAN,aa193e3cf50b41f61de86a8bfc6fc78332fd7e597406ea2b7a9ffc00414754c3
action_robustness/seed_627177__profile=S2.json,ACTION_ROBUSTNESS,627177,COMPLETE,Infeasible|proposed.reopt_phase3,6a50bb0f5ee2193ff284c918c82096cf54487ab2a24dc126048e93c98829380a
action_robustness/seed_637394__profile=PRIMARY.json,ACTION_ROBUSTNESS,637394,COMPLETE,CLEAN,76c48e951de6d0788d8d48ecac203d3f50703e11c72300389eddbed75256e021
action_robustness/seed_637394__profile=S1.json,ACTION_ROBUSTNESS,637394,COMPLETE,CLEAN,4bd5babcfe3c931d4c056e57e704b205e56bdd04e69473fa344756dd06d7a296
action_robustness/seed_637394__profile=S2.json,ACTION_ROBUSTNESS,637394,COMPLETE,CLEAN,1c99dc78dab91c81e55b7a356a5f276161ccbeaaabb2636dbd322daf9936fb5c
action_robustness/seed_651976__profile=PRIMARY.json,ACTION_ROBUSTNESS,651976,COMPLETE,CLEAN,fbc788d1f2dc4d9277330366e15b129317475eef128e7b1444b532361884dd01
action_robustness/seed_651976__profile=S1.json,ACTION_ROBUSTNESS,651976,COMPLETE,CLEAN,4c656b80601ebc2ddb639becb8fb518187b5ff748afc70b20843183149c83a7c
action_robustness/seed_651976__profile=S2.json,ACTION_ROBUSTNESS,651976,COMPLETE,CLEAN,2a4253663ecf5e82ce34943c5c1d25c726be2eb0ac49de4737037188e4045697
action_robustness/seed_65693__profile=PRIMARY.json,ACTION_ROBUSTNESS,65693,COMPLETE,CLEAN,04c1e519146229d67ec1cd96a81221b9ea6f42d473992d331c3f6a0e99ac2bab
action_robustness/seed_65693__profile=S1.json,ACTION_ROBUSTNESS,65693,COMPLETE,CLEAN,6206857c83345f20b650f5caf3a0b1c2b3d9b04f35947f4e93bdf7ea9e9b3534
action_robustness/seed_65693__profile=S2.json,ACTION_ROBUSTNESS,65693,COMPLETE,CLEAN,c891b1fe185182d1d2b96a1363867e095e21ca271b636f4e3dd8718a0acbc313
action_robustness/seed_679242__profile=PRIMARY.json,ACTION_ROBUSTNESS,679242,COMPLETE,CLEAN,da62ccaec06809b088bf134d97a723012b68ab1aaf9ce7b4e76ee5c629cfceb4
action_robustness/seed_679242__profile=S1.json,ACTION_ROBUSTNESS,679242,COMPLETE,CLEAN,04143edf0a22f08b2a10276201d2c7b466e6a5957d5f81e9fe128417d3d1df38
action_robustness/seed_679242__profile=S2.json,ACTION_ROBUSTNESS,679242,COMPLETE,CLEAN,8dfa1459e694f6454875265711846d3f9c9442e2e5367ee740dc295e5119a5b9
action_robustness/seed_720982__profile=PRIMARY.json,ACTION_ROBUSTNESS,720982,COMPLETE,CLEAN,3b763fe710ff74e066ebdfd06309573781b5a3d2b71dc89e3b7943d23368d811
action_robustness/seed_720982__profile=S1.json,ACTION_ROBUSTNESS,720982,COMPLETE,CLEAN,6f719943121eafce1cf763c29d36f6ef94eb69ceda305ecaf44f13b63002cf9a
action_robustness/seed_720982__profile=S2.json,ACTION_ROBUSTNESS,720982,COMPLETE,CLEAN,2ab92e995edbefc2080f4111dd19dfd8b0978d922bd604e99b9215e151377bd2
action_robustness/seed_737579__profile=PRIMARY.json,ACTION_ROBUSTNESS,737579,COMPLETE,CLEAN,a50d8a8d207cb801b02ea3b803ce4d8eff8bf2b6870cb75d41f61da8f6118f16
action_robustness/seed_737579__profile=S1.json,ACTION_ROBUSTNESS,737579,COMPLETE,CLEAN,f06bbedb64827727597ee60e839146f6cda4f3817d8e55a596442b5f307946c6
action_robustness/seed_737579__profile=S2.json,ACTION_ROBUSTNESS,737579,COMPLETE,CLEAN,3eeed64a70894fb3f7ebb011037832299f7b91a992274c0da5c4c46bfbfc6f07
action_robustness/seed_750647__profile=PRIMARY.json,ACTION_ROBUSTNESS,750647,COMPLETE,CLEAN,19c60129cc5cb5a26d81042ea09b40bc1697af55f8cf0520275e3fb5aae79036
action_robustness/seed_750647__profile=S1.json,ACTION_ROBUSTNESS,750647,COMPLETE,CLEAN,d3672b926f723664233513fa8a701ba391fcbf7e74ef1648e39363cbe3cf2a3a
action_robustness/seed_750647__profile=S2.json,ACTION_ROBUSTNESS,750647,COMPLETE,CLEAN,fd918f1a0f34c4599ee6ee53f329b86adef79612eca33395cf760d58bbe7b488
action_robustness/seed_80120__profile=PRIMARY.json,ACTION_ROBUSTNESS,80120,COMPLETE,CLEAN,192449a0d4a69024cd180d6d1300d26351fb485c0947449448a93cff66cb0a62
action_robustness/seed_80120__profile=S1.json,ACTION_ROBUSTNESS,80120,COMPLETE,CLEAN,0c59f29fa1e38acc3e803aa90731c863978045a29f5e0becbcee8336eaf3c4b7
action_robustness/seed_80120__profile=S2.json,ACTION_ROBUSTNESS,80120,COMPLETE,CLEAN,17f23195e327ebbf3e3d5eb3d327caef05ba6601b12ce53e4667d73804664627
action_robustness/seed_803466__profile=PRIMARY.json,ACTION_ROBUSTNESS,803466,COMPLETE,CLEAN,2740b290bf6ab2e85dcb20f49bcab706558026a8e8c9525928adf9aebfec1f2c
action_robustness/seed_803466__profile=S1.json,ACTION_ROBUSTNESS,803466,COMPLETE,CLEAN,9ec06edde352bbc4f39a9ab25e519dacf33e39ec48a5353e8511e924075b658a
action_robustness/seed_803466__profile=S2.json,ACTION_ROBUSTNESS,803466,COMPLETE,CLEAN,0c42df162ecaf0dedbe3940eb3530e344935946b3d216f09968ed8e669ba11f9
action_robustness/seed_870215__profile=PRIMARY.json,ACTION_ROBUSTNESS,870215,COMPLETE,CLEAN,450ff2807116f4d85921224b768fe45316df03cba07199fd071271cfdbbdd751
action_robustness/seed_870215__profile=S1.json,ACTION_ROBUSTNESS,870215,COMPLETE,CLEAN,b24280db1f86f38ecfb3f7102110e002b61eaa4364289fbf979623a01122687a
action_robustness/seed_870215__profile=S2.json,ACTION_ROBUSTNESS,870215,COMPLETE,CLEAN,8a043261f930bfb2e819e06197af8865983c2fb8cb717fac6300f2006b5d2cb6
action_robustness/seed_885219__profile=PRIMARY.json,ACTION_ROBUSTNESS,885219,COMPLETE,CLEAN,aa1ad4ca9d57649280034b7fb0e2c21eb6e171bd30f31df350ab0f84f6d9760e
action_robustness/seed_885219__profile=S1.json,ACTION_ROBUSTNESS,885219,COMPLETE,CLEAN,1f0d7626da4ab9fe6dc48bb615d5bf8065020e1e6ae6806e5d7f51387b2ed29e
action_robustness/seed_885219__profile=S2.json,ACTION_ROBUSTNESS,885219,COMPLETE,CLEAN,c5cd3c68cd2c81de21a7ffe740ef024516753ca5207b27910975a8b421cbab82
action_robustness/seed_908270__profile=PRIMARY.json,ACTION_ROBUSTNESS,908270,COMPLETE,CLEAN,e60a6f26091922e6abf19c55a44bd086914add2edd28be90f74170445596a932
action_robustness/seed_908270__profile=S1.json,ACTION_ROBUSTNESS,908270,COMPLETE,CLEAN,1a9f6416fdcf51b820ef692f7ee1287546df4e2fb33eda7ae33fd479c13c901c
action_robustness/seed_908270__profile=S2.json,ACTION_ROBUSTNESS,908270,COMPLETE,CLEAN,acab46a8a6e8adc59921ddb18f29c99149307cecac249a76d1da95048ef9c2a3
action_robustness/seed_947906__profile=PRIMARY.json,ACTION_ROBUSTNESS,947906,COMPLETE,CLEAN,70c3f3e698b4f41a3b9438228bf72625045f92389b968cc68817eda8340bca68
action_robustness/seed_947906__profile=S1.json,ACTION_ROBUSTNESS,947906,COMPLETE,CLEAN,b6167e114b35b6116ad0cc0144de777f474a95fe96289144727ccb159e13d731
action_robustness/seed_947906__profile=S2.json,ACTION_ROBUSTNESS,947906,COMPLETE,CLEAN,ab03e4fccba4876e89e3791b6040a0da003f0f94ba9d1f40405cdc274434c2d5
alpha_concentration/seed_192338__alpha=0.33.json,ALPHA_CONCENTRATION,192338,COMPLETE,CLEAN,b86b56184decda57982b516464c3e76041864665c796716b421422f2be8159a3
alpha_concentration/seed_192338__alpha=0.40.json,ALPHA_CONCENTRATION,192338,COMPLETE,CLEAN,9ebfed6156543312c30ef216345dd49dd6a04facc8f9f7e4dc03048af211f4b9
alpha_concentration/seed_192338__alpha=0.50.json,ALPHA_CONCENTRATION,192338,COMPLETE,CLEAN,e0ef0517a6d7df149d3f2a16a1eaa7f33f64ef59458048737ac5544911f74d50
alpha_concentration/seed_192338__alpha=0.60.json,ALPHA_CONCENTRATION,192338,COMPLETE,CLEAN,40889dc74734283ffb9f5054e2660a3bb703d828e0028494c13b54aad8c29e08
alpha_concentration/seed_192338__alpha=1.00.json,ALPHA_CONCENTRATION,192338,COMPLETE,CLEAN,9d034f858a96d36d721c321bb8668029010d9e20a30f7685b2258af23d902ce7
alpha_concentration/seed_196157__alpha=0.33.json,ALPHA_CONCENTRATION,196157,COMPLETE,Infeasible|proposed.reopt_phase3,d45c91a5964ff4c68296a5d888c30708e2af5eb0bdf262b9038636bd076496e8
alpha_concentration/seed_196157__alpha=0.40.json,ALPHA_CONCENTRATION,196157,COMPLETE,Infeasible|proposed.reopt_phase3,7566dda94752fe68a993b68b95c97799dc8bbc67535af8243227f9d159b843e6
alpha_concentration/seed_196157__alpha=0.50.json,ALPHA_CONCENTRATION,196157,COMPLETE,Infeasible|proposed.reopt_phase3,644d1fbcb6489570493a8aca9407d129c3e658d0eaadff53b7f3bbda8a549757
alpha_concentration/seed_196157__alpha=0.60.json,ALPHA_CONCENTRATION,196157,COMPLETE,Infeasible|proposed.reopt_phase3,407f0f3be305f328f78e00e0dd57eb7b06664bbf1efabf620b4e033222ba0091
alpha_concentration/seed_196157__alpha=1.00.json,ALPHA_CONCENTRATION,196157,COMPLETE,Infeasible|proposed.reopt_phase3,808fc3947aef6bd1e2b85cd440d1d501c655bea05c9097ea979381dac3ac00f0
alpha_concentration/seed_200768__alpha=0.33.json,ALPHA_CONCENTRATION,200768,COMPLETE,CLEAN,9818b7a5d15888b533959b945ce7d69323cede42e6f254588e599fcb46be8d83
alpha_concentration/seed_200768__alpha=0.40.json,ALPHA_CONCENTRATION,200768,COMPLETE,CLEAN,8411b71474a7d9c81cfc27f29b72cba2b6dab25842dcb7e43a2eeb767fc2ecdc
alpha_concentration/seed_200768__alpha=0.50.json,ALPHA_CONCENTRATION,200768,COMPLETE,CLEAN,2391e2149adbb8bc0d7cd1c624b537d5d7907e5d4aaed76c10825f2737f3ed79
alpha_concentration/seed_200768__alpha=0.60.json,ALPHA_CONCENTRATION,200768,COMPLETE,CLEAN,af8b69382331753427c9c3a95dcb26c2843b67ef3f4186559eed8c4d5046788c
alpha_concentration/seed_200768__alpha=1.00.json,ALPHA_CONCENTRATION,200768,COMPLETE,CLEAN,8b2638f153f9ed42476e039510499c528b87c498ec7143de9a3d410cc4831716
alpha_concentration/seed_222335__alpha=0.33.json,ALPHA_CONCENTRATION,222335,COMPLETE,CLEAN,5b785b7fc97e45e9fc344d53eb41bce3ccf4ada70b2703a7f8cffa927f8144fb
alpha_concentration/seed_222335__alpha=0.40.json,ALPHA_CONCENTRATION,222335,COMPLETE,CLEAN,06a1e4367f464c092a0b6b7d3b126babf56b177470766a75d03fe39e3ee394ee
alpha_concentration/seed_222335__alpha=0.50.json,ALPHA_CONCENTRATION,222335,COMPLETE,CLEAN,d4cfb437188abda1e85c369892b4675139b41ed0f899a588101144422291c13b
alpha_concentration/seed_222335__alpha=0.60.json,ALPHA_CONCENTRATION,222335,COMPLETE,CLEAN,c011fcd100227900b040976c47b4b104bb4ca9141f0a91eb29d25de3ea1e00b9
alpha_concentration/seed_222335__alpha=1.00.json,ALPHA_CONCENTRATION,222335,COMPLETE,CLEAN,4d8b1d3cb6b9f04ebb12c168e82687e18f8bbb2ae0789b26821f1e9f2746ce2c
alpha_concentration/seed_262122__alpha=0.33.json,ALPHA_CONCENTRATION,262122,COMPLETE,CLEAN,1c0429d4ab5517466faaf8eec739f5b5224c50318fcf2325ab6f71d7a97ea4f1
alpha_concentration/seed_262122__alpha=0.40.json,ALPHA_CONCENTRATION,262122,COMPLETE,CLEAN,a56b409c4d3bf736e2a6fa3ccab45140c120a9d01d272c0cffbba2ed2b507e2f
alpha_concentration/seed_262122__alpha=0.50.json,ALPHA_CONCENTRATION,262122,COMPLETE,CLEAN,0c2f7a2a0c5921be7473a1f33777558b61a5a51d5e94362682170bc05918c809
alpha_concentration/seed_262122__alpha=0.60.json,ALPHA_CONCENTRATION,262122,COMPLETE,CLEAN,a05af497bc2eef8abc1381da3776fdd41ee098287fe9b7d9fc2a6df4513a5d06
alpha_concentration/seed_262122__alpha=1.00.json,ALPHA_CONCENTRATION,262122,COMPLETE,CLEAN,b3e7e94a6887873ea7b691e87c52cc1ea53dd204d0d20c3c6fc091148b975299
alpha_concentration/seed_288572__alpha=0.33.json,ALPHA_CONCENTRATION,288572,COMPLETE,CLEAN,87a529518ff9b07621357b6cdd85ea8cc7a28b338f9481425c9238906aace41c
alpha_concentration/seed_288572__alpha=0.40.json,ALPHA_CONCENTRATION,288572,COMPLETE,CLEAN,845e49bfe64724e199495e220856451f181b663e27bd8e518e165231ce23cf5e
alpha_concentration/seed_288572__alpha=0.50.json,ALPHA_CONCENTRATION,288572,COMPLETE,CLEAN,a5c771088bbd221117ef2cfd12a4e10fa730c1c7527cdc5e25dcb572f92e6bad
alpha_concentration/seed_288572__alpha=0.60.json,ALPHA_CONCENTRATION,288572,COMPLETE,CLEAN,229435bafc85e3864c3919897b1e94181aa1169033bbbad8908611b221c52cf7
alpha_concentration/seed_288572__alpha=1.00.json,ALPHA_CONCENTRATION,288572,COMPLETE,CLEAN,ec5cbd1c6f4827c8e36043e6d4480c0fcf2a4e855282c152fe7a5a8dd08761d6
alpha_concentration/seed_320290__alpha=0.33.json,ALPHA_CONCENTRATION,320290,COMPLETE,CLEAN,9186e2e3c4f490cd3d98124e9210cdf4596aba34c3320a78d2d7023312863759
alpha_concentration/seed_320290__alpha=0.40.json,ALPHA_CONCENTRATION,320290,COMPLETE,CLEAN,d1d8ed6a6b4af6fe39cd7ab21716032437dfe7b61f68a06ebc1051c221b2049e
alpha_concentration/seed_320290__alpha=0.50.json,ALPHA_CONCENTRATION,320290,COMPLETE,CLEAN,6cf082a622bedba6c6f66eebf822d467269f21f24c31286d15f4eb0d88204ca2
alpha_concentration/seed_320290__alpha=0.60.json,ALPHA_CONCENTRATION,320290,COMPLETE,CLEAN,5984919af107f2ed085c73e198c99945d99c927b5589af9bb0dda9853b55bc40
alpha_concentration/seed_320290__alpha=1.00.json,ALPHA_CONCENTRATION,320290,COMPLETE,CLEAN,1670d35341c472e3d8100ab32134e036a97a153c8a5fc8d36c65f98c4a066c21
alpha_concentration/seed_321611__alpha=0.33.json,ALPHA_CONCENTRATION,321611,COMPLETE,CLEAN,fba94b559992ef2e275cf2f8591816d0d90636d987c49b5f6e6143f68028f531
alpha_concentration/seed_321611__alpha=0.40.json,ALPHA_CONCENTRATION,321611,COMPLETE,CLEAN,a46c8ab5143a57c7986924852bdc22ccef4970adbeab0724dad750b1c66d864b
alpha_concentration/seed_321611__alpha=0.50.json,ALPHA_CONCENTRATION,321611,COMPLETE,CLEAN,1a238a2a8371d6dc50bc9c10a61b74fc0d01c5bfedba16f11c9df8d06e21dff7
alpha_concentration/seed_321611__alpha=0.60.json,ALPHA_CONCENTRATION,321611,COMPLETE,CLEAN,253522da90f36ff42d7ef6af0fdc78edf9740db6a509b358cfc73786137dfcda
alpha_concentration/seed_321611__alpha=1.00.json,ALPHA_CONCENTRATION,321611,COMPLETE,CLEAN,5b948e72b3855bb662583d6b4bb7e78148acbaacdd80c75e587f38a1be27859c
alpha_concentration/seed_331297__alpha=0.33.json,ALPHA_CONCENTRATION,331297,COMPLETE,CLEAN,05d614b1a1823754414e9b0b119866ab06d94f77639d7246d45e23e7c9881cf8
alpha_concentration/seed_331297__alpha=0.40.json,ALPHA_CONCENTRATION,331297,COMPLETE,CLEAN,7cdaf9e033191ae5bca8ec2bea99a976dc8b4c326b5d5029cfc5176ad7797229
alpha_concentration/seed_331297__alpha=0.50.json,ALPHA_CONCENTRATION,331297,COMPLETE,CLEAN,d22e80f6d2377b1bb0f961c26bb1a24465a55fa1d7eadc6708020131b9a86404
alpha_concentration/seed_331297__alpha=0.60.json,ALPHA_CONCENTRATION,331297,COMPLETE,CLEAN,cb9b8097079bff8c0679a52fe6dbe8282d2c08d07113509ed45ce250b8b34a28
alpha_concentration/seed_331297__alpha=1.00.json,ALPHA_CONCENTRATION,331297,COMPLETE,CLEAN,5450680160f63355ea9ba388a9ecd00d49b21f2fc0363339718ce27742d3a9b1
alpha_concentration/seed_385101__alpha=0.33.json,ALPHA_CONCENTRATION,385101,COMPLETE,CLEAN,cdf745c71fa03969b9e233070572da6f56155ffd53c0912ceeb35597f427a2e8
alpha_concentration/seed_385101__alpha=0.40.json,ALPHA_CONCENTRATION,385101,COMPLETE,CLEAN,b795b93759c1fa0b189207c2bcb9977bcd2f07914a8107f7f9f196ef816c2410
alpha_concentration/seed_385101__alpha=0.50.json,ALPHA_CONCENTRATION,385101,COMPLETE,CLEAN,a40b591b94c3a3bfb7c269a9754a895490d9cd6bcb703dbb5867235694946aa4
alpha_concentration/seed_385101__alpha=0.60.json,ALPHA_CONCENTRATION,385101,COMPLETE,CLEAN,47a8bbb66a0b2c55a6c9161c4253c31b4a5fa397e278705964a375ee657bec14
alpha_concentration/seed_385101__alpha=1.00.json,ALPHA_CONCENTRATION,385101,COMPLETE,CLEAN,e9c4409605fc58e1e588df528fafcc0695bf52369580f3a0e21a843d682dd782
alpha_concentration/seed_449132__alpha=0.33.json,ALPHA_CONCENTRATION,449132,COMPLETE,CLEAN,080bf7053b0d21fb523ff0fe0e2d77d64dc209bca0c9b928202acfee39a2b86e
alpha_concentration/seed_449132__alpha=0.40.json,ALPHA_CONCENTRATION,449132,COMPLETE,CLEAN,8b1e9ddcb52cc50c44d9f1f9cd7b7fbc1d0e62585bf5a6379c8882926448794d
alpha_concentration/seed_449132__alpha=0.50.json,ALPHA_CONCENTRATION,449132,COMPLETE,CLEAN,719854f4f4e53fa405848a6bf75f40b01c2589a8af1b6d077b632de47b9b8b3f
alpha_concentration/seed_449132__alpha=0.60.json,ALPHA_CONCENTRATION,449132,COMPLETE,CLEAN,02e1d3c0e1c41a68f0583e9f11d7bb85843a1f6dab70f9091151c9ef978f0047
alpha_concentration/seed_449132__alpha=1.00.json,ALPHA_CONCENTRATION,449132,COMPLETE,CLEAN,1c463eca22f868ab42a5b2b3bde22492b5e6b1fd4dec420e085c55c2d0da0e13
alpha_concentration/seed_496928__alpha=0.33.json,ALPHA_CONCENTRATION,496928,COMPLETE,Infeasible|proposed.reopt_phase3,ae02c30e7a4eee7c2e58585b43f19e6abf174431e219e322e61716dd4991ab30
alpha_concentration/seed_496928__alpha=0.40.json,ALPHA_CONCENTRATION,496928,COMPLETE,Infeasible|proposed.reopt_phase3,0ddaeda15a5e922de6e0175388e5e3d69d5f7a313c6fbfd9b3c8fd9ae95c0d57
alpha_concentration/seed_496928__alpha=0.50.json,ALPHA_CONCENTRATION,496928,COMPLETE,Infeasible|proposed.reopt_phase3,33024242712add0a30a84561670f7136afaf0e4372d1d99fe10de25b41c1f106
alpha_concentration/seed_496928__alpha=0.60.json,ALPHA_CONCENTRATION,496928,COMPLETE,Infeasible|proposed.reopt_phase3,7734efa860a66020c02cc9ec0a8366efbcf959664fc354c73988b392d99d63fd
alpha_concentration/seed_496928__alpha=1.00.json,ALPHA_CONCENTRATION,496928,COMPLETE,Infeasible|proposed.reopt_phase3,5998dea1427613cc8132a4c8557047c7d8f50506cee871f3e76bdd32b54a4e9e
alpha_concentration/seed_514942__alpha=0.33.json,ALPHA_CONCENTRATION,514942,COMPLETE,CLEAN,9aa5ee4b3e8cf53c73601c4bf640c4796746aadf0515bb6050dac4083fcf035f
alpha_concentration/seed_514942__alpha=0.40.json,ALPHA_CONCENTRATION,514942,COMPLETE,CLEAN,7f4c8dcd2ea0d8e4f01904edf4d048cb556d93f05e29af16dda68ca1b3f75e15
alpha_concentration/seed_514942__alpha=0.50.json,ALPHA_CONCENTRATION,514942,COMPLETE,CLEAN,1ee0c7185190b901654a8871553c24bfa6d9de74d7a5525e592c042f86d9fe82
alpha_concentration/seed_514942__alpha=0.60.json,ALPHA_CONCENTRATION,514942,COMPLETE,CLEAN,a0fe5c22dc65f927d54cb0e5945ef77dfb4eb5e24cd1684339b14c8fdab55d7a
alpha_concentration/seed_514942__alpha=1.00.json,ALPHA_CONCENTRATION,514942,COMPLETE,CLEAN,176941f46ab6d39f1395376baed2505afda026219549b5add3623a4852524d4b
alpha_concentration/seed_52314__alpha=0.33.json,ALPHA_CONCENTRATION,52314,COMPLETE,CLEAN,ca980d9689ebd8f5f2ba1bafb5910143d3cac2e46a4795d0d8d0479af23a724a
alpha_concentration/seed_52314__alpha=0.40.json,ALPHA_CONCENTRATION,52314,COMPLETE,CLEAN,c7d2a9ad75f4709da4ee587183036fd7ac2830d4cdf722be94ea707e764fc02d
alpha_concentration/seed_52314__alpha=0.50.json,ALPHA_CONCENTRATION,52314,COMPLETE,CLEAN,7ca8efb2c7e908940872c1beb10042531e5c40510c77bc5da3a802581dab5c9b
alpha_concentration/seed_52314__alpha=0.60.json,ALPHA_CONCENTRATION,52314,COMPLETE,CLEAN,d8f0fad0763758013bda3594df932ca5f921567cc2924a91282e0ad04b2422ea
alpha_concentration/seed_52314__alpha=1.00.json,ALPHA_CONCENTRATION,52314,COMPLETE,CLEAN,d5bda05b100ad861f059abe534b83b0eed0e7dc206301b432a30cbe0c1b10bbe
alpha_concentration/seed_57684__alpha=0.33.json,ALPHA_CONCENTRATION,57684,COMPLETE,CLEAN,ebcaa23b80353362bd2b27af82c828fd095835b38cb8ecd0a8a59ca4d6f3b749
alpha_concentration/seed_57684__alpha=0.40.json,ALPHA_CONCENTRATION,57684,COMPLETE,CLEAN,56755250c20b370dc84582782547c0063285d3215d51309426d91540e30f82f1
alpha_concentration/seed_57684__alpha=0.50.json,ALPHA_CONCENTRATION,57684,COMPLETE,CLEAN,03f0a5ba54bbbe617b6509e0865323cf347236cb6860bb3494977d84d4e23642
alpha_concentration/seed_57684__alpha=0.60.json,ALPHA_CONCENTRATION,57684,COMPLETE,CLEAN,e0b588ef14c5b6af40fb58b7e77d12ace71548189c9c13ce7f21bf0ecb2d3825
alpha_concentration/seed_57684__alpha=1.00.json,ALPHA_CONCENTRATION,57684,COMPLETE,CLEAN,8df8f82abcd714b39747db11fe25aae56ed708f36005d8b5909a020fbf81121c
alpha_concentration/seed_621609__alpha=0.33.json,ALPHA_CONCENTRATION,621609,COMPLETE,Infeasible|proposed.reopt_phase3,65b272945bf942f64fbc3762df53e6f2ef81264e59b3eb34a543974a6d651612
alpha_concentration/seed_621609__alpha=0.40.json,ALPHA_CONCENTRATION,621609,COMPLETE,Infeasible|proposed.reopt_phase3,3d88c61bbc9bd30ccd5809556e5d8c3d6e5a0c19936ff8412e3bdbcbcf8a473f
alpha_concentration/seed_621609__alpha=0.50.json,ALPHA_CONCENTRATION,621609,COMPLETE,Infeasible|proposed.reopt_phase3,b3fd94c10d134dd67e6c6043bb8cb7df9ba77cdcdfe4eb12ee333ce251d2579b
alpha_concentration/seed_621609__alpha=0.60.json,ALPHA_CONCENTRATION,621609,COMPLETE,Infeasible|proposed.reopt_phase3,3df005b49699f2e33fa5d82d5c7b3e7f7a94d64470df63c6b09c8d8c41d5cc10
alpha_concentration/seed_621609__alpha=1.00.json,ALPHA_CONCENTRATION,621609,COMPLETE,Infeasible|proposed.reopt_phase3,d1908d0636bc4383ba46c84d997ec917eb1b839213c2ef58d69a268bd2e58ef3
alpha_concentration/seed_627177__alpha=0.33.json,ALPHA_CONCENTRATION,627177,COMPLETE,Infeasible|proposed.reopt_phase3,1b640d1c34590a88b79d81c5b1a7d0e78ed9809c238ff33f5bc50cdb34fab379
alpha_concentration/seed_627177__alpha=0.40.json,ALPHA_CONCENTRATION,627177,COMPLETE,Infeasible|proposed.reopt_phase3,af506bb2cc705ffefdf8f0e0fbc44a4cbeb809049882e0376548273951b2542d
alpha_concentration/seed_627177__alpha=0.50.json,ALPHA_CONCENTRATION,627177,COMPLETE,Infeasible|proposed.reopt_phase3,ac78d4aaf39f7c6b6093c0a58e00040ec777f16aeade3844fe60f296f0584653
alpha_concentration/seed_627177__alpha=0.60.json,ALPHA_CONCENTRATION,627177,COMPLETE,Infeasible|proposed.reopt_phase3,8e7c76eb0f1173745eb67aebef276565216d3ad1b80ab01cbb067491d020e39e
alpha_concentration/seed_627177__alpha=1.00.json,ALPHA_CONCENTRATION,627177,COMPLETE,Infeasible|proposed.reopt_phase3,b9c95a9406e3eccc198867358c12f4659e46ead12e7934cf885ed9e88103cd07
alpha_concentration/seed_637394__alpha=0.33.json,ALPHA_CONCENTRATION,637394,COMPLETE,CLEAN,85c3020b206e5a49626ab1fdcfa77b684d07cfa14be91db59f878705b3a0fd16
alpha_concentration/seed_637394__alpha=0.40.json,ALPHA_CONCENTRATION,637394,COMPLETE,CLEAN,4f0e8df3225ee9d1b60d126f52605cae68fe6c4739680d299cde6f278f70024d
alpha_concentration/seed_637394__alpha=0.50.json,ALPHA_CONCENTRATION,637394,COMPLETE,CLEAN,810172631c153eadbc40ced5af8872bbcc3aa2de03f760e5b7aacc0756a0adca
alpha_concentration/seed_637394__alpha=0.60.json,ALPHA_CONCENTRATION,637394,COMPLETE,CLEAN,6ef46f1753661818c4634b1d9cbaa0c734dc55684b4f396917f5f1d97f0330c6
alpha_concentration/seed_637394__alpha=1.00.json,ALPHA_CONCENTRATION,637394,COMPLETE,CLEAN,91d19bd9866f44996fc3d4918882d0375fc18c88e7061c02c01bf0f07cbe3c6c
alpha_concentration/seed_651976__alpha=0.33.json,ALPHA_CONCENTRATION,651976,COMPLETE,CLEAN,45d46b7266bac9b71cce49dc218bb353d854ea44ffb8f44b89b0efa7f59f7c40
alpha_concentration/seed_651976__alpha=0.40.json,ALPHA_CONCENTRATION,651976,COMPLETE,CLEAN,8e78054ee6d900788231f9151f888faa2c071a0cdb18980c51a16f82055930e4
alpha_concentration/seed_651976__alpha=0.50.json,ALPHA_CONCENTRATION,651976,COMPLETE,CLEAN,f00e1cd3ef34a2118c9cc41e5a1ef1bce6c210d5b005a5748a2af7cba03e20d1
alpha_concentration/seed_651976__alpha=0.60.json,ALPHA_CONCENTRATION,651976,COMPLETE,CLEAN,0a1431cc130f0323294c0741c9756b80c38a87508fd300f248a28a4f17be4d8f
alpha_concentration/seed_651976__alpha=1.00.json,ALPHA_CONCENTRATION,651976,COMPLETE,CLEAN,59846b8d60c5d54dd3ef660a7e84fe3adcb4250e8054f8eccbc00e836a96acdc
alpha_concentration/seed_65693__alpha=0.33.json,ALPHA_CONCENTRATION,65693,COMPLETE,CLEAN,99075121430d6e5e26d9801db79988e6fbaa5789c4cbfb4e98caf19ec6bc17ca
alpha_concentration/seed_65693__alpha=0.40.json,ALPHA_CONCENTRATION,65693,COMPLETE,CLEAN,285b7c8c6efbd500de1fbdac140144b5a7bc190031a5a823f7f7b98c67c67cbb
alpha_concentration/seed_65693__alpha=0.50.json,ALPHA_CONCENTRATION,65693,COMPLETE,CLEAN,77ff85d6629434c005c134815db22f0c687cfa9e8b507a670882a437612fc061
alpha_concentration/seed_65693__alpha=0.60.json,ALPHA_CONCENTRATION,65693,COMPLETE,CLEAN,d511d591f2088fbef02c49ef18ad03f0072fcdb00558b17490023a1c7750820c
alpha_concentration/seed_65693__alpha=1.00.json,ALPHA_CONCENTRATION,65693,COMPLETE,CLEAN,c7f03d5f7a6aefef167366510c2e694e06100eda93b01d04362ffc3775c7ffdc
alpha_concentration/seed_679242__alpha=0.33.json,ALPHA_CONCENTRATION,679242,COMPLETE,CLEAN,2255a61112275cd8b5fbcba7f661b5db84556e21b3baf0994e8db4f66b429db7
alpha_concentration/seed_679242__alpha=0.40.json,ALPHA_CONCENTRATION,679242,COMPLETE,CLEAN,7d5c128988010d4fc1b5cdca7bc9ce4be329420919eb3590d00e0c4f65fe4b1d
alpha_concentration/seed_679242__alpha=0.50.json,ALPHA_CONCENTRATION,679242,COMPLETE,CLEAN,23b43b40b54909caf43cc1ebc11d900db1ca34b80800adb46bce9babcca7888b
alpha_concentration/seed_679242__alpha=0.60.json,ALPHA_CONCENTRATION,679242,COMPLETE,CLEAN,be489292b568c4817cf539aeb372d7cef6e97eb39cbde9bec129e34e1362d327
alpha_concentration/seed_679242__alpha=1.00.json,ALPHA_CONCENTRATION,679242,COMPLETE,CLEAN,b2f0d43c462e6c385691ba75340966f389a5d50b7b8605144872230ad161e9cb
alpha_concentration/seed_720982__alpha=0.33.json,ALPHA_CONCENTRATION,720982,COMPLETE,CLEAN,cc9e0eea7e73204c58420227ad4b474909d3b86d4d03b8098529a7cc53c5784a
alpha_concentration/seed_720982__alpha=0.40.json,ALPHA_CONCENTRATION,720982,COMPLETE,CLEAN,54b8657c60710fb42bab8887353adb461e2342a7ec3c252ff462ea76f88d071a
alpha_concentration/seed_720982__alpha=0.50.json,ALPHA_CONCENTRATION,720982,COMPLETE,CLEAN,e66968497210762e35f4523ba5b9589a078fe3c864a7548e8228df28025f5683
alpha_concentration/seed_720982__alpha=0.60.json,ALPHA_CONCENTRATION,720982,COMPLETE,CLEAN,66a052083bdb7b560d3652461d8b6d233e474a14634d71cc6b0ef1526fa488b4
alpha_concentration/seed_720982__alpha=1.00.json,ALPHA_CONCENTRATION,720982,COMPLETE,CLEAN,23d87e9667d1c3005371de5891bc4aa9ec9396fa0e8d122a472fece72851dd45
alpha_concentration/seed_737579__alpha=0.33.json,ALPHA_CONCENTRATION,737579,COMPLETE,CLEAN,f281f074e80945473e562dd9d888d515a19c14e8659a68f0dbfb0f053c117573
alpha_concentration/seed_737579__alpha=0.40.json,ALPHA_CONCENTRATION,737579,COMPLETE,CLEAN,4c564010cb9430a06b1ed12bea462bacb15a5b8d8c3853ac597190860e5278a7
alpha_concentration/seed_737579__alpha=0.50.json,ALPHA_CONCENTRATION,737579,COMPLETE,CLEAN,8054c8dc440493d2764c205415c9de55dc81287436043272a165f09f7c4c9840
alpha_concentration/seed_737579__alpha=0.60.json,ALPHA_CONCENTRATION,737579,COMPLETE,CLEAN,c18b8044ae963f630729bb381405e05e7e8f11660719a2ad177c58bd26e89a54
alpha_concentration/seed_737579__alpha=1.00.json,ALPHA_CONCENTRATION,737579,COMPLETE,CLEAN,9ed712a18a2e08903eb209f0b1a3c16d372d248db0d2c6828720d60328fe9799
alpha_concentration/seed_750647__alpha=0.33.json,ALPHA_CONCENTRATION,750647,COMPLETE,CLEAN,a0dde629968504d78f6706a571875999e5081d8cdf16b84a57420e24d7edb291
alpha_concentration/seed_750647__alpha=0.40.json,ALPHA_CONCENTRATION,750647,COMPLETE,CLEAN,6b80223e795e190eb94299dd1fb26df8276d242b657a9bb38a60a230663d205c
alpha_concentration/seed_750647__alpha=0.50.json,ALPHA_CONCENTRATION,750647,COMPLETE,CLEAN,0f82af9321fb54c0c348dd07baf475137767c58a196839df4f9949089ea8e695
alpha_concentration/seed_750647__alpha=0.60.json,ALPHA_CONCENTRATION,750647,COMPLETE,CLEAN,00c06b5defb6bbc0e62b36933171ba18e38d9eb11cd590acab7d34603614644a
alpha_concentration/seed_750647__alpha=1.00.json,ALPHA_CONCENTRATION,750647,COMPLETE,CLEAN,a9a36a8c67a20ae17353ace1b3c99a0df8f5bf6ff845adc3e5adc23c5ecadbb1
alpha_concentration/seed_80120__alpha=0.33.json,ALPHA_CONCENTRATION,80120,COMPLETE,CLEAN,3ad43c77f6813d8c983fad25e3d64d65d6cff64b5a8a7f9e965c7585fb5f48e8
alpha_concentration/seed_80120__alpha=0.40.json,ALPHA_CONCENTRATION,80120,COMPLETE,CLEAN,640869f7ef8a04f6bd71e9ba8089bd3ba78234b188a9fbd0747057891e45fcc8
alpha_concentration/seed_80120__alpha=0.50.json,ALPHA_CONCENTRATION,80120,COMPLETE,CLEAN,1f750296f860fb1a9c15686afa95f7ffd4ff2847c6555503adc5cc6417f919c0
alpha_concentration/seed_80120__alpha=0.60.json,ALPHA_CONCENTRATION,80120,COMPLETE,CLEAN,e379f608d1698c3e0f888fed915443beba4ef731026b630f4337151b5eb1ac38
alpha_concentration/seed_80120__alpha=1.00.json,ALPHA_CONCENTRATION,80120,COMPLETE,CLEAN,aaf56099faf24429273b58c4c55d2185527b991b8696a74233af710aec4ba9ab
alpha_concentration/seed_803466__alpha=0.33.json,ALPHA_CONCENTRATION,803466,COMPLETE,CLEAN,7b2f00a6adb026acfe631c95ed87ecddeaa4fa60b38ac3bcf97b22cb390a6b1d
alpha_concentration/seed_803466__alpha=0.40.json,ALPHA_CONCENTRATION,803466,COMPLETE,CLEAN,79bc6732fa58dc35809fe709219d036d09d44b5711e13d8ad4f2c3d2fbc52092
alpha_concentration/seed_803466__alpha=0.50.json,ALPHA_CONCENTRATION,803466,COMPLETE,CLEAN,c517f886fc9d44148d635d420a409fcc4d44beaf6cb53f2fa3e0892a5cf91c90
alpha_concentration/seed_803466__alpha=0.60.json,ALPHA_CONCENTRATION,803466,COMPLETE,CLEAN,85f5498352f2da71a1cf588e89c7356aa8a2429ff8a35b40c5531a7d0f991744
alpha_concentration/seed_803466__alpha=1.00.json,ALPHA_CONCENTRATION,803466,COMPLETE,CLEAN,3673d097ca166d6224256da4325f56bc2e839bd248939bf4b77fc0394081540e
alpha_concentration/seed_870215__alpha=0.33.json,ALPHA_CONCENTRATION,870215,COMPLETE,CLEAN,e8f3001b3c3d2aee221a5b1e83b0fe77db5083cc6d12ec4dd05020855afe445b
alpha_concentration/seed_870215__alpha=0.40.json,ALPHA_CONCENTRATION,870215,COMPLETE,CLEAN,1dac7d610f4a7f4d10e24063bcb50a908c38f848dfde3d157e9d6a5e11d1f54c
alpha_concentration/seed_870215__alpha=0.50.json,ALPHA_CONCENTRATION,870215,COMPLETE,CLEAN,7d6b468e7dd4fa8e3d8103572341bab4c341aea0eed8500f014adc627536adf8
alpha_concentration/seed_870215__alpha=0.60.json,ALPHA_CONCENTRATION,870215,COMPLETE,CLEAN,0a6d2d75bf0785a641b1f0bbaafb6ecc8d672ad13f0bb72a9df574ce6a5cafc3
alpha_concentration/seed_870215__alpha=1.00.json,ALPHA_CONCENTRATION,870215,COMPLETE,CLEAN,0b220d209df1e17794c297f9499cffc281547e3d05520deb4a6bca3a56a664bf
alpha_concentration/seed_885219__alpha=0.33.json,ALPHA_CONCENTRATION,885219,COMPLETE,CLEAN,80c4d3dd3e9dc4866d7a0bf364d4791c0f34cd56ededae347fd4eff3489b6b53
alpha_concentration/seed_885219__alpha=0.40.json,ALPHA_CONCENTRATION,885219,COMPLETE,CLEAN,46b2791b39260b50618094b126e104561dae5267df267959fe9b7288ba5fafc6
alpha_concentration/seed_885219__alpha=0.50.json,ALPHA_CONCENTRATION,885219,COMPLETE,CLEAN,dd1c009c23ad3a264fc8b02001e527c8a032c3f6e3611efd37585e1bc6005970
alpha_concentration/seed_885219__alpha=0.60.json,ALPHA_CONCENTRATION,885219,COMPLETE,CLEAN,dee7ff5aed018c19742232dba9e0e95395a51cb762b16180f0687a7f238118c8
alpha_concentration/seed_885219__alpha=1.00.json,ALPHA_CONCENTRATION,885219,COMPLETE,CLEAN,d30b1c0c5af6cd1b9911b19ab79c5ec67459332576b75a579a4055ad8a67d7b1
alpha_concentration/seed_908270__alpha=0.33.json,ALPHA_CONCENTRATION,908270,COMPLETE,CLEAN,f7d8a2aa314423dd43c2cf0df95e6756c26d0f615aec1f8bcda9a1c4737a04da
alpha_concentration/seed_908270__alpha=0.40.json,ALPHA_CONCENTRATION,908270,COMPLETE,CLEAN,8662925aee4edd30e5ae50b14e8d85d018b12965f6a58fd6b76477d80debdf11
alpha_concentration/seed_908270__alpha=0.50.json,ALPHA_CONCENTRATION,908270,COMPLETE,CLEAN,eac1545cfeb5015dac13bdd4944ab4f7f0c20c02be7d7f165afa90153a7bbe49
alpha_concentration/seed_908270__alpha=0.60.json,ALPHA_CONCENTRATION,908270,COMPLETE,CLEAN,d3fc800ffcf15951f4bac279d1b3d5e38f3f3e68953f651bac27f3a57e4fe522
alpha_concentration/seed_908270__alpha=1.00.json,ALPHA_CONCENTRATION,908270,COMPLETE,CLEAN,4ee3a9edc8e9e514f89b611ff50d5e62d1c786f56cc41cdfd71347e4049306e8
alpha_concentration/seed_947906__alpha=0.33.json,ALPHA_CONCENTRATION,947906,COMPLETE,CLEAN,9bfa71038b8b01e87b0fe575e1050f143776b97192d6cc77dd5a9537f01c0a2c
alpha_concentration/seed_947906__alpha=0.40.json,ALPHA_CONCENTRATION,947906,COMPLETE,CLEAN,64d719b37d74c100f6187004283457b2e31b892a869b7abf446b19b38905359e
alpha_concentration/seed_947906__alpha=0.50.json,ALPHA_CONCENTRATION,947906,COMPLETE,CLEAN,4e6815fce9f6a1c7a09ce29bb09d366d2cf6362c383a839a0e790c1884f131f5
alpha_concentration/seed_947906__alpha=0.60.json,ALPHA_CONCENTRATION,947906,COMPLETE,CLEAN,99cff521bbbf88b800def87e7b39cea143c492c0be9b60d81eb237f08eb05167
alpha_concentration/seed_947906__alpha=1.00.json,ALPHA_CONCENTRATION,947906,COMPLETE,CLEAN,751cdf042c7e8ea7f1419c31035d5ac66c4c63793e7afa3cb7b4001658bf5bce
epsilon_sensitivity/seed_192338__epsilon=0.80.json,EPSILON_SENSITIVITY,192338,COMPLETE,CLEAN,76ffe7d863832079961a0a514d9f4afc68aed6a5e52bafbb331f6fdabd1f3e78
epsilon_sensitivity/seed_192338__epsilon=0.90.json,EPSILON_SENSITIVITY,192338,COMPLETE,CLEAN,5354955c08a1eb5dd5ac9ff525a32fc01dd764222f001ce50d7f79031de9c1af
epsilon_sensitivity/seed_192338__epsilon=0.95.json,EPSILON_SENSITIVITY,192338,COMPLETE,CLEAN,da66f1d3f14419eef074a950f56ff59963e455117b373fe5c7b43b44e8b05e96
epsilon_sensitivity/seed_192338__epsilon=1.00.json,EPSILON_SENSITIVITY,192338,COMPLETE,CLEAN,05ce0f379dd7cf421a4ec91dc77065e1532c82728a31a7e3675ecd80e604e547
epsilon_sensitivity/seed_196157__epsilon=0.80.json,EPSILON_SENSITIVITY,196157,COMPLETE,CLEAN,fb14d5d941667f9e5590292e37c563ea3a41faf1695da0527f3584546426ff55
epsilon_sensitivity/seed_196157__epsilon=0.90.json,EPSILON_SENSITIVITY,196157,COMPLETE,CLEAN,56c4bf8e45cd4db44dedfcd4d875c0093b90bc61ee7a24dd040a19eddb691025
epsilon_sensitivity/seed_196157__epsilon=0.95.json,EPSILON_SENSITIVITY,196157,COMPLETE,CLEAN,a8f4f72c62d057de5ba4c3a2cc8779762f9e6c3ac62f5ec523a0286f2ed0fe0f
epsilon_sensitivity/seed_196157__epsilon=1.00.json,EPSILON_SENSITIVITY,196157,COMPLETE,CLEAN,daa35d179b8912b99d17b5af7855c10c78b0bf874c3072284cd8590fa224e195
epsilon_sensitivity/seed_200768__epsilon=0.80.json,EPSILON_SENSITIVITY,200768,COMPLETE,CLEAN,6740b450b9c76e56f11263cc70c8b15d734d7c4ebc44485efbbfc7a9950f6c2b
epsilon_sensitivity/seed_200768__epsilon=0.90.json,EPSILON_SENSITIVITY,200768,COMPLETE,CLEAN,3943d9143c4cda4ee3cb37141e5fb146efd90bec2854e4b1ab1d518f0afa440a
epsilon_sensitivity/seed_200768__epsilon=0.95.json,EPSILON_SENSITIVITY,200768,COMPLETE,CLEAN,03810e7b1390bbc1e4a7c617afc61c09a598172d1a90345d0be2d52317444ff3
epsilon_sensitivity/seed_200768__epsilon=1.00.json,EPSILON_SENSITIVITY,200768,COMPLETE,CLEAN,dba7de3e5577493622b8f8c45292bb1f6b03336627b0f2ae3f2ec582efb2a444
epsilon_sensitivity/seed_222335__epsilon=0.80.json,EPSILON_SENSITIVITY,222335,COMPLETE,CLEAN,fd9031d4abb3f205d12bf0884d17a2ca726c74eb4385e408e611cdd354c158c7
epsilon_sensitivity/seed_222335__epsilon=0.90.json,EPSILON_SENSITIVITY,222335,COMPLETE,CLEAN,bf5e9263f27d6f0a9b04650e8b400cbe75c13e7c053980f5e42539a836480a49
epsilon_sensitivity/seed_222335__epsilon=0.95.json,EPSILON_SENSITIVITY,222335,COMPLETE,CLEAN,845d21ec0349cfa6b08cc21416932c8adb505657e1cbc69ba824c7e9c2365934
epsilon_sensitivity/seed_222335__epsilon=1.00.json,EPSILON_SENSITIVITY,222335,COMPLETE,CLEAN,4a164b0e21c92c29b5f48e1300f3008cb9ad68197bc63986f3105331977ec38a
epsilon_sensitivity/seed_262122__epsilon=0.80.json,EPSILON_SENSITIVITY,262122,COMPLETE,CLEAN,cc70edb1d38b37b7304767e9f79d7d6388ac3241c25eea20281b767d37298fb5
epsilon_sensitivity/seed_262122__epsilon=0.90.json,EPSILON_SENSITIVITY,262122,COMPLETE,CLEAN,9c0fe5c9bcd67f27430678558dc8f621b8d596d0db9e1db8427d026b4817b983
epsilon_sensitivity/seed_262122__epsilon=0.95.json,EPSILON_SENSITIVITY,262122,COMPLETE,CLEAN,57e539654ba47d4056ddfe9db4aa0142107552048b1f8d7d7b20bc9998d3e082
epsilon_sensitivity/seed_262122__epsilon=1.00.json,EPSILON_SENSITIVITY,262122,COMPLETE,CLEAN,6ec4a837c0334c26ecf3fbbbf685d453d3f4cea6f5c28465e2718eac0d47e827
epsilon_sensitivity/seed_288572__epsilon=0.80.json,EPSILON_SENSITIVITY,288572,COMPLETE,CLEAN,851dffbd1ea4ae85a6c1951d7117b3759d255ad1c36da2be07c9d8e95f43f0ce
epsilon_sensitivity/seed_288572__epsilon=0.90.json,EPSILON_SENSITIVITY,288572,COMPLETE,CLEAN,0b9e327d8ed258c9fb198169ac251750119f411d9645c83fd484df9450e620ac
epsilon_sensitivity/seed_288572__epsilon=0.95.json,EPSILON_SENSITIVITY,288572,COMPLETE,CLEAN,e59b5b4242838ec496dbfc11d1f255be746ba62b48230f198d0030e4650e5f6a
epsilon_sensitivity/seed_288572__epsilon=1.00.json,EPSILON_SENSITIVITY,288572,COMPLETE,CLEAN,1a57b4607cc3e6ac8c3b09e7e45139d66b45470a87c1ed1e49f313d564caf178
epsilon_sensitivity/seed_320290__epsilon=0.80.json,EPSILON_SENSITIVITY,320290,COMPLETE,CLEAN,0c7c13205fa238fc9adb5ce87ce940f22bf2aa1f76c8cdbe113b182aa459bf34
epsilon_sensitivity/seed_320290__epsilon=0.90.json,EPSILON_SENSITIVITY,320290,COMPLETE,CLEAN,a291dc691cd9db9d96ced25eb3f7a9200bbb2d80f949de2fee982f20cd89303e
epsilon_sensitivity/seed_320290__epsilon=0.95.json,EPSILON_SENSITIVITY,320290,COMPLETE,CLEAN,84fb41ac2bfe5206b7ea4c0977df39a84e0a1533eb1b29fd625fbf7dda03de1f
epsilon_sensitivity/seed_320290__epsilon=1.00.json,EPSILON_SENSITIVITY,320290,COMPLETE,CLEAN,5a157a79dbd4ecdadfe217b3608344268626b83fa84ee3e447887a68e14d7814
epsilon_sensitivity/seed_321611__epsilon=0.80.json,EPSILON_SENSITIVITY,321611,COMPLETE,CLEAN,af12dcaa22608d9cfe7c492f867efcacc64cf07275acd1780e6006c367017eda
epsilon_sensitivity/seed_321611__epsilon=0.90.json,EPSILON_SENSITIVITY,321611,COMPLETE,CLEAN,0b43cdb8a74427b5010a23f61f928471dfe3de6c0ff76bf3527afc94a774f979
epsilon_sensitivity/seed_321611__epsilon=0.95.json,EPSILON_SENSITIVITY,321611,COMPLETE,CLEAN,83ccf169d3f472b4c25be8874aa00e662f9534042dd03274d49a1d002157e37d
epsilon_sensitivity/seed_321611__epsilon=1.00.json,EPSILON_SENSITIVITY,321611,COMPLETE,Not Solved|None,2c30fd6cf6e20fb4073b30e2390f6eb457dfb8023617ba5ce6348df06b232acc
epsilon_sensitivity/seed_331297__epsilon=0.80.json,EPSILON_SENSITIVITY,331297,COMPLETE,CLEAN,13256eae437ca432b04dbde5bd35dc5487c05637c7d1debdf295f0e97544243b
epsilon_sensitivity/seed_331297__epsilon=0.90.json,EPSILON_SENSITIVITY,331297,COMPLETE,CLEAN,fc8a08ac958f81919b35d733c05407462e5747d1913ad0a59c4db871e5598432
epsilon_sensitivity/seed_331297__epsilon=0.95.json,EPSILON_SENSITIVITY,331297,COMPLETE,CLEAN,98e06babd1993b7d8004d6a45390bcbffd2aec2d31360e0c963985ed6c450cf6
epsilon_sensitivity/seed_331297__epsilon=1.00.json,EPSILON_SENSITIVITY,331297,COMPLETE,CLEAN,b8b0d96a1ba82a7cbc01abb02eaa5e34a6834c19edb18c61ef3bb16f6fafcb4e
epsilon_sensitivity/seed_385101__epsilon=0.80.json,EPSILON_SENSITIVITY,385101,COMPLETE,CLEAN,34e701bce3ddb7d2aab2acd6774728200403e21a3346021c60f00f1dc6c52c59
epsilon_sensitivity/seed_385101__epsilon=0.90.json,EPSILON_SENSITIVITY,385101,COMPLETE,CLEAN,85e9767f85138bf6819ad0315c51cc05e2f36b33619cf2e1acd2a7fe27399b10
epsilon_sensitivity/seed_385101__epsilon=0.95.json,EPSILON_SENSITIVITY,385101,COMPLETE,CLEAN,4d6d8397f8125081da5f15745f3304ab3ce3664ed45ea95510c29d3b40108965
epsilon_sensitivity/seed_385101__epsilon=1.00.json,EPSILON_SENSITIVITY,385101,COMPLETE,CLEAN,00943f09167e651f99a22f24f5db410659fb32c2ae6c34a1c26f858e9b0e76c6
epsilon_sensitivity/seed_449132__epsilon=0.80.json,EPSILON_SENSITIVITY,449132,COMPLETE,CLEAN,0ba401c9680c2b0b207fe4901b8d69bb95cbd421e659d7af8a2443b01673f543
epsilon_sensitivity/seed_449132__epsilon=0.90.json,EPSILON_SENSITIVITY,449132,COMPLETE,CLEAN,7931247f1f27794eb236f224ecb0ee31c6cf356501dda751fc3940f825334f35
epsilon_sensitivity/seed_449132__epsilon=0.95.json,EPSILON_SENSITIVITY,449132,COMPLETE,CLEAN,e2a9fc1d3c7eafa148285c270e45b0e8fd6d4cd0e9ebc2055395995da64b5faa
epsilon_sensitivity/seed_449132__epsilon=1.00.json,EPSILON_SENSITIVITY,449132,COMPLETE,CLEAN,ae702ae728859083aad8d0842ee69e79d5efac122a0f8c802b7ee019a476c0c6
epsilon_sensitivity/seed_496928__epsilon=0.80.json,EPSILON_SENSITIVITY,496928,COMPLETE,CLEAN,11a2acd1236f111d4d0f45d9ac133bf9fa9cebdfe32e074e68b035061d93fd45
epsilon_sensitivity/seed_496928__epsilon=0.90.json,EPSILON_SENSITIVITY,496928,COMPLETE,CLEAN,257ee2cd3432d8eb7c6b646f5b884906f2c859282d7e3238e9805e5ca964334b
epsilon_sensitivity/seed_496928__epsilon=0.95.json,EPSILON_SENSITIVITY,496928,COMPLETE,CLEAN,8d7c7c8673a9f8cf035a3733522d74fd77cbd67b97fdd7ad7e97c4d9e9aa2994
epsilon_sensitivity/seed_496928__epsilon=1.00.json,EPSILON_SENSITIVITY,496928,COMPLETE,CLEAN,92d89f18fd26db1e4e29b19cbe9a7b0158760d8de9c829ec6ea1574de1c9bd49
epsilon_sensitivity/seed_514942__epsilon=0.80.json,EPSILON_SENSITIVITY,514942,COMPLETE,CLEAN,03596cfdfe43271e5f42e55af1c70e98cdfe721ef3805d7d27b194b3b403ba1f
epsilon_sensitivity/seed_514942__epsilon=0.90.json,EPSILON_SENSITIVITY,514942,COMPLETE,CLEAN,af39fe62013d7afd56aaa28b06c6ea55e4e0874a4feb751906a90a4db7152fbd
epsilon_sensitivity/seed_514942__epsilon=0.95.json,EPSILON_SENSITIVITY,514942,COMPLETE,CLEAN,73b589b8862d63202eb3004b4220c64ff39f1ab5ef28b91295c6e0b4ae3fbaff
epsilon_sensitivity/seed_514942__epsilon=1.00.json,EPSILON_SENSITIVITY,514942,COMPLETE,CLEAN,1c5e98f4771f820b8f2b85af33d3263c7f236be59dbff3091fac1d6d7000c952
epsilon_sensitivity/seed_52314__epsilon=0.80.json,EPSILON_SENSITIVITY,52314,COMPLETE,CLEAN,e70282d5cc83f84acb0ade971f697173d4b3382e5086f2d8b7cd58f6346c8084
epsilon_sensitivity/seed_52314__epsilon=0.90.json,EPSILON_SENSITIVITY,52314,COMPLETE,CLEAN,4febfb4bd10a08848d1d7622b7124d0ca44bc92f1ff645b621b287732e1b72a6
epsilon_sensitivity/seed_52314__epsilon=0.95.json,EPSILON_SENSITIVITY,52314,COMPLETE,CLEAN,5d576de215fe24ad9b4432da26317e79d13c8f01134d7446f1e738ebaa6e44fb
epsilon_sensitivity/seed_52314__epsilon=1.00.json,EPSILON_SENSITIVITY,52314,COMPLETE,CLEAN,caceca084928d7616a372877c5620a414befb0df8fd34b419952b8ab89e54e77
epsilon_sensitivity/seed_57684__epsilon=0.80.json,EPSILON_SENSITIVITY,57684,COMPLETE,CLEAN,136a1c04bd20f48955b9e86d84c8affba9f379b104fcac38a66e342275a842db
epsilon_sensitivity/seed_57684__epsilon=0.90.json,EPSILON_SENSITIVITY,57684,COMPLETE,CLEAN,571af9137bc4cc9e5459b840ada42225e73f94ea9181f5fd6c165ea1ed7c5525
epsilon_sensitivity/seed_57684__epsilon=0.95.json,EPSILON_SENSITIVITY,57684,COMPLETE,CLEAN,0d05c481bc39d36472478903e81d89126331f4370acb90995f0ca661bc8b298a
epsilon_sensitivity/seed_57684__epsilon=1.00.json,EPSILON_SENSITIVITY,57684,COMPLETE,CLEAN,87df76c982cdbd9efe728aadd7566681fbe5857e3d23907c830939138ecdfe1a
epsilon_sensitivity/seed_621609__epsilon=0.80.json,EPSILON_SENSITIVITY,621609,COMPLETE,CLEAN,f725eaa004a021624ef83f0424751ce4b5b08d33796380526c55810698d127bd
epsilon_sensitivity/seed_621609__epsilon=0.90.json,EPSILON_SENSITIVITY,621609,COMPLETE,CLEAN,bd71863cbec4bb0742f51d0b462a37fa52fe740b3d560460ef3f70d9cd020745
epsilon_sensitivity/seed_621609__epsilon=0.95.json,EPSILON_SENSITIVITY,621609,COMPLETE,CLEAN,4af7975b751b6e105a9b962e5f58816fc15fcb5eb4d8ab1e471f2da8683355d1
epsilon_sensitivity/seed_621609__epsilon=1.00.json,EPSILON_SENSITIVITY,621609,COMPLETE,CLEAN,c33d05528135e07f348d7e114e889a36f37c96870012cfe39eba5c57edd056e6
epsilon_sensitivity/seed_627177__epsilon=0.80.json,EPSILON_SENSITIVITY,627177,COMPLETE,CLEAN,5d11156c203460516acb01db30dd5b8ff7cbcac77f13c14ffb57bd1e67877145
epsilon_sensitivity/seed_627177__epsilon=0.90.json,EPSILON_SENSITIVITY,627177,COMPLETE,CLEAN,e0e520bf678f87183c14f1670436b1f48eb3e7dcf542b33824ba1b6ad99b9f30
epsilon_sensitivity/seed_627177__epsilon=0.95.json,EPSILON_SENSITIVITY,627177,COMPLETE,CLEAN,22a67d257aded9f17bbec0aba7ef2c7f4ec1db0715a3893747952be7671d68eb
epsilon_sensitivity/seed_627177__epsilon=1.00.json,EPSILON_SENSITIVITY,627177,COMPLETE,CLEAN,b6efbe9edbfa7cc1e68cbd09cebc1433d04e57d6d2d16633b6799481367d9e27
epsilon_sensitivity/seed_637394__epsilon=0.80.json,EPSILON_SENSITIVITY,637394,COMPLETE,CLEAN,459a1f8c60c2fcee3d2a8a9a2b2a49a297f5476f5bd7e4aa4a7233cd8cfe31c5
epsilon_sensitivity/seed_637394__epsilon=0.90.json,EPSILON_SENSITIVITY,637394,COMPLETE,CLEAN,9c7e618085a1931bd2a3be93bc214ff63ee6768a4ca37aecb90e6630aa984a35
epsilon_sensitivity/seed_637394__epsilon=0.95.json,EPSILON_SENSITIVITY,637394,COMPLETE,CLEAN,1b348ac989289071d7ad126b8a866ac130f94181ede3bba0a4fca535cf5c7b5b
epsilon_sensitivity/seed_637394__epsilon=1.00.json,EPSILON_SENSITIVITY,637394,COMPLETE,CLEAN,b6439a9a79af59c58ac5600e916cd7da0d483ac2ac71dd828aa4be4dd405cef6
epsilon_sensitivity/seed_651976__epsilon=0.80.json,EPSILON_SENSITIVITY,651976,COMPLETE,CLEAN,78c262ff902e77de3bf2ef0c38e1976c068f44b61850bca97a7f7e005c117654
epsilon_sensitivity/seed_651976__epsilon=0.90.json,EPSILON_SENSITIVITY,651976,COMPLETE,CLEAN,10b1a2a16ce2efa26416a4d55718ced9ca41e9bf92da28b555b5089d895023ca
epsilon_sensitivity/seed_651976__epsilon=0.95.json,EPSILON_SENSITIVITY,651976,COMPLETE,CLEAN,d0bdbac361d6720f13454d5c46ac3e77219973649625fb27638f8fe3fd863275
epsilon_sensitivity/seed_651976__epsilon=1.00.json,EPSILON_SENSITIVITY,651976,COMPLETE,CLEAN,090ff32e95a5604a774e1e421674f7a1e686ef9be6effc3240271a64b21d8104
epsilon_sensitivity/seed_65693__epsilon=0.80.json,EPSILON_SENSITIVITY,65693,COMPLETE,CLEAN,02f876e3c392549952eab29c50df464416045c601df1669e4099f81bb837b029
epsilon_sensitivity/seed_65693__epsilon=0.90.json,EPSILON_SENSITIVITY,65693,COMPLETE,CLEAN,c8fc8073df05f37249b4c46f6713b7ed2ee516d3071f4e88979d81cfdcf7ccd0
epsilon_sensitivity/seed_65693__epsilon=0.95.json,EPSILON_SENSITIVITY,65693,COMPLETE,CLEAN,de921db48bd5cfc4251d9f8f54ce3e5faa94ced949053a7ea2b93ddfe81a93a2
epsilon_sensitivity/seed_65693__epsilon=1.00.json,EPSILON_SENSITIVITY,65693,COMPLETE,CLEAN,90f35b915ecd9a900b3e6210c5a36eeb823cc08b75e42cbd5f4ee7759da140b7
epsilon_sensitivity/seed_679242__epsilon=0.80.json,EPSILON_SENSITIVITY,679242,COMPLETE,CLEAN,ecba7979cd0498fd75c29b7609526bff10cd2bbc82152db583e8af89452606af
epsilon_sensitivity/seed_679242__epsilon=0.90.json,EPSILON_SENSITIVITY,679242,COMPLETE,CLEAN,7ca8b801d94d154d60492c405f2c1cba7ff74feebfbf8e18e054f86203c981b3
epsilon_sensitivity/seed_679242__epsilon=0.95.json,EPSILON_SENSITIVITY,679242,COMPLETE,CLEAN,dc34aca661d6bfaf583eb5c6de53c916c5e5c61541989649829a2e99980e1bbf
epsilon_sensitivity/seed_679242__epsilon=1.00.json,EPSILON_SENSITIVITY,679242,COMPLETE,CLEAN,ed16e5a38d7fa8252a22f52ece0d488dfa27ff71aa5888288e26bc62794d59d1
epsilon_sensitivity/seed_720982__epsilon=0.80.json,EPSILON_SENSITIVITY,720982,COMPLETE,CLEAN,bb7feb83e52cdc04f32db03ee79a0663477e58e4814f3c24a35d246232ee1c40
epsilon_sensitivity/seed_720982__epsilon=0.90.json,EPSILON_SENSITIVITY,720982,COMPLETE,CLEAN,bc19d3f960752a26c3c97fcade388b2e878c613d315d670e3cd598cbb41b0baa
epsilon_sensitivity/seed_720982__epsilon=0.95.json,EPSILON_SENSITIVITY,720982,COMPLETE,CLEAN,ed1d0ab139e5727af80989cacd419915c70daaf13fe545eedf102770eccfd816
epsilon_sensitivity/seed_720982__epsilon=1.00.json,EPSILON_SENSITIVITY,720982,COMPLETE,CLEAN,e7554277705374edaf65780c8a1733ad6d9b516ef975bc2ca2882f053d9bc74f
epsilon_sensitivity/seed_737579__epsilon=0.80.json,EPSILON_SENSITIVITY,737579,COMPLETE,CLEAN,398d88b111d2dada7c321f7258f3cf4ba79775145cb49c13056e8b0bad945a04
epsilon_sensitivity/seed_737579__epsilon=0.90.json,EPSILON_SENSITIVITY,737579,COMPLETE,CLEAN,0f408aac6cacb37ebfb05a2dda5655134bb7fab2df933dba614bb2cc07407210
epsilon_sensitivity/seed_737579__epsilon=0.95.json,EPSILON_SENSITIVITY,737579,COMPLETE,CLEAN,e01002abfe03d90f5d8362577f4ce16334386244e4d83baec1542513514d8958
epsilon_sensitivity/seed_737579__epsilon=1.00.json,EPSILON_SENSITIVITY,737579,COMPLETE,Not Solved|None,b288eb9c41a541d70f35e8473d5080724cf29522b7c591dae2d00f7fed4b2bd5
epsilon_sensitivity/seed_750647__epsilon=0.80.json,EPSILON_SENSITIVITY,750647,COMPLETE,CLEAN,77d8397e3a5662f6d7fae9291e9623b4f4c2d03477d6806b1ccb80a15f4551fa
epsilon_sensitivity/seed_750647__epsilon=0.90.json,EPSILON_SENSITIVITY,750647,COMPLETE,CLEAN,658c485899f93cfe94e44d08e48b80c7605c0959a1c04d6eab1973921552e81e
epsilon_sensitivity/seed_750647__epsilon=0.95.json,EPSILON_SENSITIVITY,750647,COMPLETE,CLEAN,944391de11a71999e4460c4521487d3c75a1e18f54344f0e2fcca673c101e41e
epsilon_sensitivity/seed_750647__epsilon=1.00.json,EPSILON_SENSITIVITY,750647,COMPLETE,CLEAN,bdd46b32cdfc88fd8a97cbc4c5167f5786093450e207d832c201060254678fb3
epsilon_sensitivity/seed_80120__epsilon=0.80.json,EPSILON_SENSITIVITY,80120,COMPLETE,CLEAN,4ab148cd05dd4e38b603962a3fa6e6d683df8585f7fe35fdadb31a6a7da18c18
epsilon_sensitivity/seed_80120__epsilon=0.90.json,EPSILON_SENSITIVITY,80120,COMPLETE,CLEAN,5061d497353a52abc2365adae9c02d8d759b816441318db9396c56369162c6dd
epsilon_sensitivity/seed_80120__epsilon=0.95.json,EPSILON_SENSITIVITY,80120,COMPLETE,CLEAN,e04f0b0a5ae749f14082731b99ee47bcea7afc79cf7361a0fe61af770201da36
epsilon_sensitivity/seed_80120__epsilon=1.00.json,EPSILON_SENSITIVITY,80120,COMPLETE,CLEAN,027735ea84f904846cf27c1419a8799d00a055dabba807048db0101fdb2dd56a
epsilon_sensitivity/seed_803466__epsilon=0.80.json,EPSILON_SENSITIVITY,803466,COMPLETE,CLEAN,1ef139bf717725e0f099c7209efe80cbcd89db33c59250e3d7d9f4225b2b6ab5
epsilon_sensitivity/seed_803466__epsilon=0.90.json,EPSILON_SENSITIVITY,803466,COMPLETE,CLEAN,48b2735aa515fe375fd02537c2439622ab6279ddfcceee34de87582b515c9c44
epsilon_sensitivity/seed_803466__epsilon=0.95.json,EPSILON_SENSITIVITY,803466,COMPLETE,CLEAN,b5c070787d1fc42bc7628ea1890b1a751376ea279cc4d247f6afef310bd7a489
epsilon_sensitivity/seed_803466__epsilon=1.00.json,EPSILON_SENSITIVITY,803466,COMPLETE,CLEAN,c04747cc0a8665c14666b2ff987e1f296a4c36dedc164ab48019ac972d77b184
epsilon_sensitivity/seed_870215__epsilon=0.80.json,EPSILON_SENSITIVITY,870215,COMPLETE,CLEAN,cf98d31924709696a48fca4eb40fa5585de139e53e12d3be50c3b20179d3e8ae
epsilon_sensitivity/seed_870215__epsilon=0.90.json,EPSILON_SENSITIVITY,870215,COMPLETE,CLEAN,fee78f53157aa01698cb0003d2c0860ebc81e8255ac7fb555b2bf3da203a8165
epsilon_sensitivity/seed_870215__epsilon=0.95.json,EPSILON_SENSITIVITY,870215,COMPLETE,CLEAN,a6ce2a296dc14f8ccec478136c52881e6c5fdde0fcb9f44aa0748ae27f6ece5f
epsilon_sensitivity/seed_870215__epsilon=1.00.json,EPSILON_SENSITIVITY,870215,COMPLETE,CLEAN,599ad32939294f16db933dea2ae9760ee667f659c8560d29e7657d7e3560ba25
epsilon_sensitivity/seed_885219__epsilon=0.80.json,EPSILON_SENSITIVITY,885219,COMPLETE,CLEAN,89fd6d0b44e065a3c6ae1338386bfff47dc6ae8aa344de80378e999219c0ca4c
epsilon_sensitivity/seed_885219__epsilon=0.90.json,EPSILON_SENSITIVITY,885219,COMPLETE,CLEAN,fd9f5a726fd2b986af8b565c513adb017a77dc85b692d62e9ca21769b62ce8a7
epsilon_sensitivity/seed_885219__epsilon=0.95.json,EPSILON_SENSITIVITY,885219,COMPLETE,CLEAN,c8d4b2ee1510051e6ed16d2bc40b7b565d68780fe5dbc299e89bd388bf61713f
epsilon_sensitivity/seed_885219__epsilon=1.00.json,EPSILON_SENSITIVITY,885219,COMPLETE,CLEAN,1ab2d132ec50c7f13c47efa2f0104de4bfea5a6ac0f435bb14283c891fa67143
epsilon_sensitivity/seed_908270__epsilon=0.80.json,EPSILON_SENSITIVITY,908270,COMPLETE,CLEAN,fc81a90b7fbb6c8a6285779cdbab272c0efd1520dbbc94c1032825cc0e5c9fb3
epsilon_sensitivity/seed_908270__epsilon=0.90.json,EPSILON_SENSITIVITY,908270,COMPLETE,CLEAN,057075f3a332985577c3512159942c801e9aec78c175e649271d415bfd8a9124
epsilon_sensitivity/seed_908270__epsilon=0.95.json,EPSILON_SENSITIVITY,908270,COMPLETE,CLEAN,0ca10587edeca0ada06a032e3712cb8a31776927295c85d759fdbe37a93ca78e
epsilon_sensitivity/seed_908270__epsilon=1.00.json,EPSILON_SENSITIVITY,908270,COMPLETE,CLEAN,66c930f4c4d0e0fca5fe2af2c40c8dc6ffb0d4f3cbe2b64949f4ed2a0f73d8f6
epsilon_sensitivity/seed_947906__epsilon=0.80.json,EPSILON_SENSITIVITY,947906,COMPLETE,CLEAN,22b6e0497bf76f10d12a50788ec2fc54a3ffc5a05f18844cdaee0c4332e175ed
epsilon_sensitivity/seed_947906__epsilon=0.90.json,EPSILON_SENSITIVITY,947906,COMPLETE,CLEAN,a1e11157ffbd96986ec418bc10f3ee24368a9605b2326bd361085a79b91da3e6
epsilon_sensitivity/seed_947906__epsilon=0.95.json,EPSILON_SENSITIVITY,947906,COMPLETE,CLEAN,38b2f11fdf39e05b7a7f334a1449a2c78c5cb5933247914e41bf8a0e1871a78a
epsilon_sensitivity/seed_947906__epsilon=1.00.json,EPSILON_SENSITIVITY,947906,COMPLETE,CLEAN,8dc9fc038a25a1609dd5fd9ef54795313709a0e51d7a44a3154f04b6c39ad4ed
lambda_stability/seed_192338__lambda=0.00.json,LAMBDA_STABILITY,192338,COMPLETE,CLEAN,31e8838be6ca84f8196593e84c2faff64ffc49179ffad9dac9ce550e4b25c2b4
lambda_stability/seed_192338__lambda=0.05.json,LAMBDA_STABILITY,192338,COMPLETE,CLEAN,b26fc631f5496316d79bf36010674ec7c44700e35691ef3f441e41dc32753b6f
lambda_stability/seed_192338__lambda=0.10.json,LAMBDA_STABILITY,192338,COMPLETE,CLEAN,44f1dfaf34cf0b194e5c7fdb9970cf5c14ee82a8e9d8dabb11cb8e0b81299d59
lambda_stability/seed_192338__lambda=0.25.json,LAMBDA_STABILITY,192338,COMPLETE,CLEAN,8cd1b31ce707966808cc500342554cec2c543f25509504368b163315f8b483c5
lambda_stability/seed_192338__lambda=0.50.json,LAMBDA_STABILITY,192338,COMPLETE,CLEAN,ccdd094d9d8bc1f8f64ef3093f804d1d0f0398bb89945b131f066dabd6adc1c7
lambda_stability/seed_192338__lambda=1.00.json,LAMBDA_STABILITY,192338,COMPLETE,CLEAN,61acc9061eae9170d9219a90e8b1a9f05d155af52629af67fdf15f5eb37f006d
lambda_stability/seed_196157__lambda=0.00.json,LAMBDA_STABILITY,196157,COMPLETE,Infeasible|proposed.reopt_phase3,d77d9dc4d21a1418244fc7c8e323fa2364a5b20aff62cf10f69b106b517b1c46
lambda_stability/seed_196157__lambda=0.05.json,LAMBDA_STABILITY,196157,COMPLETE,Infeasible|proposed.reopt_phase3,25a026fd622c850ee0e9da81df8448e6c4335aa3a2fd643a04258bdc44935609
lambda_stability/seed_196157__lambda=0.10.json,LAMBDA_STABILITY,196157,COMPLETE,Infeasible|proposed.reopt_phase3,a0978c76edcb2d33676d309d6dc79effb2711ea50b2ad20d5f8650f8b5f314a7
lambda_stability/seed_196157__lambda=0.25.json,LAMBDA_STABILITY,196157,COMPLETE,Infeasible|proposed.reopt_phase3,c537bffcb2ff49e33076421875931603225661a317d33cc5ade0f3066201dacc
lambda_stability/seed_196157__lambda=0.50.json,LAMBDA_STABILITY,196157,COMPLETE,Infeasible|proposed.reopt_phase3,894032438cd1624e89e0c185495540ae2d55d7150e5c2c68c9b98d1aebc215d4
lambda_stability/seed_196157__lambda=1.00.json,LAMBDA_STABILITY,196157,COMPLETE,Infeasible|proposed.reopt_phase3,9799fd9d045f968123b2b31ae0476544ea3e0830281dbde3beae62775f81d752
lambda_stability/seed_200768__lambda=0.00.json,LAMBDA_STABILITY,200768,COMPLETE,CLEAN,d91dd69e83b35f8d004559b74496792a6b95e684bd1f0f4689456a78236370b4
lambda_stability/seed_200768__lambda=0.05.json,LAMBDA_STABILITY,200768,COMPLETE,CLEAN,0db37bfb7d9561a7e67000c543b306f85624801d572182563bcae586173fdaa1
lambda_stability/seed_200768__lambda=0.10.json,LAMBDA_STABILITY,200768,COMPLETE,CLEAN,73f61d8f018a094ea42d4625bd3a8acf9be0c6034a2441c2bd888171d5991fdb
lambda_stability/seed_200768__lambda=0.25.json,LAMBDA_STABILITY,200768,COMPLETE,CLEAN,49f6ed05a05786ed036b9856338a9b2df786b902d60dec3e1ec87a29982cb0c9
lambda_stability/seed_200768__lambda=0.50.json,LAMBDA_STABILITY,200768,COMPLETE,CLEAN,833b8eb1115fcba7d2ee3c472f6b13afa6a523411c7fbd1f1f0e390b34387c8c
lambda_stability/seed_200768__lambda=1.00.json,LAMBDA_STABILITY,200768,COMPLETE,CLEAN,0a48cc3c98b625ac208dff3832d57882941b66c90ecbacc1c3a4f5254ddd6924
lambda_stability/seed_222335__lambda=0.00.json,LAMBDA_STABILITY,222335,COMPLETE,CLEAN,d9f092e058269ec6798f82fc233ff770fc9a69d7383a7012bd37da40b3e9230b
lambda_stability/seed_222335__lambda=0.05.json,LAMBDA_STABILITY,222335,COMPLETE,CLEAN,6a625bccdad149c24e1738003ae2205abbbfaf58a96ac157bf7400ee1e88a309
lambda_stability/seed_222335__lambda=0.10.json,LAMBDA_STABILITY,222335,COMPLETE,CLEAN,215b33c5ffa35f92909f84e7a6e1015c5d4359a206fb09f4721ac847e5451a92
lambda_stability/seed_222335__lambda=0.25.json,LAMBDA_STABILITY,222335,COMPLETE,CLEAN,70681a94c9a3ebff23617c05d33c57f3c78884e9c7d90ff03da793bbaedb6f90
lambda_stability/seed_222335__lambda=0.50.json,LAMBDA_STABILITY,222335,COMPLETE,CLEAN,4127e2aa0f89d63a189059e67d940961e9943de125347455da129019064889c0
lambda_stability/seed_222335__lambda=1.00.json,LAMBDA_STABILITY,222335,COMPLETE,CLEAN,9f1036d13dd6eb226bb38bd12080ec5caf7950befccad02d6fe60b2c43fd8075
lambda_stability/seed_262122__lambda=0.00.json,LAMBDA_STABILITY,262122,COMPLETE,CLEAN,b94753bc36594ab00377e7438b770f607a66b318190e07c9420c2efbcff0273d
lambda_stability/seed_262122__lambda=0.05.json,LAMBDA_STABILITY,262122,COMPLETE,CLEAN,d0aac88e47c20ea3c566987e03dff8f4468b25130957f9c8e0a27c31f1b1c37b
lambda_stability/seed_262122__lambda=0.10.json,LAMBDA_STABILITY,262122,COMPLETE,CLEAN,470448bf9633f454b8b57df8f9e84e4725d07ec021c063c16d0289cd69bf78e0
lambda_stability/seed_262122__lambda=0.25.json,LAMBDA_STABILITY,262122,COMPLETE,CLEAN,691c8be621971f580700c2ac82bef0406ca4f0c655d7d22521f5bb43a4454db3
lambda_stability/seed_262122__lambda=0.50.json,LAMBDA_STABILITY,262122,COMPLETE,CLEAN,f88c67729f2346e2d7dde37de2df17ef0590312039cba6d5f95eba9d3c7aae19
lambda_stability/seed_262122__lambda=1.00.json,LAMBDA_STABILITY,262122,COMPLETE,CLEAN,9f22d092bf4b12f26bb8d231e6161291f34badcfde02b3e5728a809e35031244
lambda_stability/seed_288572__lambda=0.00.json,LAMBDA_STABILITY,288572,COMPLETE,CLEAN,2e1c1cbc929bfc9e3e53eaf7814bb14fec7b641a20b4d818ef016b8e8f09cd6b
lambda_stability/seed_288572__lambda=0.05.json,LAMBDA_STABILITY,288572,COMPLETE,CLEAN,b56a08fefbb36724d4599b54c00fdd722fdb2d346d8e8ee7cdf6bca091040aae
lambda_stability/seed_288572__lambda=0.10.json,LAMBDA_STABILITY,288572,COMPLETE,CLEAN,06d2680cf5534864ae03913812bdca3b77769a6a886c7241ffd721a05c18d72a
lambda_stability/seed_288572__lambda=0.25.json,LAMBDA_STABILITY,288572,COMPLETE,CLEAN,93f3ed509958336d64d20f345b5f608712f98f5d6d76273813914595c26be4e0
lambda_stability/seed_288572__lambda=0.50.json,LAMBDA_STABILITY,288572,COMPLETE,CLEAN,10c30dd4f2b031367944ee918e527fb50d87f29af7fdd65f3065d3b100290057
lambda_stability/seed_288572__lambda=1.00.json,LAMBDA_STABILITY,288572,COMPLETE,CLEAN,45a792c73848145cece55b1659ea561a827edc49ceac59caf822e6b6c5dd28bd
lambda_stability/seed_320290__lambda=0.00.json,LAMBDA_STABILITY,320290,COMPLETE,CLEAN,c4914886cf3c3946ef75ff91eb7efdcccc37116190e1314898ba33e0f6a1732c
lambda_stability/seed_320290__lambda=0.05.json,LAMBDA_STABILITY,320290,COMPLETE,CLEAN,1886e7c205e0df7302ff781be6eea6cb57a16a3b97e0656a1b309272f3b8daf9
lambda_stability/seed_320290__lambda=0.10.json,LAMBDA_STABILITY,320290,COMPLETE,CLEAN,3354d87fe2fb7e693c1e2288e9c71be6fb89d15b1a129ad2d3dbc2bdf210d062
lambda_stability/seed_320290__lambda=0.25.json,LAMBDA_STABILITY,320290,COMPLETE,CLEAN,9e70a50ebf100dcb12429196cf7175c5909cc2bd613108c44bb42d97429ebf61
lambda_stability/seed_320290__lambda=0.50.json,LAMBDA_STABILITY,320290,COMPLETE,CLEAN,a2ea02fda734c9c0117fb6e9656d82e35b44e530313973206889b87017be4109
lambda_stability/seed_320290__lambda=1.00.json,LAMBDA_STABILITY,320290,COMPLETE,CLEAN,e596b1a2cdeac0b384b562424a569cbce2d656bf3705c208d0eeffaa6ee7c2c7
lambda_stability/seed_321611__lambda=0.00.json,LAMBDA_STABILITY,321611,COMPLETE,CLEAN,832210539a69db43288ece5e5425483fb6a6622222535bcfe5700139f6faa8b8
lambda_stability/seed_321611__lambda=0.05.json,LAMBDA_STABILITY,321611,COMPLETE,CLEAN,26e5b6baa7616ad05849bce20336844280fe4129ba05bf3ffc436f258ce5e0d4
lambda_stability/seed_321611__lambda=0.10.json,LAMBDA_STABILITY,321611,COMPLETE,CLEAN,d9ceeae869fbb5155de6c6c824a92076ab27c123cef2577b7149941ba49bf774
lambda_stability/seed_321611__lambda=0.25.json,LAMBDA_STABILITY,321611,COMPLETE,CLEAN,80e18113b50b4c66668d1f562ce259cff7088b751b4a68dcc4ff85645dfe35fb
lambda_stability/seed_321611__lambda=0.50.json,LAMBDA_STABILITY,321611,COMPLETE,CLEAN,6790a5532505aa605a57c984690ea14bef2843bc3d8d2c0a45e84763c361298f
lambda_stability/seed_321611__lambda=1.00.json,LAMBDA_STABILITY,321611,COMPLETE,CLEAN,e4d38990b93b9893407e29e573485768642f0d0fd799e36052fec4163d234968
lambda_stability/seed_331297__lambda=0.00.json,LAMBDA_STABILITY,331297,COMPLETE,CLEAN,c369dbe3819befd53b2aab5a1182ccb9a34697344cc94ef344e831677e569874
lambda_stability/seed_331297__lambda=0.05.json,LAMBDA_STABILITY,331297,COMPLETE,CLEAN,38f86b519b2f3772adbe34fe2d0d7712409352ca92c4df16d56a4442fac85916
lambda_stability/seed_331297__lambda=0.10.json,LAMBDA_STABILITY,331297,COMPLETE,CLEAN,a744e520f681cf673b781f3a539ead42b26b8dc245a2da156b56edd1ce83ef23
lambda_stability/seed_331297__lambda=0.25.json,LAMBDA_STABILITY,331297,COMPLETE,CLEAN,f4a2ded745f21b33de604104d191e890b0c463e77f04b8e677c75b186012ef2e
lambda_stability/seed_331297__lambda=0.50.json,LAMBDA_STABILITY,331297,COMPLETE,CLEAN,e99d552a83b672c3d36484b73ca7376762e5e756ef4cd524d4b321a10aededad
lambda_stability/seed_331297__lambda=1.00.json,LAMBDA_STABILITY,331297,COMPLETE,CLEAN,aeb75321a0e2543c3bc8bdd985148fb5849a3c50d810eeedc3cdd280b0e1ba47
lambda_stability/seed_385101__lambda=0.00.json,LAMBDA_STABILITY,385101,COMPLETE,CLEAN,51e8b6fbd23c2021428f96a9916629c53c100b8fd7add13f418e0644186d892f
lambda_stability/seed_385101__lambda=0.05.json,LAMBDA_STABILITY,385101,COMPLETE,CLEAN,e8aae1e8eb33641ef1ac2caa5c3e1603db81f3617177b16fa04c2b5af0ff0dd1
lambda_stability/seed_385101__lambda=0.10.json,LAMBDA_STABILITY,385101,COMPLETE,CLEAN,a8e14de494a1a9c86d8f719b4812723b05f4fcbb26409b3261e62addb573e289
lambda_stability/seed_385101__lambda=0.25.json,LAMBDA_STABILITY,385101,COMPLETE,CLEAN,310ee631fa84ba42ef03bb77e082d566c5eddbc59037df3bfe149a9d44896e84
lambda_stability/seed_385101__lambda=0.50.json,LAMBDA_STABILITY,385101,COMPLETE,CLEAN,888685fb247ea2df4805daa93f9464d38029993c589cd81fbeacff1396496fbc
lambda_stability/seed_385101__lambda=1.00.json,LAMBDA_STABILITY,385101,COMPLETE,CLEAN,f795a614b59ff187c651607a473e893765cfb81bc65c9382bc17ef20cbc1d591
lambda_stability/seed_449132__lambda=0.00.json,LAMBDA_STABILITY,449132,COMPLETE,CLEAN,e3c2314adf2ebfc91217138cce3a88fbe3fce6bd2a38269520d5daa5cada19c0
lambda_stability/seed_449132__lambda=0.05.json,LAMBDA_STABILITY,449132,COMPLETE,CLEAN,c852e42b72cebaba5aac541fb16a585c53c9ed2dfc163c251ec093654925d288
lambda_stability/seed_449132__lambda=0.10.json,LAMBDA_STABILITY,449132,COMPLETE,CLEAN,9225bf0e4d36cb012ffdeb8e2ba94582314b22bb02ceca7ab2e46cb3ae7ea56f
lambda_stability/seed_449132__lambda=0.25.json,LAMBDA_STABILITY,449132,COMPLETE,CLEAN,99ab6fd0898a6b69aafb97ee7017ac06ad039f5eb2351cedc7ac54b459e40ddd
lambda_stability/seed_449132__lambda=0.50.json,LAMBDA_STABILITY,449132,COMPLETE,CLEAN,daf7518731af2e62105ff1261722613095fe15bbfc813303d5adcb441e7adb34
lambda_stability/seed_449132__lambda=1.00.json,LAMBDA_STABILITY,449132,COMPLETE,CLEAN,af7c1049db9ab2654f470428ed0fb1e7d02f980976b632ac18154ba2dbc21c54
lambda_stability/seed_496928__lambda=0.00.json,LAMBDA_STABILITY,496928,COMPLETE,Infeasible|proposed.reopt_phase3,deb11a7fb8de990c52c625a77879d8f0c849c42996e994dde0b0680ee0031366
lambda_stability/seed_496928__lambda=0.05.json,LAMBDA_STABILITY,496928,COMPLETE,Infeasible|proposed.reopt_phase3,0da471b83da45e73c36f86a4e530089478c825be584ba49e12b52adb89a716ce
lambda_stability/seed_496928__lambda=0.10.json,LAMBDA_STABILITY,496928,COMPLETE,Infeasible|proposed.reopt_phase3,f13de077f230020273a27da7120fbffea1b19102920b9af704632a90da5d56c7
lambda_stability/seed_496928__lambda=0.25.json,LAMBDA_STABILITY,496928,COMPLETE,Infeasible|proposed.reopt_phase3,fd06a2a0964a84cd7038d5424a5b8bbc10521b24415ad3ddd21844f081d1c946
lambda_stability/seed_496928__lambda=0.50.json,LAMBDA_STABILITY,496928,COMPLETE,Infeasible|proposed.reopt_phase3,1f7803e648da7840865b21a4145518fc53de6f74b32574fe3576654ce719f138
lambda_stability/seed_496928__lambda=1.00.json,LAMBDA_STABILITY,496928,COMPLETE,Infeasible|proposed.reopt_phase3,0e215068f06d1d72714f68198735afa1da9df337660f76318f97e014f97c3e82
lambda_stability/seed_514942__lambda=0.00.json,LAMBDA_STABILITY,514942,COMPLETE,CLEAN,f0011735f1e35419f1d489ee98e90e6de69eac1e4c3258c12a5dadbed581b2cf
lambda_stability/seed_514942__lambda=0.05.json,LAMBDA_STABILITY,514942,COMPLETE,CLEAN,ae26fa7dcb1d4ffd8a80418caf1d0fa46c142b94f05d4ab50267f6251f2bca80
lambda_stability/seed_514942__lambda=0.10.json,LAMBDA_STABILITY,514942,COMPLETE,CLEAN,b77a30ab4372e3287e312770c7130b2538ff24d56acdb56db5ab7e7977d05c1d
lambda_stability/seed_514942__lambda=0.25.json,LAMBDA_STABILITY,514942,COMPLETE,CLEAN,7627a8ddfa452019218cfc8f8d0dd52013d4445bfe032428e2a6b75b86c6edb1
lambda_stability/seed_514942__lambda=0.50.json,LAMBDA_STABILITY,514942,COMPLETE,CLEAN,888cb2e29221c4fdeb479751863bfe0f3858f2cc84ad16fa4537ee58b7196f45
lambda_stability/seed_514942__lambda=1.00.json,LAMBDA_STABILITY,514942,COMPLETE,CLEAN,edcaa57156804752382bc797f3cdda58c88bdef497d712aaeffaf1807cdddd59
lambda_stability/seed_52314__lambda=0.00.json,LAMBDA_STABILITY,52314,COMPLETE,CLEAN,963146ff8e4eada574c5cdead7e48639fa1c5b5f5d7a8944869cd64dec0ee4e1
lambda_stability/seed_52314__lambda=0.05.json,LAMBDA_STABILITY,52314,COMPLETE,CLEAN,f7b60a0c9fd15ef7f6a7a9a7038191fa8bc3b787df29d6c889c382e9ad389961
lambda_stability/seed_52314__lambda=0.10.json,LAMBDA_STABILITY,52314,COMPLETE,CLEAN,1eb71f232367f20a7c8c49a9041d7e12cfd1ef217f33374b5bdd63b11ef240bb
lambda_stability/seed_52314__lambda=0.25.json,LAMBDA_STABILITY,52314,COMPLETE,CLEAN,4bbed5d393d347c1603306cff39dae57cfe5bd0b815c8be491988b632d60dbed
lambda_stability/seed_52314__lambda=0.50.json,LAMBDA_STABILITY,52314,COMPLETE,CLEAN,b4e237374e8ef318ff66ce7d222c0af0a8341871b9ed7a514ce5355530f798fe
lambda_stability/seed_52314__lambda=1.00.json,LAMBDA_STABILITY,52314,COMPLETE,CLEAN,e9685c0a999d811d7d7d0a62978b925176fe8bb25be4e38b6d1727fbdadbd3e0
lambda_stability/seed_57684__lambda=0.00.json,LAMBDA_STABILITY,57684,COMPLETE,CLEAN,11cbbaa50ebb043518cf938b3d401fa0c428e728011f0f36275f42463b4638ef
lambda_stability/seed_57684__lambda=0.05.json,LAMBDA_STABILITY,57684,COMPLETE,CLEAN,0abae6bbcea15eb4970055e4888a3aed9287ad471f8a136ac19645d970bff692
lambda_stability/seed_57684__lambda=0.10.json,LAMBDA_STABILITY,57684,COMPLETE,CLEAN,44568c327e05c690caf4d4ad1aeaee5795bd3186b9ff7e8a9e2e1c1d5b4ee28f
lambda_stability/seed_57684__lambda=0.25.json,LAMBDA_STABILITY,57684,COMPLETE,CLEAN,fff4c571e00ec75a39082974d16b051100fd8f454989cda81914fae31bc75394
lambda_stability/seed_57684__lambda=0.50.json,LAMBDA_STABILITY,57684,COMPLETE,CLEAN,9c37e5ec277807c623d2a653e3685636c3e5139200dc959b82f2c0cb3f94f51b
lambda_stability/seed_57684__lambda=1.00.json,LAMBDA_STABILITY,57684,COMPLETE,CLEAN,80cb08367a9a31d4a88ffb7051b2b41524745a530f4b3ca3605bf5ca9f445d65
lambda_stability/seed_621609__lambda=0.00.json,LAMBDA_STABILITY,621609,COMPLETE,Infeasible|proposed.reopt_phase3,b14ccf1b2529bdd9393c373779ccc233153fe72118d44ed9849a4113fbc4cb9d
lambda_stability/seed_621609__lambda=0.05.json,LAMBDA_STABILITY,621609,COMPLETE,Infeasible|proposed.reopt_phase3,9c1de13799e468a05a1d8dd75835c31f910c0e7972fe978141ab2e5afe7dc16f
lambda_stability/seed_621609__lambda=0.10.json,LAMBDA_STABILITY,621609,COMPLETE,Infeasible|proposed.reopt_phase3,0dbc9ad7ae839dbbd19fc6a39a1b037649505cd06eefb32113ec4c9dda360014
lambda_stability/seed_621609__lambda=0.25.json,LAMBDA_STABILITY,621609,COMPLETE,Infeasible|proposed.reopt_phase3,9c7f331d3c0195d94761dd8bfff7a436eca58ec6d606bf2dacab3f98fa001dcd
lambda_stability/seed_621609__lambda=0.50.json,LAMBDA_STABILITY,621609,COMPLETE,Infeasible|proposed.reopt_phase3,faba924055c61b0af979d679f4b035303b400412557e92cf3ed7404189f21063
lambda_stability/seed_621609__lambda=1.00.json,LAMBDA_STABILITY,621609,COMPLETE,Infeasible|proposed.reopt_phase3,5cc28268c9cbea08f3616378a0588d9e688f1761bba8bf56e00bdfb6ff862367
lambda_stability/seed_627177__lambda=0.00.json,LAMBDA_STABILITY,627177,COMPLETE,Infeasible|proposed.reopt_phase3,016c8556c566f2af14f7e27e453e3737476f37d6eeddf249ae3cbedb04ac04d9
lambda_stability/seed_627177__lambda=0.05.json,LAMBDA_STABILITY,627177,COMPLETE,Infeasible|proposed.reopt_phase3,297d4b470ff2ef7af52989d284cff58a62a9bbe455547439240b276cabe7d038
lambda_stability/seed_627177__lambda=0.10.json,LAMBDA_STABILITY,627177,COMPLETE,Infeasible|proposed.reopt_phase3,8a010a0fe829f5cb7389dc75f5b28de7d571da06b84e52f473a5f020fe8c33fc
lambda_stability/seed_627177__lambda=0.25.json,LAMBDA_STABILITY,627177,COMPLETE,Infeasible|proposed.reopt_phase3,3a65a1790817e0ab73c07543f7d7bcf74100a096d1c063afd7e8790e6b51be5e
lambda_stability/seed_627177__lambda=0.50.json,LAMBDA_STABILITY,627177,COMPLETE,Infeasible|proposed.reopt_phase3,a058b348569593db1a8831825b7695c3dfa1040018def043b26b31bb88d2b5e4
lambda_stability/seed_627177__lambda=1.00.json,LAMBDA_STABILITY,627177,COMPLETE,Infeasible|proposed.reopt_phase3,2a75aaa1ebe19a0bed62f0a1f6ab1eb40888e1c8eab29eb0877535f4120398cc
lambda_stability/seed_637394__lambda=0.00.json,LAMBDA_STABILITY,637394,COMPLETE,CLEAN,1c20189a5e934bfa279ebe28f7c87114339549472b411541e62acdb6a5a7870a
lambda_stability/seed_637394__lambda=0.05.json,LAMBDA_STABILITY,637394,COMPLETE,CLEAN,81111d26b39ae4eea4fceec9b19fc5a682dc4061f3878c3a428f313baee8d4d4
lambda_stability/seed_637394__lambda=0.10.json,LAMBDA_STABILITY,637394,COMPLETE,CLEAN,24e1a3e16490dde5fd1cf0e5e279d158d8f3ce851f04c087a53847a02bd3801f
lambda_stability/seed_637394__lambda=0.25.json,LAMBDA_STABILITY,637394,COMPLETE,CLEAN,a2a42aa9b50a91fdb30a9fb8d5cf8a42e805dc41b066d1e1e16bc6631901ca2e
lambda_stability/seed_637394__lambda=0.50.json,LAMBDA_STABILITY,637394,COMPLETE,CLEAN,a5e214248d8aedff6e4d7afd1c93866c1fc5af20a14fafa4a5e3dd591e9989f6
lambda_stability/seed_637394__lambda=1.00.json,LAMBDA_STABILITY,637394,COMPLETE,CLEAN,24c7d60294a96b31ba1cdcdb1e54419a60a67c5f82375cb4d3a949c62c5fa902
lambda_stability/seed_651976__lambda=0.00.json,LAMBDA_STABILITY,651976,COMPLETE,CLEAN,c7a674e653f11baa92cf77eb7a6be7e8153dcd14b3f84463f0af55c5b5221ca4
lambda_stability/seed_651976__lambda=0.05.json,LAMBDA_STABILITY,651976,COMPLETE,CLEAN,3271cc5717574fab0b90d8afaca335327ef72fb53d627505b862b319b2f08246
lambda_stability/seed_651976__lambda=0.10.json,LAMBDA_STABILITY,651976,COMPLETE,CLEAN,3e7473e34c0cd72d835796b6ae1912c7bd2fcbcedbd702ef63ca79020faaddc9
lambda_stability/seed_651976__lambda=0.25.json,LAMBDA_STABILITY,651976,COMPLETE,CLEAN,24e252e78903f51e52cf6ee79dd2cc8483a705f0e7300d6858b5c2dcb393acfe
lambda_stability/seed_651976__lambda=0.50.json,LAMBDA_STABILITY,651976,COMPLETE,CLEAN,4884c30e44440350cf8de29f374d25ce5b996eb95f2f5c82026e558c828b1fc9
lambda_stability/seed_651976__lambda=1.00.json,LAMBDA_STABILITY,651976,COMPLETE,CLEAN,12f440db7569801e8fdc9ac988bbe32cbad90262d56989b5421e40e22ef3c2e2
lambda_stability/seed_65693__lambda=0.00.json,LAMBDA_STABILITY,65693,COMPLETE,CLEAN,49c747c1e45f63010999bca0c251fd1c52f25828f04e6f2ed609674637755713
lambda_stability/seed_65693__lambda=0.05.json,LAMBDA_STABILITY,65693,COMPLETE,CLEAN,c1a0406d320e5302c8ff7779d31f8ca3d5681efca4899beccebac9e944dfec6b
lambda_stability/seed_65693__lambda=0.10.json,LAMBDA_STABILITY,65693,COMPLETE,CLEAN,7b89ed15d254ec4b7cd4fa3adc8227b44376e99c768f09b723addebec7068969
lambda_stability/seed_65693__lambda=0.25.json,LAMBDA_STABILITY,65693,COMPLETE,CLEAN,7932f1caad9ca4c9158378554c26a3914b4f946454e37effeec9852c3cc4c594
lambda_stability/seed_65693__lambda=0.50.json,LAMBDA_STABILITY,65693,COMPLETE,CLEAN,4e224eddcf4d5d1a5b5e79130fe9aba326cb18849c3e589be95a8e8b777418da
lambda_stability/seed_65693__lambda=1.00.json,LAMBDA_STABILITY,65693,COMPLETE,CLEAN,ec41a2410ed4cb51b2a2ae7cb6143ffa0532b8bdb46771d64f59a963274604ed
lambda_stability/seed_679242__lambda=0.00.json,LAMBDA_STABILITY,679242,COMPLETE,CLEAN,599146cd7f791361dcb3796f16dc09afc7d2f3802cfdb514fe54167ec56d329b
lambda_stability/seed_679242__lambda=0.05.json,LAMBDA_STABILITY,679242,COMPLETE,CLEAN,5dab76bd4642e28acbc087d05243eb5a030ce00a8395281030fd87b7262701c0
lambda_stability/seed_679242__lambda=0.10.json,LAMBDA_STABILITY,679242,COMPLETE,CLEAN,2d6f7b4defbf233b7bdc2090a48d9620dafd74814e1cf1ff4f8b567fa3587e55
lambda_stability/seed_679242__lambda=0.25.json,LAMBDA_STABILITY,679242,COMPLETE,CLEAN,e1e513f469227978a5ea2f1523e17b173cfe92a24db47b88a0e9f6db0b34678b
lambda_stability/seed_679242__lambda=0.50.json,LAMBDA_STABILITY,679242,COMPLETE,CLEAN,a1a6dd9f9ad596021c2422366b0c7185d9391cbbf9f0458d1111cd649eaf3808
lambda_stability/seed_679242__lambda=1.00.json,LAMBDA_STABILITY,679242,COMPLETE,CLEAN,49a34769b54c78f882b3b3fd0cb34121e16befe9dd5ec0d5f41d395e65b56350
lambda_stability/seed_720982__lambda=0.00.json,LAMBDA_STABILITY,720982,COMPLETE,CLEAN,927406a3b33229aba739881d71449e52ea221e4674dd0d4927278de061f3d475
lambda_stability/seed_720982__lambda=0.05.json,LAMBDA_STABILITY,720982,COMPLETE,CLEAN,475ceef570655e91d08a8a5efa74404c7f7d4ee761dcd4adc0b3401337fa759e
lambda_stability/seed_720982__lambda=0.10.json,LAMBDA_STABILITY,720982,COMPLETE,CLEAN,744f215a19e468f8fa14e3ac5aa8d57c3131bd8ce66690f3d84a50de1defa88c
lambda_stability/seed_720982__lambda=0.25.json,LAMBDA_STABILITY,720982,COMPLETE,CLEAN,5240d82ddeba1d01dce568ccd2fd11330f8c7523f06bc8d156e5341357fb6ef3
lambda_stability/seed_720982__lambda=0.50.json,LAMBDA_STABILITY,720982,COMPLETE,CLEAN,f2f4c054673a6eff9b8f08fd78e56bc72192667d50718561356b78ecf47d0c3e
lambda_stability/seed_720982__lambda=1.00.json,LAMBDA_STABILITY,720982,COMPLETE,CLEAN,3712901e51dbf516e34d156cbfbdf5c80e28d9755656423ad87c4201b2ce8380
lambda_stability/seed_737579__lambda=0.00.json,LAMBDA_STABILITY,737579,COMPLETE,CLEAN,58983a710334d72f514b704639032f2fb2e7ea22ea57c6a1f7b3089c64afa449
lambda_stability/seed_737579__lambda=0.05.json,LAMBDA_STABILITY,737579,COMPLETE,CLEAN,7063ca4688aafd9dfe0074d0f5e8f52961b04931331dff1fe43a9fbf4003f650
lambda_stability/seed_737579__lambda=0.10.json,LAMBDA_STABILITY,737579,COMPLETE,CLEAN,6e83baf3e921eb6f7fa080d4b99705fba45638eed5ba9e498493d3ec13401ba2
lambda_stability/seed_737579__lambda=0.25.json,LAMBDA_STABILITY,737579,COMPLETE,CLEAN,401db41378acadb8e36d658011d2114035ad50dff7daf61cbc32e95f5261d6ac
lambda_stability/seed_737579__lambda=0.50.json,LAMBDA_STABILITY,737579,COMPLETE,CLEAN,8d1631793d07f0568a5f3885358d18f61ee1505fa30e01073836afb7496e6988
lambda_stability/seed_737579__lambda=1.00.json,LAMBDA_STABILITY,737579,COMPLETE,CLEAN,7e394e74757f249d8e391c437d822af8dd6e9b06576d888686de0ec67e1a0cee
lambda_stability/seed_750647__lambda=0.00.json,LAMBDA_STABILITY,750647,COMPLETE,CLEAN,274fdd8727134b444413dd1c770a0ab3b3bb296466c429e7be7cdd49786269d3
lambda_stability/seed_750647__lambda=0.05.json,LAMBDA_STABILITY,750647,COMPLETE,CLEAN,eca9e77f99c62a856bb8bb1a6b8247b8e0ec9382c3a771628f33cd04a76a9405
lambda_stability/seed_750647__lambda=0.10.json,LAMBDA_STABILITY,750647,COMPLETE,CLEAN,d8a617b9896222999e9837965747fd7a0e561f308dee22b925edd8d4a54a1fe5
lambda_stability/seed_750647__lambda=0.25.json,LAMBDA_STABILITY,750647,COMPLETE,CLEAN,a6678435a0e20bbef5900620ad641543fb7909760b7a4910e92612d2da1f62cd
lambda_stability/seed_750647__lambda=0.50.json,LAMBDA_STABILITY,750647,COMPLETE,CLEAN,89b8917dd4de6e5fae3a9f802ee17b325f71471984e896c6a9d7bbcb8b267500
lambda_stability/seed_750647__lambda=1.00.json,LAMBDA_STABILITY,750647,COMPLETE,CLEAN,ae42dc68e2f212b850ba0c9aade2b7d8aa929f6f78e4d29e4de962ef7cafa168
lambda_stability/seed_80120__lambda=0.00.json,LAMBDA_STABILITY,80120,COMPLETE,CLEAN,480e51304a4f308ce1257f6c22b26bcae476000c9f249dc95f20c7d220bc3f82
lambda_stability/seed_80120__lambda=0.05.json,LAMBDA_STABILITY,80120,COMPLETE,CLEAN,04cb1ffc810bb5a688636c479fa49967d3d47cac7000155948ae3dbe4907fc71
lambda_stability/seed_80120__lambda=0.10.json,LAMBDA_STABILITY,80120,COMPLETE,CLEAN,7fe36cb6afa496458787721fbf5f227d58a2be17202727be9b7305892c60b235
lambda_stability/seed_80120__lambda=0.25.json,LAMBDA_STABILITY,80120,COMPLETE,CLEAN,cd925232a423818ce3c31d49e973a48dcfbf2c4e7a14cbc829b5cdf32b79df02
lambda_stability/seed_80120__lambda=0.50.json,LAMBDA_STABILITY,80120,COMPLETE,CLEAN,4d95660d5c427be3fd36c43b1db2fa2f7913bb33817f014c4d86ea0e28f878a9
lambda_stability/seed_80120__lambda=1.00.json,LAMBDA_STABILITY,80120,COMPLETE,CLEAN,518e1ceee9748018c39028bb6cc1a569f245083ecf1c41e897946289bf2d278b
lambda_stability/seed_803466__lambda=0.00.json,LAMBDA_STABILITY,803466,COMPLETE,CLEAN,6720bd58c560e0377984f0540cf3cce399cd925d2b9c5a5409e536690126c890
lambda_stability/seed_803466__lambda=0.05.json,LAMBDA_STABILITY,803466,COMPLETE,CLEAN,2c387054cfbd7ee31ff328fb72736f0a64e01204ced20c2f9f4fa7233a6c92fd
lambda_stability/seed_803466__lambda=0.10.json,LAMBDA_STABILITY,803466,COMPLETE,CLEAN,56961b6751ce7bc2d8b4d6f46e21458f67478a73a3ed7a0ecd095e271855fc22
lambda_stability/seed_803466__lambda=0.25.json,LAMBDA_STABILITY,803466,COMPLETE,CLEAN,313a2f9ce0d57b491f2ce6dade1e940c6821205a9e9307f52ca963a137d56ef1
lambda_stability/seed_803466__lambda=0.50.json,LAMBDA_STABILITY,803466,COMPLETE,CLEAN,f3d5980af1f5e6f294dd239019c1698e3786e2d3339578142845f3290e3d65c7
lambda_stability/seed_803466__lambda=1.00.json,LAMBDA_STABILITY,803466,COMPLETE,CLEAN,e9dba70635e35d0dc6f2462e4e7d781e5333c4399ac5b2f00b8ede12931d5910
lambda_stability/seed_870215__lambda=0.00.json,LAMBDA_STABILITY,870215,COMPLETE,CLEAN,123948b75bdf242622198598b928e128909fb2a8e82808b1922b816e52ef8b91
lambda_stability/seed_870215__lambda=0.05.json,LAMBDA_STABILITY,870215,COMPLETE,CLEAN,49fe66971affb9277bf5f8a2e7f2abdf8d0092190012c4460bf164f863c3c20a
lambda_stability/seed_870215__lambda=0.10.json,LAMBDA_STABILITY,870215,COMPLETE,CLEAN,2250c368143a37f1632e252da4d9fd76141180c13ba6474afa186c59536703c1
lambda_stability/seed_870215__lambda=0.25.json,LAMBDA_STABILITY,870215,COMPLETE,CLEAN,4f12a67da07b425cb7cb86e7a9c55ceb5de7ba7296f3288a33abd4b809bcff02
lambda_stability/seed_870215__lambda=0.50.json,LAMBDA_STABILITY,870215,COMPLETE,CLEAN,fcbb1e5b74a26ae65b90f6c3e04f3cf89242c1614e8ca3c587f9269c9172b01d
lambda_stability/seed_870215__lambda=1.00.json,LAMBDA_STABILITY,870215,COMPLETE,CLEAN,592d9b488fee256ad2f9f3760a847db10091e0430f4d40a9fd4d564f9aad3ec0
lambda_stability/seed_885219__lambda=0.00.json,LAMBDA_STABILITY,885219,COMPLETE,CLEAN,45079e5c952a00539474f48b2ccf76ffc6b491daac22837a28c2dca02c08b506
lambda_stability/seed_885219__lambda=0.05.json,LAMBDA_STABILITY,885219,COMPLETE,CLEAN,9df44950ef041e0fdc1a5cbd6d99422705efff3327ec403a4b6cf6927e1a19f1
lambda_stability/seed_885219__lambda=0.10.json,LAMBDA_STABILITY,885219,COMPLETE,CLEAN,6c3f37a62db081e86b2a01e2e13cf223f1d7669b7285a716fbdce0ed60bf8eeb
lambda_stability/seed_885219__lambda=0.25.json,LAMBDA_STABILITY,885219,COMPLETE,CLEAN,e2dc8ae0001c796e09043505342766ee327b947a07c2a3fe3b640d387ed300cc
lambda_stability/seed_885219__lambda=0.50.json,LAMBDA_STABILITY,885219,COMPLETE,CLEAN,e6b342cf00e8a3e8772a2d01e7e3e2db530662146f385b04157acb514e2ec099
lambda_stability/seed_885219__lambda=1.00.json,LAMBDA_STABILITY,885219,COMPLETE,CLEAN,1c1cfb7ccef53bbe4e01f9857f61ffb62545d84290ebfdeb444a70f5d7e41b7a
lambda_stability/seed_908270__lambda=0.00.json,LAMBDA_STABILITY,908270,COMPLETE,CLEAN,e1a8eaf87f81300e1f6d8a9beaf16e0811a58b303293d29c049d3a4e4654ddd6
lambda_stability/seed_908270__lambda=0.05.json,LAMBDA_STABILITY,908270,COMPLETE,CLEAN,85f59d56cac849cd0c2aa5ec6101008115ec7e9542c6be0e4b5fd5e46574e917
lambda_stability/seed_908270__lambda=0.10.json,LAMBDA_STABILITY,908270,COMPLETE,CLEAN,385f4be9981de83add7fbf433d2f6f061d9b9e61b7699619f8c960fbadb8e057
lambda_stability/seed_908270__lambda=0.25.json,LAMBDA_STABILITY,908270,COMPLETE,CLEAN,7e04f8645a29255e618518afdf5f65ff8bec1eec8bda1a01279badb49d5257e5
lambda_stability/seed_908270__lambda=0.50.json,LAMBDA_STABILITY,908270,COMPLETE,CLEAN,e46f149cbf63c4f53a7eaca586480c009694f8ae8fa03dfbcd5d5c8ec978397f
lambda_stability/seed_908270__lambda=1.00.json,LAMBDA_STABILITY,908270,COMPLETE,CLEAN,172ed8507354225f9cf5e591ff288cc7d1d68047a05da89ae626d607428e7bac
lambda_stability/seed_947906__lambda=0.00.json,LAMBDA_STABILITY,947906,COMPLETE,CLEAN,9952fe96d73f8de8cb7d8a074011033c1d3eba36dcaa7fb52b295349d827f5c1
lambda_stability/seed_947906__lambda=0.05.json,LAMBDA_STABILITY,947906,COMPLETE,CLEAN,b2117732981ebdcefd615f895329f2cf55a9e8ca9b6e9af1b83a8e690c9ae66c
lambda_stability/seed_947906__lambda=0.10.json,LAMBDA_STABILITY,947906,COMPLETE,CLEAN,19fac93f91f4084640aa9c6356666cd25e1a547dd21cc3a2ba31784ff8eb2503
lambda_stability/seed_947906__lambda=0.25.json,LAMBDA_STABILITY,947906,COMPLETE,CLEAN,cfb93abd0177141accc70796912f1f707100b4681850f743f45fc3398ad4d3f8
lambda_stability/seed_947906__lambda=0.50.json,LAMBDA_STABILITY,947906,COMPLETE,CLEAN,b74ea85b712a3584f19d90fa5855dad6da41c2d20cf55721978676789942a23d
lambda_stability/seed_947906__lambda=1.00.json,LAMBDA_STABILITY,947906,COMPLETE,CLEAN,eb758dd9a00520e3e66bde616dfaf5f14b70db37e0bbdeaba742d7a5127d5b15
primary/seed_192338.json,PRIMARY,192338,COMPLETE,CLEAN,9db4b43071d5273f962abbe948605595bf1d12ed24058a558e2a4750f1e2283e
primary/seed_196157.json,PRIMARY,196157,COMPLETE,Infeasible|proposed.reopt_phase3,ecf6df9a9083bf87c6cea8f9718494427dbeb33cd7c154290080a8697f4723d7
primary/seed_200768.json,PRIMARY,200768,COMPLETE,CLEAN,79ed0b7cdc2a94cdffe0ad66fece4cc3c9dcbc50c355e65de81fd5e88bdc0b5c
primary/seed_222335.json,PRIMARY,222335,COMPLETE,CLEAN,5f19d9d61b13addd7405c502f7a1b8edcc788f4d63ed076006af906afc0e0e1f
primary/seed_262122.json,PRIMARY,262122,COMPLETE,CLEAN,ae94462bb8c6d5b1d143181b427047967d485f4b95da98c874b1b47fb8cb2068
primary/seed_288572.json,PRIMARY,288572,COMPLETE,CLEAN,0f726469e4901c9c7d46107a0a0586d0719cacd1a1b5d96e953ee2470e265b6c
primary/seed_320290.json,PRIMARY,320290,COMPLETE,CLEAN,ce534ae2848439d9e6183b083b0e00175f8d7cf689d37532995888dc185a4305
primary/seed_321611.json,PRIMARY,321611,COMPLETE,CLEAN,ae21fc021f6e6e906444577ff63675bb269ff884c8d58089b365d6b9798b0110
primary/seed_331297.json,PRIMARY,331297,COMPLETE,CLEAN,c338ad4b786c1dc9d48d9043c6c4b219ca2cbfdefbea4911b852ea17f7432315
primary/seed_385101.json,PRIMARY,385101,COMPLETE,CLEAN,5fb24e8ffac8b92958a81b52f55c863e402253f950e9d64070b7a57490a420e6
primary/seed_449132.json,PRIMARY,449132,COMPLETE,CLEAN,b57c8f9adf8b0164b4314102a60303319bb94c6c8251c59e2a36c1b820a0af56
primary/seed_496928.json,PRIMARY,496928,COMPLETE,Infeasible|proposed.reopt_phase3,1a3d1b2499f9062c969c3bbe8dc1f45afbe2375177f8e25eb97dc85d1cc570ad
primary/seed_514942.json,PRIMARY,514942,COMPLETE,CLEAN,6f94e5af61e8764b89ebfdd0240a14530ad2caabad75fdb30edbeb4fd4c0b60f
primary/seed_52314.json,PRIMARY,52314,COMPLETE,CLEAN,d08e068057d1c044eb6aca436e56b8d5b9f4c8c4973eb7b6cbcb2ee38983558d
primary/seed_57684.json,PRIMARY,57684,COMPLETE,CLEAN,5aebbdfcf35110633a07350f1eb8d8e5a31d57e8d13609d86febb4f9b581ba96
primary/seed_621609.json,PRIMARY,621609,COMPLETE,Infeasible|proposed.reopt_phase3,89f8e8106178a487fb70d33c3ba88691a8eac6978ba516e2e9f697e70e299800
primary/seed_627177.json,PRIMARY,627177,COMPLETE,Infeasible|proposed.reopt_phase3,014e595877f5494a9fedb6776332f9bbe633b0f73ffe78a288d73a59a2f17fde
primary/seed_637394.json,PRIMARY,637394,COMPLETE,CLEAN,db7037810e81f19cb361fc1c860467fdae054a14e1fa0cecad2193007966e939
primary/seed_651976.json,PRIMARY,651976,COMPLETE,CLEAN,aa0f15c1fcae8309c1e8be9701605037bbe45b235d980f6ea59e1b0447c551f6
primary/seed_65693.json,PRIMARY,65693,COMPLETE,CLEAN,990acfac0e7dca81625077b7bec347656bc6f3128cf2c69f54ccb1d8012ca573
primary/seed_679242.json,PRIMARY,679242,COMPLETE,CLEAN,4c605b5d3585b09beda732642507a2bee1c74ed629348b43dab260be8f472a4d
primary/seed_720982.json,PRIMARY,720982,COMPLETE,CLEAN,883c35c3c041731cccab31445a9c335cc68e8403237ea29060da9b640807e119
primary/seed_737579.json,PRIMARY,737579,COMPLETE,CLEAN,e408ba1d72aae2cf9853fdb0b5d74d29177552b28542f90d89ef74480342d2fb
primary/seed_750647.json,PRIMARY,750647,COMPLETE,CLEAN,2b76e6ef3e50e28914f3f62cb7255e099c4f7c4cbd13a4dee6a51175777ec5b6
primary/seed_80120.json,PRIMARY,80120,COMPLETE,CLEAN,85ee150c1917d5c42f00edc6a953dc37069e9f9740550f44c0481b00a07df729
primary/seed_803466.json,PRIMARY,803466,COMPLETE,CLEAN,fef8231a9f789eb603dc70f98e3fc3fae664bbfc79ec4cf1f2d108bf575bdd42
primary/seed_870215.json,PRIMARY,870215,COMPLETE,CLEAN,b698d65e232bf4b4de2b8657108d104480f40802874b4c9ee88c436feb1113d6
primary/seed_885219.json,PRIMARY,885219,COMPLETE,CLEAN,e3c9744d2070fe22f7a2d0a6c39d0eba84a9b844a0e20bb37dc861686f9b4d8a
primary/seed_908270.json,PRIMARY,908270,COMPLETE,CLEAN,89480ad6b2b96ae1120b2dc47ea5ce162236caaa89363a5f60216918d5104d4f
primary/seed_947906.json,PRIMARY,947906,COMPLETE,CLEAN,c7533b78d34de8a152751db52e531a48d5652e06893755351f7272b2ace81279
scalability/seed_192338__n_farmers=100.json,SCALABILITY,192338,COMPLETE,Infeasible|proposed.phase4_e_star_alpha,47cc007caeaa28e4521caa7bb32e719cd2f1900b3c2ae15e21fe0145054332d2
scalability/seed_192338__n_farmers=25.json,SCALABILITY,192338,COMPLETE,Infeasible|proposed.phase4_e_star_alpha,95c427cf0ceadfedda4062e984e994c0e69bab4d0ece91e2ad3217f97e578668
scalability/seed_192338__n_farmers=250.json,SCALABILITY,192338,COMPLETE,CLEAN,9a9710d99fbd0683f40cf9ffdfa87a4858703dce8155f667e2b814429e1b6413
scalability/seed_192338__n_farmers=50.json,SCALABILITY,192338,COMPLETE,CLEAN,847bf25ea981e98840634e207c19f7f7325b0e15ac7ed00199f1eba3455af3ac
scalability/seed_192338__n_farmers=500.json,SCALABILITY,192338,COMPLETE,CLEAN,8d86458b1c91202ee5dcbb5a1c4141cf7936b462355d2c443e3197762b4b7c86
scalability/seed_196157__n_farmers=100.json,SCALABILITY,196157,COMPLETE,CLEAN,3bd3236ab689ab34e58cdca9ab59b95f519a7f93062594260d2ca986e033819b
scalability/seed_196157__n_farmers=25.json,SCALABILITY,196157,COMPLETE,CLEAN,32afcfe13229b863f6fdaa12b11f963e036fd4a80564c5a5a78c194a5b4842dc
scalability/seed_196157__n_farmers=250.json,SCALABILITY,196157,COMPLETE,CLEAN,d8ce61f510271e7a6172fc095b808ff66d509db2b92db72081bca7c71fbb9abe
scalability/seed_196157__n_farmers=50.json,SCALABILITY,196157,COMPLETE,CLEAN,ecdd7e3beee842cbb3f0d9bf5f7eb87dc50aa8bfe4dc967c5660406e6b5753b6
scalability/seed_196157__n_farmers=500.json,SCALABILITY,196157,COMPLETE,Infeasible|proposed.reopt_phase3,7285df96dfe5caa69c735643677ed0b3aa7068b0511c5dc8beacc5f68e4daf0b
scalability/seed_200768__n_farmers=100.json,SCALABILITY,200768,COMPLETE,Infeasible|proposed.phase4_e_star_alpha,0ce4f3f9c6f6f656c462929b0d9312cc3d2c38b8c8ca4d4d78c9e2cbf17e9bb0
scalability/seed_200768__n_farmers=25.json,SCALABILITY,200768,COMPLETE,Infeasible|proposed.reopt_phase3,64f1f9e98aaad61dffd4ef2d7ebefa194b80b8d5d40c0285fdce680d433eb90c
scalability/seed_200768__n_farmers=250.json,SCALABILITY,200768,COMPLETE,CLEAN,b3a9bd6f6fad95fa47a29b997ee0ddcb4cd649e57ca7a37c96b8765aaf1988ab
scalability/seed_200768__n_farmers=50.json,SCALABILITY,200768,COMPLETE,Infeasible|proposed.phase4_e_star_alpha,d18743a1ff779f8a444d9d443b0128abdf38d2fed4ca9d1a47d37bd1807cc6d6
scalability/seed_200768__n_farmers=500.json,SCALABILITY,200768,COMPLETE,CLEAN,3d7d7b2fb951cdf7bd6b30b268b8c4431d78154f16965b7e527c57f952a95711
scalability/seed_222335__n_farmers=100.json,SCALABILITY,222335,COMPLETE,CLEAN,bda3f8e238de1bcfaf9554a579f2d5cbd9d9f4b024042d1e55946b19b78c29ef
scalability/seed_222335__n_farmers=25.json,SCALABILITY,222335,COMPLETE,Infeasible|proposed.phase3_e_star,dbdd4275dd6c2e2e319de0b6de4c5866c4eda9369b562c3201b446cc11252582
scalability/seed_222335__n_farmers=250.json,SCALABILITY,222335,COMPLETE,CLEAN,279371928b3def22e59e45d2dff06a02871016447390d97c186c12c74385fa12
scalability/seed_222335__n_farmers=50.json,SCALABILITY,222335,COMPLETE,Infeasible|proposed.phase4_e_star_alpha,133afda2a5fc5d1d6d08eda1e51f9bbf2fce5ed7077e3d4c64e2f0d81fb028f1
scalability/seed_222335__n_farmers=500.json,SCALABILITY,222335,COMPLETE,CLEAN,d3c3e9ae2427eb56059339a51dfa2afd2a7a5f914efe2f4b9abafd02480414b1
scalability/seed_262122__n_farmers=100.json,SCALABILITY,262122,COMPLETE,CLEAN,9ca1c6ed4ead526a3af3b285d9baeebffaf23f7f4bf22ea1d34aee8575afce77
scalability/seed_262122__n_farmers=25.json,SCALABILITY,262122,COMPLETE,CLEAN,d60d75eed5584e4549ce0f2b57e525613a7e381efba7134080ef3a28f352119f
scalability/seed_262122__n_farmers=250.json,SCALABILITY,262122,COMPLETE,CLEAN,660df7ff58821d51eb80026fb9ae93d9dd54bf520ed0172ee158bca6cd41bd7f
scalability/seed_262122__n_farmers=50.json,SCALABILITY,262122,COMPLETE,Infeasible|proposed.phase4_e_star_alpha,30e810b7eb96a0e619fcaf78630c89621deddf6a63a113f043a92fc64657c047
scalability/seed_262122__n_farmers=500.json,SCALABILITY,262122,COMPLETE,CLEAN,0dcf32ebb8677874cc5e7d55f8bd8a546b955aced77f784e31bab3be432f3841
scalability/seed_288572__n_farmers=100.json,SCALABILITY,288572,COMPLETE,Infeasible|proposed.phase4_e_star_alpha,5c0c14e29e59f42a9611ecb6e5f29fd1407d6f754c10a8c2e04df02fbd69269b
scalability/seed_288572__n_farmers=25.json,SCALABILITY,288572,COMPLETE,Infeasible|proposed.phase4_e_star_alpha,54f1dfbd7c76c02db858a35041f2c8a4a1a821bc31ba6bf28d8178c2e3be229f
scalability/seed_288572__n_farmers=250.json,SCALABILITY,288572,COMPLETE,CLEAN,a30408ddd6456a63deb6ae18b07388696b9d48b07b2f316bfa125d00ce5ecc85
scalability/seed_288572__n_farmers=50.json,SCALABILITY,288572,COMPLETE,Infeasible|proposed.phase4_e_star_alpha,ead65a1982abd983ec785925209288f88d2d548166b5bb962166f3fa3e858f01
scalability/seed_288572__n_farmers=500.json,SCALABILITY,288572,COMPLETE,CLEAN,2ebe274e5ec459a29650b60251675e13297be0e813a83e72c083a84ffa9b6550
scalability/seed_320290__n_farmers=100.json,SCALABILITY,320290,COMPLETE,Infeasible|proposed.phase4_e_star_alpha,c78f0a4018db15309b5673a1ec652ccf618a4eb9c53c5ce458d0a3782f3ad493
scalability/seed_320290__n_farmers=25.json,SCALABILITY,320290,COMPLETE,Infeasible|proposed.phase4_e_star_alpha,c640e707e0216edd718fbdd0295072745ff3d5ad13f92b0f991e40f205e02e09
scalability/seed_320290__n_farmers=250.json,SCALABILITY,320290,COMPLETE,CLEAN,3fe7c1292976fbf47110d38d710e0d673df6bd2f57926fe2d6aa1e80fcc227d4
scalability/seed_320290__n_farmers=50.json,SCALABILITY,320290,COMPLETE,Infeasible|proposed.phase4_e_star_alpha,d602dae7694d81d86799252843de6c69fa551a117e8424bc6db7851b03a2e097
scalability/seed_320290__n_farmers=500.json,SCALABILITY,320290,COMPLETE,CLEAN,2f9e347a6605b3d814ae55f0d9fc57351441da45845bbc5ec549d20adc35ff22
scalability/seed_321611__n_farmers=100.json,SCALABILITY,321611,COMPLETE,Infeasible|proposed.phase4_e_star_alpha,40b49bea809d59887f6d8cbee34bb4355e54a2fe97d28703ab2705e4f12b9601
scalability/seed_321611__n_farmers=25.json,SCALABILITY,321611,COMPLETE,Infeasible|proposed.phase4_e_star_alpha,fbac1b648a1784d18af9904599ba784dacd2a1921ec1eb459f9a03d236a0aea1
scalability/seed_321611__n_farmers=250.json,SCALABILITY,321611,COMPLETE,CLEAN,0e98aa062b820c7a48ca0680716c88d9ea297cf45a9d4b992003b5b1bd909b00
scalability/seed_321611__n_farmers=50.json,SCALABILITY,321611,COMPLETE,Infeasible|proposed.phase4_e_star_alpha,d27489e9ce11841b6ae21495d4a17f53bc984dfc10c34f05a27f5680ec10151b
scalability/seed_321611__n_farmers=500.json,SCALABILITY,321611,COMPLETE,CLEAN,d50bc24497a6f0e4e6f6559032581aa3195f144a4610cfa43df0dbfe24788111
scalability/seed_331297__n_farmers=100.json,SCALABILITY,331297,COMPLETE,Infeasible|proposed.reopt_phase3,8b5641b5534a6dcf3e210dcb2689357577b45291e042ab351fb4689367eae026
scalability/seed_331297__n_farmers=25.json,SCALABILITY,331297,COMPLETE,Infeasible|proposed.phase4_e_star_alpha,e88eec732ce336a5b4c5fb99043ba50219d3f56067021a7cc866211d33ad4ca2
scalability/seed_331297__n_farmers=250.json,SCALABILITY,331297,COMPLETE,Infeasible|proposed.reopt_phase3,96d1c55073f2a3fb7e565db7399165df6e413f50e9f5347ac634576bea8afb96
scalability/seed_331297__n_farmers=50.json,SCALABILITY,331297,COMPLETE,Infeasible|proposed.phase4_e_star_alpha,ff0d3214cc2550ff3c80ffbfb5f79e76dcc9d9427c924dae8e7ad4bd107e3843
scalability/seed_331297__n_farmers=500.json,SCALABILITY,331297,COMPLETE,CLEAN,c69abf5a8f500050f34587813bce3ee411037d6871e341124d30bcb9fd5cf742
scalability/seed_385101__n_farmers=100.json,SCALABILITY,385101,COMPLETE,Infeasible|proposed.reopt_phase3,fb3a616b0433ab748acd63181eef79ade5cb2fcb6a9ab449c97d66d295c4d1c0
scalability/seed_385101__n_farmers=25.json,SCALABILITY,385101,COMPLETE,Infeasible|proposed.phase4_e_star_alpha,c26ec33d717f94e8a64b79f567bad93633d4630280ab552e21f3c6aabcca3491
scalability/seed_385101__n_farmers=250.json,SCALABILITY,385101,COMPLETE,Infeasible|proposed.phase4_e_star_alpha,7c708b65ead6b88074b19de821b7c13542f802c77a7e73e2490f858e0a4a12a0
scalability/seed_385101__n_farmers=50.json,SCALABILITY,385101,COMPLETE,Infeasible|proposed.reopt_phase3,6766776444e779f671330580714328ddaf0aac2c8d8b285905f1bcfb3a4ef94e
scalability/seed_385101__n_farmers=500.json,SCALABILITY,385101,COMPLETE,CLEAN,f175a56bbd8b01e1eb716b53139332d7b35bef00065754a48ca2c8b91e890209
scalability/seed_449132__n_farmers=100.json,SCALABILITY,449132,COMPLETE,Infeasible|proposed.phase4_e_star_alpha,3979edeeaa35adf8fb5182cb03bf3d84baf42afca77f3aa3ea9e43205d8ea616
scalability/seed_449132__n_farmers=25.json,SCALABILITY,449132,COMPLETE,Infeasible|proposed.phase4_e_star_alpha,12d2d36b397a7e63dd48f36664a9d0d48f840df9773535808237844d7617886d
scalability/seed_449132__n_farmers=250.json,SCALABILITY,449132,COMPLETE,CLEAN,d71651c498fa6ddbdc13e2256573ecbf91f48b5f335bcaabb4fc99652495c09c
scalability/seed_449132__n_farmers=50.json,SCALABILITY,449132,COMPLETE,Infeasible|proposed.phase4_e_star_alpha,b464e73f2e79675d65d874cbc64c5f7e40b8333debe6af0118e3dbd7c982fbad
scalability/seed_449132__n_farmers=500.json,SCALABILITY,449132,COMPLETE,CLEAN,1615ac855fe9ce6032faf3d52c64e2fbe290b82ee005ef3906a01898bfe12435
scalability/seed_496928__n_farmers=100.json,SCALABILITY,496928,COMPLETE,Infeasible|proposed.phase4_e_star_alpha,2ae1a8340b60f8adb3302790235c65bc08674b04022b97121e1f27db11c2d127
scalability/seed_496928__n_farmers=25.json,SCALABILITY,496928,COMPLETE,Infeasible|proposed.phase4_e_star_alpha,e331fe392f7ddf309b181376bbc9247673ac716c0221303ca7a6d0c7dcd6cd87
scalability/seed_496928__n_farmers=250.json,SCALABILITY,496928,COMPLETE,CLEAN,c44576f3f595a5ccbf3a2836d054727f1371234f20454010ed62dba6de6dc839
scalability/seed_496928__n_farmers=50.json,SCALABILITY,496928,COMPLETE,Infeasible|proposed.phase4_e_star_alpha,3e2da60d567ca3f7476e14e7abb496bde78ca24901c2ca94f56bf34d8c57cc19
scalability/seed_496928__n_farmers=500.json,SCALABILITY,496928,COMPLETE,Infeasible|proposed.reopt_phase3,41040dab54dcbe683270212cabc8b40dce7ce9ea699f51f425c284a3dc760e71
scalability/seed_514942__n_farmers=100.json,SCALABILITY,514942,COMPLETE,CLEAN,fc46bceb5dfc15bfa82fb091dbe6a354023b7d17452fe19941cc36c18fa9e468
scalability/seed_514942__n_farmers=25.json,SCALABILITY,514942,COMPLETE,Infeasible|proposed.phase4_e_star_alpha,653f36a891d2b74e72fb26c53a8c6610f62630a1520412c86b30f15d3f9dbee4
scalability/seed_514942__n_farmers=250.json,SCALABILITY,514942,COMPLETE,CLEAN,8f54b30bdd2dfa77bf8b4db225d4729ca0be52dc9cf10036eae7bc85cc685bee
scalability/seed_514942__n_farmers=50.json,SCALABILITY,514942,COMPLETE,Infeasible|proposed.phase4_e_star_alpha,a15e274805b47f49490b383ee6c6a6bef1b83e2436533be536b549d207b2c6b8
scalability/seed_514942__n_farmers=500.json,SCALABILITY,514942,COMPLETE,CLEAN,26e4440dfa854dbf688e356bde650d9514522169cceb2800fb278ca09c9a403c
scalability/seed_52314__n_farmers=100.json,SCALABILITY,52314,COMPLETE,Infeasible|proposed.phase4_e_star_alpha,722c06706c3dee09ac68e9c6ca007e9c6cc253af40efaeba181b6e8823e9aabf
scalability/seed_52314__n_farmers=25.json,SCALABILITY,52314,COMPLETE,Infeasible|proposed.reopt_phase3,29c7a5e76e225af9bc136717634bfe57a66c5dc5e9473629b595f148d6b3d87e
scalability/seed_52314__n_farmers=250.json,SCALABILITY,52314,COMPLETE,Infeasible|proposed.phase4_e_star_alpha,3a62591f33e2b2269a1faf7d7f072ccdf9bef6b0ae9176640d162b1a43b3b5b0
scalability/seed_52314__n_farmers=50.json,SCALABILITY,52314,COMPLETE,Infeasible|proposed.reopt_phase3,d2bb09751e4263794457f080cb97d66466847d845e29bd60400e536f7b73e2e9
scalability/seed_52314__n_farmers=500.json,SCALABILITY,52314,COMPLETE,CLEAN,b128b23d0b0c95f45a78d524a053172034a8f6389bf8275735a8d452241c4b46
scalability/seed_57684__n_farmers=100.json,SCALABILITY,57684,COMPLETE,Infeasible|proposed.phase4_e_star_alpha,33e70afb2efa67c090311ac0c688e9a8eb93c2ca8fad8fe135999e79f05d8ea5
scalability/seed_57684__n_farmers=25.json,SCALABILITY,57684,COMPLETE,Infeasible|proposed.phase4_e_star_alpha,98b15eeb3caf6d1c79ba6ee0e50d565d291c433178aa95ddc920801073eb1ef3
scalability/seed_57684__n_farmers=250.json,SCALABILITY,57684,COMPLETE,CLEAN,7cfed8d24bd2b8d87279c4bf72de034ffcab9f5c3ae3570f7e97ed7bbc1a4145
scalability/seed_57684__n_farmers=50.json,SCALABILITY,57684,COMPLETE,Infeasible|proposed.phase4_e_star_alpha,fcb7bd01a68731d6309f0b8ec517631bd8cae9245082112cad629f2eab88ebb6
scalability/seed_57684__n_farmers=500.json,SCALABILITY,57684,COMPLETE,CLEAN,a44671f91a8b3c7a12d0a6c48ab774d07f6eca00fa17bd9918898edb369f9f29
scalability/seed_621609__n_farmers=100.json,SCALABILITY,621609,COMPLETE,CLEAN,999fc3423bca7753d484ee8d12fb7eca548d7636370d619917a1511758cc3485
scalability/seed_621609__n_farmers=25.json,SCALABILITY,621609,COMPLETE,Infeasible|proposed.phase4_e_star_alpha,bd5639ebe3559a6bb5674b7909d9e50c414c0ac65224689fdefbba358d616221
scalability/seed_621609__n_farmers=250.json,SCALABILITY,621609,COMPLETE,Infeasible|proposed.reopt_phase3,8954cbfbb41f53b86a44cc0e61f2e8da8a38c71928d7c1750c04592b1e468259
scalability/seed_621609__n_farmers=50.json,SCALABILITY,621609,COMPLETE,Infeasible|proposed.phase4_e_star_alpha,ef59534141bd241ba1311f65257c02fae18afcf2b55bddd699acc395b9f1fd22
scalability/seed_621609__n_farmers=500.json,SCALABILITY,621609,COMPLETE,Infeasible|proposed.reopt_phase3,14dd5f0eae4d34e867101fbceb68e580abe9a72de05a90b921eadfd3eba3e289
scalability/seed_627177__n_farmers=100.json,SCALABILITY,627177,COMPLETE,CLEAN,09270022ae42bd95c5aadbe98da42a36d2c6a5eab5c3602a7b75101cb17e4da9
scalability/seed_627177__n_farmers=25.json,SCALABILITY,627177,COMPLETE,Infeasible|proposed.phase4_e_star_alpha,34301c8bd74b9f2f5161862cea356179c1fe2538741ee0ab192578c35c11b027
scalability/seed_627177__n_farmers=250.json,SCALABILITY,627177,COMPLETE,CLEAN,7d9b727066f4b38e8ad171f71b213abf46a33648a4437c8cd270e3d3d1d1a5fc
scalability/seed_627177__n_farmers=50.json,SCALABILITY,627177,COMPLETE,Infeasible|proposed.phase4_e_star_alpha,d1b70ac7a2b639c6e4af47988030f7b2c8e26dcd1acaa4cecb4ad4609223dc77
scalability/seed_627177__n_farmers=500.json,SCALABILITY,627177,COMPLETE,Infeasible|proposed.reopt_phase3,5fe5957d9339bf45a215499c9b080371451b1958a52e8137e58ae9a2620644b1
scalability/seed_637394__n_farmers=100.json,SCALABILITY,637394,COMPLETE,Infeasible|proposed.phase4_e_star_alpha,4096b785700507e9facbc102be2a07b35406dbcdd0b61444a700218020a939a4
scalability/seed_637394__n_farmers=25.json,SCALABILITY,637394,COMPLETE,Infeasible|proposed.phase4_e_star_alpha,71ed09af22b462616eb14a6837f37b5c59e682170ec55ed8cc172b82bc789851
scalability/seed_637394__n_farmers=250.json,SCALABILITY,637394,COMPLETE,CLEAN,2113bd3ed0d6846daa3ca5487fc1d746ac1731e10e7b64fd61a5683d941c5ada
scalability/seed_637394__n_farmers=50.json,SCALABILITY,637394,COMPLETE,Infeasible|proposed.phase4_e_star_alpha,9260cf05d49630d27e7db04d595ff2607c7733d88f041f7594a8846ebf2ba94d
scalability/seed_637394__n_farmers=500.json,SCALABILITY,637394,COMPLETE,CLEAN,c2d89f0a3910aa36b42ec08704ba9dd6cabb5ef6a718ef958dcaee43ac11619e
scalability/seed_651976__n_farmers=100.json,SCALABILITY,651976,COMPLETE,Infeasible|proposed.phase4_e_star_alpha,09da0422ec82d9e97438c5010330db79f6395317277cf695dfb006c8db623995
scalability/seed_651976__n_farmers=25.json,SCALABILITY,651976,COMPLETE,Infeasible|proposed.phase4_e_star_alpha,64208f8a2165c71f71c0af175d87400eb1b2f8c0ee1a527bca1c981faa4a146b
scalability/seed_651976__n_farmers=250.json,SCALABILITY,651976,COMPLETE,CLEAN,91bef4c7b59e98b087627024c8e06faac7a0b2dd9d46f9167123f274f63481fb
scalability/seed_651976__n_farmers=50.json,SCALABILITY,651976,COMPLETE,Infeasible|proposed.phase4_e_star_alpha,2e202b18b8ed3e97e253daba9fe189ff303dc2db0828ab78f6f282664b2f90f0
scalability/seed_651976__n_farmers=500.json,SCALABILITY,651976,COMPLETE,CLEAN,29211d096812f4fea54ce343976b9f11f9571fdbf531dc2b86a9144b67492cd8
scalability/seed_65693__n_farmers=100.json,SCALABILITY,65693,COMPLETE,Infeasible|proposed.phase4_e_star_alpha,0040ac5fd0ec551b05a4b95701c53c710dd0f2e112b4fe620ac87459703547fc
scalability/seed_65693__n_farmers=25.json,SCALABILITY,65693,COMPLETE,Infeasible|proposed.phase4_e_star_alpha,a5e2ad7a7c1502f16fe289f5e8e82381b5da829a46c98706ed34cb97f259e3b8
scalability/seed_65693__n_farmers=250.json,SCALABILITY,65693,COMPLETE,CLEAN,b1f2dd6376700c462bfde35f9de62ca37363529e5f27152fc19584adbba512bf
scalability/seed_65693__n_farmers=50.json,SCALABILITY,65693,COMPLETE,CLEAN,91c52722472de75d78ede8c38deb368920a8ab515a8241cfd0543cdb5b2e82ac
scalability/seed_65693__n_farmers=500.json,SCALABILITY,65693,COMPLETE,CLEAN,5924374f828c902649bc22cce84260d50ab8d176e16dd755c64373a226b16a2c
scalability/seed_679242__n_farmers=100.json,SCALABILITY,679242,COMPLETE,CLEAN,d126186819212cf777e3d410497cdc7540af2804d3a4524645f70d125876c3e7
scalability/seed_679242__n_farmers=25.json,SCALABILITY,679242,COMPLETE,Infeasible|proposed.phase4_e_star_alpha,9041649871d611aaa95f409b95ae3464b80c03337180c7cafcf9f86d716cb4dd
scalability/seed_679242__n_farmers=250.json,SCALABILITY,679242,COMPLETE,CLEAN,f3ceb7620267e3708655b5cc6584662a8efd81769c21550de44cd35e5303ed7e
scalability/seed_679242__n_farmers=50.json,SCALABILITY,679242,COMPLETE,Infeasible|proposed.phase4_e_star_alpha,f0c7bcadfcaf68e435eb17cfab7cec0c19a7e6f6e042e320d00ee272931cb4a7
scalability/seed_679242__n_farmers=500.json,SCALABILITY,679242,COMPLETE,CLEAN,df103cde2038bdb6936cb2aca978b6429efffa70d650eb133b9ef22745e6de68
scalability/seed_720982__n_farmers=100.json,SCALABILITY,720982,COMPLETE,Infeasible|proposed.phase4_e_star_alpha,c894c9e366013e2b166ad6598c46e033a7643839ebb3681231cfb51f91ffb188
scalability/seed_720982__n_farmers=25.json,SCALABILITY,720982,COMPLETE,Infeasible|proposed.reopt_phase3,df51ef2be3fd865fec97ff01cf2fafaac7b8f1cfe2111037d94a25d0369aae97
scalability/seed_720982__n_farmers=250.json,SCALABILITY,720982,COMPLETE,CLEAN,29c84be9905b88578ab0ad26a3eb8faf252ec17cdac7c8d25f77995767d92c7a
scalability/seed_720982__n_farmers=50.json,SCALABILITY,720982,COMPLETE,Infeasible|proposed.reopt_phase3,9804e63a04bf8d394694b162a1a420b50b8f688c00fcc6cea7eb0244b1f17330
scalability/seed_720982__n_farmers=500.json,SCALABILITY,720982,COMPLETE,CLEAN,b4f085aeb6c1e4edb8a60a7f0b761d711f8fc795242937c92380a6f52bdcdcfa
scalability/seed_737579__n_farmers=100.json,SCALABILITY,737579,COMPLETE,Infeasible|proposed.phase4_e_star_alpha,f3464e34a6de28a91eaad6c2c03bf284f01bf63f1f8a0458642a567cf6c51950
scalability/seed_737579__n_farmers=25.json,SCALABILITY,737579,COMPLETE,Infeasible|proposed.reopt_phase3,d72640576bb951e863d701c42871e28144319ed84407ca09eb611729e214eb6d
scalability/seed_737579__n_farmers=250.json,SCALABILITY,737579,COMPLETE,CLEAN,2f5e02085b7d54c03e6e040a833a4c84a8df4dc23d047fe3c3fe53197e871ad7
scalability/seed_737579__n_farmers=50.json,SCALABILITY,737579,COMPLETE,Infeasible|proposed.reopt_phase3,8f6f7abaecccc9daca6e048799bf4ca4fa4b25454ed2b976434af4b7b6bf21cf
scalability/seed_737579__n_farmers=500.json,SCALABILITY,737579,COMPLETE,CLEAN,fe8ffcef99408c9b607fb42082e5d8ec3f944a3c626340fdb951e22ece76013c
scalability/seed_750647__n_farmers=100.json,SCALABILITY,750647,COMPLETE,CLEAN,ec4f09741644b5df1106ef0768372d1f89637442fa9e0948c29dd786e38fdbdb
scalability/seed_750647__n_farmers=25.json,SCALABILITY,750647,COMPLETE,Infeasible|proposed.phase4_e_star_alpha,f46337971a6733cb9d555bd62ba86b593cb85462c9e43b77d59f7900693bb34c
scalability/seed_750647__n_farmers=250.json,SCALABILITY,750647,COMPLETE,CLEAN,9e4729c89c5a391120761e49b80bf3fb554607734d9b6a790073a36b03666580
scalability/seed_750647__n_farmers=50.json,SCALABILITY,750647,COMPLETE,Infeasible|proposed.phase4_e_star_alpha,a0ad8728d94f590a530adb0114bca8bd1236abe6483a74dca7c95af28ee95846
scalability/seed_750647__n_farmers=500.json,SCALABILITY,750647,COMPLETE,CLEAN,62115198f90abad4411664a5679bf78b06d9f85ea07888e8deb0f5ba9e086a6a
scalability/seed_80120__n_farmers=100.json,SCALABILITY,80120,COMPLETE,Infeasible|proposed.reopt_phase3,24d8baea592f428f2bd44c23e8491e5afa4a72f8ef2d48d2984b7174d80e98fc
scalability/seed_80120__n_farmers=25.json,SCALABILITY,80120,COMPLETE,Infeasible|proposed.phase4_e_star_alpha,4d35e31c7a3adf3177a361374b3799234e6b06be4536f670e47fadaefe2e1a40
scalability/seed_80120__n_farmers=250.json,SCALABILITY,80120,COMPLETE,CLEAN,9171816ade240adc2e1b4f4f6fb424cd146471a8a3bc34ade8a0347173313ddd
scalability/seed_80120__n_farmers=50.json,SCALABILITY,80120,COMPLETE,Infeasible|proposed.phase4_e_star_alpha,3c3fbc6af52c4c92dd6adc7dad3d38faea6a861234d34da1f0492cfbb8e32605
scalability/seed_80120__n_farmers=500.json,SCALABILITY,80120,COMPLETE,CLEAN,70b6fff56791cd75049682d41bbb8c51a824fd96ca98e2e7a070dc442d7f2b85
scalability/seed_803466__n_farmers=100.json,SCALABILITY,803466,COMPLETE,CLEAN,00807bd769adc579c7cc62638324226cc34f74b56f33172348bffa0d3325d01c
scalability/seed_803466__n_farmers=25.json,SCALABILITY,803466,COMPLETE,Infeasible|proposed.phase4_e_star_alpha,615203369dfd97ca25bc184d3dd4f4fb52dc47773ab4e581b602cd5bd6803054
scalability/seed_803466__n_farmers=250.json,SCALABILITY,803466,COMPLETE,CLEAN,7d7d01c90f9104152f84c7134761562568b1f54574e1335870633506c5b9524a
scalability/seed_803466__n_farmers=50.json,SCALABILITY,803466,COMPLETE,CLEAN,4d8c3c5e0d6106b6ca0b2fd5f0c057baa3ebca4a28c75115a486b8e9846a7491
scalability/seed_803466__n_farmers=500.json,SCALABILITY,803466,COMPLETE,CLEAN,01c09ba2bf1539c130450b53fe3b13a2432ab37d7d6185c2c198c130df70852a
scalability/seed_870215__n_farmers=100.json,SCALABILITY,870215,COMPLETE,CLEAN,67751cec2a889a7009785cdf59193454065934a0a4628350a3e12e01a623b1e4
scalability/seed_870215__n_farmers=25.json,SCALABILITY,870215,COMPLETE,Infeasible|proposed.phase4_e_star_alpha,e19dafcd7ede7f5af554743ac62de9e1fe2e46530e9aee720542dba44355349b
scalability/seed_870215__n_farmers=250.json,SCALABILITY,870215,COMPLETE,CLEAN,43f332dbb7efce0c52dc9a0b34cba7709fcb2b42768b245a4b679d0e9bbe9e66
scalability/seed_870215__n_farmers=50.json,SCALABILITY,870215,COMPLETE,Infeasible|proposed.phase4_e_star_alpha,b9c5a213755a9de796923d818cddd609a954765e3aa4ec6603fdbd82b7d981a9
scalability/seed_870215__n_farmers=500.json,SCALABILITY,870215,COMPLETE,CLEAN,35152b2459197210d159f251953d9486d20a2030e502d3d90675dcdb63654627
scalability/seed_885219__n_farmers=100.json,SCALABILITY,885219,COMPLETE,Infeasible|proposed.phase4_e_star_alpha,3df8725e2f27f240d110a410ec24a58491b7a367279b44901d302f7db5da4887
scalability/seed_885219__n_farmers=25.json,SCALABILITY,885219,COMPLETE,Infeasible|proposed.phase4_e_star_alpha,f4c1af0e4caffec40b9a7f4cfa6577b0d91d38043bb2759bd184a4df90bd76e4
scalability/seed_885219__n_farmers=250.json,SCALABILITY,885219,COMPLETE,CLEAN,150a967824450603fb079f5cb0113ddf5462aa1e8f77645058047d6bf6c98293
scalability/seed_885219__n_farmers=50.json,SCALABILITY,885219,COMPLETE,Infeasible|proposed.phase4_e_star_alpha,43a32d724aa1974a67dd74895bbe8df2241754161db0bc75ecba93d056432c30
scalability/seed_885219__n_farmers=500.json,SCALABILITY,885219,COMPLETE,CLEAN,1623dad91f8bd0b1c0ad69c763e48c906d3240aea4641f91fb444ed52a8ea102
scalability/seed_908270__n_farmers=100.json,SCALABILITY,908270,COMPLETE,Infeasible|proposed.phase4_e_star_alpha,ad4fae9be06b5a656209be6c0a0e48deafcc5a7a208b371973c4cbb877447bec
scalability/seed_908270__n_farmers=25.json,SCALABILITY,908270,COMPLETE,Infeasible|proposed.phase4_e_star_alpha,e991d0668e2715638719d3a513ece7a9963e0297e75fcdd2bbc6536037f35ad6
scalability/seed_908270__n_farmers=250.json,SCALABILITY,908270,COMPLETE,CLEAN,cb6aa1aa91fe9fbdefe4a00fc6b0c654497ab8ed2635c49190900327613b92d1
scalability/seed_908270__n_farmers=50.json,SCALABILITY,908270,COMPLETE,Infeasible|proposed.phase4_e_star_alpha,2fd21c3fe9dec7086847fcf985bb1507bf7f881d5d44c68c48c95cdcf1130284
scalability/seed_908270__n_farmers=500.json,SCALABILITY,908270,COMPLETE,CLEAN,322d7b52181d67434a5664e2b5eed288f98eb224bdb80da297bdd60bed1164a5
scalability/seed_947906__n_farmers=100.json,SCALABILITY,947906,COMPLETE,Infeasible|proposed.phase4_e_star_alpha,700190be8b0a0ce61db799c455901b75d446f4838f7fdac4cfc4d2e52dd3738e
scalability/seed_947906__n_farmers=25.json,SCALABILITY,947906,COMPLETE,Infeasible|proposed.phase4_e_star_alpha,8f254ea0153caf81c99912c1f5ed39d3b32439403c8244ab4c6d426d4e5b1401
scalability/seed_947906__n_farmers=250.json,SCALABILITY,947906,COMPLETE,CLEAN,e39eaadab4bcf46bacd45f5fc461a52b7a03bf646bbbd782c1343b9644e1df11
scalability/seed_947906__n_farmers=50.json,SCALABILITY,947906,COMPLETE,Infeasible|proposed.phase4_e_star_alpha,58cdc3cedd31719e1dda770c983b47d436acf2ecdf5d26242e4dd863b158b503
scalability/seed_947906__n_farmers=500.json,SCALABILITY,947906,COMPLETE,CLEAN,82eed902b280669abd7111fcca1972140f677f7182ab8347952d38f19763ea52
uncertainty/seed_192338__condition=U0.json,UNCERTAINTY,192338,COMPLETE,CLEAN,120e0e03871283ac2d4c4dfb3a9ce6150cab3c9ef11626e67b6039b6352b2edb
uncertainty/seed_192338__condition=UJ.json,UNCERTAINTY,192338,COMPLETE,CLEAN,e6fa99d140d499d4ebd5802f2001fc82fe56313baf31460c1dad0c5a84e50b41
uncertainty/seed_192338__condition=UM.json,UNCERTAINTY,192338,COMPLETE,CLEAN,43a197fa0230026d3e3b696b1db8df8b268044fcad625b8c3dd000526618877d
uncertainty/seed_192338__condition=UP.json,UNCERTAINTY,192338,COMPLETE,CLEAN,fe708a5aa5f683d3745d600aef6877a245a6ccc365989f6e5ec44bf856e7fb64
uncertainty/seed_192338__condition=UR.json,UNCERTAINTY,192338,COMPLETE,CLEAN,feb0b3ff426f0c357896d32109990969adc5f99794b35f3df9ad7a5cf7afb84b
uncertainty/seed_192338__condition=UW.json,UNCERTAINTY,192338,COMPLETE,CLEAN,af8fb27845777b47b5152d4bd0e3812fbc2a07d85f2edcaf71f143c4ef73951e
uncertainty/seed_196157__condition=U0.json,UNCERTAINTY,196157,COMPLETE,Infeasible|proposed.reopt_phase3,c93eedd39affc368424c95e0a85e2811374966a6aa71449bed7fbb4ead6cfe2d
uncertainty/seed_196157__condition=UJ.json,UNCERTAINTY,196157,COMPLETE,CLEAN,84010182f874aa8579ffa5758e18413cc9dded761343b216e40aa0118e66ca76
uncertainty/seed_196157__condition=UM.json,UNCERTAINTY,196157,COMPLETE,CLEAN,9373309acca38e88123bcf0766d39e7fb2a6e7e7a3534cab579b6ec4bcabe4cc
uncertainty/seed_196157__condition=UP.json,UNCERTAINTY,196157,COMPLETE,Infeasible|proposed.reopt_phase3,417779a3224db1f57616c9fbf2e43ce93141f874fd7994f28d614f83d19512e2
uncertainty/seed_196157__condition=UR.json,UNCERTAINTY,196157,COMPLETE,Infeasible|proposed.reopt_phase3,44fe37e270178d30d5ceaeb3fdf32f7a0e4688c862c64f451538f54fc99ebd74
uncertainty/seed_196157__condition=UW.json,UNCERTAINTY,196157,COMPLETE,CLEAN,ada1698c4a5e1f69c718c62c85c2504de01d7b3cbdeac0912f44c5c1b103bb5e
uncertainty/seed_200768__condition=U0.json,UNCERTAINTY,200768,COMPLETE,CLEAN,b59a2ff67c43688d7589d3e4b09b2608736600c23782fc6460644967b1e784ed
uncertainty/seed_200768__condition=UJ.json,UNCERTAINTY,200768,COMPLETE,CLEAN,1224f6b979534930d9012f567adcb8b12c0bebf1f94ebe53668244d9b2757863
uncertainty/seed_200768__condition=UM.json,UNCERTAINTY,200768,COMPLETE,CLEAN,4eaa155aa0610eda890927fba723ddd9f6c2c2a54cef6e59e1d744950310d38d
uncertainty/seed_200768__condition=UP.json,UNCERTAINTY,200768,COMPLETE,CLEAN,03eac4bcada5fffb479e138b4168f15278b7fe41b294701fe23005a72547cf7a
uncertainty/seed_200768__condition=UR.json,UNCERTAINTY,200768,COMPLETE,CLEAN,3452445f4e110022cdf3a3ada88ac8b54ea9b627eb1be2351b1fe47601445fa4
uncertainty/seed_200768__condition=UW.json,UNCERTAINTY,200768,COMPLETE,CLEAN,6b6dc1711307a24448b6cd60f5a28c2f1af83558582e2261f5def29b72e9bfe9
uncertainty/seed_222335__condition=U0.json,UNCERTAINTY,222335,COMPLETE,CLEAN,49fc193dabf49c3b092504df7d6bcfe37ee786a6ca14d997ae08043254fdfaec
uncertainty/seed_222335__condition=UJ.json,UNCERTAINTY,222335,COMPLETE,CLEAN,8fda7d39be192b549a7ec5746ab0827b76f4a2baed9ed05a88d4e2ffbde206ac
uncertainty/seed_222335__condition=UM.json,UNCERTAINTY,222335,COMPLETE,CLEAN,a4935d121aec6d331d4b2cf7bb5aacbe2c6310da475259fefab5c30a46379354
uncertainty/seed_222335__condition=UP.json,UNCERTAINTY,222335,COMPLETE,CLEAN,e82eea94a6be358301d988eb69e986c834e720117e7ebbcdfd02e692c28b0b5f
uncertainty/seed_222335__condition=UR.json,UNCERTAINTY,222335,COMPLETE,CLEAN,1be8095165174d7f8d31e7f997ac3ea9c0dbb21f5e48fdfce24d734b41e474e9
uncertainty/seed_222335__condition=UW.json,UNCERTAINTY,222335,COMPLETE,CLEAN,868d5e8c6fc652c497b559bfc703e9d5d29f1c715d48b9623899e837bdc2400a
uncertainty/seed_262122__condition=U0.json,UNCERTAINTY,262122,COMPLETE,CLEAN,544fa750abd23395dd8667c29ff07029e3a3718b60412bf4950e1d1b4b9bd0fa
uncertainty/seed_262122__condition=UJ.json,UNCERTAINTY,262122,COMPLETE,CLEAN,bd36e1f58d3fe3f157298f505ae970b73484bb17ba5e779f5dfab95b5d042d5d
uncertainty/seed_262122__condition=UM.json,UNCERTAINTY,262122,COMPLETE,CLEAN,35346d538b1b5aac926762d4e68629d9570817465a778105053c4aca6fdb4486
uncertainty/seed_262122__condition=UP.json,UNCERTAINTY,262122,COMPLETE,CLEAN,9b7578631f95535d1f7219a219b08a1bd89b2dc23436e29d84c3adb22c097bd9
uncertainty/seed_262122__condition=UR.json,UNCERTAINTY,262122,COMPLETE,CLEAN,12970fed14e8973a85d140bb5d22e74a45a5249ee455bfc450dfbf650dfbc4e2
uncertainty/seed_262122__condition=UW.json,UNCERTAINTY,262122,COMPLETE,CLEAN,6cf31a1814e8488503aaf07e3a6f98e4883049f71ff86aaabf68d66d8e28cfa8
uncertainty/seed_288572__condition=U0.json,UNCERTAINTY,288572,COMPLETE,CLEAN,52b9c18df5f247a22acdab7304b7c231adfab7e73d76a560b8e725bcde54c665
uncertainty/seed_288572__condition=UJ.json,UNCERTAINTY,288572,COMPLETE,CLEAN,ca4b9d007ded8f80bcf54436a385dfda89fac0746d0807258a83a6c7a662cc86
uncertainty/seed_288572__condition=UM.json,UNCERTAINTY,288572,COMPLETE,CLEAN,7c6d7495ab5af5327fa0e5991fe3bdfdfe001df56482e15ea5abfb49b37cd18d
uncertainty/seed_288572__condition=UP.json,UNCERTAINTY,288572,COMPLETE,CLEAN,0778ee2122638ecca0aa51f3707ca3d1241eac74fa660a48e3fbdab1e616e307
uncertainty/seed_288572__condition=UR.json,UNCERTAINTY,288572,COMPLETE,CLEAN,5e8174a8fb311e3187eb69dc1e7642fcaa8c5f5831fa2d3de0c5a417425bfe1c
uncertainty/seed_288572__condition=UW.json,UNCERTAINTY,288572,COMPLETE,CLEAN,24c24500effbf1977c8d2fa413a9c40f7d0aa0b3337833b5f3fa76369fb883ba
uncertainty/seed_320290__condition=U0.json,UNCERTAINTY,320290,COMPLETE,CLEAN,b410fc7b8c57581522033614b3f282caadce501df0901acd71b9bd3b9dd28539
uncertainty/seed_320290__condition=UJ.json,UNCERTAINTY,320290,COMPLETE,CLEAN,cc2b592f645617e15298a83d8ef0f5c5dce4d428379dbf12d73781b600752969
uncertainty/seed_320290__condition=UM.json,UNCERTAINTY,320290,COMPLETE,Infeasible|proposed.reopt_phase3,98f772271768da99b2e797eded76dc5db537d306c5ef48ced232382d0a282813
uncertainty/seed_320290__condition=UP.json,UNCERTAINTY,320290,COMPLETE,CLEAN,c4a74204ef6c218b929ffc23c0208df63e0311378595016615127f3061657a45
uncertainty/seed_320290__condition=UR.json,UNCERTAINTY,320290,COMPLETE,CLEAN,3e9f292b7f858fcf5b2e33dff3844fc54e2e9ce8d8a75ec790897c719c604a34
uncertainty/seed_320290__condition=UW.json,UNCERTAINTY,320290,COMPLETE,CLEAN,8e525c294d5e85cf3865f6570bdd817464716138b84dac4da7983cafc3638417
uncertainty/seed_321611__condition=U0.json,UNCERTAINTY,321611,COMPLETE,CLEAN,5e8381f2ad83b6043d6f2aa6652e58fec0d02bf846035ae3106a3e3616e7a5bb
uncertainty/seed_321611__condition=UJ.json,UNCERTAINTY,321611,COMPLETE,CLEAN,51ad1847de93f8e994c26659a09138bfcef388b11a6c6409959a46c1c58831fb
uncertainty/seed_321611__condition=UM.json,UNCERTAINTY,321611,COMPLETE,CLEAN,70cf7afb0f081f6baa7218069926d883f4d7307c39da40e7d1e4d93888d7b9a6
uncertainty/seed_321611__condition=UP.json,UNCERTAINTY,321611,COMPLETE,CLEAN,aabbdcb451f9cc273aeeddf5d348ed20e16590c8082f1c3049096cde800337dd
uncertainty/seed_321611__condition=UR.json,UNCERTAINTY,321611,COMPLETE,CLEAN,d568752b0bcf5dc98ac1a9b0b5d2df930b65c68ecca4da492395d6be0810910d
uncertainty/seed_321611__condition=UW.json,UNCERTAINTY,321611,COMPLETE,CLEAN,ed7043df025d0d2ddcb55e6576c738e5e0b6e7e1d78ea089e89d552b7b29dfa2
uncertainty/seed_331297__condition=U0.json,UNCERTAINTY,331297,COMPLETE,CLEAN,9b7e561c0d0e82d1a6e69d2ff758150ab48686d235c2399db99f19389627c0be
uncertainty/seed_331297__condition=UJ.json,UNCERTAINTY,331297,COMPLETE,Infeasible|proposed.reopt_phase3,c4fd39d40c94c24642691d855f3710a041a5380481415bfb70a85039655ffa6e
uncertainty/seed_331297__condition=UM.json,UNCERTAINTY,331297,COMPLETE,CLEAN,3e2a694f6e2e550c91c575217f36b600dca3f2dd1cee075f2d60783cfffce7f8
uncertainty/seed_331297__condition=UP.json,UNCERTAINTY,331297,COMPLETE,Infeasible|proposed.reopt_phase3,2c4566b305aff51f4614e5e662c837c9afc4e0c054d5118e7dbfbfb664d007a0
uncertainty/seed_331297__condition=UR.json,UNCERTAINTY,331297,COMPLETE,CLEAN,0ffcf87bf82ea761fa6861837485fd1cc26038653037b3a19ace2f509784f5e7
uncertainty/seed_331297__condition=UW.json,UNCERTAINTY,331297,COMPLETE,CLEAN,0094b311348b147f9d690ccf165f896de6a0974455765887cacfb5e6120651bb
uncertainty/seed_385101__condition=U0.json,UNCERTAINTY,385101,COMPLETE,CLEAN,6fd0629822ab3d24e6c506adb2da75cfc629b081db2a21b0b30666dc9e25c9d9
uncertainty/seed_385101__condition=UJ.json,UNCERTAINTY,385101,COMPLETE,CLEAN,171df4304fa49f9978b655160e4e921356b4340a61c8de38fa76bc1f10422076
uncertainty/seed_385101__condition=UM.json,UNCERTAINTY,385101,COMPLETE,CLEAN,d7b59c94fac4a7ff3aaba366c25553647e47a6cb82ed9c98a7ce6286e48454b7
uncertainty/seed_385101__condition=UP.json,UNCERTAINTY,385101,COMPLETE,CLEAN,2cd9b663cc58b209c9b8671243cc77c51318f77816e6518d40c81906fc380732
uncertainty/seed_385101__condition=UR.json,UNCERTAINTY,385101,COMPLETE,CLEAN,81eb3b7f4658758b9f0896661a49e2f32a2f283b94b823249360b848574fbe1d
uncertainty/seed_385101__condition=UW.json,UNCERTAINTY,385101,COMPLETE,CLEAN,0579b60dd277888f4dbc5a3839995b0152ae513d69dfcad44b80456541b84e7e
uncertainty/seed_449132__condition=U0.json,UNCERTAINTY,449132,COMPLETE,CLEAN,f2aa2894bbc0ffc07f7910e38a54a12690455f3ad0018bf2d858cb0d47b6e1b2
uncertainty/seed_449132__condition=UJ.json,UNCERTAINTY,449132,COMPLETE,Infeasible|proposed.reopt_phase3,846d212c51749d2f41eb94b0cf14dc9265437023ccb1886ec05cbb0dc9326bb4
uncertainty/seed_449132__condition=UM.json,UNCERTAINTY,449132,COMPLETE,Infeasible|proposed.reopt_phase3,fc84618b2d834d4d0026fec7e91125cc527a5bf68cd87ea7f4b7dfb744a28cfd
uncertainty/seed_449132__condition=UP.json,UNCERTAINTY,449132,COMPLETE,CLEAN,5b4a5cbf10a62fa8146f808a86754b24e5dc6255fc941933af7eebaa0de2f051
uncertainty/seed_449132__condition=UR.json,UNCERTAINTY,449132,COMPLETE,CLEAN,941b3716ba4673f1514f5138dfdc5a156c633bd01b47f75921bfa34fc8eba9e4
uncertainty/seed_449132__condition=UW.json,UNCERTAINTY,449132,COMPLETE,CLEAN,bce4d5c61d333c2524d391635fd70d68f8eb01ad123f714fe3b01de0c47bdeaf
uncertainty/seed_496928__condition=U0.json,UNCERTAINTY,496928,COMPLETE,Infeasible|proposed.reopt_phase3,ac2ed3007e6b4fd1d6ff5bccea473f8a5b8032ab6ac7e9a4ef5c09662f9e8e73
uncertainty/seed_496928__condition=UJ.json,UNCERTAINTY,496928,COMPLETE,CLEAN,5aedde1a21c61e1bee5050b7b311b20afca7b596d16092603c317ecd2ea1b3c5
uncertainty/seed_496928__condition=UM.json,UNCERTAINTY,496928,COMPLETE,Infeasible|proposed.reopt_phase3,006c067119a3e4bae1f3083f44fef7f02a48f7443be9805602f57d46007636e8
uncertainty/seed_496928__condition=UP.json,UNCERTAINTY,496928,COMPLETE,Infeasible|proposed.reopt_phase3,34378dc17b2fa87f87bd46514c7fddb67010a90380f8230a35ce4d28b752c021
uncertainty/seed_496928__condition=UR.json,UNCERTAINTY,496928,COMPLETE,Infeasible|proposed.reopt_phase3,ab193e9532c4531a6099c769de8f6b4b96a5998c39d91352d88549ef8bb094ba
uncertainty/seed_496928__condition=UW.json,UNCERTAINTY,496928,COMPLETE,CLEAN,83267cae334cd886de35b00f5ca89896275ae92235111580dea3b36268f5160b
uncertainty/seed_514942__condition=U0.json,UNCERTAINTY,514942,COMPLETE,CLEAN,9f24451db64e5bc0a57cc0d75d85bf00401229a271e4b6a5a36e21d7ae1c8cc5
uncertainty/seed_514942__condition=UJ.json,UNCERTAINTY,514942,COMPLETE,Infeasible|proposed.phase4_e_star_alpha,eaf9558501c469e6521645d0513095123e9ea8651eceebbaa8402af33199f74d
uncertainty/seed_514942__condition=UM.json,UNCERTAINTY,514942,COMPLETE,CLEAN,43fcbf0d154dd39c6fd8eaba5b0171fe9c180198b1aeb95a74229f37fe689572
uncertainty/seed_514942__condition=UP.json,UNCERTAINTY,514942,COMPLETE,CLEAN,37e02f040f88ab6d5b124cea3a34f996dedbb9fe52a68e04ecc2374c0aad612f
uncertainty/seed_514942__condition=UR.json,UNCERTAINTY,514942,COMPLETE,CLEAN,912205d3689d0f3af9888d4c46885d51f8923471f0c59a3e71a8a70b0878d76e
uncertainty/seed_514942__condition=UW.json,UNCERTAINTY,514942,COMPLETE,CLEAN,977504387f202fbada27c7f477f8830d630f0c6ed96c21a4818c47f4b3871335
uncertainty/seed_52314__condition=U0.json,UNCERTAINTY,52314,COMPLETE,CLEAN,8bd39f861eca905f7006d53a0c7123478e2d2b28b25cd3b64a91ab5e7017b75f
uncertainty/seed_52314__condition=UJ.json,UNCERTAINTY,52314,COMPLETE,Infeasible|proposed.reopt_phase3,db9f1513a430260fc95cb0bfb2e7bcbbfe1813396f92259161075b0002f4fb9f
uncertainty/seed_52314__condition=UM.json,UNCERTAINTY,52314,COMPLETE,CLEAN,e31c0480849680a1f4420f73cfc54f8eabb45bdd95cbb14fca2da487d917c381
uncertainty/seed_52314__condition=UP.json,UNCERTAINTY,52314,COMPLETE,CLEAN,54f6cc511843ba9b335284f0b09715d78b735c80cf9e038b0cb135bf7685f9e6
uncertainty/seed_52314__condition=UR.json,UNCERTAINTY,52314,COMPLETE,CLEAN,4782f7a3b32051842c884e9db7aaa239fa107ea811bbcadb69fe32db2e150590
uncertainty/seed_52314__condition=UW.json,UNCERTAINTY,52314,COMPLETE,CLEAN,95a27f45be4ee50e2be197351ec56e505f7be9229f60e36c6a1847017154db3c
uncertainty/seed_57684__condition=U0.json,UNCERTAINTY,57684,COMPLETE,CLEAN,8e15dd3b90d5bb0d3cc556c52bc943cacd5c07e7938b67bfe53518b9242ef70b
uncertainty/seed_57684__condition=UJ.json,UNCERTAINTY,57684,COMPLETE,CLEAN,8ccf45f28dad579ce31a0293b2db9b8247594bd018b42ebc86e3b06286993fdd
uncertainty/seed_57684__condition=UM.json,UNCERTAINTY,57684,COMPLETE,CLEAN,5af4ddbd8a093604c86b8243a278a8eb2653322c25e61cc38f80bc45cbce4bc4
uncertainty/seed_57684__condition=UP.json,UNCERTAINTY,57684,COMPLETE,CLEAN,ef37636cacb8c981ef027e68e29284104ecf1dc8fe45ada43be9f14bb996dc95
uncertainty/seed_57684__condition=UR.json,UNCERTAINTY,57684,COMPLETE,CLEAN,db8aa163b71c3bac217313053b3c710914164cc887800329523e91cfe8072790
uncertainty/seed_57684__condition=UW.json,UNCERTAINTY,57684,COMPLETE,CLEAN,97bdb942ed733b0aeb671ef717cb750ee93dbda8da6c5b5aed505acb6a11f848
uncertainty/seed_621609__condition=U0.json,UNCERTAINTY,621609,COMPLETE,Infeasible|proposed.reopt_phase3,bf753ee8216ab2d82b95e2b7c34feb25da9705fe7bedace27a02fd291e0cdfeb
uncertainty/seed_621609__condition=UJ.json,UNCERTAINTY,621609,COMPLETE,Infeasible|proposed.reopt_phase3,adb2808826982dfdcb533931f0cd9b6262f9a77822f96ecc94975701de996896
uncertainty/seed_621609__condition=UM.json,UNCERTAINTY,621609,COMPLETE,Infeasible|proposed.reopt_phase3,c36e012d35ba8a2c94ddcaedf7e13527595b2340dcbdeaeb6be0978f35901b00
uncertainty/seed_621609__condition=UP.json,UNCERTAINTY,621609,COMPLETE,Infeasible|proposed.reopt_phase3,9958172a85adcbb332e24e602791d56a53c067b6d1e6078e61d19cf2ae45509d
uncertainty/seed_621609__condition=UR.json,UNCERTAINTY,621609,COMPLETE,Infeasible|proposed.reopt_phase3,97caa5c9059f2037cc280083104071eeebf7c5af0d36112a7004189821e49c3a
uncertainty/seed_621609__condition=UW.json,UNCERTAINTY,621609,COMPLETE,Infeasible|proposed.reopt_phase3,6e7ea6ee61d57ba194b26f7e9660afdc08f84dab958ab5186310b6b80226e659
uncertainty/seed_627177__condition=U0.json,UNCERTAINTY,627177,COMPLETE,Infeasible|proposed.reopt_phase3,46ac620d2706078230a6d8391bb670591ecaafe51e72f7bc45e7a5d9df2bba69
uncertainty/seed_627177__condition=UJ.json,UNCERTAINTY,627177,COMPLETE,CLEAN,9969047864fc9dce99105ca83d22fd99f713ca22ca6663a69e38b3323cce72f3
uncertainty/seed_627177__condition=UM.json,UNCERTAINTY,627177,COMPLETE,Infeasible|proposed.reopt_phase3,d509699d0b1be38309ddcf76a1febc0e04a9eb846d428000c64657485e39f8f7
uncertainty/seed_627177__condition=UP.json,UNCERTAINTY,627177,COMPLETE,Infeasible|proposed.reopt_phase3,d51fc0beec5259c113f871a588b88c08bf93a55bdbeef2e5787e1a7f2c75a77c
uncertainty/seed_627177__condition=UR.json,UNCERTAINTY,627177,COMPLETE,Infeasible|proposed.reopt_phase3,18bcbf331f67006f353b8d15cc679aab1fb62c4e8966fe7bd70a7e070bebedf9
uncertainty/seed_627177__condition=UW.json,UNCERTAINTY,627177,COMPLETE,Infeasible|proposed.reopt_phase3,00eca1575ca82e76a9ae57097b679f588977e1adc1452bba3320088cb508cf27
uncertainty/seed_637394__condition=U0.json,UNCERTAINTY,637394,COMPLETE,CLEAN,0d34881ea4e8151ae134617c26de623b97b59abf93fa4df95688d489663b8b84
uncertainty/seed_637394__condition=UJ.json,UNCERTAINTY,637394,COMPLETE,CLEAN,440bccc2e39e7ed4491106ff270f496588d96e4193b9d584928582715b5a5003
uncertainty/seed_637394__condition=UM.json,UNCERTAINTY,637394,COMPLETE,CLEAN,b3e755918edcb614d01131af5f484e81e7faf52f4a63c680d76ad855516c186a
uncertainty/seed_637394__condition=UP.json,UNCERTAINTY,637394,COMPLETE,CLEAN,9937405dc02732f96b25095e5a45b9e0ffb609df78ad0d054220143f2795d721
uncertainty/seed_637394__condition=UR.json,UNCERTAINTY,637394,COMPLETE,CLEAN,66a0fd4ee2029c58d18b904b484f180b9c5ac9b89d835b658da9616bf3afe458
uncertainty/seed_637394__condition=UW.json,UNCERTAINTY,637394,COMPLETE,CLEAN,52e269568b6cf2173aecc2f2db2c94353514c4eeab87802f9733e522cb704433
uncertainty/seed_651976__condition=U0.json,UNCERTAINTY,651976,COMPLETE,CLEAN,fbba1e90f09bd2fe6960261c978c49a6ec64a6675499e535a71303d2c8849d05
uncertainty/seed_651976__condition=UJ.json,UNCERTAINTY,651976,COMPLETE,CLEAN,bc24b2ddacf3d13333d43513691500b89615d73485128ecc7c14fb732716ad9b
uncertainty/seed_651976__condition=UM.json,UNCERTAINTY,651976,COMPLETE,CLEAN,934b7808d7f336ef921ac20a01153275e21c9809c1a2cd8cbb7f0c84ba0562f6
uncertainty/seed_651976__condition=UP.json,UNCERTAINTY,651976,COMPLETE,CLEAN,fe3ca571e7bd2ff8142bb2c3840b67c2469b5b6b2910a4a93804a7df9b9fb3bd
uncertainty/seed_651976__condition=UR.json,UNCERTAINTY,651976,COMPLETE,CLEAN,585e49532ae6719b98dd033239832ab31a55c408f7bcd53827aa783d1d092d1a
uncertainty/seed_651976__condition=UW.json,UNCERTAINTY,651976,COMPLETE,CLEAN,07be760d0e245c4a580d8aca8b49335e1a808b417bb10ab32c308946d441ed41
uncertainty/seed_65693__condition=U0.json,UNCERTAINTY,65693,COMPLETE,CLEAN,294b94b6175d300b4e16290abd422e625b5d7ba0cf95702d980c6784959f82e3
uncertainty/seed_65693__condition=UJ.json,UNCERTAINTY,65693,COMPLETE,CLEAN,f04dd30b5276cabfa8ee60f3c5b9e81617014d87c46040a92d2c94cbfc3d6417
uncertainty/seed_65693__condition=UM.json,UNCERTAINTY,65693,COMPLETE,Infeasible|proposed.phase4_e_star_alpha,9c9f2330bd4ba3c315f35d80ae63b93760a53a84f2f4238490fea90ca638aedd
uncertainty/seed_65693__condition=UP.json,UNCERTAINTY,65693,COMPLETE,CLEAN,7ecd7fe8b99dfb2a9f76f7b1616bc2a68b3b1f4bb750a7fd5380a6d9a61a05b5
uncertainty/seed_65693__condition=UR.json,UNCERTAINTY,65693,COMPLETE,CLEAN,75f9c09e174fe85d81e089559f06a027d77de0fe9e3f2b2006c29588370e5fa0
uncertainty/seed_65693__condition=UW.json,UNCERTAINTY,65693,COMPLETE,CLEAN,2adcc3bb0201fa1ccb52c34e94f3601a29a3043a06008b5f66a63eb8941b1d47
uncertainty/seed_679242__condition=U0.json,UNCERTAINTY,679242,COMPLETE,CLEAN,844acc3d2ba5abc4ff4b62c1408700498cfaa173ee3da9ce409c70f1f0866e7d
uncertainty/seed_679242__condition=UJ.json,UNCERTAINTY,679242,COMPLETE,CLEAN,80c1e5b1d64d403d8fd70496d1b5bfe932d22cc8d7f4951d174155c3d8b7d3e8
uncertainty/seed_679242__condition=UM.json,UNCERTAINTY,679242,COMPLETE,CLEAN,b8935d94a0281183ef5bf59f2a38a60cd4e6c18ec7551a41fd53855af149afc3
uncertainty/seed_679242__condition=UP.json,UNCERTAINTY,679242,COMPLETE,CLEAN,abdd4992343597e94610f284c71e560b21c7d022ff7193b98f061cb62e112660
uncertainty/seed_679242__condition=UR.json,UNCERTAINTY,679242,COMPLETE,CLEAN,6fa07df3ae5fd0dd631b5e3940400421f94a2262865b66c422e63467d0c26682
uncertainty/seed_679242__condition=UW.json,UNCERTAINTY,679242,COMPLETE,CLEAN,c6bc48977ac2d87f26bcd24c5ca35cd4f4359836c1d9355263ce27ab68d27004
uncertainty/seed_720982__condition=U0.json,UNCERTAINTY,720982,COMPLETE,CLEAN,f14fb077dbe5e7b5af7e941cd92c8c6c1e5cf82ebcc2ab044f83ad61d96f9743
uncertainty/seed_720982__condition=UJ.json,UNCERTAINTY,720982,COMPLETE,CLEAN,414b1395d4bc1148d58e922b7b14fbce3d61ebb194970cf87cbedb3e314ed698
uncertainty/seed_720982__condition=UM.json,UNCERTAINTY,720982,COMPLETE,CLEAN,58b4b73644c0ae9f5c23a5ed2e54da2418ca9dafe5d769b88942cad18cfbd302
uncertainty/seed_720982__condition=UP.json,UNCERTAINTY,720982,COMPLETE,CLEAN,97992a8c4cc02daf6c1abb0db91f59fdf35a5848c85994f1fc4bdd6170cb2de8
uncertainty/seed_720982__condition=UR.json,UNCERTAINTY,720982,COMPLETE,CLEAN,b4ad035880e53a7d5bea077985a2f75c3ce596aef26e7b690d70cda356024553
uncertainty/seed_720982__condition=UW.json,UNCERTAINTY,720982,COMPLETE,CLEAN,657deabf7db4a7d4289ee38bed7bd38c4ba18f3bb9464aad1bc1034f6b645f1d
uncertainty/seed_737579__condition=U0.json,UNCERTAINTY,737579,COMPLETE,CLEAN,ddca007058e146802e8b09fd6cee3110237856451dedc30e9a3766fb0fd135b8
uncertainty/seed_737579__condition=UJ.json,UNCERTAINTY,737579,COMPLETE,CLEAN,f3a214691a4ac663868c7c43bf66fc843709492b92595b37e97d469d907fc208
uncertainty/seed_737579__condition=UM.json,UNCERTAINTY,737579,COMPLETE,CLEAN,a0a5b188b76a20cdbe39659084ab3d4549c5844ec5f154e6a66023989ae7eb04
uncertainty/seed_737579__condition=UP.json,UNCERTAINTY,737579,COMPLETE,CLEAN,ed833bf7583decd067ef03446ed0419a3674bbd4a74e5686464d17a0700c0f34
uncertainty/seed_737579__condition=UR.json,UNCERTAINTY,737579,COMPLETE,CLEAN,061082a30bd827f26e8abe2a1190c9787113235e8a6996a01ac73998bc34d7cd
uncertainty/seed_737579__condition=UW.json,UNCERTAINTY,737579,COMPLETE,CLEAN,dcad63116a92bff7dfa17c19f14e16c571f28287a683b3c84a20780db1270d90
uncertainty/seed_750647__condition=U0.json,UNCERTAINTY,750647,COMPLETE,CLEAN,894b5b12a1e76a0c8d99444ae16ca78967968494ce5c50bf603d216912b00f9e
uncertainty/seed_750647__condition=UJ.json,UNCERTAINTY,750647,COMPLETE,CLEAN,5fdf648e59064ecdd344e59047557dbd973db94b7ff6ad8f54787ccc6a70fb3c
uncertainty/seed_750647__condition=UM.json,UNCERTAINTY,750647,COMPLETE,CLEAN,b4e6fd887c19cf459a9e1fb46517d7cb4e552cc78b3b6e15078bdb45ad9817db
uncertainty/seed_750647__condition=UP.json,UNCERTAINTY,750647,COMPLETE,CLEAN,4cc6181dec19fb63d5d03770de8f8b9211a543667bd0c1e6c5e496fafeaef393
uncertainty/seed_750647__condition=UR.json,UNCERTAINTY,750647,COMPLETE,CLEAN,748f9e79ad07a7857ebcc29f0dbdffcb364aad7f5fcb214a0617d1d215b20f6d
uncertainty/seed_750647__condition=UW.json,UNCERTAINTY,750647,COMPLETE,CLEAN,a190383f920142a919f5c79eb578870938a0e36f2ae3fa195de67d78b63aad75
uncertainty/seed_80120__condition=U0.json,UNCERTAINTY,80120,COMPLETE,CLEAN,39c02d8992c0f8d40ee120462102983e32f1e210b9b168b63b895392ce899e30
uncertainty/seed_80120__condition=UJ.json,UNCERTAINTY,80120,COMPLETE,CLEAN,8914f9c3ecbd5ded647a1d84f1558cb78b212d1974041313c3d74c1a43728f39
uncertainty/seed_80120__condition=UM.json,UNCERTAINTY,80120,COMPLETE,CLEAN,ec06b292b36d2a1523c6a40420f0c16bb066a0dc736a19e51ebe22255ec42c90
uncertainty/seed_80120__condition=UP.json,UNCERTAINTY,80120,COMPLETE,CLEAN,16c4c6c6e4eb7640c240e55e163c16e42f9aad876c082a5506120de2c18d54e9
uncertainty/seed_80120__condition=UR.json,UNCERTAINTY,80120,COMPLETE,CLEAN,989271feda56573788e736c815610e72ba5f21955ce4f47bc919eecad6414624
uncertainty/seed_80120__condition=UW.json,UNCERTAINTY,80120,COMPLETE,Infeasible|proposed.reopt_phase3,f94271a412bef5ca3dd5c3663b90479a0304899e25efd5e660c84980da7e231a
uncertainty/seed_803466__condition=U0.json,UNCERTAINTY,803466,COMPLETE,CLEAN,a5d6b87ade8e40e9ddde0f1acc5210780e960bfb076164a972f62433ce44310a
uncertainty/seed_803466__condition=UJ.json,UNCERTAINTY,803466,COMPLETE,CLEAN,381741b4baff60d11424b5cd026bcc1182898b62f04c2d80eacfd3b905de5fb1
uncertainty/seed_803466__condition=UM.json,UNCERTAINTY,803466,COMPLETE,CLEAN,c3adf5dc7200070be0fe5d06781b16dfa0d091459301c4002749c06ff86c9578
uncertainty/seed_803466__condition=UP.json,UNCERTAINTY,803466,COMPLETE,CLEAN,46601aa31a72614ca2af057e052c26e34cc057f57a4813dda760c65e4474019b
uncertainty/seed_803466__condition=UR.json,UNCERTAINTY,803466,COMPLETE,CLEAN,de445c3b8eb5d3bf920b96b87da24f13864614965a162cd5385b07fedab8d47f
uncertainty/seed_803466__condition=UW.json,UNCERTAINTY,803466,COMPLETE,CLEAN,33c5f7ff46900ccf858b3bd45325f2ffcd24a94b8cf95bce4f95b87b2935ef30
uncertainty/seed_870215__condition=U0.json,UNCERTAINTY,870215,COMPLETE,CLEAN,841cd577fa26e0bef14a2ec721d63d1864aadb018aa8732709bf1694e6363f22
uncertainty/seed_870215__condition=UJ.json,UNCERTAINTY,870215,COMPLETE,CLEAN,f4fd80ff5751dd0433b8cadc5f39070531d65884d49b16835c67e6303ceef93d
uncertainty/seed_870215__condition=UM.json,UNCERTAINTY,870215,COMPLETE,CLEAN,52a4e61732b6b7f451fbfeee81379f5f113519e317a8bd6f88da9a99a6cfcc87
uncertainty/seed_870215__condition=UP.json,UNCERTAINTY,870215,COMPLETE,CLEAN,04f0f1b4054fb51d78f7fd5908639890898e03d7eec3ce5df5727e650dc528bf
uncertainty/seed_870215__condition=UR.json,UNCERTAINTY,870215,COMPLETE,CLEAN,4b9b33c169e0e22c7a028fc22eb729418476a47f1816c657d214f8d79ed66289
uncertainty/seed_870215__condition=UW.json,UNCERTAINTY,870215,COMPLETE,CLEAN,ccd14a84070c6d150490945906af31f6234d15237e8e0dd70ab558801bfd807d
uncertainty/seed_885219__condition=U0.json,UNCERTAINTY,885219,COMPLETE,CLEAN,5347d546d635a4f6716e98ebbf80fc5ecd41a2d743d60659c75939d3a9f53745
uncertainty/seed_885219__condition=UJ.json,UNCERTAINTY,885219,COMPLETE,CLEAN,bca27644705a7cd7a2dc7c9b2095183a5aef5585fdddfa65cf70dc8dceffe6e8
uncertainty/seed_885219__condition=UM.json,UNCERTAINTY,885219,COMPLETE,CLEAN,cd8bd4df0a063b407d26e45c7016d593d2449c6e41f3f86f6d056528c58857ed
uncertainty/seed_885219__condition=UP.json,UNCERTAINTY,885219,COMPLETE,CLEAN,679758a697501158f6d8dfd8a820877f8ccc12feb5aca8e0d9ed503346930af0
uncertainty/seed_885219__condition=UR.json,UNCERTAINTY,885219,COMPLETE,CLEAN,d0b25dba5e82bd9430ccc5bbe9f57b1a70171c03e51c839e29b493b1c1ef2ebd
uncertainty/seed_885219__condition=UW.json,UNCERTAINTY,885219,COMPLETE,CLEAN,b0e633cc8bae795975e05038dd970147dc3269f2063ec89972dc3aaed53f1542
uncertainty/seed_908270__condition=U0.json,UNCERTAINTY,908270,COMPLETE,CLEAN,635b55867821cc5a06f41ae200e89510fa814d1e4a848acf523a8db9250cf998
uncertainty/seed_908270__condition=UJ.json,UNCERTAINTY,908270,COMPLETE,CLEAN,e4e32d804785eb30f6e989069f464783e7e3a4bcef9e112dc9ee146c35f49252
uncertainty/seed_908270__condition=UM.json,UNCERTAINTY,908270,COMPLETE,CLEAN,1c48f0fb7930472fe131049fcef8dc656ceecd4060e7e976b47ca9c763cf3721
uncertainty/seed_908270__condition=UP.json,UNCERTAINTY,908270,COMPLETE,CLEAN,ed5f54adb8f58f7608f0f515dcc69708fdae76d9a96e6cda8985fc60008482fb
uncertainty/seed_908270__condition=UR.json,UNCERTAINTY,908270,COMPLETE,CLEAN,21426858a9c3f3a78fce41ce8908a566de6c1943d208c27cd32ea0c029daf504
uncertainty/seed_908270__condition=UW.json,UNCERTAINTY,908270,COMPLETE,CLEAN,80473bba6c1ed5a1477fce916ef2fee85b20dc40328e579d5e0069dec3321994
uncertainty/seed_947906__condition=U0.json,UNCERTAINTY,947906,COMPLETE,CLEAN,c2de92d169737d71e57c4918454200c9e12d54d9d0c0a232ef925bfe9a694184
uncertainty/seed_947906__condition=UJ.json,UNCERTAINTY,947906,COMPLETE,CLEAN,ab020f1e9ed340ccabf3aa5d4f49c79ea22d4570a3caeef93d617d9adcf5cce6
uncertainty/seed_947906__condition=UM.json,UNCERTAINTY,947906,COMPLETE,CLEAN,d6cc5f02e9d3f762442420854b277c117763569c258f19efd2f2f50a231a09f9
uncertainty/seed_947906__condition=UP.json,UNCERTAINTY,947906,COMPLETE,CLEAN,a461a9d14e9eed977f976dcdd360c274bf7a7ba1007a3e9239144c0e5d612848
uncertainty/seed_947906__condition=UR.json,UNCERTAINTY,947906,COMPLETE,CLEAN,4e11ae242dd2d0b256aeabff7e3eb5ba70f4905d8d225c15bb5ee5bc9524b101
uncertainty/seed_947906__condition=UW.json,UNCERTAINTY,947906,COMPLETE,CLEAN,0315262949eb9bce065cc242537699aa4eee98cbe8debf3e564949f7a7849a5e
